/usr/bin/time -v timeout 600 java -Xmx64g -jar ./enhsp3.jar -o ./domain_with_failure.pddl -f ./problems/BasePN-3And-add-3-d1/problem1.pddl -h blind -s WAStar
Domain parsed
Problem parsed
Grounding..
Grounding Time: 3111
UFX:true
|F|:16467
|X|:4
|A|:345
|P|:0
|E|:0
h(I):0.0
f(n) = 2.0 (Expanded Nodes: 2, Evaluated States: 3, Time: 0.021) Frontier Size: 1
f(n) = 3.0 (Expanded Nodes: 16, Evaluated States: 41, Time: 0.066) Frontier Size: 25
f(n) = 4.0 (Expanded Nodes: 44, Evaluated States: 111, Time: 0.083) Frontier Size: 67
f(n) = 5.0 (Expanded Nodes: 115, Evaluated States: 256, Time: 0.115) Frontier Size: 141
f(n) = 6.0 (Expanded Nodes: 301, Evaluated States: 598, Time: 0.149) Frontier Size: 297
Problem Solved

Found Plan:
0.0: (del a2)
1.0: (validate_payload t1 a7 t2)
2.0: (sync_actions a7)
3.0: (validate_payload t2 a3 t3)
4.0: (sync_actions a3)
5.0: (validate_payload t3 a10 t4)
6.0: (sync_actions a10)
7.0: (validate_payload t4 a5 t5)
8.0: (sync_actions a5)
9.0: (validate_payload t5 a4 t6)
10.0: (sync_actions a4)
11.0: (del a7)
12.0: (validate_payload t7 a6 t8)
13.0: (sync_actions a6)
14.0: (validate_payload t8 a12 t9)
15.0: (sync_actions a12)
16.0: (validate_payload t9 a11 t10)
17.0: (sync_actions a11)
18.0: (del a1)
19.0: (validate_payload t11 a8 t12)
20.0: (sync_actions a8)
21.0: (validate_payload t12 a1 t13)
22.0: (sync_actions a1)
23.0: (validate_payload t13 a2 t14)
24.0: (sync_actions a2)
25.0: (validate_payload t14 a0 t15)
26.0: (sync_actions a0)
27.0: (validate_payload t15 a9 t16)
28.0: (sync_actions a9)

Plan-Length:29
Metric (Search):6.0
Planning Time (msec): 167
Heuristic Time (msec): 12
Search Time (msec): 158
Expanded Nodes:393
States Evaluated:725
Number of Dead-Ends detected:0
Number of Duplicates detected:55
/usr/bin/time -v timeout 600 java -Xmx64g -jar ./enhsp3.jar -o ./domain_with_failure.pddl -f ./problems/BasePN-3And-add-3-d1/problem2.pddl -h blind -s WAStar
Domain parsed
Problem parsed
Grounding..
Grounding Time: 3230
UFX:true
|F|:16467
|X|:3
|A|:345
|P|:0
|E|:0
h(I):0.0
f(n) = 2.0 (Expanded Nodes: 10, Evaluated States: 22, Time: 0.028) Frontier Size: 12
f(n) = 4.0 (Expanded Nodes: 50, Evaluated States: 93, Time: 0.095) Frontier Size: 43
f(n) = 6.0 (Expanded Nodes: 166, Evaluated States: 267, Time: 0.124) Frontier Size: 101
Problem Solved

Found Plan:
0.0: (validate_payload t0 a7 t1)
1.0: (sync_actions a7)
2.0: (validate_payload t1 a10 t2)
3.0: (sync_actions a10)
4.0: (validate_payload t2 a12 t3)
5.0: (sync_actions a12)
6.0: (validate_payload t3 a11 t4)
7.0: (sync_actions a11)
8.0: (del a2)
9.0: (validate_payload t5 a3 t6)
10.0: (sync_actions a3)
11.0: (validate_payload t6 a4 t7)
12.0: (sync_actions a4)
13.0: (validate_payload t7 a5 t8)
14.0: (sync_actions a5)
15.0: (validate_payload t8 a6 t9)
16.0: (sync_actions a6)
17.0: (del a9)
18.0: (validate_payload t10 a8 t11)
19.0: (sync_actions a8)
20.0: (validate_payload t11 a1 t12)
21.0: (sync_actions a1)
22.0: (del a9)
23.0: (validate_payload t13 a2 t14)
24.0: (sync_actions a2)
25.0: (validate_payload t14 a0 t15)
26.0: (sync_actions a0)
27.0: (validate_payload t15 a9 t16)
28.0: (sync_actions a9)

Plan-Length:29
Metric (Search):6.0
Planning Time (msec): 163
Heuristic Time (msec): 7
Search Time (msec): 155
Expanded Nodes:354
States Evaluated:503
Number of Dead-Ends detected:0
Number of Duplicates detected:96
/usr/bin/time -v timeout 600 java -Xmx64g -jar ./enhsp3.jar -o ./domain_with_failure.pddl -f ./problems/BasePN-3And-add-3-d1/problem3.pddl -h blind -s WAStar
Domain parsed
Problem parsed
Grounding..
Grounding Time: 3308
UFX:true
|F|:16467
|X|:4
|A|:345
|P|:0
|E|:0
h(I):0.0
f(n) = 2.0 (Expanded Nodes: 2, Evaluated States: 3, Time: 0.018) Frontier Size: 1
f(n) = 4.0 (Expanded Nodes: 8, Evaluated States: 15, Time: 0.055) Frontier Size: 7
f(n) = 5.0 (Expanded Nodes: 49, Evaluated States: 121, Time: 0.084) Frontier Size: 72
f(n) = 6.0 (Expanded Nodes: 157, Evaluated States: 367, Time: 0.114) Frontier Size: 210
Problem Solved

Found Plan:
0.0: (del a6)
1.0: (validate_payload t1 a7 t2)
2.0: (sync_actions a7)
3.0: (del a4)
4.0: (validate_payload t3 a10 t4)
5.0: (sync_actions a10)
6.0: (validate_payload t4 a3 t5)
7.0: (sync_actions a3)
8.0: (validate_payload t5 a4 t6)
9.0: (sync_actions a4)
10.0: (validate_payload t6 a5 t7)
11.0: (sync_actions a5)
12.0: (validate_payload t7 a6 t8)
13.0: (sync_actions a6)
14.0: (validate_payload t8 a12 t9)
15.0: (sync_actions a12)
16.0: (validate_payload t9 a11 t10)
17.0: (sync_actions a11)
18.0: (validate_payload t10 a8 t11)
19.0: (sync_actions a8)
20.0: (validate_payload t11 a0 t12)
21.0: (sync_actions a0)
22.0: (validate_payload t12 a1 t13)
23.0: (sync_actions a1)
24.0: (del a12)
25.0: (validate_payload t14 a2 t15)
26.0: (sync_actions a2)
27.0: (validate_payload t15 a9 t16)
28.0: (sync_actions a9)

Plan-Length:29
Metric (Search):6.0
Planning Time (msec): 164
Heuristic Time (msec): 3
Search Time (msec): 159
Expanded Nodes:297
States Evaluated:651
Number of Dead-Ends detected:0
Number of Duplicates detected:23
/usr/bin/time -v timeout 600 java -Xmx64g -jar ./enhsp3.jar -o ./domain_with_failure.pddl -f ./problems/BasePN-3And-add-3-d1/problem4.pddl -h blind -s WAStar
Domain parsed
Problem parsed
Grounding..
Grounding Time: 3354
UFX:true
|F|:16467
|X|:4
|A|:345
|P|:0
|E|:0
h(I):0.0
f(n) = 1.0 (Expanded Nodes: 10, Evaluated States: 29, Time: 0.026) Frontier Size: 19
f(n) = 2.0 (Expanded Nodes: 30, Evaluated States: 77, Time: 0.065) Frontier Size: 47
f(n) = 3.0 (Expanded Nodes: 77, Evaluated States: 178, Time: 0.095) Frontier Size: 101
f(n) = 4.0 (Expanded Nodes: 193, Evaluated States: 378, Time: 0.121) Frontier Size: 185
f(n) = 5.0 (Expanded Nodes: 354, Evaluated States: 586, Time: 0.149) Frontier Size: 232
f(n) = 6.0 (Expanded Nodes: 638, Evaluated States: 1010, Time: 0.174) Frontier Size: 372
Problem Solved

Found Plan:
0.0: (validate_payload t0 a7 t1)
1.0: (sync_actions a7)
2.0: (validate_payload t1 a3 t2)
3.0: (sync_actions a3)
4.0: (validate_payload t2 a10 t3)
5.0: (sync_actions a10)
6.0: (validate_payload t3 a5 t4)
7.0: (sync_actions a5)
8.0: (del a3)
9.0: (del a8)
10.0: (validate_payload t6 a4 t7)
11.0: (sync_actions a4)
12.0: (del a0)
13.0: (validate_payload t8 a6 t9)
14.0: (sync_actions a6)
15.0: (validate_payload t9 a12 t10)
16.0: (sync_actions a12)
17.0: (validate_payload t10 a11 t11)
18.0: (sync_actions a11)
19.0: (validate_payload t11 a8 t12)
20.0: (sync_actions a8)
21.0: (validate_payload t12 a1 t13)
22.0: (sync_actions a1)
23.0: (validate_payload t13 a2 t14)
24.0: (sync_actions a2)
25.0: (validate_payload t14 a0 t15)
26.0: (sync_actions a0)
27.0: (validate_payload t15 a9 t16)
28.0: (sync_actions a9)

Plan-Length:29
Metric (Search):6.0
Planning Time (msec): 202
Heuristic Time (msec): 8
Search Time (msec): 197
Expanded Nodes:884
States Evaluated:1256
Number of Dead-Ends detected:0
Number of Duplicates detected:191
/usr/bin/time -v timeout 600 java -Xmx64g -jar ./enhsp3.jar -o ./domain_with_failure.pddl -f ./problems/BasePN-3And-add-3-d1/problem5.pddl -h blind -s WAStar
Domain parsed
Problem parsed
Grounding..
Grounding Time: 3266
UFX:true
|F|:16467
|X|:4
|A|:345
|P|:0
|E|:0
h(I):0.0
f(n) = 1.0 (Expanded Nodes: 10, Evaluated States: 29, Time: 0.027) Frontier Size: 19
f(n) = 2.0 (Expanded Nodes: 30, Evaluated States: 77, Time: 0.067) Frontier Size: 47
f(n) = 3.0 (Expanded Nodes: 83, Evaluated States: 191, Time: 0.098) Frontier Size: 108
f(n) = 4.0 (Expanded Nodes: 223, Evaluated States: 449, Time: 0.135) Frontier Size: 226
f(n) = 5.0 (Expanded Nodes: 409, Evaluated States: 698, Time: 0.169) Frontier Size: 289
f(n) = 6.0 (Expanded Nodes: 789, Evaluated States: 1298, Time: 0.221) Frontier Size: 509
Problem Solved

Found Plan:
0.0: (validate_payload t0 a7 t1)
1.0: (sync_actions a7)
2.0: (validate_payload t1 a3 t2)
3.0: (sync_actions a3)
4.0: (validate_payload t2 a10 t3)
5.0: (sync_actions a10)
6.0: (validate_payload t3 a5 t4)
7.0: (sync_actions a5)
8.0: (del a7)
9.0: (validate_payload t5 a4 t6)
10.0: (sync_actions a4)
11.0: (validate_payload t6 a6 t7)
12.0: (sync_actions a6)
13.0: (validate_payload t7 a12 t8)
14.0: (sync_actions a12)
15.0: (del a12)
16.0: (validate_payload t9 a11 t10)
17.0: (sync_actions a11)
18.0: (del a12)
19.0: (validate_payload t11 a8 t12)
20.0: (sync_actions a8)
21.0: (validate_payload t12 a1 t13)
22.0: (sync_actions a1)
23.0: (validate_payload t13 a0 t14)
24.0: (sync_actions a0)
25.0: (validate_payload t14 a2 t15)
26.0: (sync_actions a2)
27.0: (validate_payload t15 a9 t16)
28.0: (sync_actions a9)

Plan-Length:29
Metric (Search):6.0
Planning Time (msec): 291
Heuristic Time (msec): 6
Search Time (msec): 284
Expanded Nodes:1237
States Evaluated:1725
Number of Dead-Ends detected:0
Number of Duplicates detected:274
/usr/bin/time -v timeout 600 java -Xmx64g -jar ./enhsp3.jar -o ./domain_with_failure.pddl -f ./problems/BasePN-3And-add-3-d1/problem6.pddl -h blind -s WAStar
Domain parsed
Problem parsed
Grounding..
Grounding Time: 3102
UFX:true
|F|:16467
|X|:4
|A|:345
|P|:0
|E|:0
h(I):0.0
f(n) = 2.0 (Expanded Nodes: 2, Evaluated States: 3, Time: 0.02) Frontier Size: 1
f(n) = 4.0 (Expanded Nodes: 8, Evaluated States: 15, Time: 0.058) Frontier Size: 7
f(n) = 6.0 (Expanded Nodes: 32, Evaluated States: 61, Time: 0.08) Frontier Size: 29
Problem Solved

Found Plan:
0.0: (del a10)
1.0: (del a11)
2.0: (validate_payload t2 a7 t3)
3.0: (sync_actions a7)
4.0: (validate_payload t3 a3 t4)
5.0: (sync_actions a3)
6.0: (del a12)
7.0: (validate_payload t5 a10 t6)
8.0: (sync_actions a10)
9.0: (validate_payload t6 a4 t7)
10.0: (sync_actions a4)
11.0: (validate_payload t7 a12 t8)
12.0: (sync_actions a12)
13.0: (validate_payload t8 a11 t9)
14.0: (sync_actions a11)
15.0: (validate_payload t9 a5 t10)
16.0: (sync_actions a5)
17.0: (validate_payload t10 a6 t11)
18.0: (sync_actions a6)
19.0: (validate_payload t11 a8 t12)
20.0: (sync_actions a8)
21.0: (validate_payload t12 a1 t13)
22.0: (sync_actions a1)
23.0: (validate_payload t13 a2 t14)
24.0: (sync_actions a2)
25.0: (validate_payload t14 a0 t15)
26.0: (sync_actions a0)
27.0: (validate_payload t15 a9 t16)
28.0: (sync_actions a9)

Plan-Length:29
Metric (Search):6.0
Planning Time (msec): 120
Heuristic Time (msec): 10
Search Time (msec): 118
Expanded Nodes:125
States Evaluated:241
Number of Dead-Ends detected:0
Number of Duplicates detected:20
/usr/bin/time -v timeout 600 java -Xmx64g -jar ./enhsp3.jar -o ./domain_with_failure.pddl -f ./problems/BasePN-3And-add-3-d1/problem7.pddl -h blind -s WAStar
Domain parsed
Problem parsed
Grounding..
Grounding Time: 3165
UFX:true
|F|:16467
|X|:4
|A|:345
|P|:0
|E|:0
h(I):0.0
f(n) = 2.0 (Expanded Nodes: 4, Evaluated States: 8, Time: 0.021) Frontier Size: 4
f(n) = 3.0 (Expanded Nodes: 31, Evaluated States: 75, Time: 0.077) Frontier Size: 44
f(n) = 4.0 (Expanded Nodes: 99, Evaluated States: 233, Time: 0.102) Frontier Size: 134
f(n) = 5.0 (Expanded Nodes: 207, Evaluated States: 469, Time: 0.137) Frontier Size: 262
f(n) = 6.0 (Expanded Nodes: 615, Evaluated States: 1159, Time: 0.213) Frontier Size: 544
Problem Solved

Found Plan:
0.0: (validate_payload t0 a7 t1)
1.0: (sync_actions a7)
2.0: (del a2)
3.0: (validate_payload t2 a10 t3)
4.0: (sync_actions a10)
5.0: (validate_payload t3 a12 t4)
6.0: (sync_actions a12)
7.0: (validate_payload t4 a11 t5)
8.0: (sync_actions a11)
9.0: (validate_payload t5 a3 t6)
10.0: (sync_actions a3)
11.0: (validate_payload t6 a4 t7)
12.0: (sync_actions a4)
13.0: (validate_payload t7 a5 t8)
14.0: (sync_actions a5)
15.0: (validate_payload t8 a6 t9)
16.0: (sync_actions a6)
17.0: (validate_payload t9 a8 t10)
18.0: (sync_actions a8)
19.0: (del a2)
20.0: (validate_payload t11 a1 t12)
21.0: (sync_actions a1)
22.0: (del a12)
23.0: (validate_payload t13 a2 t14)
24.0: (sync_actions a2)
25.0: (validate_payload t14 a0 t15)
26.0: (sync_actions a0)
27.0: (validate_payload t15 a9 t16)
28.0: (sync_actions a9)

Plan-Length:29
Metric (Search):6.0
Planning Time (msec): 300
Heuristic Time (msec): 5
Search Time (msec): 286
Expanded Nodes:1082
States Evaluated:1872
Number of Dead-Ends detected:0
Number of Duplicates detected:122
/usr/bin/time -v timeout 600 java -Xmx64g -jar ./enhsp3.jar -o ./domain_with_failure.pddl -f ./problems/BasePN-3And-add-3-d1/problem8.pddl -h blind -s WAStar
Domain parsed
Problem parsed
Grounding..
Grounding Time: 3263
UFX:true
|F|:16467
|X|:4
|A|:345
|P|:0
|E|:0
h(I):0.0
f(n) = 1.0 (Expanded Nodes: 12, Evaluated States: 37, Time: 0.034) Frontier Size: 25
f(n) = 2.0 (Expanded Nodes: 40, Evaluated States: 107, Time: 0.066) Frontier Size: 67
f(n) = 3.0 (Expanded Nodes: 109, Evaluated States: 269, Time: 0.106) Frontier Size: 160
f(n) = 4.0 (Expanded Nodes: 323, Evaluated States: 631, Time: 0.146) Frontier Size: 308
f(n) = 5.0 (Expanded Nodes: 588, Evaluated States: 1049, Time: 0.181) Frontier Size: 461
f(n) = 6.0 (Expanded Nodes: 1224, Evaluated States: 1935, Time: 0.22) Frontier Size: 711
Problem Solved

Found Plan:
0.0: (validate_payload t0 a7 t1)
1.0: (sync_actions a7)
2.0: (validate_payload t1 a3 t2)
3.0: (sync_actions a3)
4.0: (validate_payload t2 a10 t3)
5.0: (sync_actions a10)
6.0: (validate_payload t3 a4 t4)
7.0: (sync_actions a4)
8.0: (validate_payload t4 a12 t5)
9.0: (sync_actions a12)
10.0: (del a0)
11.0: (validate_payload t6 a11 t7)
12.0: (sync_actions a11)
13.0: (validate_payload t7 a5 t8)
14.0: (sync_actions a5)
15.0: (validate_payload t8 a6 t9)
16.0: (sync_actions a6)
17.0: (del a12)
18.0: (validate_payload t10 a8 t11)
19.0: (sync_actions a8)
20.0: (validate_payload t11 a0 t12)
21.0: (sync_actions a0)
22.0: (del a11)
23.0: (validate_payload t13 a1 t14)
24.0: (sync_actions a1)
25.0: (validate_payload t14 a2 t15)
26.0: (sync_actions a2)
27.0: (validate_payload t15 a9 t16)
28.0: (sync_actions a9)

Plan-Length:29
Metric (Search):6.0
Planning Time (msec): 256
Heuristic Time (msec): 6
Search Time (msec): 253
Expanded Nodes:1704
States Evaluated:2545
Number of Dead-Ends detected:0
Number of Duplicates detected:323
/usr/bin/time -v timeout 600 java -Xmx64g -jar ./enhsp3.jar -o ./domain_with_failure.pddl -f ./problems/BasePN-3And-add-3-d1/problem9.pddl -h blind -s WAStar
Domain parsed
Problem parsed
Grounding..
Grounding Time: 3393
UFX:true
|F|:16467
|X|:4
|A|:345
|P|:0
|E|:0
h(I):0.0
f(n) = 1.0 (Expanded Nodes: 16, Evaluated States: 48, Time: 0.029) Frontier Size: 32
f(n) = 2.0 (Expanded Nodes: 68, Evaluated States: 180, Time: 0.075) Frontier Size: 112
f(n) = 3.0 (Expanded Nodes: 158, Evaluated States: 388, Time: 0.116) Frontier Size: 230
f(n) = 4.0 (Expanded Nodes: 514, Evaluated States: 996, Time: 0.169) Frontier Size: 482
f(n) = 5.0 (Expanded Nodes: 892, Evaluated States: 1547, Time: 0.206) Frontier Size: 655
f(n) = 6.0 (Expanded Nodes: 1864, Evaluated States: 2841, Time: 0.277) Frontier Size: 977
Problem Solved

Found Plan:
0.0: (validate_payload t0 a7 t1)
1.0: (sync_actions a7)
2.0: (validate_payload t1 a10 t2)
3.0: (sync_actions a10)
4.0: (validate_payload t2 a3 t3)
5.0: (sync_actions a3)
6.0: (validate_payload t3 a12 t4)
7.0: (sync_actions a12)
8.0: (validate_payload t4 a4 t5)
9.0: (sync_actions a4)
10.0: (validate_payload t5 a11 t6)
11.0: (sync_actions a11)
12.0: (validate_payload t6 a5 t7)
13.0: (sync_actions a5)
14.0: (del a0)
15.0: (validate_payload t8 a6 t9)
16.0: (sync_actions a6)
17.0: (validate_payload t9 a8 t10)
18.0: (sync_actions a8)
19.0: (validate_payload t10 a0 t11)
20.0: (sync_actions a0)
21.0: (del a9)
22.0: (del a7)
23.0: (validate_payload t13 a1 t14)
24.0: (sync_actions a1)
25.0: (validate_payload t14 a2 t15)
26.0: (sync_actions a2)
27.0: (validate_payload t15 a9 t16)
28.0: (sync_actions a9)

Plan-Length:29
Metric (Search):6.0
Planning Time (msec): 346
Heuristic Time (msec): 7
Search Time (msec): 336
Expanded Nodes:2752
States Evaluated:3842
Number of Dead-Ends detected:0
Number of Duplicates detected:598
/usr/bin/time -v timeout 600 java -Xmx64g -jar ./enhsp3.jar -o ./domain_with_failure.pddl -f ./problems/BasePN-3And-add-3-d1/problem10.pddl -h blind -s WAStar
Domain parsed
Problem parsed
Grounding..
Grounding Time: 3157
UFX:true
|F|:16467
|X|:4
|A|:345
|P|:0
|E|:0
h(I):0.0
f(n) = 1.0 (Expanded Nodes: 6, Evaluated States: 17, Time: 0.027) Frontier Size: 11
f(n) = 2.0 (Expanded Nodes: 18, Evaluated States: 39, Time: 0.058) Frontier Size: 21
f(n) = 3.0 (Expanded Nodes: 41, Evaluated States: 97, Time: 0.081) Frontier Size: 56
f(n) = 4.0 (Expanded Nodes: 107, Evaluated States: 227, Time: 0.102) Frontier Size: 120
f(n) = 5.0 (Expanded Nodes: 215, Evaluated States: 400, Time: 0.133) Frontier Size: 185
f(n) = 6.0 (Expanded Nodes: 485, Evaluated States: 888, Time: 0.162) Frontier Size: 403
Problem Solved

Found Plan:
0.0: (validate_payload t0 a7 t1)
1.0: (sync_actions a7)
2.0: (validate_payload t1 a10 t2)
3.0: (sync_actions a10)
4.0: (del a7)
5.0: (validate_payload t3 a3 t4)
6.0: (sync_actions a3)
7.0: (validate_payload t4 a12 t5)
8.0: (sync_actions a12)
9.0: (del a1)
10.0: (validate_payload t6 a11 t7)
11.0: (sync_actions a11)
12.0: (validate_payload t7 a4 t8)
13.0: (sync_actions a4)
14.0: (validate_payload t8 a5 t9)
15.0: (sync_actions a5)
16.0: (validate_payload t9 a6 t10)
17.0: (sync_actions a6)
18.0: (del a10)
19.0: (validate_payload t11 a8 t12)
20.0: (sync_actions a8)
21.0: (validate_payload t12 a0 t13)
22.0: (sync_actions a0)
23.0: (validate_payload t13 a1 t14)
24.0: (sync_actions a1)
25.0: (validate_payload t14 a2 t15)
26.0: (sync_actions a2)
27.0: (validate_payload t15 a9 t16)
28.0: (sync_actions a9)

Plan-Length:29
Metric (Search):6.0
Planning Time (msec): 197
Heuristic Time (msec): 4
Search Time (msec): 190
Expanded Nodes:781
States Evaluated:1229
Number of Dead-Ends detected:0
Number of Duplicates detected:136
/usr/bin/time -v timeout 600 java -Xmx64g -jar ./enhsp3.jar -o ./domain_with_failure.pddl -f ./problems/BasePN-3And-add-3-d1/problem11.pddl -h blind -s WAStar
Domain parsed
Problem parsed
Grounding..
Grounding Time: 3210
UFX:true
|F|:16467
|X|:4
|A|:345
|P|:0
|E|:0
h(I):0.0
f(n) = 1.0 (Expanded Nodes: 6, Evaluated States: 18, Time: 0.026) Frontier Size: 12
f(n) = 2.0 (Expanded Nodes: 18, Evaluated States: 40, Time: 0.07) Frontier Size: 22
f(n) = 3.0 (Expanded Nodes: 51, Evaluated States: 132, Time: 0.096) Frontier Size: 81
f(n) = 4.0 (Expanded Nodes: 157, Evaluated States: 350, Time: 0.126) Frontier Size: 193
f(n) = 5.0 (Expanded Nodes: 316, Evaluated States: 650, Time: 0.151) Frontier Size: 334
f(n) = 6.0 (Expanded Nodes: 800, Evaluated States: 1408, Time: 0.194) Frontier Size: 608
Problem Solved

Found Plan:
0.0: (validate_payload t0 a7 t1)
1.0: (sync_actions a7)
2.0: (validate_payload t1 a10 t2)
3.0: (sync_actions a10)
4.0: (del a4)
5.0: (validate_payload t3 a3 t4)
6.0: (sync_actions a3)
7.0: (validate_payload t4 a12 t5)
8.0: (sync_actions a12)
9.0: (validate_payload t5 a5 t6)
10.0: (sync_actions a5)
11.0: (validate_payload t6 a4 t7)
12.0: (sync_actions a4)
13.0: (validate_payload t7 a6 t8)
14.0: (sync_actions a6)
15.0: (del a12)
16.0: (del a12)
17.0: (validate_payload t10 a11 t11)
18.0: (sync_actions a11)
19.0: (validate_payload t11 a8 t12)
20.0: (sync_actions a8)
21.0: (validate_payload t12 a1 t13)
22.0: (sync_actions a1)
23.0: (validate_payload t13 a0 t14)
24.0: (sync_actions a0)
25.0: (validate_payload t14 a2 t15)
26.0: (sync_actions a2)
27.0: (validate_payload t15 a9 t16)
28.0: (sync_actions a9)

Plan-Length:29
Metric (Search):6.0
Planning Time (msec): 236
Heuristic Time (msec): 6
Search Time (msec): 226
Expanded Nodes:1134
States Evaluated:1881
Number of Dead-Ends detected:0
Number of Duplicates detected:192
/usr/bin/time -v timeout 600 java -Xmx64g -jar ./enhsp3.jar -o ./domain_with_failure.pddl -f ./problems/BasePN-3And-add-3-d1/problem12.pddl -h blind -s WAStar
Domain parsed
Problem parsed
Grounding..
Grounding Time: 3208
UFX:true
|F|:16467
|X|:4
|A|:345
|P|:0
|E|:0
h(I):0.0
f(n) = 1.0 (Expanded Nodes: 19, Evaluated States: 54, Time: 0.042) Frontier Size: 35
f(n) = 2.0 (Expanded Nodes: 81, Evaluated States: 206, Time: 0.09) Frontier Size: 125
f(n) = 3.0 (Expanded Nodes: 181, Evaluated States: 433, Time: 0.138) Frontier Size: 252
f(n) = 4.0 (Expanded Nodes: 563, Evaluated States: 1065, Time: 0.177) Frontier Size: 502
f(n) = 5.0 (Expanded Nodes: 981, Evaluated States: 1651, Time: 0.215) Frontier Size: 670
f(n) = 6.0 (Expanded Nodes: 1955, Evaluated States: 2921, Time: 0.287) Frontier Size: 966
Problem Solved

Found Plan:
0.0: (validate_payload t0 a7 t1)
1.0: (sync_actions a7)
2.0: (validate_payload t1 a10 t2)
3.0: (sync_actions a10)
4.0: (validate_payload t2 a3 t3)
5.0: (sync_actions a3)
6.0: (validate_payload t3 a4 t4)
7.0: (sync_actions a4)
8.0: (validate_payload t4 a5 t5)
9.0: (sync_actions a5)
10.0: (validate_payload t5 a12 t6)
11.0: (sync_actions a12)
12.0: (validate_payload t6 a11 t7)
13.0: (sync_actions a11)
14.0: (validate_payload t7 a6 t8)
15.0: (sync_actions a6)
16.0: (del a1)
17.0: (del a10)
18.0: (validate_payload t10 a8 t11)
19.0: (sync_actions a8)
20.0: (del a6)
21.0: (validate_payload t12 a0 t13)
22.0: (sync_actions a0)
23.0: (validate_payload t13 a1 t14)
24.0: (sync_actions a1)
25.0: (validate_payload t14 a2 t15)
26.0: (sync_actions a2)
27.0: (validate_payload t15 a9 t16)
28.0: (sync_actions a9)

Plan-Length:29
Metric (Search):6.0
Planning Time (msec): 341
Heuristic Time (msec): 8
Search Time (msec): 331
Expanded Nodes:2673
States Evaluated:3748
Number of Dead-Ends detected:0
Number of Duplicates detected:572
/usr/bin/time -v timeout 600 java -Xmx64g -jar ./enhsp3.jar -o ./domain_with_failure.pddl -f ./problems/BasePN-3And-add-3-d1/problem13.pddl -h blind -s WAStar
Domain parsed
Problem parsed
Grounding..
Grounding Time: 3146
UFX:true
|F|:16467
|X|:4
|A|:345
|P|:0
|E|:0
h(I):0.0
f(n) = 2.0 (Expanded Nodes: 2, Evaluated States: 3, Time: 0.017) Frontier Size: 1
f(n) = 4.0 (Expanded Nodes: 8, Evaluated States: 15, Time: 0.051) Frontier Size: 7
f(n) = 5.0 (Expanded Nodes: 47, Evaluated States: 111, Time: 0.083) Frontier Size: 64
f(n) = 6.0 (Expanded Nodes: 167, Evaluated States: 395, Time: 0.119) Frontier Size: 228
Problem Solved

Found Plan:
0.0: (del a2)
1.0: (validate_payload t1 a7 t2)
2.0: (sync_actions a7)
3.0: (del a9)
4.0: (validate_payload t3 a10 t4)
5.0: (sync_actions a10)
6.0: (validate_payload t4 a3 t5)
7.0: (sync_actions a3)
8.0: (validate_payload t5 a4 t6)
9.0: (sync_actions a4)
10.0: (validate_payload t6 a5 t7)
11.0: (sync_actions a5)
12.0: (validate_payload t7 a6 t8)
13.0: (sync_actions a6)
14.0: (validate_payload t8 a12 t9)
15.0: (sync_actions a12)
16.0: (validate_payload t9 a11 t10)
17.0: (sync_actions a11)
18.0: (validate_payload t10 a8 t11)
19.0: (sync_actions a8)
20.0: (validate_payload t11 a1 t12)
21.0: (sync_actions a1)
22.0: (validate_payload t12 a2 t13)
23.0: (sync_actions a2)
24.0: (validate_payload t13 a0 t14)
25.0: (sync_actions a0)
26.0: (del a10)
27.0: (validate_payload t15 a9 t16)
28.0: (sync_actions a9)

Plan-Length:29
Metric (Search):6.0
Planning Time (msec): 165
Heuristic Time (msec): 4
Search Time (msec): 159
Expanded Nodes:333
States Evaluated:736
Number of Dead-Ends detected:0
Number of Duplicates detected:24
/usr/bin/time -v timeout 600 java -Xmx64g -jar ./enhsp3.jar -o ./domain_with_failure.pddl -f ./problems/BasePN-3And-add-3-d1/problem14.pddl -h blind -s WAStar
Domain parsed
Problem parsed
Grounding..
Grounding Time: 3160
UFX:true
|F|:16467
|X|:3
|A|:345
|P|:0
|E|:0
h(I):0.0
f(n) = 2.0 (Expanded Nodes: 12, Evaluated States: 29, Time: 0.028) Frontier Size: 17
f(n) = 4.0 (Expanded Nodes: 73, Evaluated States: 143, Time: 0.096) Frontier Size: 70
f(n) = 6.0 (Expanded Nodes: 245, Evaluated States: 379, Time: 0.133) Frontier Size: 134
Problem Solved

Found Plan:
0.0: (validate_payload t0 a7 t1)
1.0: (sync_actions a7)
2.0: (validate_payload t1 a10 t2)
3.0: (sync_actions a10)
4.0: (validate_payload t2 a3 t3)
5.0: (sync_actions a3)
6.0: (validate_payload t3 a5 t4)
7.0: (sync_actions a5)
8.0: (validate_payload t4 a4 t5)
9.0: (sync_actions a4)
10.0: (del a8)
11.0: (validate_payload t6 a12 t7)
12.0: (sync_actions a12)
13.0: (validate_payload t7 a11 t8)
14.0: (sync_actions a11)
15.0: (validate_payload t8 a6 t9)
16.0: (sync_actions a6)
17.0: (del a5)
18.0: (del a6)
19.0: (validate_payload t11 a8 t12)
20.0: (sync_actions a8)
21.0: (validate_payload t12 a1 t13)
22.0: (sync_actions a1)
23.0: (validate_payload t13 a2 t14)
24.0: (sync_actions a2)
25.0: (validate_payload t14 a0 t15)
26.0: (sync_actions a0)
27.0: (validate_payload t15 a9 t16)
28.0: (sync_actions a9)

Plan-Length:29
Metric (Search):6.0
Planning Time (msec): 159
Heuristic Time (msec): 6
Search Time (msec): 156
Expanded Nodes:342
States Evaluated:493
Number of Dead-Ends detected:0
Number of Duplicates detected:95
/usr/bin/time -v timeout 600 java -Xmx64g -jar ./enhsp3.jar -o ./domain_with_failure.pddl -f ./problems/BasePN-3And-add-3-d1/problem15.pddl -h blind -s WAStar
Domain parsed
Problem parsed
Grounding..
Grounding Time: 3238
UFX:true
|F|:16467
|X|:4
|A|:345
|P|:0
|E|:0
h(I):0.0
f(n) = 1.0 (Expanded Nodes: 14, Evaluated States: 42, Time: 0.033) Frontier Size: 28
f(n) = 2.0 (Expanded Nodes: 58, Evaluated States: 152, Time: 0.08) Frontier Size: 94
f(n) = 3.0 (Expanded Nodes: 128, Evaluated States: 315, Time: 0.109) Frontier Size: 187
f(n) = 4.0 (Expanded Nodes: 390, Evaluated States: 741, Time: 0.148) Frontier Size: 351
f(n) = 5.0 (Expanded Nodes: 696, Evaluated States: 1179, Time: 0.178) Frontier Size: 483
f(n) = 6.0 (Expanded Nodes: 1390, Evaluated States: 2103, Time: 0.225) Frontier Size: 713
Problem Solved

Found Plan:
0.0: (validate_payload t0 a7 t1)
1.0: (sync_actions a7)
2.0: (validate_payload t1 a10 t2)
3.0: (sync_actions a10)
4.0: (validate_payload t2 a3 t3)
5.0: (sync_actions a3)
6.0: (validate_payload t3 a4 t4)
7.0: (sync_actions a4)
8.0: (validate_payload t4 a12 t5)
9.0: (sync_actions a12)
10.0: (validate_payload t5 a11 t6)
11.0: (sync_actions a11)
12.0: (del a3)
13.0: (del a0)
14.0: (validate_payload t8 a5 t9)
15.0: (sync_actions a5)
16.0: (validate_payload t9 a6 t10)
17.0: (sync_actions a6)
18.0: (del a12)
19.0: (validate_payload t11 a8 t12)
20.0: (sync_actions a8)
21.0: (validate_payload t12 a1 t13)
22.0: (sync_actions a1)
23.0: (validate_payload t13 a2 t14)
24.0: (sync_actions a2)
25.0: (validate_payload t14 a0 t15)
26.0: (sync_actions a0)
27.0: (validate_payload t15 a9 t16)
28.0: (sync_actions a9)

Plan-Length:29
Metric (Search):6.0
Planning Time (msec): 270
Heuristic Time (msec): 9
Search Time (msec): 267
Expanded Nodes:2037
States Evaluated:2843
Number of Dead-Ends detected:0
Number of Duplicates detected:450
/usr/bin/time -v timeout 600 java -Xmx64g -jar ./enhsp3.jar -o ./domain_with_failure.pddl -f ./problems/BasePN-3And-add-3-d1/problem16.pddl -h blind -s WAStar
Domain parsed
Problem parsed
Grounding..
Grounding Time: 3291
UFX:true
|F|:16467
|X|:4
|A|:345
|P|:0
|E|:0
h(I):0.0
f(n) = 2.0 (Expanded Nodes: 2, Evaluated States: 3, Time: 0.023) Frontier Size: 1
f(n) = 3.0 (Expanded Nodes: 10, Evaluated States: 25, Time: 0.068) Frontier Size: 15
f(n) = 4.0 (Expanded Nodes: 22, Evaluated States: 47, Time: 0.075) Frontier Size: 25
f(n) = 5.0 (Expanded Nodes: 63, Evaluated States: 152, Time: 0.102) Frontier Size: 89
f(n) = 6.0 (Expanded Nodes: 145, Evaluated States: 304, Time: 0.125) Frontier Size: 159
Problem Solved

Found Plan:
0.0: (del a8)
1.0: (validate_payload t1 a7 t2)
2.0: (sync_actions a7)
3.0: (del a10)
4.0: (validate_payload t3 a10 t4)
5.0: (sync_actions a10)
6.0: (validate_payload t4 a3 t5)
7.0: (sync_actions a3)
8.0: (validate_payload t5 a4 t6)
9.0: (sync_actions a4)
10.0: (validate_payload t6 a5 t7)
11.0: (sync_actions a5)
12.0: (del a0)
13.0: (validate_payload t8 a6 t9)
14.0: (sync_actions a6)
15.0: (validate_payload t9 a12 t10)
16.0: (sync_actions a12)
17.0: (validate_payload t10 a11 t11)
18.0: (sync_actions a11)
19.0: (validate_payload t11 a8 t12)
20.0: (sync_actions a8)
21.0: (validate_payload t12 a1 t13)
22.0: (sync_actions a1)
23.0: (validate_payload t13 a2 t14)
24.0: (sync_actions a2)
25.0: (validate_payload t14 a0 t15)
26.0: (sync_actions a0)
27.0: (validate_payload t15 a9 t16)
28.0: (sync_actions a9)

Plan-Length:29
Metric (Search):6.0
Planning Time (msec): 172
Heuristic Time (msec): 10
Search Time (msec): 160
Expanded Nodes:290
States Evaluated:568
Number of Dead-Ends detected:0
Number of Duplicates detected:24
/usr/bin/time -v timeout 600 java -Xmx64g -jar ./enhsp3.jar -o ./domain_with_failure.pddl -f ./problems/BasePN-3And-add-3-d1/problem17.pddl -h blind -s WAStar
Domain parsed
Problem parsed
Grounding..
Grounding Time: 3383
UFX:true
|F|:16467
|X|:4
|A|:345
|P|:0
|E|:0
h(I):0.0
f(n) = 1.0 (Expanded Nodes: 18, Evaluated States: 45, Time: 0.032) Frontier Size: 27
f(n) = 2.0 (Expanded Nodes: 62, Evaluated States: 143, Time: 0.077) Frontier Size: 81
f(n) = 3.0 (Expanded Nodes: 134, Evaluated States: 280, Time: 0.114) Frontier Size: 146
f(n) = 4.0 (Expanded Nodes: 314, Evaluated States: 612, Time: 0.148) Frontier Size: 298
f(n) = 5.0 (Expanded Nodes: 595, Evaluated States: 935, Time: 0.184) Frontier Size: 340
f(n) = 6.0 (Expanded Nodes: 1057, Evaluated States: 1657, Time: 0.229) Frontier Size: 600
Problem Solved

Found Plan:
0.0: (validate_payload t0 a7 t1)
1.0: (sync_actions a7)
2.0: (validate_payload t1 a3 t2)
3.0: (sync_actions a3)
4.0: (validate_payload t2 a4 t3)
5.0: (sync_actions a4)
6.0: (validate_payload t3 a10 t4)
7.0: (sync_actions a10)
8.0: (validate_payload t4 a5 t5)
9.0: (sync_actions a5)
10.0: (validate_payload t5 a6 t6)
11.0: (sync_actions a6)
12.0: (validate_payload t6 a12 t7)
13.0: (sync_actions a12)
14.0: (validate_payload t7 a11 t8)
15.0: (sync_actions a11)
16.0: (del a12)
17.0: (del a11)
18.0: (del a1)
19.0: (validate_payload t11 a8 t12)
20.0: (sync_actions a8)
21.0: (validate_payload t12 a0 t13)
22.0: (sync_actions a0)
23.0: (validate_payload t13 a1 t14)
24.0: (sync_actions a1)
25.0: (validate_payload t14 a2 t15)
26.0: (sync_actions a2)
27.0: (validate_payload t15 a9 t16)
28.0: (sync_actions a9)

Plan-Length:29
Metric (Search):6.0
Planning Time (msec): 273
Heuristic Time (msec): 6
Search Time (msec): 271
Expanded Nodes:1609
States Evaluated:2170
Number of Dead-Ends detected:0
Number of Duplicates detected:373
/usr/bin/time -v timeout 600 java -Xmx64g -jar ./enhsp3.jar -o ./domain_with_failure.pddl -f ./problems/BasePN-3And-add-3-d1/problem18.pddl -h blind -s WAStar
Domain parsed
Problem parsed
Grounding..
Grounding Time: 3132
UFX:true
|F|:16467
|X|:3
|A|:345
|P|:0
|E|:0
h(I):0.0
f(n) = 2.0 (Expanded Nodes: 4, Evaluated States: 8, Time: 0.018) Frontier Size: 4
f(n) = 3.0 (Expanded Nodes: 23, Evaluated States: 57, Time: 0.068) Frontier Size: 34
f(n) = 4.0 (Expanded Nodes: 55, Evaluated States: 127, Time: 0.083) Frontier Size: 72
f(n) = 5.0 (Expanded Nodes: 136, Evaluated States: 289, Time: 0.109) Frontier Size: 153
f(n) = 6.0 (Expanded Nodes: 328, Evaluated States: 661, Time: 0.128) Frontier Size: 333
Problem Solved

Found Plan:
0.0: (validate_payload t0 a7 t1)
1.0: (sync_actions a7)
2.0: (del a5)
3.0: (validate_payload t2 a10 t3)
4.0: (sync_actions a10)
5.0: (validate_payload t3 a3 t4)
6.0: (sync_actions a3)
7.0: (del a8)
8.0: (validate_payload t5 a4 t6)
9.0: (sync_actions a4)
10.0: (validate_payload t6 a12 t7)
11.0: (sync_actions a12)
12.0: (validate_payload t7 a5 t8)
13.0: (sync_actions a5)
14.0: (validate_payload t8 a6 t9)
15.0: (sync_actions a6)
16.0: (validate_payload t9 a11 t10)
17.0: (sync_actions a11)
18.0: (validate_payload t10 a8 t11)
19.0: (sync_actions a8)
20.0: (validate_payload t11 a1 t12)
21.0: (sync_actions a1)
22.0: (del a4)
23.0: (validate_payload t13 a2 t14)
24.0: (sync_actions a2)
25.0: (validate_payload t14 a0 t15)
26.0: (sync_actions a0)
27.0: (validate_payload t15 a9 t16)
28.0: (sync_actions a9)

Plan-Length:29
Metric (Search):6.0
Planning Time (msec): 172
Heuristic Time (msec): 7
Search Time (msec): 169
Expanded Nodes:537
States Evaluated:933
Number of Dead-Ends detected:0
Number of Duplicates detected:83
/usr/bin/time -v timeout 600 java -Xmx64g -jar ./enhsp3.jar -o ./domain_with_failure.pddl -f ./problems/BasePN-3And-add-3-d1/problem19.pddl -h blind -s WAStar
Domain parsed
Problem parsed
Grounding..
Grounding Time: 3194
UFX:true
|F|:16467
|X|:4
|A|:345
|P|:0
|E|:0
h(I):0.0
f(n) = 2.0 (Expanded Nodes: 2, Evaluated States: 3, Time: 0.023) Frontier Size: 1
f(n) = 4.0 (Expanded Nodes: 12, Evaluated States: 26, Time: 0.063) Frontier Size: 14
f(n) = 5.0 (Expanded Nodes: 64, Evaluated States: 127, Time: 0.098) Frontier Size: 63
f(n) = 6.0 (Expanded Nodes: 124, Evaluated States: 273, Time: 0.115) Frontier Size: 149
Problem Solved

Found Plan:
0.0: (del a11)
1.0: (validate_payload t1 a7 t2)
2.0: (sync_actions a7)
3.0: (validate_payload t2 a3 t3)
4.0: (sync_actions a3)
5.0: (validate_payload t3 a4 t4)
6.0: (sync_actions a4)
7.0: (del a4)
8.0: (validate_payload t5 a10 t6)
9.0: (sync_actions a10)
10.0: (validate_payload t6 a5 t7)
11.0: (sync_actions a5)
12.0: (validate_payload t7 a6 t8)
13.0: (sync_actions a6)
14.0: (validate_payload t8 a12 t9)
15.0: (sync_actions a12)
16.0: (validate_payload t9 a11 t10)
17.0: (sync_actions a11)
18.0: (validate_payload t10 a8 t11)
19.0: (sync_actions a8)
20.0: (validate_payload t11 a1 t12)
21.0: (sync_actions a1)
22.0: (del a9)
23.0: (validate_payload t13 a0 t14)
24.0: (sync_actions a0)
25.0: (validate_payload t14 a2 t15)
26.0: (sync_actions a2)
27.0: (validate_payload t15 a9 t16)
28.0: (sync_actions a9)

Plan-Length:29
Metric (Search):6.0
Planning Time (msec): 147
Heuristic Time (msec): 9
Search Time (msec): 133
Expanded Nodes:217
States Evaluated:423
Number of Dead-Ends detected:0
Number of Duplicates detected:27
/usr/bin/time -v timeout 600 java -Xmx64g -jar ./enhsp3.jar -o ./domain_with_failure.pddl -f ./problems/BasePN-3And-add-3-d1/problem20.pddl -h blind -s WAStar
Domain parsed
Problem parsed
Grounding..
Grounding Time: 3337
UFX:true
|F|:16467
|X|:4
|A|:345
|P|:0
|E|:0
h(I):0.0
f(n) = 2.0 (Expanded Nodes: 2, Evaluated States: 3, Time: 0.021) Frontier Size: 1
f(n) = 3.0 (Expanded Nodes: 12, Evaluated States: 32, Time: 0.062) Frontier Size: 20
f(n) = 4.0 (Expanded Nodes: 32, Evaluated States: 80, Time: 0.074) Frontier Size: 48
f(n) = 5.0 (Expanded Nodes: 84, Evaluated States: 207, Time: 0.104) Frontier Size: 123
f(n) = 6.0 (Expanded Nodes: 232, Evaluated States: 473, Time: 0.134) Frontier Size: 241
Problem Solved

Found Plan:
0.0: (del a12)
1.0: (validate_payload t1 a7 t2)
2.0: (sync_actions a7)
3.0: (validate_payload t2 a10 t3)
4.0: (sync_actions a10)
5.0: (validate_payload t3 a3 t4)
6.0: (sync_actions a3)
7.0: (del a0)
8.0: (validate_payload t5 a4 t6)
9.0: (sync_actions a4)
10.0: (validate_payload t6 a5 t7)
11.0: (sync_actions a5)
12.0: (validate_payload t7 a6 t8)
13.0: (sync_actions a6)
14.0: (validate_payload t8 a12 t9)
15.0: (sync_actions a12)
16.0: (del a12)
17.0: (validate_payload t10 a11 t11)
18.0: (sync_actions a11)
19.0: (validate_payload t11 a8 t12)
20.0: (sync_actions a8)
21.0: (validate_payload t12 a1 t13)
22.0: (sync_actions a1)
23.0: (validate_payload t13 a0 t14)
24.0: (sync_actions a0)
25.0: (validate_payload t14 a2 t15)
26.0: (sync_actions a2)
27.0: (validate_payload t15 a9 t16)
28.0: (sync_actions a9)

Plan-Length:29
Metric (Search):6.0
Planning Time (msec): 170
Heuristic Time (msec): 7
Search Time (msec): 163
Expanded Nodes:352
States Evaluated:688
Number of Dead-Ends detected:0
Number of Duplicates detected:27
/usr/bin/time -v timeout 600 java -Xmx64g -jar ./enhsp3.jar -o ./domain_with_failure.pddl -f ./problems/BasePN-3And-add-3-d1/problem21.pddl -h blind -s WAStar
Domain parsed
Problem parsed
Grounding..
Grounding Time: 3251
UFX:true
|F|:16467
|X|:4
|A|:345
|P|:0
|E|:0
h(I):0.0
f(n) = 1.0 (Expanded Nodes: 22, Evaluated States: 55, Time: 0.033) Frontier Size: 33
f(n) = 2.0 (Expanded Nodes: 90, Evaluated States: 215, Time: 0.085) Frontier Size: 125
f(n) = 3.0 (Expanded Nodes: 180, Evaluated States: 386, Time: 0.126) Frontier Size: 206
f(n) = 4.0 (Expanded Nodes: 484, Evaluated States: 952, Time: 0.172) Frontier Size: 468
f(n) = 5.0 (Expanded Nodes: 877, Evaluated States: 1412, Time: 0.205) Frontier Size: 535
f(n) = 6.0 (Expanded Nodes: 1605, Evaluated States: 2536, Time: 0.259) Frontier Size: 931
Problem Solved

Found Plan:
0.0: (validate_payload t0 a7 t1)
1.0: (sync_actions a7)
2.0: (validate_payload t1 a3 t2)
3.0: (sync_actions a3)
4.0: (validate_payload t2 a10 t3)
5.0: (sync_actions a10)
6.0: (validate_payload t3 a4 t4)
7.0: (sync_actions a4)
8.0: (validate_payload t4 a12 t5)
9.0: (sync_actions a12)
10.0: (validate_payload t5 a11 t6)
11.0: (sync_actions a11)
12.0: (validate_payload t6 a5 t7)
13.0: (sync_actions a5)
14.0: (validate_payload t7 a6 t8)
15.0: (sync_actions a6)
16.0: (validate_payload t8 a8 t9)
17.0: (sync_actions a8)
18.0: (validate_payload t9 a0 t10)
19.0: (sync_actions a0)
20.0: (del a9)
21.0: (del a3)
22.0: (del a10)
23.0: (validate_payload t13 a1 t14)
24.0: (sync_actions a1)
25.0: (validate_payload t14 a2 t15)
26.0: (sync_actions a2)
27.0: (validate_payload t15 a9 t16)
28.0: (sync_actions a9)

Plan-Length:29
Metric (Search):6.0
Planning Time (msec): 314
Heuristic Time (msec): 5
Search Time (msec): 312
Expanded Nodes:2373
States Evaluated:3211
Number of Dead-Ends detected:0
Number of Duplicates detected:570
/usr/bin/time -v timeout 600 java -Xmx64g -jar ./enhsp3.jar -o ./domain_with_failure.pddl -f ./problems/BasePN-3And-add-3-d1/problem22.pddl -h blind -s WAStar
Domain parsed
Problem parsed
Grounding..
Grounding Time: 3379
UFX:true
|F|:16467
|X|:3
|A|:345
|P|:0
|E|:0
h(I):0.0
f(n) = 2.0 (Expanded Nodes: 16, Evaluated States: 38, Time: 0.028) Frontier Size: 22
f(n) = 4.0 (Expanded Nodes: 94, Evaluated States: 176, Time: 0.094) Frontier Size: 82
f(n) = 6.0 (Expanded Nodes: 278, Evaluated States: 415, Time: 0.134) Frontier Size: 137
Problem Solved

Found Plan:
0.0: (validate_payload t0 a7 t1)
1.0: (sync_actions a7)
2.0: (validate_payload t1 a3 t2)
3.0: (sync_actions a3)
4.0: (validate_payload t2 a4 t3)
5.0: (sync_actions a4)
6.0: (validate_payload t3 a5 t4)
7.0: (sync_actions a5)
8.0: (validate_payload t4 a10 t5)
9.0: (sync_actions a10)
10.0: (validate_payload t5 a12 t6)
11.0: (sync_actions a12)
12.0: (validate_payload t6 a6 t7)
13.0: (sync_actions a6)
14.0: (del a9)
15.0: (validate_payload t8 a11 t9)
16.0: (sync_actions a11)
17.0: (validate_payload t9 a8 t10)
18.0: (sync_actions a8)
19.0: (validate_payload t10 a1 t11)
20.0: (sync_actions a1)
21.0: (del a12)
22.0: (del a4)
23.0: (validate_payload t13 a0 t14)
24.0: (sync_actions a0)
25.0: (validate_payload t14 a2 t15)
26.0: (sync_actions a2)
27.0: (validate_payload t15 a9 t16)
28.0: (sync_actions a9)

Plan-Length:29
Metric (Search):6.0
Planning Time (msec): 161
Heuristic Time (msec): 2
Search Time (msec): 155
Expanded Nodes:353
States Evaluated:522
Number of Dead-Ends detected:0
Number of Duplicates detected:89
/usr/bin/time -v timeout 600 java -Xmx64g -jar ./enhsp3.jar -o ./domain_with_failure.pddl -f ./problems/BasePN-3And-add-3-d1/problem23.pddl -h blind -s WAStar
Domain parsed
Problem parsed
Grounding..
Grounding Time: 3237
UFX:true
|F|:16467
|X|:4
|A|:345
|P|:0
|E|:0
h(I):0.0
f(n) = 1.0 (Expanded Nodes: 6, Evaluated States: 17, Time: 0.024) Frontier Size: 11
f(n) = 2.0 (Expanded Nodes: 18, Evaluated States: 39, Time: 0.054) Frontier Size: 21
f(n) = 3.0 (Expanded Nodes: 45, Evaluated States: 103, Time: 0.075) Frontier Size: 58
f(n) = 4.0 (Expanded Nodes: 125, Evaluated States: 259, Time: 0.102) Frontier Size: 134
f(n) = 5.0 (Expanded Nodes: 236, Evaluated States: 432, Time: 0.127) Frontier Size: 196
f(n) = 6.0 (Expanded Nodes: 532, Evaluated States: 976, Time: 0.183) Frontier Size: 444
Problem Solved

Found Plan:
0.0: (validate_payload t0 a7 t1)
1.0: (sync_actions a7)
2.0: (validate_payload t1 a10 t2)
3.0: (sync_actions a10)
4.0: (del a6)
5.0: (validate_payload t3 a12 t4)
6.0: (sync_actions a12)
7.0: (validate_payload t4 a11 t5)
8.0: (sync_actions a11)
9.0: (validate_payload t5 a3 t6)
10.0: (sync_actions a3)
11.0: (validate_payload t6 a4 t7)
12.0: (sync_actions a4)
13.0: (del a2)
14.0: (validate_payload t8 a5 t9)
15.0: (sync_actions a5)
16.0: (validate_payload t9 a6 t10)
17.0: (sync_actions a6)
18.0: (validate_payload t10 a8 t11)
19.0: (sync_actions a8)
20.0: (validate_payload t11 a1 t12)
21.0: (sync_actions a1)
22.0: (validate_payload t12 a0 t13)
23.0: (sync_actions a0)
24.0: (del a1)
25.0: (validate_payload t14 a2 t15)
26.0: (sync_actions a2)
27.0: (validate_payload t15 a9 t16)
28.0: (sync_actions a9)

Plan-Length:29
Metric (Search):6.0
Planning Time (msec): 222
Heuristic Time (msec): 2
Search Time (msec): 216
Expanded Nodes:808
States Evaluated:1278
Number of Dead-Ends detected:0
Number of Duplicates detected:119
/usr/bin/time -v timeout 600 java -Xmx64g -jar ./enhsp3.jar -o ./domain_with_failure.pddl -f ./problems/BasePN-3And-add-3-d1/problem24.pddl -h blind -s WAStar
Domain parsed
Problem parsed
Grounding..
Grounding Time: 3128
UFX:true
|F|:16467
|X|:4
|A|:345
|P|:0
|E|:0
h(I):0.0
f(n) = 2.0 (Expanded Nodes: 2, Evaluated States: 3, Time: 0.016) Frontier Size: 1
f(n) = 3.0 (Expanded Nodes: 20, Evaluated States: 49, Time: 0.067) Frontier Size: 29
f(n) = 4.0 (Expanded Nodes: 64, Evaluated States: 155, Time: 0.083) Frontier Size: 91
f(n) = 5.0 (Expanded Nodes: 144, Evaluated States: 313, Time: 0.125) Frontier Size: 169
f(n) = 6.0 (Expanded Nodes: 356, Evaluated States: 693, Time: 0.156) Frontier Size: 337
Problem Solved

Found Plan:
0.0: (del a12)
1.0: (validate_payload t1 a7 t2)
2.0: (sync_actions a7)
3.0: (validate_payload t2 a3 t3)
4.0: (sync_actions a3)
5.0: (validate_payload t3 a10 t4)
6.0: (sync_actions a10)
7.0: (validate_payload t4 a5 t5)
8.0: (sync_actions a5)
9.0: (validate_payload t5 a4 t6)
10.0: (sync_actions a4)
11.0: (validate_payload t6 a6 t7)
12.0: (sync_actions a6)
13.0: (validate_payload t7 a12 t8)
14.0: (sync_actions a12)
15.0: (del a2)
16.0: (del a12)
17.0: (validate_payload t10 a11 t11)
18.0: (sync_actions a11)
19.0: (validate_payload t11 a8 t12)
20.0: (sync_actions a8)
21.0: (validate_payload t12 a1 t13)
22.0: (sync_actions a1)
23.0: (validate_payload t13 a2 t14)
24.0: (sync_actions a2)
25.0: (validate_payload t14 a0 t15)
26.0: (sync_actions a0)
27.0: (validate_payload t15 a9 t16)
28.0: (sync_actions a9)

Plan-Length:29
Metric (Search):6.0
Planning Time (msec): 191
Heuristic Time (msec): 7
Search Time (msec): 190
Expanded Nodes:610
States Evaluated:1002
Number of Dead-Ends detected:0
Number of Duplicates detected:114
/usr/bin/time -v timeout 600 java -Xmx64g -jar ./enhsp3.jar -o ./domain_with_failure.pddl -f ./problems/BasePN-3And-add-3-d1/problem25.pddl -h blind -s WAStar
Domain parsed
Problem parsed
Grounding..
Grounding Time: 3216
UFX:true
|F|:16467
|X|:4
|A|:345
|P|:0
|E|:0
h(I):0.0
f(n) = 1.0 (Expanded Nodes: 14, Evaluated States: 43, Time: 0.022) Frontier Size: 29
f(n) = 2.0 (Expanded Nodes: 50, Evaluated States: 135, Time: 0.067) Frontier Size: 85
f(n) = 3.0 (Expanded Nodes: 127, Evaluated States: 310, Time: 0.108) Frontier Size: 183
f(n) = 4.0 (Expanded Nodes: 387, Evaluated States: 736, Time: 0.164) Frontier Size: 349
f(n) = 5.0 (Expanded Nodes: 686, Evaluated States: 1184, Time: 0.21) Frontier Size: 498
f(n) = 6.0 (Expanded Nodes: 1420, Evaluated States: 2172, Time: 0.268) Frontier Size: 752
Problem Solved

Found Plan:
0.0: (validate_payload t0 a7 t1)
1.0: (sync_actions a7)
2.0: (validate_payload t1 a3 t2)
3.0: (sync_actions a3)
4.0: (validate_payload t2 a10 t3)
5.0: (sync_actions a10)
6.0: (validate_payload t3 a12 t4)
7.0: (sync_actions a12)
8.0: (validate_payload t4 a5 t5)
9.0: (sync_actions a5)
10.0: (validate_payload t5 a11 t6)
11.0: (sync_actions a11)
12.0: (del a11)
13.0: (del a5)
14.0: (validate_payload t8 a4 t9)
15.0: (sync_actions a4)
16.0: (validate_payload t9 a6 t10)
17.0: (sync_actions a6)
18.0: (validate_payload t10 a8 t11)
19.0: (sync_actions a8)
20.0: (validate_payload t11 a1 t12)
21.0: (sync_actions a1)
22.0: (validate_payload t12 a0 t13)
23.0: (sync_actions a0)
24.0: (validate_payload t13 a2 t14)
25.0: (sync_actions a2)
26.0: (del a0)
27.0: (validate_payload t15 a9 t16)
28.0: (sync_actions a9)

Plan-Length:29
Metric (Search):6.0
Planning Time (msec): 326
Heuristic Time (msec): 2
Search Time (msec): 315
Expanded Nodes:1948
States Evaluated:2777
Number of Dead-Ends detected:0
Number of Duplicates detected:417
/usr/bin/time -v timeout 600 java -Xmx64g -jar ./enhsp3.jar -o ./domain_with_failure.pddl -f ./problems/BasePN-3And-add-3-d1/problem26.pddl -h blind -s WAStar
Domain parsed
Problem parsed
Grounding..
Grounding Time: 3236
UFX:true
|F|:16467
|X|:3
|A|:345
|P|:0
|E|:0
h(I):0.0
f(n) = 2.0 (Expanded Nodes: 12, Evaluated States: 29, Time: 0.04) Frontier Size: 17
f(n) = 4.0 (Expanded Nodes: 69, Evaluated States: 135, Time: 0.11) Frontier Size: 66
f(n) = 6.0 (Expanded Nodes: 242, Evaluated States: 379, Time: 0.149) Frontier Size: 137
Problem Solved

Found Plan:
0.0: (validate_payload t0 a7 t1)
1.0: (sync_actions a7)
2.0: (validate_payload t1 a10 t2)
3.0: (sync_actions a10)
4.0: (validate_payload t2 a3 t3)
5.0: (sync_actions a3)
6.0: (validate_payload t3 a5 t4)
7.0: (sync_actions a5)
8.0: (validate_payload t4 a12 t5)
9.0: (sync_actions a12)
10.0: (del a3)
11.0: (validate_payload t6 a4 t7)
12.0: (sync_actions a4)
13.0: (validate_payload t7 a11 t8)
14.0: (sync_actions a11)
15.0: (del a5)
16.0: (validate_payload t9 a6 t10)
17.0: (sync_actions a6)
18.0: (validate_payload t10 a8 t11)
19.0: (sync_actions a8)
20.0: (validate_payload t11 a0 t12)
21.0: (sync_actions a0)
22.0: (validate_payload t12 a1 t13)
23.0: (sync_actions a1)
24.0: (del a11)
25.0: (validate_payload t14 a2 t15)
26.0: (sync_actions a2)
27.0: (validate_payload t15 a9 t16)
28.0: (sync_actions a9)

Plan-Length:29
Metric (Search):6.0
Planning Time (msec): 181
Heuristic Time (msec): 3
Search Time (msec): 174
Expanded Nodes:343
States Evaluated:496
Number of Dead-Ends detected:0
Number of Duplicates detected:96
/usr/bin/time -v timeout 600 java -Xmx64g -jar ./enhsp3.jar -o ./domain_with_failure.pddl -f ./problems/BasePN-3And-add-3-d1/problem27.pddl -h blind -s WAStar
Domain parsed
Problem parsed
Grounding..
Grounding Time: 3187
UFX:true
|F|:16467
|X|:4
|A|:345
|P|:0
|E|:0
h(I):0.0
f(n) = 1.0 (Expanded Nodes: 6, Evaluated States: 17, Time: 0.028) Frontier Size: 11
f(n) = 2.0 (Expanded Nodes: 18, Evaluated States: 39, Time: 0.06) Frontier Size: 21
f(n) = 3.0 (Expanded Nodes: 50, Evaluated States: 115, Time: 0.096) Frontier Size: 65
f(n) = 4.0 (Expanded Nodes: 146, Evaluated States: 319, Time: 0.123) Frontier Size: 173
f(n) = 5.0 (Expanded Nodes: 287, Evaluated States: 547, Time: 0.158) Frontier Size: 260
f(n) = 6.0 (Expanded Nodes: 681, Evaluated States: 1275, Time: 0.203) Frontier Size: 594
Problem Solved

Found Plan:
0.0: (validate_payload t0 a7 t1)
1.0: (sync_actions a7)
2.0: (validate_payload t1 a10 t2)
3.0: (sync_actions a10)
4.0: (del a10)
5.0: (validate_payload t3 a3 t4)
6.0: (sync_actions a3)
7.0: (validate_payload t4 a4 t5)
8.0: (sync_actions a4)
9.0: (validate_payload t5 a5 t6)
10.0: (sync_actions a5)
11.0: (validate_payload t6 a12 t7)
12.0: (sync_actions a12)
13.0: (validate_payload t7 a6 t8)
14.0: (sync_actions a6)
15.0: (validate_payload t8 a11 t9)
16.0: (sync_actions a11)
17.0: (del a6)
18.0: (validate_payload t10 a8 t11)
19.0: (sync_actions a8)
20.0: (validate_payload t11 a1 t12)
21.0: (sync_actions a1)
22.0: (validate_payload t12 a0 t13)
23.0: (sync_actions a0)
24.0: (del a1)
25.0: (validate_payload t14 a2 t15)
26.0: (sync_actions a2)
27.0: (validate_payload t15 a9 t16)
28.0: (sync_actions a9)

Plan-Length:29
Metric (Search):6.0
Planning Time (msec): 209
Heuristic Time (msec): 7
Search Time (msec): 206
Expanded Nodes:766
States Evaluated:1357
Number of Dead-Ends detected:0
Number of Duplicates detected:120
/usr/bin/time -v timeout 600 java -Xmx64g -jar ./enhsp3.jar -o ./domain_with_failure.pddl -f ./problems/BasePN-3And-add-3-d1/problem28.pddl -h blind -s WAStar
Domain parsed
Problem parsed
Grounding..
Grounding Time: 3205
UFX:true
|F|:16467
|X|:4
|A|:345
|P|:0
|E|:0
h(I):0.0
f(n) = 2.0 (Expanded Nodes: 4, Evaluated States: 8, Time: 0.024) Frontier Size: 4
f(n) = 3.0 (Expanded Nodes: 39, Evaluated States: 92, Time: 0.087) Frontier Size: 53
f(n) = 4.0 (Expanded Nodes: 135, Evaluated States: 322, Time: 0.118) Frontier Size: 187
f(n) = 5.0 (Expanded Nodes: 288, Evaluated States: 588, Time: 0.146) Frontier Size: 300
f(n) = 6.0 (Expanded Nodes: 674, Evaluated States: 1298, Time: 0.195) Frontier Size: 624
Problem Solved

Found Plan:
0.0: (validate_payload t0 a7 t1)
1.0: (sync_actions a7)
2.0: (del a5)
3.0: (validate_payload t2 a10 t3)
4.0: (sync_actions a10)
5.0: (validate_payload t3 a3 t4)
6.0: (sync_actions a3)
7.0: (validate_payload t4 a4 t5)
8.0: (sync_actions a4)
9.0: (validate_payload t5 a5 t6)
10.0: (sync_actions a5)
11.0: (validate_payload t6 a6 t7)
12.0: (sync_actions a6)
13.0: (validate_payload t7 a12 t8)
14.0: (sync_actions a12)
15.0: (validate_payload t8 a11 t9)
16.0: (sync_actions a11)
17.0: (validate_payload t9 a8 t10)
18.0: (sync_actions a8)
19.0: (validate_payload t10 a0 t11)
20.0: (sync_actions a0)
21.0: (validate_payload t11 a1 t12)
22.0: (sync_actions a1)
23.0: (del a9)
24.0: (del a10)
25.0: (validate_payload t14 a2 t15)
26.0: (sync_actions a2)
27.0: (validate_payload t15 a9 t16)
28.0: (sync_actions a9)

Plan-Length:29
Metric (Search):6.0
Planning Time (msec): 226
Heuristic Time (msec): 6
Search Time (msec): 219
Expanded Nodes:974
States Evaluated:1676
Number of Dead-Ends detected:0
Number of Duplicates detected:151
/usr/bin/time -v timeout 600 java -Xmx64g -jar ./enhsp3.jar -o ./domain_with_failure.pddl -f ./problems/BasePN-3And-add-3-d1/problem29.pddl -h blind -s WAStar
Domain parsed
Problem parsed
Grounding..
Grounding Time: 3246
UFX:true
|F|:16467
|X|:3
|A|:345
|P|:0
|E|:0
h(I):0.0
f(n) = 2.0 (Expanded Nodes: 2, Evaluated States: 3, Time: 0.019) Frontier Size: 1
f(n) = 4.0 (Expanded Nodes: 22, Evaluated States: 49, Time: 0.064) Frontier Size: 27
f(n) = 6.0 (Expanded Nodes: 110, Evaluated States: 206, Time: 0.106) Frontier Size: 96
Problem Solved

Found Plan:
0.0: (del a11)
1.0: (validate_payload t1 a7 t2)
2.0: (sync_actions a7)
3.0: (validate_payload t2 a10 t3)
4.0: (sync_actions a10)
5.0: (validate_payload t3 a3 t4)
6.0: (sync_actions a3)
7.0: (validate_payload t4 a4 t5)
8.0: (sync_actions a4)
9.0: (validate_payload t5 a12 t6)
10.0: (sync_actions a12)
11.0: (validate_payload t6 a5 t7)
12.0: (sync_actions a5)
13.0: (validate_payload t7 a11 t8)
14.0: (sync_actions a11)
15.0: (validate_payload t8 a6 t9)
16.0: (sync_actions a6)
17.0: (del a2)
18.0: (validate_payload t10 a8 t11)
19.0: (sync_actions a8)
20.0: (del a12)
21.0: (validate_payload t12 a1 t13)
22.0: (sync_actions a1)
23.0: (validate_payload t13 a0 t14)
24.0: (sync_actions a0)
25.0: (validate_payload t14 a2 t15)
26.0: (sync_actions a2)
27.0: (validate_payload t15 a9 t16)
28.0: (sync_actions a9)

Plan-Length:29
Metric (Search):6.0
Planning Time (msec): 130
Heuristic Time (msec): 6
Search Time (msec): 127
Expanded Nodes:174
States Evaluated:311
Number of Dead-Ends detected:0
Number of Duplicates detected:29
/usr/bin/time -v timeout 600 java -Xmx64g -jar ./enhsp3.jar -o ./domain_with_failure.pddl -f ./problems/BasePN-3And-add-3-d1/problem30.pddl -h blind -s WAStar
Domain parsed
Problem parsed
Grounding..
Grounding Time: 3386
UFX:true
|F|:16467
|X|:3
|A|:345
|P|:0
|E|:0
h(I):0.0
f(n) = 2.0 (Expanded Nodes: 10, Evaluated States: 24, Time: 0.028) Frontier Size: 14
f(n) = 4.0 (Expanded Nodes: 69, Evaluated States: 138, Time: 0.098) Frontier Size: 69
f(n) = 6.0 (Expanded Nodes: 249, Evaluated States: 398, Time: 0.147) Frontier Size: 149
Problem Solved

Found Plan:
0.0: (validate_payload t0 a7 t1)
1.0: (sync_actions a7)
2.0: (validate_payload t1 a10 t2)
3.0: (sync_actions a10)
4.0: (validate_payload t2 a3 t3)
5.0: (sync_actions a3)
6.0: (validate_payload t3 a5 t4)
7.0: (sync_actions a5)
8.0: (del a11)
9.0: (validate_payload t5 a4 t6)
10.0: (sync_actions a4)
11.0: (validate_payload t6 a12 t7)
12.0: (sync_actions a12)
13.0: (validate_payload t7 a11 t8)
14.0: (sync_actions a11)
15.0: (validate_payload t8 a6 t9)
16.0: (sync_actions a6)
17.0: (validate_payload t9 a8 t10)
18.0: (sync_actions a8)
19.0: (validate_payload t10 a0 t11)
20.0: (sync_actions a0)
21.0: (del a3)
22.0: (validate_payload t12 a1 t13)
23.0: (sync_actions a1)
24.0: (del a4)
25.0: (validate_payload t14 a2 t15)
26.0: (sync_actions a2)
27.0: (validate_payload t15 a9 t16)
28.0: (sync_actions a9)

Plan-Length:29
Metric (Search):6.0
Planning Time (msec): 163
Heuristic Time (msec): 4
Search Time (msec): 157
Expanded Nodes:288
States Evaluated:470
Number of Dead-Ends detected:0
Number of Duplicates detected:66
/usr/bin/time -v timeout 600 java -Xmx64g -jar ./enhsp3.jar -o ./domain_with_failure.pddl -f ./problems/BasePN-3And-add-3-d1/problem31.pddl -h blind -s WAStar
Domain parsed
Problem parsed
Grounding..
Grounding Time: 3238
UFX:true
|F|:16467
|X|:4
|A|:345
|P|:0
|E|:0
h(I):0.0
f(n) = 1.0 (Expanded Nodes: 12, Evaluated States: 37, Time: 0.03) Frontier Size: 25
f(n) = 2.0 (Expanded Nodes: 48, Evaluated States: 129, Time: 0.068) Frontier Size: 81
f(n) = 3.0 (Expanded Nodes: 121, Evaluated States: 303, Time: 0.102) Frontier Size: 182
f(n) = 4.0 (Expanded Nodes: 389, Evaluated States: 773, Time: 0.143) Frontier Size: 384
f(n) = 5.0 (Expanded Nodes: 694, Evaluated States: 1246, Time: 0.17) Frontier Size: 552
f(n) = 6.0 (Expanded Nodes: 1498, Evaluated States: 2370, Time: 0.225) Frontier Size: 872
Problem Solved

Found Plan:
0.0: (validate_payload t0 a7 t1)
1.0: (sync_actions a7)
2.0: (validate_payload t1 a10 t2)
3.0: (sync_actions a10)
4.0: (validate_payload t2 a3 t3)
5.0: (sync_actions a3)
6.0: (validate_payload t3 a4 t4)
7.0: (sync_actions a4)
8.0: (validate_payload t4 a12 t5)
9.0: (sync_actions a12)
10.0: (del a6)
11.0: (validate_payload t6 a11 t7)
12.0: (sync_actions a11)
13.0: (validate_payload t7 a5 t8)
14.0: (sync_actions a5)
15.0: (validate_payload t8 a6 t9)
16.0: (sync_actions a6)
17.0: (validate_payload t9 a8 t10)
18.0: (sync_actions a8)
19.0: (del a3)
20.0: (del a2)
21.0: (validate_payload t12 a1 t13)
22.0: (sync_actions a1)
23.0: (validate_payload t13 a0 t14)
24.0: (sync_actions a0)
25.0: (validate_payload t14 a2 t15)
26.0: (sync_actions a2)
27.0: (validate_payload t15 a9 t16)
28.0: (sync_actions a9)

Plan-Length:29
Metric (Search):6.0
Planning Time (msec): 244
Heuristic Time (msec): 5
Search Time (msec): 239
Expanded Nodes:1724
States Evaluated:2677
Number of Dead-Ends detected:0
Number of Duplicates detected:318
/usr/bin/time -v timeout 600 java -Xmx64g -jar ./enhsp3.jar -o ./domain_with_failure.pddl -f ./problems/BasePN-3And-add-3-d1/problem32.pddl -h blind -s WAStar
Domain parsed
Problem parsed
Grounding..
Grounding Time: 3024
UFX:true
|F|:16467
|X|:4
|A|:345
|P|:0
|E|:0
h(I):0.0
f(n) = 1.0 (Expanded Nodes: 12, Evaluated States: 33, Time: 0.027) Frontier Size: 21
f(n) = 2.0 (Expanded Nodes: 48, Evaluated States: 125, Time: 0.072) Frontier Size: 77
f(n) = 3.0 (Expanded Nodes: 103, Evaluated States: 238, Time: 0.102) Frontier Size: 135
f(n) = 4.0 (Expanded Nodes: 291, Evaluated States: 592, Time: 0.121) Frontier Size: 301
f(n) = 5.0 (Expanded Nodes: 521, Evaluated States: 858, Time: 0.149) Frontier Size: 337
f(n) = 6.0 (Expanded Nodes: 1017, Evaluated States: 1620, Time: 0.185) Frontier Size: 603
Problem Solved

Found Plan:
0.0: (validate_payload t0 a7 t1)
1.0: (sync_actions a7)
2.0: (validate_payload t1 a10 t2)
3.0: (sync_actions a10)
4.0: (validate_payload t2 a3 t3)
5.0: (sync_actions a3)
6.0: (validate_payload t3 a4 t4)
7.0: (sync_actions a4)
8.0: (validate_payload t4 a12 t5)
9.0: (sync_actions a12)
10.0: (del a2)
11.0: (validate_payload t6 a11 t7)
12.0: (sync_actions a11)
13.0: (del a4)
14.0: (del a11)
15.0: (validate_payload t9 a5 t10)
16.0: (sync_actions a5)
17.0: (validate_payload t10 a6 t11)
18.0: (sync_actions a6)
19.0: (validate_payload t11 a8 t12)
20.0: (sync_actions a8)
21.0: (validate_payload t12 a1 t13)
22.0: (sync_actions a1)
23.0: (validate_payload t13 a0 t14)
24.0: (sync_actions a0)
25.0: (validate_payload t14 a2 t15)
26.0: (sync_actions a2)
27.0: (validate_payload t15 a9 t16)
28.0: (sync_actions a9)

Plan-Length:29
Metric (Search):6.0
Planning Time (msec): 230
Heuristic Time (msec): 5
Search Time (msec): 225
Expanded Nodes:1454
States Evaluated:2003
Number of Dead-Ends detected:0
Number of Duplicates detected:356
/usr/bin/time -v timeout 600 java -Xmx64g -jar ./enhsp3.jar -o ./domain_with_failure.pddl -f ./problems/BasePN-3And-add-3-d1/problem33.pddl -h blind -s WAStar
Domain parsed
Problem parsed
Grounding..
Grounding Time: 3219
UFX:true
|F|:16467
|X|:4
|A|:345
|P|:0
|E|:0
h(I):0.0
f(n) = 1.0 (Expanded Nodes: 8, Evaluated States: 23, Time: 0.025) Frontier Size: 15
f(n) = 2.0 (Expanded Nodes: 28, Evaluated States: 71, Time: 0.064) Frontier Size: 43
f(n) = 3.0 (Expanded Nodes: 65, Evaluated States: 154, Time: 0.089) Frontier Size: 89
f(n) = 4.0 (Expanded Nodes: 177, Evaluated States: 372, Time: 0.111) Frontier Size: 195
f(n) = 5.0 (Expanded Nodes: 343, Evaluated States: 604, Time: 0.147) Frontier Size: 261
f(n) = 6.0 (Expanded Nodes: 727, Evaluated States: 1266, Time: 0.2) Frontier Size: 539
Problem Solved

Found Plan:
0.0: (validate_payload t0 a7 t1)
1.0: (sync_actions a7)
2.0: (validate_payload t1 a10 t2)
3.0: (sync_actions a10)
4.0: (validate_payload t2 a3 t3)
5.0: (sync_actions a3)
6.0: (del a10)
7.0: (validate_payload t4 a4 t5)
8.0: (sync_actions a4)
9.0: (validate_payload t5 a12 t6)
10.0: (sync_actions a12)
11.0: (del a12)
12.0: (validate_payload t7 a5 t8)
13.0: (sync_actions a5)
14.0: (validate_payload t8 a11 t9)
15.0: (sync_actions a11)
16.0: (validate_payload t9 a6 t10)
17.0: (sync_actions a6)
18.0: (validate_payload t10 a8 t11)
19.0: (sync_actions a8)
20.0: (validate_payload t11 a1 t12)
21.0: (sync_actions a1)
22.0: (validate_payload t12 a0 t13)
23.0: (sync_actions a0)
24.0: (del a7)
25.0: (validate_payload t14 a2 t15)
26.0: (sync_actions a2)
27.0: (validate_payload t15 a9 t16)
28.0: (sync_actions a9)

Plan-Length:29
Metric (Search):6.0
Planning Time (msec): 216
Heuristic Time (msec): 6
Search Time (msec): 214
Expanded Nodes:799
States Evaluated:1379
Number of Dead-Ends detected:0
Number of Duplicates detected:143
/usr/bin/time -v timeout 600 java -Xmx64g -jar ./enhsp3.jar -o ./domain_with_failure.pddl -f ./problems/BasePN-3And-add-3-d1/problem34.pddl -h blind -s WAStar
Domain parsed
Problem parsed
Grounding..
Grounding Time: 3210
UFX:true
|F|:16467
|X|:4
|A|:345
|P|:0
|E|:0
h(I):0.0
f(n) = 1.0 (Expanded Nodes: 8, Evaluated States: 24, Time: 0.024) Frontier Size: 16
f(n) = 2.0 (Expanded Nodes: 28, Evaluated States: 68, Time: 0.079) Frontier Size: 40
f(n) = 3.0 (Expanded Nodes: 69, Evaluated States: 171, Time: 0.107) Frontier Size: 102
f(n) = 4.0 (Expanded Nodes: 213, Evaluated States: 425, Time: 0.142) Frontier Size: 212
f(n) = 5.0 (Expanded Nodes: 386, Evaluated States: 712, Time: 0.177) Frontier Size: 326
f(n) = 6.0 (Expanded Nodes: 858, Evaluated States: 1386, Time: 0.224) Frontier Size: 528
Problem Solved

Found Plan:
0.0: (validate_payload t0 a7 t1)
1.0: (sync_actions a7)
2.0: (validate_payload t1 a10 t2)
3.0: (sync_actions a10)
4.0: (validate_payload t2 a12 t3)
5.0: (sync_actions a12)
6.0: (del a5)
7.0: (validate_payload t4 a11 t5)
8.0: (sync_actions a11)
9.0: (validate_payload t5 a3 t6)
10.0: (sync_actions a3)
11.0: (validate_payload t6 a4 t7)
12.0: (sync_actions a4)
13.0: (del a11)
14.0: (del a4)
15.0: (validate_payload t9 a5 t10)
16.0: (sync_actions a5)
17.0: (validate_payload t10 a6 t11)
18.0: (sync_actions a6)
19.0: (validate_payload t11 a8 t12)
20.0: (sync_actions a8)
21.0: (validate_payload t12 a1 t13)
22.0: (sync_actions a1)
23.0: (validate_payload t13 a0 t14)
24.0: (sync_actions a0)
25.0: (validate_payload t14 a2 t15)
26.0: (sync_actions a2)
27.0: (validate_payload t15 a9 t16)
28.0: (sync_actions a9)

Plan-Length:29
Metric (Search):6.0
Planning Time (msec): 246
Heuristic Time (msec): 6
Search Time (msec): 244
Expanded Nodes:1026
States Evaluated:1676
Number of Dead-Ends detected:0
Number of Duplicates detected:181
/usr/bin/time -v timeout 600 java -Xmx64g -jar ./enhsp3.jar -o ./domain_with_failure.pddl -f ./problems/BasePN-3And-add-3-d1/problem35.pddl -h blind -s WAStar
Domain parsed
Problem parsed
Grounding..
Grounding Time: 3235
UFX:true
|F|:16467
|X|:4
|A|:345
|P|:0
|E|:0
h(I):0.0
f(n) = 1.0 (Expanded Nodes: 16, Evaluated States: 48, Time: 0.027) Frontier Size: 32
f(n) = 2.0 (Expanded Nodes: 68, Evaluated States: 180, Time: 0.085) Frontier Size: 112
f(n) = 3.0 (Expanded Nodes: 158, Evaluated States: 387, Time: 0.127) Frontier Size: 229
f(n) = 4.0 (Expanded Nodes: 498, Evaluated States: 953, Time: 0.185) Frontier Size: 455
f(n) = 5.0 (Expanded Nodes: 877, Evaluated States: 1503, Time: 0.238) Frontier Size: 626
f(n) = 6.0 (Expanded Nodes: 1807, Evaluated States: 2777, Time: 0.359) Frontier Size: 970
Problem Solved

Found Plan:
0.0: (validate_payload t0 a7 t1)
1.0: (sync_actions a7)
2.0: (validate_payload t1 a10 t2)
3.0: (sync_actions a10)
4.0: (validate_payload t2 a3 t3)
5.0: (sync_actions a3)
6.0: (validate_payload t3 a5 t4)
7.0: (sync_actions a5)
8.0: (validate_payload t4 a4 t5)
9.0: (sync_actions a4)
10.0: (validate_payload t5 a12 t6)
11.0: (sync_actions a12)
12.0: (validate_payload t6 a11 t7)
13.0: (sync_actions a11)
14.0: (del a8)
15.0: (del a5)
16.0: (validate_payload t9 a6 t10)
17.0: (sync_actions a6)
18.0: (validate_payload t10 a8 t11)
19.0: (sync_actions a8)
20.0: (validate_payload t11 a1 t12)
21.0: (sync_actions a1)
22.0: (validate_payload t12 a2 t13)
23.0: (sync_actions a2)
24.0: (validate_payload t13 a0 t14)
25.0: (sync_actions a0)
26.0: (del a2)
27.0: (validate_payload t15 a9 t16)
28.0: (sync_actions a9)

Plan-Length:29
Metric (Search):6.0
Planning Time (msec): 460
Heuristic Time (msec): 5
Search Time (msec): 450
Expanded Nodes:2513
States Evaluated:3664
Number of Dead-Ends detected:0
Number of Duplicates detected:511
/usr/bin/time -v timeout 600 java -Xmx64g -jar ./enhsp3.jar -o ./domain_with_failure.pddl -f ./problems/BasePN-3And-add-3-d1/problem36.pddl -h blind -s WAStar
Domain parsed
Problem parsed
Grounding..
Grounding Time: 3747
UFX:true
|F|:16467
|X|:4
|A|:345
|P|:0
|E|:0
h(I):0.0
f(n) = 1.0 (Expanded Nodes: 8, Evaluated States: 23, Time: 0.024) Frontier Size: 15
f(n) = 2.0 (Expanded Nodes: 28, Evaluated States: 71, Time: 0.065) Frontier Size: 43
f(n) = 3.0 (Expanded Nodes: 70, Evaluated States: 167, Time: 0.095) Frontier Size: 97
f(n) = 4.0 (Expanded Nodes: 206, Evaluated States: 447, Time: 0.127) Frontier Size: 241
f(n) = 5.0 (Expanded Nodes: 392, Evaluated States: 704, Time: 0.15) Frontier Size: 312
f(n) = 6.0 (Expanded Nodes: 890, Evaluated States: 1552, Time: 0.209) Frontier Size: 662
Problem Solved

Found Plan:
0.0: (validate_payload t0 a7 t1)
1.0: (sync_actions a7)
2.0: (validate_payload t1 a10 t2)
3.0: (sync_actions a10)
4.0: (validate_payload t2 a3 t3)
5.0: (sync_actions a3)
6.0: (del a11)
7.0: (validate_payload t4 a12 t5)
8.0: (sync_actions a12)
9.0: (validate_payload t5 a11 t6)
10.0: (sync_actions a11)
11.0: (validate_payload t6 a4 t7)
12.0: (sync_actions a4)
13.0: (validate_payload t7 a5 t8)
14.0: (sync_actions a5)
15.0: (del a5)
16.0: (validate_payload t9 a6 t10)
17.0: (sync_actions a6)
18.0: (validate_payload t10 a8 t11)
19.0: (sync_actions a8)
20.0: (validate_payload t11 a1 t12)
21.0: (sync_actions a1)
22.0: (del a1)
23.0: (validate_payload t13 a2 t14)
24.0: (sync_actions a2)
25.0: (validate_payload t14 a0 t15)
26.0: (sync_actions a0)
27.0: (validate_payload t15 a9 t16)
28.0: (sync_actions a9)

Plan-Length:29
Metric (Search):6.0
Planning Time (msec): 246
Heuristic Time (msec): 5
Search Time (msec): 236
Expanded Nodes:1213
States Evaluated:1881
Number of Dead-Ends detected:0
Number of Duplicates detected:249
/usr/bin/time -v timeout 600 java -Xmx64g -jar ./enhsp3.jar -o ./domain_with_failure.pddl -f ./problems/BasePN-3And-add-3-d1/problem37.pddl -h blind -s WAStar
Domain parsed
Problem parsed
Grounding..
Grounding Time: 3375
UFX:true
|F|:16467
|X|:4
|A|:345
|P|:0
|E|:0
h(I):0.0
f(n) = 2.0 (Expanded Nodes: 4, Evaluated States: 8, Time: 0.018) Frontier Size: 4
f(n) = 3.0 (Expanded Nodes: 29, Evaluated States: 73, Time: 0.087) Frontier Size: 44
f(n) = 4.0 (Expanded Nodes: 89, Evaluated States: 223, Time: 0.11) Frontier Size: 134
f(n) = 5.0 (Expanded Nodes: 202, Evaluated States: 463, Time: 0.143) Frontier Size: 261
f(n) = 6.0 (Expanded Nodes: 580, Evaluated States: 1089, Time: 0.191) Frontier Size: 509
Problem Solved

Found Plan:
0.0: (validate_payload t0 a7 t1)
1.0: (sync_actions a7)
2.0: (del a0)
3.0: (validate_payload t2 a10 t3)
4.0: (sync_actions a10)
5.0: (validate_payload t3 a3 t4)
6.0: (sync_actions a3)
7.0: (validate_payload t4 a12 t5)
8.0: (sync_actions a12)
9.0: (validate_payload t5 a11 t6)
10.0: (sync_actions a11)
11.0: (validate_payload t6 a4 t7)
12.0: (sync_actions a4)
13.0: (validate_payload t7 a5 t8)
14.0: (sync_actions a5)
15.0: (validate_payload t8 a6 t9)
16.0: (sync_actions a6)
17.0: (del a3)
18.0: (validate_payload t10 a8 t11)
19.0: (sync_actions a8)
20.0: (del a5)
21.0: (validate_payload t12 a0 t13)
22.0: (sync_actions a0)
23.0: (validate_payload t13 a1 t14)
24.0: (sync_actions a1)
25.0: (validate_payload t14 a2 t15)
26.0: (sync_actions a2)
27.0: (validate_payload t15 a9 t16)
28.0: (sync_actions a9)

Plan-Length:29
Metric (Search):6.0
Planning Time (msec): 204
Heuristic Time (msec): 5
Search Time (msec): 198
Expanded Nodes:628
States Evaluated:1172
Number of Dead-Ends detected:0
Number of Duplicates detected:78
/usr/bin/time -v timeout 600 java -Xmx64g -jar ./enhsp3.jar -o ./domain_with_failure.pddl -f ./problems/BasePN-3And-add-3-d1/problem38.pddl -h blind -s WAStar
Domain parsed
Problem parsed
Grounding..
Grounding Time: 3200
UFX:true
|F|:16467
|X|:4
|A|:345
|P|:0
|E|:0
h(I):0.0
f(n) = 1.0 (Expanded Nodes: 8, Evaluated States: 24, Time: 0.029) Frontier Size: 16
f(n) = 2.0 (Expanded Nodes: 12, Evaluated States: 24, Time: 0.06) Frontier Size: 12
f(n) = 3.0 (Expanded Nodes: 50, Evaluated States: 117, Time: 0.085) Frontier Size: 67
f(n) = 4.0 (Expanded Nodes: 78, Evaluated States: 143, Time: 0.094) Frontier Size: 65
f(n) = 5.0 (Expanded Nodes: 196, Evaluated States: 359, Time: 0.118) Frontier Size: 163
f(n) = 6.0 (Expanded Nodes: 318, Evaluated States: 541, Time: 0.138) Frontier Size: 223
Problem Solved

Found Plan:
0.0: (validate_payload t0 a7 t1)
1.0: (sync_actions a7)
2.0: (validate_payload t1 a3 t2)
3.0: (sync_actions a3)
4.0: (validate_payload t2 a10 t3)
5.0: (sync_actions a10)
6.0: (del a10)
7.0: (del a3)
8.0: (validate_payload t5 a4 t6)
9.0: (sync_actions a4)
10.0: (validate_payload t6 a12 t7)
11.0: (sync_actions a12)
12.0: (del a10)
13.0: (validate_payload t8 a11 t9)
14.0: (sync_actions a11)
15.0: (validate_payload t9 a5 t10)
16.0: (sync_actions a5)
17.0: (validate_payload t10 a6 t11)
18.0: (sync_actions a6)
19.0: (validate_payload t11 a8 t12)
20.0: (sync_actions a8)
21.0: (validate_payload t12 a1 t13)
22.0: (sync_actions a1)
23.0: (validate_payload t13 a2 t14)
24.0: (sync_actions a2)
25.0: (validate_payload t14 a0 t15)
26.0: (sync_actions a0)
27.0: (validate_payload t15 a9 t16)
28.0: (sync_actions a9)

Plan-Length:29
Metric (Search):6.0
Planning Time (msec): 158
Heuristic Time (msec): 6
Search Time (msec): 152
Expanded Nodes:444
States Evaluated:736
Number of Dead-Ends detected:0
Number of Duplicates detected:83
/usr/bin/time -v timeout 600 java -Xmx64g -jar ./enhsp3.jar -o ./domain_with_failure.pddl -f ./problems/BasePN-3And-add-3-d1/problem39.pddl -h blind -s WAStar
Domain parsed
Problem parsed
Grounding..
Grounding Time: 3392
UFX:true
|F|:16467
|X|:3
|A|:345
|P|:0
|E|:0
h(I):0.0
f(n) = 2.0 (Expanded Nodes: 16, Evaluated States: 37, Time: 0.03) Frontier Size: 21
f(n) = 4.0 (Expanded Nodes: 85, Evaluated States: 160, Time: 0.093) Frontier Size: 75
f(n) = 6.0 (Expanded Nodes: 268, Evaluated States: 406, Time: 0.13) Frontier Size: 138
Problem Solved

Found Plan:
0.0: (validate_payload t0 a7 t1)
1.0: (sync_actions a7)
2.0: (validate_payload t1 a10 t2)
3.0: (sync_actions a10)
4.0: (validate_payload t2 a3 t3)
5.0: (sync_actions a3)
6.0: (validate_payload t3 a4 t4)
7.0: (sync_actions a4)
8.0: (validate_payload t4 a12 t5)
9.0: (sync_actions a12)
10.0: (validate_payload t5 a11 t6)
11.0: (sync_actions a11)
12.0: (validate_payload t6 a5 t7)
13.0: (sync_actions a5)
14.0: (del a4)
15.0: (del a7)
16.0: (validate_payload t9 a6 t10)
17.0: (sync_actions a6)
18.0: (validate_payload t10 a8 t11)
19.0: (sync_actions a8)
20.0: (del a5)
21.0: (validate_payload t12 a1 t13)
22.0: (sync_actions a1)
23.0: (validate_payload t13 a0 t14)
24.0: (sync_actions a0)
25.0: (validate_payload t14 a2 t15)
26.0: (sync_actions a2)
27.0: (validate_payload t15 a9 t16)
28.0: (sync_actions a9)

Plan-Length:29
Metric (Search):6.0
Planning Time (msec): 151
Heuristic Time (msec): 6
Search Time (msec): 145
Expanded Nodes:333
States Evaluated:490
Number of Dead-Ends detected:0
Number of Duplicates detected:92
/usr/bin/time -v timeout 600 java -Xmx64g -jar ./enhsp3.jar -o ./domain_with_failure.pddl -f ./problems/BasePN-3And-add-3-d1/problem40.pddl -h blind -s WAStar
Domain parsed
Problem parsed
Grounding..
Grounding Time: 3474
UFX:true
|F|:16467
|X|:3
|A|:345
|P|:0
|E|:0
h(I):0.0
f(n) = 2.0 (Expanded Nodes: 12, Evaluated States: 30, Time: 0.025) Frontier Size: 18
f(n) = 4.0 (Expanded Nodes: 69, Evaluated States: 131, Time: 0.091) Frontier Size: 62
f(n) = 6.0 (Expanded Nodes: 213, Evaluated States: 318, Time: 0.114) Frontier Size: 105
Problem Solved

Found Plan:
0.0: (validate_payload t0 a7 t1)
1.0: (sync_actions a7)
2.0: (validate_payload t1 a10 t2)
3.0: (sync_actions a10)
4.0: (validate_payload t2 a3 t3)
5.0: (sync_actions a3)
6.0: (validate_payload t3 a12 t4)
7.0: (sync_actions a12)
8.0: (validate_payload t4 a11 t5)
9.0: (sync_actions a11)
10.0: (del a7)
11.0: (del a3)
12.0: (validate_payload t7 a5 t8)
13.0: (sync_actions a5)
14.0: (validate_payload t8 a4 t9)
15.0: (sync_actions a4)
16.0: (validate_payload t9 a6 t10)
17.0: (sync_actions a6)
18.0: (validate_payload t10 a8 t11)
19.0: (sync_actions a8)
20.0: (del a4)
21.0: (validate_payload t12 a1 t13)
22.0: (sync_actions a1)
23.0: (validate_payload t13 a2 t14)
24.0: (sync_actions a2)
25.0: (validate_payload t14 a0 t15)
26.0: (sync_actions a0)
27.0: (validate_payload t15 a9 t16)
28.0: (sync_actions a9)

Plan-Length:29
Metric (Search):6.0
Planning Time (msec): 127
Heuristic Time (msec): 7
Search Time (msec): 124
Expanded Nodes:277
States Evaluated:402
Number of Dead-Ends detected:0
Number of Duplicates detected:75
/usr/bin/time -v timeout 600 java -Xmx64g -jar ./enhsp3.jar -o ./domain_with_failure.pddl -f ./problems/BasePN-3And-add-3-d1/problem41.pddl -h blind -s WAStar
Domain parsed
Problem parsed
Grounding..
Grounding Time: 3290
UFX:true
|F|:16467
|X|:4
|A|:345
|P|:0
|E|:0
h(I):0.0
f(n) = 2.0 (Expanded Nodes: 8, Evaluated States: 19, Time: 0.024) Frontier Size: 11
f(n) = 3.0 (Expanded Nodes: 47, Evaluated States: 95, Time: 0.082) Frontier Size: 48
f(n) = 4.0 (Expanded Nodes: 75, Evaluated States: 153, Time: 0.095) Frontier Size: 78
f(n) = 5.0 (Expanded Nodes: 195, Evaluated States: 353, Time: 0.121) Frontier Size: 158
f(n) = 6.0 (Expanded Nodes: 335, Evaluated States: 597, Time: 0.15) Frontier Size: 262
Problem Solved

Found Plan:
0.0: (validate_payload t0 a7 t1)
1.0: (sync_actions a7)
2.0: (validate_payload t1 a3 t2)
3.0: (sync_actions a3)
4.0: (validate_payload t2 a5 t3)
5.0: (sync_actions a5)
6.0: (del a11)
7.0: (validate_payload t4 a4 t5)
8.0: (sync_actions a4)
9.0: (validate_payload t5 a10 t6)
10.0: (sync_actions a10)
11.0: (validate_payload t6 a6 t7)
12.0: (sync_actions a6)
13.0: (validate_payload t7 a12 t8)
14.0: (sync_actions a12)
15.0: (del a2)
16.0: (validate_payload t9 a11 t10)
17.0: (sync_actions a11)
18.0: (validate_payload t10 a8 t11)
19.0: (sync_actions a8)
20.0: (del a8)
21.0: (validate_payload t12 a0 t13)
22.0: (sync_actions a0)
23.0: (validate_payload t13 a1 t14)
24.0: (sync_actions a1)
25.0: (validate_payload t14 a2 t15)
26.0: (sync_actions a2)
27.0: (validate_payload t15 a9 t16)
28.0: (sync_actions a9)

Plan-Length:29
Metric (Search):6.0
Planning Time (msec): 210
Heuristic Time (msec): 6
Search Time (msec): 203
Expanded Nodes:622
States Evaluated:946
Number of Dead-Ends detected:0
Number of Duplicates detected:127
/usr/bin/time -v timeout 600 java -Xmx64g -jar ./enhsp3.jar -o ./domain_with_failure.pddl -f ./problems/BasePN-3And-add-3-d1/problem42.pddl -h blind -s WAStar
Domain parsed
Problem parsed
Grounding..
Grounding Time: 3243
UFX:true
|F|:16467
|X|:4
|A|:345
|P|:0
|E|:0
h(I):0.0
f(n) = 1.0 (Expanded Nodes: 18, Evaluated States: 52, Time: 0.035) Frontier Size: 34
f(n) = 2.0 (Expanded Nodes: 70, Evaluated States: 176, Time: 0.089) Frontier Size: 106
f(n) = 3.0 (Expanded Nodes: 168, Evaluated States: 401, Time: 0.125) Frontier Size: 233
f(n) = 4.0 (Expanded Nodes: 528, Evaluated States: 1009, Time: 0.169) Frontier Size: 481
f(n) = 5.0 (Expanded Nodes: 976, Evaluated States: 1690, Time: 0.214) Frontier Size: 714
f(n) = 6.0 (Expanded Nodes: 1958, Evaluated States: 3056, Time: 0.281) Frontier Size: 1098
Problem Solved

Found Plan:
0.0: (validate_payload t0 a7 t1)
1.0: (sync_actions a7)
2.0: (validate_payload t1 a3 t2)
3.0: (sync_actions a3)
4.0: (validate_payload t2 a10 t3)
5.0: (sync_actions a10)
6.0: (validate_payload t3 a4 t4)
7.0: (sync_actions a4)
8.0: (validate_payload t4 a5 t5)
9.0: (sync_actions a5)
10.0: (validate_payload t5 a6 t6)
11.0: (sync_actions a6)
12.0: (validate_payload t6 a12 t7)
13.0: (sync_actions a12)
14.0: (validate_payload t7 a11 t8)
15.0: (sync_actions a11)
16.0: (del a4)
17.0: (validate_payload t9 a8 t10)
18.0: (sync_actions a8)
19.0: (validate_payload t10 a1 t11)
20.0: (sync_actions a1)
21.0: (validate_payload t11 a0 t12)
22.0: (sync_actions a0)
23.0: (validate_payload t12 a2 t13)
24.0: (sync_actions a2)
25.0: (del a0)
26.0: (del a0)
27.0: (validate_payload t15 a9 t16)
28.0: (sync_actions a9)

Plan-Length:29
Metric (Search):6.0
Planning Time (msec): 319
Heuristic Time (msec): 2
Search Time (msec): 312
Expanded Nodes:2328
States Evaluated:3566
Number of Dead-Ends detected:0
Number of Duplicates detected:435
/usr/bin/time -v timeout 600 java -Xmx64g -jar ./enhsp3.jar -o ./domain_with_failure.pddl -f ./problems/BasePN-3And-add-3-d1/problem43.pddl -h blind -s WAStar
Domain parsed
Problem parsed
Grounding..
Grounding Time: 3313
UFX:true
|F|:16467
|X|:4
|A|:345
|P|:0
|E|:0
h(I):0.0
f(n) = 1.0 (Expanded Nodes: 16, Evaluated States: 48, Time: 0.04) Frontier Size: 32
f(n) = 2.0 (Expanded Nodes: 60, Evaluated States: 158, Time: 0.081) Frontier Size: 98
f(n) = 3.0 (Expanded Nodes: 152, Evaluated States: 367, Time: 0.119) Frontier Size: 215
f(n) = 4.0 (Expanded Nodes: 478, Evaluated States: 915, Time: 0.163) Frontier Size: 437
f(n) = 5.0 (Expanded Nodes: 825, Evaluated States: 1434, Time: 0.191) Frontier Size: 609
f(n) = 6.0 (Expanded Nodes: 1713, Evaluated States: 2628, Time: 0.253) Frontier Size: 915
Problem Solved

Found Plan:
0.0: (validate_payload t0 a7 t1)
1.0: (sync_actions a7)
2.0: (validate_payload t1 a3 t2)
3.0: (sync_actions a3)
4.0: (validate_payload t2 a10 t3)
5.0: (sync_actions a10)
6.0: (validate_payload t3 a12 t4)
7.0: (sync_actions a12)
8.0: (validate_payload t4 a11 t5)
9.0: (sync_actions a11)
10.0: (validate_payload t5 a4 t6)
11.0: (sync_actions a4)
12.0: (validate_payload t6 a5 t7)
13.0: (sync_actions a5)
14.0: (del a3)
15.0: (validate_payload t8 a6 t9)
16.0: (sync_actions a6)
17.0: (validate_payload t9 a8 t10)
18.0: (sync_actions a8)
19.0: (validate_payload t10 a0 t11)
20.0: (sync_actions a0)
21.0: (del a10)
22.0: (validate_payload t12 a1 t13)
23.0: (sync_actions a1)
24.0: (validate_payload t13 a2 t14)
25.0: (sync_actions a2)
26.0: (del a6)
27.0: (validate_payload t15 a9 t16)
28.0: (sync_actions a9)

Plan-Length:29
Metric (Search):6.0
Planning Time (msec): 314
Heuristic Time (msec): 9
Search Time (msec): 312
Expanded Nodes:2593
States Evaluated:3676
Number of Dead-Ends detected:0
Number of Duplicates detected:533
/usr/bin/time -v timeout 600 java -Xmx64g -jar ./enhsp3.jar -o ./domain_with_failure.pddl -f ./problems/BasePN-3And-add-3-d1/problem44.pddl -h blind -s WAStar
Domain parsed
Problem parsed
Grounding..
Grounding Time: 3327
UFX:true
|F|:16467
|X|:3
|A|:345
|P|:0
|E|:0
h(I):0.0
f(n) = 2.0 (Expanded Nodes: 2, Evaluated States: 3, Time: 0.019) Frontier Size: 1
f(n) = 4.0 (Expanded Nodes: 16, Evaluated States: 36, Time: 0.061) Frontier Size: 20
f(n) = 6.0 (Expanded Nodes: 77, Evaluated States: 147, Time: 0.092) Frontier Size: 70
Problem Solved

Found Plan:
0.0: (del a6)
1.0: (validate_payload t1 a7 t2)
2.0: (sync_actions a7)
3.0: (validate_payload t2 a10 t3)
4.0: (sync_actions a10)
5.0: (validate_payload t3 a3 t4)
6.0: (sync_actions a3)
7.0: (validate_payload t4 a4 t5)
8.0: (sync_actions a4)
9.0: (validate_payload t5 a5 t6)
10.0: (sync_actions a5)
11.0: (del a8)
12.0: (del a0)
13.0: (validate_payload t8 a6 t9)
14.0: (sync_actions a6)
15.0: (validate_payload t9 a12 t10)
16.0: (sync_actions a12)
17.0: (validate_payload t10 a11 t11)
18.0: (sync_actions a11)
19.0: (validate_payload t11 a8 t12)
20.0: (sync_actions a8)
21.0: (validate_payload t12 a1 t13)
22.0: (sync_actions a1)
23.0: (validate_payload t13 a2 t14)
24.0: (sync_actions a2)
25.0: (validate_payload t14 a0 t15)
26.0: (sync_actions a0)
27.0: (validate_payload t15 a9 t16)
28.0: (sync_actions a9)

Plan-Length:29
Metric (Search):6.0
Planning Time (msec): 111
Heuristic Time (msec): 5
Search Time (msec): 109
Expanded Nodes:117
States Evaluated:224
Number of Dead-Ends detected:0
Number of Duplicates detected:17
/usr/bin/time -v timeout 600 java -Xmx64g -jar ./enhsp3.jar -o ./domain_with_failure.pddl -f ./problems/BasePN-3And-add-3-d1/problem45.pddl -h blind -s WAStar
Domain parsed
Problem parsed
Grounding..
Grounding Time: 3236
UFX:true
|F|:16467
|X|:4
|A|:345
|P|:0
|E|:0
h(I):0.0
f(n) = 2.0 (Expanded Nodes: 2, Evaluated States: 3, Time: 0.021) Frontier Size: 1
f(n) = 3.0 (Expanded Nodes: 14, Evaluated States: 35, Time: 0.059) Frontier Size: 21
f(n) = 4.0 (Expanded Nodes: 42, Evaluated States: 105, Time: 0.073) Frontier Size: 63
f(n) = 5.0 (Expanded Nodes: 93, Evaluated States: 211, Time: 0.108) Frontier Size: 118
f(n) = 6.0 (Expanded Nodes: 229, Evaluated States: 457, Time: 0.136) Frontier Size: 228
Problem Solved

Found Plan:
0.0: (del a5)
1.0: (validate_payload t1 a7 t2)
2.0: (sync_actions a7)
3.0: (validate_payload t2 a10 t3)
4.0: (sync_actions a10)
5.0: (validate_payload t3 a3 t4)
6.0: (sync_actions a3)
7.0: (validate_payload t4 a5 t5)
8.0: (sync_actions a5)
9.0: (del a3)
10.0: (del a5)
11.0: (validate_payload t7 a4 t8)
12.0: (sync_actions a4)
13.0: (validate_payload t8 a6 t9)
14.0: (sync_actions a6)
15.0: (validate_payload t9 a12 t10)
16.0: (sync_actions a12)
17.0: (validate_payload t10 a11 t11)
18.0: (sync_actions a11)
19.0: (validate_payload t11 a8 t12)
20.0: (sync_actions a8)
21.0: (validate_payload t12 a1 t13)
22.0: (sync_actions a1)
23.0: (validate_payload t13 a2 t14)
24.0: (sync_actions a2)
25.0: (validate_payload t14 a0 t15)
26.0: (sync_actions a0)
27.0: (validate_payload t15 a9 t16)
28.0: (sync_actions a9)

Plan-Length:29
Metric (Search):6.0
Planning Time (msec): 175
Heuristic Time (msec): 5
Search Time (msec): 173
Expanded Nodes:375
States Evaluated:664
Number of Dead-Ends detected:0
Number of Duplicates detected:54
/usr/bin/time -v timeout 600 java -Xmx64g -jar ./enhsp3.jar -o ./domain_with_failure.pddl -f ./problems/BasePN-3And-add-3-d1/problem46.pddl -h blind -s WAStar
Domain parsed
Problem parsed
Grounding..
Grounding Time: 3198
UFX:true
|F|:16467
|X|:4
|A|:345
|P|:0
|E|:0
h(I):0.0
f(n) = 2.0 (Expanded Nodes: 2, Evaluated States: 3, Time: 0.021) Frontier Size: 1
f(n) = 3.0 (Expanded Nodes: 14, Evaluated States: 36, Time: 0.065) Frontier Size: 22
f(n) = 4.0 (Expanded Nodes: 34, Evaluated States: 84, Time: 0.077) Frontier Size: 50
f(n) = 5.0 (Expanded Nodes: 103, Evaluated States: 229, Time: 0.113) Frontier Size: 126
f(n) = 6.0 (Expanded Nodes: 283, Evaluated States: 581, Time: 0.141) Frontier Size: 298
Problem Solved

Found Plan:
0.0: (del a11)
1.0: (validate_payload t1 a7 t2)
2.0: (sync_actions a7)
3.0: (validate_payload t2 a3 t3)
4.0: (sync_actions a3)
5.0: (validate_payload t3 a10 t4)
6.0: (sync_actions a10)
7.0: (validate_payload t4 a4 t5)
8.0: (sync_actions a4)
9.0: (del a8)
10.0: (validate_payload t6 a12 t7)
11.0: (sync_actions a12)
12.0: (validate_payload t7 a11 t8)
13.0: (sync_actions a11)
14.0: (validate_payload t8 a5 t9)
15.0: (sync_actions a5)
16.0: (validate_payload t9 a6 t10)
17.0: (sync_actions a6)
18.0: (validate_payload t10 a8 t11)
19.0: (sync_actions a8)
20.0: (validate_payload t11 a0 t12)
21.0: (sync_actions a0)
22.0: (validate_payload t12 a1 t13)
23.0: (sync_actions a1)
24.0: (validate_payload t13 a2 t14)
25.0: (sync_actions a2)
26.0: (del a4)
27.0: (validate_payload t15 a9 t16)
28.0: (sync_actions a9)

Plan-Length:29
Metric (Search):6.0
Planning Time (msec): 157
Heuristic Time (msec): 6
Search Time (msec): 153
Expanded Nodes:354
States Evaluated:705
Number of Dead-Ends detected:0
Number of Duplicates detected:38
/usr/bin/time -v timeout 600 java -Xmx64g -jar ./enhsp3.jar -o ./domain_with_failure.pddl -f ./problems/BasePN-3And-add-3-d1/problem47.pddl -h blind -s WAStar
Domain parsed
Problem parsed
Grounding..
Grounding Time: 3445
UFX:true
|F|:16467
|X|:3
|A|:345
|P|:0
|E|:0
h(I):0.0
f(n) = 2.0 (Expanded Nodes: 4, Evaluated States: 8, Time: 0.018) Frontier Size: 4
f(n) = 4.0 (Expanded Nodes: 21, Evaluated States: 45, Time: 0.063) Frontier Size: 24
f(n) = 6.0 (Expanded Nodes: 102, Evaluated States: 188, Time: 0.098) Frontier Size: 86
Problem Solved

Found Plan:
0.0: (validate_payload t0 a7 t1)
1.0: (sync_actions a7)
2.0: (del a1)
3.0: (validate_payload t2 a3 t3)
4.0: (sync_actions a3)
5.0: (validate_payload t3 a10 t4)
6.0: (sync_actions a10)
7.0: (validate_payload t4 a4 t5)
8.0: (sync_actions a4)
9.0: (del a4)
10.0: (validate_payload t6 a12 t7)
11.0: (sync_actions a12)
12.0: (validate_payload t7 a11 t8)
13.0: (sync_actions a11)
14.0: (validate_payload t8 a5 t9)
15.0: (sync_actions a5)
16.0: (validate_payload t9 a6 t10)
17.0: (sync_actions a6)
18.0: (validate_payload t10 a8 t11)
19.0: (sync_actions a8)
20.0: (validate_payload t11 a1 t12)
21.0: (sync_actions a1)
22.0: (validate_payload t12 a0 t13)
23.0: (sync_actions a0)
24.0: (del a0)
25.0: (validate_payload t14 a2 t15)
26.0: (sync_actions a2)
27.0: (validate_payload t15 a9 t16)
28.0: (sync_actions a9)

Plan-Length:29
Metric (Search):6.0
Planning Time (msec): 142
Heuristic Time (msec): 2
Search Time (msec): 135
Expanded Nodes:283
States Evaluated:438
Number of Dead-Ends detected:0
Number of Duplicates detected:70
/usr/bin/time -v timeout 600 java -Xmx64g -jar ./enhsp3.jar -o ./domain_with_failure.pddl -f ./problems/BasePN-3And-add-3-d1/problem48.pddl -h blind -s WAStar
Domain parsed
Problem parsed
Grounding..
Grounding Time: 3328
UFX:true
|F|:16467
|X|:4
|A|:345
|P|:0
|E|:0
h(I):0.0
f(n) = 2.0 (Expanded Nodes: 6, Evaluated States: 14, Time: 0.023) Frontier Size: 8
f(n) = 3.0 (Expanded Nodes: 42, Evaluated States: 97, Time: 0.093) Frontier Size: 55
f(n) = 4.0 (Expanded Nodes: 102, Evaluated States: 241, Time: 0.116) Frontier Size: 139
f(n) = 5.0 (Expanded Nodes: 243, Evaluated States: 520, Time: 0.15) Frontier Size: 277
f(n) = 6.0 (Expanded Nodes: 643, Evaluated States: 1184, Time: 0.225) Frontier Size: 541
Problem Solved

Found Plan:
0.0: (validate_payload t0 a7 t1)
1.0: (sync_actions a7)
2.0: (validate_payload t1 a3 t2)
3.0: (sync_actions a3)
4.0: (del a8)
5.0: (validate_payload t3 a10 t4)
6.0: (sync_actions a10)
7.0: (validate_payload t4 a4 t5)
8.0: (sync_actions a4)
9.0: (validate_payload t5 a5 t6)
10.0: (sync_actions a5)
11.0: (validate_payload t6 a6 t7)
12.0: (sync_actions a6)
13.0: (validate_payload t7 a12 t8)
14.0: (sync_actions a12)
15.0: (validate_payload t8 a11 t9)
16.0: (sync_actions a11)
17.0: (validate_payload t9 a8 t10)
18.0: (sync_actions a8)
19.0: (del a6)
20.0: (validate_payload t11 a0 t12)
21.0: (sync_actions a0)
22.0: (validate_payload t12 a1 t13)
23.0: (sync_actions a1)
24.0: (validate_payload t13 a2 t14)
25.0: (sync_actions a2)
26.0: (validate_payload t14 a9 t15)
27.0: (sync_actions a9)
28.0: (del a9)

Plan-Length:29
Metric (Search):6.0
Planning Time (msec): 265
Heuristic Time (msec): 6
Search Time (msec): 262
Expanded Nodes:1075
States Evaluated:1821
Number of Dead-Ends detected:0
Number of Duplicates detected:157
/usr/bin/time -v timeout 600 java -Xmx64g -jar ./enhsp3.jar -o ./domain_with_failure.pddl -f ./problems/BasePN-3And-add-3-d1/problem49.pddl -h blind -s WAStar
Domain parsed
Problem parsed
Grounding..
Grounding Time: 3271
UFX:true
|F|:16467
|X|:4
|A|:345
|P|:0
|E|:0
h(I):0.0
f(n) = 1.0 (Expanded Nodes: 12, Evaluated States: 35, Time: 0.026) Frontier Size: 23
f(n) = 2.0 (Expanded Nodes: 48, Evaluated States: 119, Time: 0.067) Frontier Size: 71
f(n) = 3.0 (Expanded Nodes: 98, Evaluated States: 235, Time: 0.104) Frontier Size: 137
f(n) = 4.0 (Expanded Nodes: 290, Evaluated States: 531, Time: 0.141) Frontier Size: 241
f(n) = 5.0 (Expanded Nodes: 514, Evaluated States: 856, Time: 0.18) Frontier Size: 342
f(n) = 6.0 (Expanded Nodes: 1012, Evaluated States: 1540, Time: 0.254) Frontier Size: 528
Problem Solved

Found Plan:
0.0: (validate_payload t0 a7 t1)
1.0: (sync_actions a7)
2.0: (validate_payload t1 a10 t2)
3.0: (sync_actions a10)
4.0: (validate_payload t2 a12 t3)
5.0: (sync_actions a12)
6.0: (validate_payload t3 a11 t4)
7.0: (sync_actions a11)
8.0: (validate_payload t4 a3 t5)
9.0: (sync_actions a3)
10.0: (del a11)
11.0: (del a6)
12.0: (validate_payload t7 a4 t8)
13.0: (sync_actions a4)
14.0: (validate_payload t8 a5 t9)
15.0: (sync_actions a5)
16.0: (validate_payload t9 a6 t10)
17.0: (sync_actions a6)
18.0: (del a6)
19.0: (validate_payload t11 a8 t12)
20.0: (sync_actions a8)
21.0: (validate_payload t12 a0 t13)
22.0: (sync_actions a0)
23.0: (validate_payload t13 a1 t14)
24.0: (sync_actions a1)
25.0: (validate_payload t14 a2 t15)
26.0: (sync_actions a2)
27.0: (validate_payload t15 a9 t16)
28.0: (sync_actions a9)

Plan-Length:29
Metric (Search):6.0
Planning Time (msec): 299
Heuristic Time (msec): 7
Search Time (msec): 292
Expanded Nodes:1236
States Evaluated:1919
Number of Dead-Ends detected:0
Number of Duplicates detected:234
/usr/bin/time -v timeout 600 java -Xmx64g -jar ./enhsp3.jar -o ./domain_with_failure.pddl -f ./problems/BasePN-3And-add-3-d1/problem50.pddl -h blind -s WAStar
Domain parsed
Problem parsed
Grounding..
Grounding Time: 3264
UFX:true
|F|:16467
|X|:3
|A|:345
|P|:0
|E|:0
h(I):0.0
f(n) = 2.0 (Expanded Nodes: 4, Evaluated States: 8, Time: 0.024) Frontier Size: 4
f(n) = 4.0 (Expanded Nodes: 27, Evaluated States: 59, Time: 0.071) Frontier Size: 32
f(n) = 6.0 (Expanded Nodes: 120, Evaluated States: 214, Time: 0.111) Frontier Size: 94
Problem Solved

Found Plan:
0.0: (validate_payload t0 a7 t1)
1.0: (sync_actions a7)
2.0: (del a5)
3.0: (validate_payload t2 a10 t3)
4.0: (sync_actions a10)
5.0: (validate_payload t3 a3 t4)
6.0: (sync_actions a3)
7.0: (validate_payload t4 a4 t5)
8.0: (sync_actions a4)
9.0: (validate_payload t5 a12 t6)
10.0: (sync_actions a12)
11.0: (del a4)
12.0: (validate_payload t7 a11 t8)
13.0: (sync_actions a11)
14.0: (validate_payload t8 a5 t9)
15.0: (sync_actions a5)
16.0: (del a10)
17.0: (validate_payload t10 a6 t11)
18.0: (sync_actions a6)
19.0: (validate_payload t11 a8 t12)
20.0: (sync_actions a8)
21.0: (validate_payload t12 a0 t13)
22.0: (sync_actions a0)
23.0: (validate_payload t13 a1 t14)
24.0: (sync_actions a1)
25.0: (validate_payload t14 a2 t15)
26.0: (sync_actions a2)
27.0: (validate_payload t15 a9 t16)
28.0: (sync_actions a9)

Plan-Length:29
Metric (Search):6.0
Planning Time (msec): 125
Heuristic Time (msec): 8
Search Time (msec): 121
Expanded Nodes:159
States Evaluated:284
Number of Dead-Ends detected:0
Number of Duplicates detected:31
/usr/bin/time -v timeout 600 java -Xmx64g -jar ./enhsp3.jar -o ./domain_with_failure.pddl -f ./problems/BasePN-3And-add-3-d1/problem51.pddl -h blind -s WAStar
Domain parsed
Problem parsed
Grounding..
Grounding Time: 3189
UFX:true
|F|:16467
|X|:4
|A|:345
|P|:0
|E|:0
h(I):0.0
f(n) = 1.0 (Expanded Nodes: 20, Evaluated States: 50, Time: 0.038) Frontier Size: 30
f(n) = 2.0 (Expanded Nodes: 88, Evaluated States: 216, Time: 0.086) Frontier Size: 128
f(n) = 3.0 (Expanded Nodes: 171, Evaluated States: 376, Time: 0.116) Frontier Size: 205
f(n) = 4.0 (Expanded Nodes: 483, Evaluated States: 982, Time: 0.168) Frontier Size: 499
f(n) = 5.0 (Expanded Nodes: 884, Evaluated States: 1448, Time: 0.2) Frontier Size: 564
f(n) = 6.0 (Expanded Nodes: 1674, Evaluated States: 2688, Time: 0.252) Frontier Size: 1014
Problem Solved

Found Plan:
0.0: (validate_payload t0 a7 t1)
1.0: (sync_actions a7)
2.0: (validate_payload t1 a10 t2)
3.0: (sync_actions a10)
4.0: (validate_payload t2 a3 t3)
5.0: (sync_actions a3)
6.0: (validate_payload t3 a5 t4)
7.0: (sync_actions a5)
8.0: (validate_payload t4 a12 t5)
9.0: (sync_actions a12)
10.0: (validate_payload t5 a11 t6)
11.0: (sync_actions a11)
12.0: (validate_payload t6 a4 t7)
13.0: (sync_actions a4)
14.0: (validate_payload t7 a6 t8)
15.0: (sync_actions a6)
16.0: (validate_payload t8 a8 t9)
17.0: (sync_actions a8)
18.0: (del a4)
19.0: (validate_payload t10 a1 t11)
20.0: (sync_actions a1)
21.0: (del a3)
22.0: (del a12)
23.0: (validate_payload t13 a2 t14)
24.0: (sync_actions a2)
25.0: (validate_payload t14 a0 t15)
26.0: (sync_actions a0)
27.0: (validate_payload t15 a9 t16)
28.0: (sync_actions a9)

Plan-Length:29
Metric (Search):6.0
Planning Time (msec): 325
Heuristic Time (msec): 5
Search Time (msec): 318
Expanded Nodes:2624
States Evaluated:3562
Number of Dead-Ends detected:0
Number of Duplicates detected:617
/usr/bin/time -v timeout 600 java -Xmx64g -jar ./enhsp3.jar -o ./domain_with_failure.pddl -f ./problems/BasePN-3And-add-3-d1/problem52.pddl -h blind -s WAStar
Domain parsed
Problem parsed
Grounding..
Grounding Time: 3494
UFX:true
|F|:16467
|X|:4
|A|:345
|P|:0
|E|:0
h(I):0.0
f(n) = 2.0 (Expanded Nodes: 4, Evaluated States: 8, Time: 0.017) Frontier Size: 4
f(n) = 3.0 (Expanded Nodes: 31, Evaluated States: 82, Time: 0.076) Frontier Size: 51
f(n) = 4.0 (Expanded Nodes: 95, Evaluated States: 232, Time: 0.106) Frontier Size: 137
f(n) = 5.0 (Expanded Nodes: 216, Evaluated States: 493, Time: 0.136) Frontier Size: 277
f(n) = 6.0 (Expanded Nodes: 588, Evaluated States: 1095, Time: 0.188) Frontier Size: 507
Problem Solved

Found Plan:
0.0: (validate_payload t0 a7 t1)
1.0: (sync_actions a7)
2.0: (del a4)
3.0: (validate_payload t2 a10 t3)
4.0: (sync_actions a10)
5.0: (validate_payload t3 a3 t4)
6.0: (sync_actions a3)
7.0: (validate_payload t4 a4 t5)
8.0: (sync_actions a4)
9.0: (validate_payload t5 a12 t6)
10.0: (sync_actions a12)
11.0: (validate_payload t6 a11 t7)
12.0: (sync_actions a11)
13.0: (validate_payload t7 a5 t8)
14.0: (sync_actions a5)
15.0: (del a7)
16.0: (validate_payload t9 a6 t10)
17.0: (sync_actions a6)
18.0: (validate_payload t10 a8 t11)
19.0: (sync_actions a8)
20.0: (del a5)
21.0: (validate_payload t12 a0 t13)
22.0: (sync_actions a0)
23.0: (validate_payload t13 a1 t14)
24.0: (sync_actions a1)
25.0: (validate_payload t14 a2 t15)
26.0: (sync_actions a2)
27.0: (validate_payload t15 a9 t16)
28.0: (sync_actions a9)

Plan-Length:29
Metric (Search):6.0
Planning Time (msec): 220
Heuristic Time (msec): 2
Search Time (msec): 213
Expanded Nodes:873
States Evaluated:1494
Number of Dead-Ends detected:0
Number of Duplicates detected:124
/usr/bin/time -v timeout 600 java -Xmx64g -jar ./enhsp3.jar -o ./domain_with_failure.pddl -f ./problems/BasePN-3And-add-3-d1/problem53.pddl -h blind -s WAStar
Domain parsed
Problem parsed
Grounding..
Grounding Time: 3545
UFX:true
|F|:16467
|X|:4
|A|:345
|P|:0
|E|:0
h(I):0.0
f(n) = 1.0 (Expanded Nodes: 10, Evaluated States: 28, Time: 0.03) Frontier Size: 18
f(n) = 2.0 (Expanded Nodes: 14, Evaluated States: 28, Time: 0.057) Frontier Size: 14
f(n) = 3.0 (Expanded Nodes: 60, Evaluated States: 127, Time: 0.087) Frontier Size: 67
f(n) = 4.0 (Expanded Nodes: 100, Evaluated States: 189, Time: 0.096) Frontier Size: 89
f(n) = 5.0 (Expanded Nodes: 238, Evaluated States: 423, Time: 0.135) Frontier Size: 185
f(n) = 6.0 (Expanded Nodes: 438, Evaluated States: 783, Time: 0.171) Frontier Size: 345
Problem Solved

Found Plan:
0.0: (validate_payload t0 a7 t1)
1.0: (sync_actions a7)
2.0: (validate_payload t1 a3 t2)
3.0: (sync_actions a3)
4.0: (validate_payload t2 a4 t3)
5.0: (sync_actions a4)
6.0: (validate_payload t3 a10 t4)
7.0: (sync_actions a10)
8.0: (del a10)
9.0: (validate_payload t5 a12 t6)
10.0: (sync_actions a12)
11.0: (validate_payload t6 a11 t7)
12.0: (sync_actions a11)
13.0: (del a2)
14.0: (validate_payload t8 a5 t9)
15.0: (sync_actions a5)
16.0: (validate_payload t9 a6 t10)
17.0: (sync_actions a6)
18.0: (validate_payload t10 a8 t11)
19.0: (sync_actions a8)
20.0: (validate_payload t11 a0 t12)
21.0: (sync_actions a0)
22.0: (validate_payload t12 a1 t13)
23.0: (sync_actions a1)
24.0: (validate_payload t13 a2 t14)
25.0: (sync_actions a2)
26.0: (del a0)
27.0: (validate_payload t15 a9 t16)
28.0: (sync_actions a9)

Plan-Length:29
Metric (Search):6.0
Planning Time (msec): 177
Heuristic Time (msec): 5
Search Time (msec): 174
Expanded Nodes:521
States Evaluated:902
Number of Dead-Ends detected:0
Number of Duplicates detected:90
/usr/bin/time -v timeout 600 java -Xmx64g -jar ./enhsp3.jar -o ./domain_with_failure.pddl -f ./problems/BasePN-3And-add-3-d1/problem54.pddl -h blind -s WAStar
Domain parsed
Problem parsed
Grounding..
Grounding Time: 3242
UFX:true
|F|:16467
|X|:4
|A|:345
|P|:0
|E|:0
h(I):0.0
f(n) = 1.0 (Expanded Nodes: 8, Evaluated States: 23, Time: 0.022) Frontier Size: 15
f(n) = 2.0 (Expanded Nodes: 30, Evaluated States: 73, Time: 0.064) Frontier Size: 43
f(n) = 3.0 (Expanded Nodes: 68, Evaluated States: 159, Time: 0.09) Frontier Size: 91
f(n) = 4.0 (Expanded Nodes: 196, Evaluated States: 403, Time: 0.121) Frontier Size: 207
f(n) = 5.0 (Expanded Nodes: 361, Evaluated States: 633, Time: 0.146) Frontier Size: 272
f(n) = 6.0 (Expanded Nodes: 767, Evaluated States: 1323, Time: 0.184) Frontier Size: 556
Problem Solved

Found Plan:
0.0: (validate_payload t0 a7 t1)
1.0: (sync_actions a7)
2.0: (validate_payload t1 a10 t2)
3.0: (sync_actions a10)
4.0: (validate_payload t2 a3 t3)
5.0: (sync_actions a3)
6.0: (del a1)
7.0: (validate_payload t4 a4 t5)
8.0: (sync_actions a4)
9.0: (validate_payload t5 a12 t6)
10.0: (sync_actions a12)
11.0: (validate_payload t6 a11 t7)
12.0: (sync_actions a11)
13.0: (del a2)
14.0: (validate_payload t8 a5 t9)
15.0: (sync_actions a5)
16.0: (validate_payload t9 a6 t10)
17.0: (sync_actions a6)
18.0: (validate_payload t10 a8 t11)
19.0: (sync_actions a8)
20.0: (validate_payload t11 a1 t12)
21.0: (sync_actions a1)
22.0: (del a1)
23.0: (validate_payload t13 a2 t14)
24.0: (sync_actions a2)
25.0: (validate_payload t14 a0 t15)
26.0: (sync_actions a0)
27.0: (validate_payload t15 a9 t16)
28.0: (sync_actions a9)

Plan-Length:29
Metric (Search):6.0
Planning Time (msec): 200
Heuristic Time (msec): 6
Search Time (msec): 196
Expanded Nodes:897
States Evaluated:1493
Number of Dead-Ends detected:0
Number of Duplicates detected:158
/usr/bin/time -v timeout 600 java -Xmx64g -jar ./enhsp3.jar -o ./domain_with_failure.pddl -f ./problems/BasePN-3And-add-3-d1/problem55.pddl -h blind -s WAStar
Domain parsed
Problem parsed
Grounding..
Grounding Time: 3257
UFX:true
|F|:16467
|X|:4
|A|:345
|P|:0
|E|:0
h(I):0.0
f(n) = 1.0 (Expanded Nodes: 12, Evaluated States: 37, Time: 0.028) Frontier Size: 25
f(n) = 2.0 (Expanded Nodes: 48, Evaluated States: 129, Time: 0.074) Frontier Size: 81
f(n) = 3.0 (Expanded Nodes: 113, Evaluated States: 284, Time: 0.107) Frontier Size: 171
f(n) = 4.0 (Expanded Nodes: 349, Evaluated States: 684, Time: 0.157) Frontier Size: 335
f(n) = 5.0 (Expanded Nodes: 640, Evaluated States: 1133, Time: 0.187) Frontier Size: 493
f(n) = 6.0 (Expanded Nodes: 1374, Evaluated States: 2179, Time: 0.247) Frontier Size: 805
Problem Solved

Found Plan:
0.0: (validate_payload t0 a7 t1)
1.0: (sync_actions a7)
2.0: (validate_payload t1 a10 t2)
3.0: (sync_actions a10)
4.0: (validate_payload t2 a3 t3)
5.0: (sync_actions a3)
6.0: (validate_payload t3 a4 t4)
7.0: (sync_actions a4)
8.0: (validate_payload t4 a12 t5)
9.0: (sync_actions a12)
10.0: (del a8)
11.0: (validate_payload t6 a5 t7)
12.0: (sync_actions a5)
13.0: (validate_payload t7 a11 t8)
14.0: (sync_actions a11)
15.0: (del a11)
16.0: (validate_payload t9 a6 t10)
17.0: (sync_actions a6)
18.0: (validate_payload t10 a8 t11)
19.0: (sync_actions a8)
20.0: (validate_payload t11 a0 t12)
21.0: (sync_actions a0)
22.0: (validate_payload t12 a1 t13)
23.0: (sync_actions a1)
24.0: (del a10)
25.0: (validate_payload t14 a2 t15)
26.0: (sync_actions a2)
27.0: (validate_payload t15 a9 t16)
28.0: (sync_actions a9)

Plan-Length:29
Metric (Search):6.0
Planning Time (msec): 305
Heuristic Time (msec): 8
Search Time (msec): 289
Expanded Nodes:2003
States Evaluated:2905
Number of Dead-Ends detected:0
Number of Duplicates detected:406
/usr/bin/time -v timeout 600 java -Xmx64g -jar ./enhsp3.jar -o ./domain_with_failure.pddl -f ./problems/BasePN-3And-add-3-d1/problem56.pddl -h blind -s WAStar
Domain parsed
Problem parsed
Grounding..
Grounding Time: 3393
UFX:true
|F|:16467
|X|:4
|A|:345
|P|:0
|E|:0
h(I):0.0
f(n) = 2.0 (Expanded Nodes: 2, Evaluated States: 3, Time: 0.018) Frontier Size: 1
f(n) = 3.0 (Expanded Nodes: 14, Evaluated States: 36, Time: 0.061) Frontier Size: 22
f(n) = 4.0 (Expanded Nodes: 42, Evaluated States: 98, Time: 0.076) Frontier Size: 56
f(n) = 5.0 (Expanded Nodes: 92, Evaluated States: 214, Time: 0.103) Frontier Size: 122
f(n) = 6.0 (Expanded Nodes: 254, Evaluated States: 476, Time: 0.138) Frontier Size: 222
Problem Solved

Found Plan:
0.0: (del a1)
1.0: (validate_payload t1 a7 t2)
2.0: (sync_actions a7)
3.0: (validate_payload t2 a10 t3)
4.0: (sync_actions a10)
5.0: (validate_payload t3 a12 t4)
6.0: (sync_actions a12)
7.0: (validate_payload t4 a11 t5)
8.0: (sync_actions a11)
9.0: (del a2)
10.0: (validate_payload t6 a3 t7)
11.0: (sync_actions a3)
12.0: (validate_payload t7 a4 t8)
13.0: (sync_actions a4)
14.0: (validate_payload t8 a5 t9)
15.0: (sync_actions a5)
16.0: (del a4)
17.0: (validate_payload t10 a6 t11)
18.0: (sync_actions a6)
19.0: (validate_payload t11 a8 t12)
20.0: (sync_actions a8)
21.0: (validate_payload t12 a0 t13)
22.0: (sync_actions a0)
23.0: (validate_payload t13 a1 t14)
24.0: (sync_actions a1)
25.0: (validate_payload t14 a2 t15)
26.0: (sync_actions a2)
27.0: (validate_payload t15 a9 t16)
28.0: (sync_actions a9)

Plan-Length:29
Metric (Search):6.0
Planning Time (msec): 188
Heuristic Time (msec): 10
Search Time (msec): 185
Expanded Nodes:452
States Evaluated:803
Number of Dead-Ends detected:0
Number of Duplicates detected:48
/usr/bin/time -v timeout 600 java -Xmx64g -jar ./enhsp3.jar -o ./domain_with_failure.pddl -f ./problems/BasePN-3And-add-3-d1/problem57.pddl -h blind -s WAStar
Domain parsed
Problem parsed
Grounding..
Grounding Time: 3192
UFX:true
|F|:16467
|X|:4
|A|:345
|P|:0
|E|:0
h(I):0.0
f(n) = 1.0 (Expanded Nodes: 8, Evaluated States: 23, Time: 0.026) Frontier Size: 15
f(n) = 2.0 (Expanded Nodes: 28, Evaluated States: 71, Time: 0.071) Frontier Size: 43
f(n) = 3.0 (Expanded Nodes: 72, Evaluated States: 170, Time: 0.106) Frontier Size: 98
f(n) = 4.0 (Expanded Nodes: 216, Evaluated States: 462, Time: 0.134) Frontier Size: 246
f(n) = 5.0 (Expanded Nodes: 399, Evaluated States: 719, Time: 0.162) Frontier Size: 320
f(n) = 6.0 (Expanded Nodes: 875, Evaluated States: 1549, Time: 0.202) Frontier Size: 674
Problem Solved

Found Plan:
0.0: (validate_payload t0 a7 t1)
1.0: (sync_actions a7)
2.0: (validate_payload t1 a10 t2)
3.0: (sync_actions a10)
4.0: (validate_payload t2 a3 t3)
5.0: (sync_actions a3)
6.0: (del a8)
7.0: (validate_payload t4 a4 t5)
8.0: (sync_actions a4)
9.0: (validate_payload t5 a12 t6)
10.0: (sync_actions a12)
11.0: (validate_payload t6 a11 t7)
12.0: (sync_actions a11)
13.0: (validate_payload t7 a5 t8)
14.0: (sync_actions a5)
15.0: (validate_payload t8 a6 t9)
16.0: (sync_actions a6)
17.0: (validate_payload t9 a8 t10)
18.0: (sync_actions a8)
19.0: (del a8)
20.0: (validate_payload t11 a1 t12)
21.0: (sync_actions a1)
22.0: (validate_payload t12 a0 t13)
23.0: (sync_actions a0)
24.0: (del a10)
25.0: (validate_payload t14 a2 t15)
26.0: (sync_actions a2)
27.0: (validate_payload t15 a9 t16)
28.0: (sync_actions a9)

Plan-Length:29
Metric (Search):6.0
Planning Time (msec): 230
Heuristic Time (msec): 2
Search Time (msec): 220
Expanded Nodes:1126
States Evaluated:1852
Number of Dead-Ends detected:0
Number of Duplicates detected:202
/usr/bin/time -v timeout 600 java -Xmx64g -jar ./enhsp3.jar -o ./domain_with_failure.pddl -f ./problems/BasePN-3And-add-3-d1/problem58.pddl -h blind -s WAStar
Domain parsed
Problem parsed
Grounding..
Grounding Time: 3170
UFX:true
|F|:16467
|X|:4
|A|:345
|P|:0
|E|:0
h(I):0.0
f(n) = 1.0 (Expanded Nodes: 16, Evaluated States: 45, Time: 0.037) Frontier Size: 29
f(n) = 2.0 (Expanded Nodes: 68, Evaluated States: 165, Time: 0.083) Frontier Size: 97
f(n) = 3.0 (Expanded Nodes: 143, Evaluated States: 339, Time: 0.118) Frontier Size: 196
f(n) = 4.0 (Expanded Nodes: 447, Evaluated States: 841, Time: 0.176) Frontier Size: 394
f(n) = 5.0 (Expanded Nodes: 787, Evaluated States: 1339, Time: 0.212) Frontier Size: 552
f(n) = 6.0 (Expanded Nodes: 1629, Evaluated States: 2513, Time: 0.279) Frontier Size: 884
Problem Solved

Found Plan:
0.0: (validate_payload t0 a7 t1)
1.0: (sync_actions a7)
2.0: (validate_payload t1 a10 t2)
3.0: (sync_actions a10)
4.0: (validate_payload t2 a12 t3)
5.0: (sync_actions a12)
6.0: (validate_payload t3 a11 t4)
7.0: (sync_actions a11)
8.0: (validate_payload t4 a3 t5)
9.0: (sync_actions a3)
10.0: (validate_payload t5 a4 t6)
11.0: (sync_actions a4)
12.0: (validate_payload t6 a5 t7)
13.0: (sync_actions a5)
14.0: (del a4)
15.0: (validate_payload t8 a6 t9)
16.0: (sync_actions a6)
17.0: (validate_payload t9 a8 t10)
18.0: (sync_actions a8)
19.0: (del a1)
20.0: (del a7)
21.0: (validate_payload t12 a0 t13)
22.0: (sync_actions a0)
23.0: (validate_payload t13 a1 t14)
24.0: (sync_actions a1)
25.0: (validate_payload t14 a2 t15)
26.0: (sync_actions a2)
27.0: (validate_payload t15 a9 t16)
28.0: (sync_actions a9)

Plan-Length:29
Metric (Search):6.0
Planning Time (msec): 309
Heuristic Time (msec): 6
Search Time (msec): 303
Expanded Nodes:2012
States Evaluated:2983
Number of Dead-Ends detected:0
Number of Duplicates detected:372
/usr/bin/time -v timeout 600 java -Xmx64g -jar ./enhsp3.jar -o ./domain_with_failure.pddl -f ./problems/BasePN-3And-add-3-d1/problem59.pddl -h blind -s WAStar
Domain parsed
Problem parsed
Grounding..
Grounding Time: 3329
UFX:true
|F|:16467
|X|:4
|A|:345
|P|:0
|E|:0
h(I):0.0
f(n) = 1.0 (Expanded Nodes: 20, Evaluated States: 55, Time: 0.034) Frontier Size: 35
f(n) = 2.0 (Expanded Nodes: 72, Evaluated States: 173, Time: 0.082) Frontier Size: 101
f(n) = 3.0 (Expanded Nodes: 171, Evaluated States: 395, Time: 0.129) Frontier Size: 224
f(n) = 4.0 (Expanded Nodes: 519, Evaluated States: 993, Time: 0.179) Frontier Size: 474
f(n) = 5.0 (Expanded Nodes: 1012, Evaluated States: 1747, Time: 0.227) Frontier Size: 735
f(n) = 6.0 (Expanded Nodes: 2004, Evaluated States: 3113, Time: 0.309) Frontier Size: 1109
Problem Solved

Found Plan:
0.0: (validate_payload t0 a7 t1)
1.0: (sync_actions a7)
2.0: (validate_payload t1 a3 t2)
3.0: (sync_actions a3)
4.0: (validate_payload t2 a4 t3)
5.0: (sync_actions a4)
6.0: (validate_payload t3 a10 t4)
7.0: (sync_actions a10)
8.0: (validate_payload t4 a5 t5)
9.0: (sync_actions a5)
10.0: (validate_payload t5 a6 t6)
11.0: (sync_actions a6)
12.0: (validate_payload t6 a12 t7)
13.0: (sync_actions a12)
14.0: (validate_payload t7 a11 t8)
15.0: (sync_actions a11)
16.0: (validate_payload t8 a8 t9)
17.0: (sync_actions a8)
18.0: (del a2)
19.0: (validate_payload t10 a0 t11)
20.0: (sync_actions a0)
21.0: (validate_payload t11 a1 t12)
22.0: (sync_actions a1)
23.0: (del a10)
24.0: (validate_payload t13 a2 t14)
25.0: (sync_actions a2)
26.0: (del a7)
27.0: (validate_payload t15 a9 t16)
28.0: (sync_actions a9)

Plan-Length:29
Metric (Search):6.0
Planning Time (msec): 365
Heuristic Time (msec): 6
Search Time (msec): 363
Expanded Nodes:2901
States Evaluated:4302
Number of Dead-Ends detected:0
Number of Duplicates detected:612
/usr/bin/time -v timeout 600 java -Xmx64g -jar ./enhsp3.jar -o ./domain_with_failure.pddl -f ./problems/BasePN-3And-add-3-d1/problem60.pddl -h blind -s WAStar
Domain parsed
Problem parsed
Grounding..
Grounding Time: 3343
UFX:true
|F|:16467
|X|:3
|A|:345
|P|:0
|E|:0
h(I):0.0
f(n) = 2.0 (Expanded Nodes: 4, Evaluated States: 8, Time: 0.014) Frontier Size: 4
f(n) = 4.0 (Expanded Nodes: 24, Evaluated States: 50, Time: 0.067) Frontier Size: 26
f(n) = 6.0 (Expanded Nodes: 110, Evaluated States: 203, Time: 0.096) Frontier Size: 93
Problem Solved

Found Plan:
0.0: (validate_payload t0 a7 t1)
1.0: (sync_actions a7)
2.0: (del a7)
3.0: (validate_payload t2 a10 t3)
4.0: (sync_actions a10)
5.0: (validate_payload t3 a3 t4)
6.0: (sync_actions a3)
7.0: (validate_payload t4 a4 t5)
8.0: (sync_actions a4)
9.0: (validate_payload t5 a12 t6)
10.0: (sync_actions a12)
11.0: (del a2)
12.0: (validate_payload t7 a11 t8)
13.0: (sync_actions a11)
14.0: (validate_payload t8 a5 t9)
15.0: (sync_actions a5)
16.0: (validate_payload t9 a6 t10)
17.0: (sync_actions a6)
18.0: (validate_payload t10 a8 t11)
19.0: (sync_actions a8)
20.0: (validate_payload t11 a1 t12)
21.0: (sync_actions a1)
22.0: (validate_payload t12 a0 t13)
23.0: (sync_actions a0)
24.0: (validate_payload t13 a2 t14)
25.0: (sync_actions a2)
26.0: (del a8)
27.0: (validate_payload t15 a9 t16)
28.0: (sync_actions a9)

Plan-Length:29
Metric (Search):6.0
Planning Time (msec): 153
Heuristic Time (msec): 2
Search Time (msec): 138
Expanded Nodes:332
States Evaluated:504
Number of Dead-Ends detected:0
Number of Duplicates detected:81
/usr/bin/time -v timeout 600 java -Xmx64g -jar ./enhsp3.jar -o ./domain_with_failure.pddl -f ./problems/BasePN-3And-add-3-d1/problem61.pddl -h blind -s WAStar
Domain parsed
Problem parsed
Grounding..
Grounding Time: 3303
UFX:true
|F|:16467
|X|:4
|A|:345
|P|:0
|E|:0
h(I):0.0
f(n) = 2.0 (Expanded Nodes: 6, Evaluated States: 14, Time: 0.021) Frontier Size: 8
f(n) = 3.0 (Expanded Nodes: 32, Evaluated States: 70, Time: 0.079) Frontier Size: 38
f(n) = 4.0 (Expanded Nodes: 52, Evaluated States: 122, Time: 0.087) Frontier Size: 70
f(n) = 5.0 (Expanded Nodes: 154, Evaluated States: 305, Time: 0.119) Frontier Size: 151
f(n) = 6.0 (Expanded Nodes: 354, Evaluated States: 709, Time: 0.154) Frontier Size: 355
Problem Solved

Found Plan:
0.0: (validate_payload t0 a7 t1)
1.0: (sync_actions a7)
2.0: (validate_payload t1 a3 t2)
3.0: (sync_actions a3)
4.0: (del a9)
5.0: (validate_payload t3 a10 t4)
6.0: (sync_actions a10)
7.0: (validate_payload t4 a12 t5)
8.0: (sync_actions a12)
9.0: (del a7)
10.0: (validate_payload t6 a11 t7)
11.0: (sync_actions a11)
12.0: (validate_payload t7 a5 t8)
13.0: (sync_actions a5)
14.0: (validate_payload t8 a4 t9)
15.0: (sync_actions a4)
16.0: (validate_payload t9 a6 t10)
17.0: (sync_actions a6)
18.0: (validate_payload t10 a8 t11)
19.0: (sync_actions a8)
20.0: (validate_payload t11 a1 t12)
21.0: (sync_actions a1)
22.0: (validate_payload t12 a0 t13)
23.0: (sync_actions a0)
24.0: (validate_payload t13 a2 t14)
25.0: (sync_actions a2)
26.0: (del a0)
27.0: (validate_payload t15 a9 t16)
28.0: (sync_actions a9)

Plan-Length:29
Metric (Search):6.0
Planning Time (msec): 184
Heuristic Time (msec): 7
Search Time (msec): 177
Expanded Nodes:508
States Evaluated:946
Number of Dead-Ends detected:0
Number of Duplicates detected:73
/usr/bin/time -v timeout 600 java -Xmx64g -jar ./enhsp3.jar -o ./domain_with_failure.pddl -f ./problems/BasePN-3And-add-3-d1/problem62.pddl -h blind -s WAStar
Domain parsed
Problem parsed
Grounding..
Grounding Time: 3331
UFX:true
|F|:16467
|X|:4
|A|:345
|P|:0
|E|:0
h(I):0.0
f(n) = 2.0 (Expanded Nodes: 6, Evaluated States: 14, Time: 0.018) Frontier Size: 8
f(n) = 3.0 (Expanded Nodes: 30, Evaluated States: 65, Time: 0.069) Frontier Size: 35
f(n) = 4.0 (Expanded Nodes: 42, Evaluated States: 91, Time: 0.076) Frontier Size: 49
f(n) = 5.0 (Expanded Nodes: 124, Evaluated States: 252, Time: 0.104) Frontier Size: 128
f(n) = 6.0 (Expanded Nodes: 238, Evaluated States: 452, Time: 0.127) Frontier Size: 214
Problem Solved

Found Plan:
0.0: (validate_payload t0 a7 t1)
1.0: (sync_actions a7)
2.0: (validate_payload t1 a3 t2)
3.0: (sync_actions a3)
4.0: (del a11)
5.0: (validate_payload t3 a10 t4)
6.0: (sync_actions a10)
7.0: (del a8)
8.0: (validate_payload t5 a12 t6)
9.0: (sync_actions a12)
10.0: (validate_payload t6 a11 t7)
11.0: (sync_actions a11)
12.0: (validate_payload t7 a4 t8)
13.0: (sync_actions a4)
14.0: (del a6)
15.0: (validate_payload t9 a5 t10)
16.0: (sync_actions a5)
17.0: (validate_payload t10 a6 t11)
18.0: (sync_actions a6)
19.0: (validate_payload t11 a8 t12)
20.0: (sync_actions a8)
21.0: (validate_payload t12 a0 t13)
22.0: (sync_actions a0)
23.0: (validate_payload t13 a1 t14)
24.0: (sync_actions a1)
25.0: (validate_payload t14 a2 t15)
26.0: (sync_actions a2)
27.0: (validate_payload t15 a9 t16)
28.0: (sync_actions a9)

Plan-Length:29
Metric (Search):6.0
Planning Time (msec): 177
Heuristic Time (msec): 2
Search Time (msec): 170
Expanded Nodes:424
States Evaluated:788
Number of Dead-Ends detected:0
Number of Duplicates detected:66
/usr/bin/time -v timeout 600 java -Xmx64g -jar ./enhsp3.jar -o ./domain_with_failure.pddl -f ./problems/BasePN-3And-add-3-d1/problem63.pddl -h blind -s WAStar
Domain parsed
Problem parsed
Grounding..
Grounding Time: 3500
UFX:true
|F|:16467
|X|:4
|A|:345
|P|:0
|E|:0
h(I):0.0
f(n) = 2.0 (Expanded Nodes: 4, Evaluated States: 8, Time: 0.021) Frontier Size: 4
f(n) = 4.0 (Expanded Nodes: 17, Evaluated States: 34, Time: 0.065) Frontier Size: 17
f(n) = 5.0 (Expanded Nodes: 74, Evaluated States: 147, Time: 0.097) Frontier Size: 73
f(n) = 6.0 (Expanded Nodes: 142, Evaluated States: 307, Time: 0.114) Frontier Size: 165
Problem Solved

Found Plan:
0.0: (validate_payload t0 a7 t1)
1.0: (sync_actions a7)
2.0: (del a0)
3.0: (validate_payload t2 a3 t3)
4.0: (sync_actions a3)
5.0: (del a7)
6.0: (validate_payload t4 a10 t5)
7.0: (sync_actions a10)
8.0: (validate_payload t5 a4 t6)
9.0: (sync_actions a4)
10.0: (validate_payload t6 a12 t7)
11.0: (sync_actions a12)
12.0: (validate_payload t7 a11 t8)
13.0: (sync_actions a11)
14.0: (validate_payload t8 a5 t9)
15.0: (sync_actions a5)
16.0: (validate_payload t9 a6 t10)
17.0: (sync_actions a6)
18.0: (validate_payload t10 a8 t11)
19.0: (sync_actions a8)
20.0: (validate_payload t11 a0 t12)
21.0: (sync_actions a0)
22.0: (del a8)
23.0: (validate_payload t13 a1 t14)
24.0: (sync_actions a1)
25.0: (validate_payload t14 a2 t15)
26.0: (sync_actions a2)
27.0: (validate_payload t15 a9 t16)
28.0: (sync_actions a9)

Plan-Length:29
Metric (Search):6.0
Planning Time (msec): 151
Heuristic Time (msec): 6
Search Time (msec): 140
Expanded Nodes:309
States Evaluated:615
Number of Dead-Ends detected:0
Number of Duplicates detected:48
/usr/bin/time -v timeout 600 java -Xmx64g -jar ./enhsp3.jar -o ./domain_with_failure.pddl -f ./problems/BasePN-3And-add-3-d1/problem64.pddl -h blind -s WAStar
Domain parsed
Problem parsed
Grounding..
Grounding Time: 3230
UFX:true
|F|:16467
|X|:4
|A|:345
|P|:0
|E|:0
h(I):0.0
f(n) = 1.0 (Expanded Nodes: 6, Evaluated States: 17, Time: 0.026) Frontier Size: 11
f(n) = 2.0 (Expanded Nodes: 18, Evaluated States: 39, Time: 0.061) Frontier Size: 21
f(n) = 3.0 (Expanded Nodes: 37, Evaluated States: 85, Time: 0.083) Frontier Size: 48
f(n) = 4.0 (Expanded Nodes: 85, Evaluated States: 161, Time: 0.101) Frontier Size: 76
f(n) = 5.0 (Expanded Nodes: 165, Evaluated States: 286, Time: 0.122) Frontier Size: 121
f(n) = 6.0 (Expanded Nodes: 317, Evaluated States: 562, Time: 0.149) Frontier Size: 245
Problem Solved

Found Plan:
0.0: (validate_payload t0 a7 t1)
1.0: (sync_actions a7)
2.0: (validate_payload t1 a10 t2)
3.0: (sync_actions a10)
4.0: (del a9)
5.0: (del a8)
6.0: (validate_payload t4 a3 t5)
7.0: (sync_actions a3)
8.0: (validate_payload t5 a5 t6)
9.0: (sync_actions a5)
10.0: (validate_payload t6 a4 t7)
11.0: (sync_actions a4)
12.0: (validate_payload t7 a12 t8)
13.0: (sync_actions a12)
14.0: (del a10)
15.0: (validate_payload t9 a11 t10)
16.0: (sync_actions a11)
17.0: (validate_payload t10 a6 t11)
18.0: (sync_actions a6)
19.0: (validate_payload t11 a8 t12)
20.0: (sync_actions a8)
21.0: (validate_payload t12 a1 t13)
22.0: (sync_actions a1)
23.0: (validate_payload t13 a2 t14)
24.0: (sync_actions a2)
25.0: (validate_payload t14 a0 t15)
26.0: (sync_actions a0)
27.0: (validate_payload t15 a9 t16)
28.0: (sync_actions a9)

Plan-Length:29
Metric (Search):6.0
Planning Time (msec): 175
Heuristic Time (msec): 6
Search Time (msec): 173
Expanded Nodes:526
States Evaluated:844
Number of Dead-Ends detected:0
Number of Duplicates detected:88
/usr/bin/time -v timeout 600 java -Xmx64g -jar ./enhsp3.jar -o ./domain_with_failure.pddl -f ./problems/BasePN-3And-add-3-d1/problem65.pddl -h blind -s WAStar
Domain parsed
Problem parsed
Grounding..
Grounding Time: 3322
UFX:true
|F|:16467
|X|:4
|A|:345
|P|:0
|E|:0
h(I):0.0
f(n) = 2.0 (Expanded Nodes: 4, Evaluated States: 8, Time: 0.017) Frontier Size: 4
f(n) = 3.0 (Expanded Nodes: 21, Evaluated States: 49, Time: 0.066) Frontier Size: 28
f(n) = 4.0 (Expanded Nodes: 41, Evaluated States: 97, Time: 0.075) Frontier Size: 56
f(n) = 5.0 (Expanded Nodes: 110, Evaluated States: 230, Time: 0.104) Frontier Size: 120
f(n) = 6.0 (Expanded Nodes: 234, Evaluated States: 452, Time: 0.129) Frontier Size: 218
Problem Solved

Found Plan:
0.0: (validate_payload t0 a7 t1)
1.0: (sync_actions a7)
2.0: (del a9)
3.0: (validate_payload t2 a3 t3)
4.0: (sync_actions a3)
5.0: (validate_payload t3 a10 t4)
6.0: (sync_actions a10)
7.0: (validate_payload t4 a5 t5)
8.0: (sync_actions a5)
9.0: (del a10)
10.0: (validate_payload t6 a4 t7)
11.0: (sync_actions a4)
12.0: (del a4)
13.0: (validate_payload t8 a6 t9)
14.0: (sync_actions a6)
15.0: (validate_payload t9 a12 t10)
16.0: (sync_actions a12)
17.0: (validate_payload t10 a11 t11)
18.0: (sync_actions a11)
19.0: (validate_payload t11 a8 t12)
20.0: (sync_actions a8)
21.0: (validate_payload t12 a1 t13)
22.0: (sync_actions a1)
23.0: (validate_payload t13 a0 t14)
24.0: (sync_actions a0)
25.0: (validate_payload t14 a2 t15)
26.0: (sync_actions a2)
27.0: (validate_payload t15 a9 t16)
28.0: (sync_actions a9)

Plan-Length:29
Metric (Search):6.0
Planning Time (msec): 175
Heuristic Time (msec): 3
Search Time (msec): 169
Expanded Nodes:423
States Evaluated:722
Number of Dead-Ends detected:0
Number of Duplicates detected:77
/usr/bin/time -v timeout 600 java -Xmx64g -jar ./enhsp3.jar -o ./domain_with_failure.pddl -f ./problems/BasePN-3And-add-3-d1/problem66.pddl -h blind -s WAStar
Domain parsed
Problem parsed
Grounding..
Grounding Time: 3229
UFX:true
|F|:16467
|X|:4
|A|:345
|P|:0
|E|:0
h(I):0.0
f(n) = 1.0 (Expanded Nodes: 6, Evaluated States: 17, Time: 0.025) Frontier Size: 11
f(n) = 2.0 (Expanded Nodes: 18, Evaluated States: 39, Time: 0.059) Frontier Size: 21
f(n) = 3.0 (Expanded Nodes: 47, Evaluated States: 111, Time: 0.084) Frontier Size: 64
f(n) = 4.0 (Expanded Nodes: 135, Evaluated States: 301, Time: 0.105) Frontier Size: 166
f(n) = 5.0 (Expanded Nodes: 257, Evaluated States: 488, Time: 0.129) Frontier Size: 231
f(n) = 6.0 (Expanded Nodes: 589, Evaluated States: 1064, Time: 0.162) Frontier Size: 475
Problem Solved

Found Plan:
0.0: (validate_payload t0 a7 t1)
1.0: (sync_actions a7)
2.0: (validate_payload t1 a10 t2)
3.0: (sync_actions a10)
4.0: (del a11)
5.0: (validate_payload t3 a3 t4)
6.0: (sync_actions a3)
7.0: (validate_payload t4 a12 t5)
8.0: (sync_actions a12)
9.0: (validate_payload t5 a5 t6)
10.0: (sync_actions a5)
11.0: (del a12)
12.0: (del a9)
13.0: (validate_payload t8 a11 t9)
14.0: (sync_actions a11)
15.0: (validate_payload t9 a4 t10)
16.0: (sync_actions a4)
17.0: (validate_payload t10 a6 t11)
18.0: (sync_actions a6)
19.0: (validate_payload t11 a8 t12)
20.0: (sync_actions a8)
21.0: (validate_payload t12 a1 t13)
22.0: (sync_actions a1)
23.0: (validate_payload t13 a2 t14)
24.0: (sync_actions a2)
25.0: (validate_payload t14 a0 t15)
26.0: (sync_actions a0)
27.0: (validate_payload t15 a9 t16)
28.0: (sync_actions a9)

Plan-Length:29
Metric (Search):6.0
Planning Time (msec): 196
Heuristic Time (msec): 13
Search Time (msec): 193
Expanded Nodes:950
States Evaluated:1430
Number of Dead-Ends detected:0
Number of Duplicates detected:196
/usr/bin/time -v timeout 600 java -Xmx64g -jar ./enhsp3.jar -o ./domain_with_failure.pddl -f ./problems/BasePN-3And-add-3-d1/problem67.pddl -h blind -s WAStar
Domain parsed
Problem parsed
Grounding..
Grounding Time: 3236
UFX:true
|F|:16467
|X|:2
|A|:345
|P|:0
|E|:0
h(I):0.0
f(n) = 2.0 (Expanded Nodes: 14, Evaluated States: 34, Time: 0.042) Frontier Size: 20
f(n) = 4.0 (Expanded Nodes: 79, Evaluated States: 149, Time: 0.103) Frontier Size: 70
f(n) = 6.0 (Expanded Nodes: 247, Evaluated States: 369, Time: 0.135) Frontier Size: 122
Problem Solved

Found Plan:
0.0: (validate_payload t0 a7 t1)
1.0: (sync_actions a7)
2.0: (validate_payload t1 a10 t2)
3.0: (sync_actions a10)
4.0: (validate_payload t2 a3 t3)
5.0: (sync_actions a3)
6.0: (validate_payload t3 a12 t4)
7.0: (sync_actions a12)
8.0: (validate_payload t4 a4 t5)
9.0: (sync_actions a4)
10.0: (validate_payload t5 a11 t6)
11.0: (sync_actions a11)
12.0: (del a4)
13.0: (del a7)
14.0: (validate_payload t8 a5 t9)
15.0: (sync_actions a5)
16.0: (validate_payload t9 a6 t10)
17.0: (sync_actions a6)
18.0: (validate_payload t10 a8 t11)
19.0: (sync_actions a8)
20.0: (del a7)
21.0: (validate_payload t12 a1 t13)
22.0: (sync_actions a1)
23.0: (validate_payload t13 a2 t14)
24.0: (sync_actions a2)
25.0: (validate_payload t14 a0 t15)
26.0: (sync_actions a0)
27.0: (validate_payload t15 a9 t16)
28.0: (sync_actions a9)

Plan-Length:29
Metric (Search):6.0
Planning Time (msec): 151
Heuristic Time (msec): 18
Search Time (msec): 144
Expanded Nodes:314
States Evaluated:458
Number of Dead-Ends detected:0
Number of Duplicates detected:90
/usr/bin/time -v timeout 600 java -Xmx64g -jar ./enhsp3.jar -o ./domain_with_failure.pddl -f ./problems/BasePN-3And-add-3-d1/problem68.pddl -h blind -s WAStar
Domain parsed
Problem parsed
Grounding..
Grounding Time: 3414
UFX:true
|F|:16467
|X|:4
|A|:345
|P|:0
|E|:0
h(I):0.0
f(n) = 2.0 (Expanded Nodes: 2, Evaluated States: 3, Time: 0.019) Frontier Size: 1
f(n) = 3.0 (Expanded Nodes: 12, Evaluated States: 29, Time: 0.056) Frontier Size: 17
f(n) = 4.0 (Expanded Nodes: 32, Evaluated States: 73, Time: 0.066) Frontier Size: 41
f(n) = 5.0 (Expanded Nodes: 83, Evaluated States: 181, Time: 0.088) Frontier Size: 98
f(n) = 6.0 (Expanded Nodes: 239, Evaluated States: 495, Time: 0.13) Frontier Size: 256
Problem Solved

Found Plan:
0.0: (del a0)
1.0: (validate_payload t1 a7 t2)
2.0: (sync_actions a7)
3.0: (validate_payload t2 a10 t3)
4.0: (sync_actions a10)
5.0: (validate_payload t3 a12 t4)
6.0: (sync_actions a12)
7.0: (del a4)
8.0: (validate_payload t5 a11 t6)
9.0: (sync_actions a11)
10.0: (validate_payload t6 a3 t7)
11.0: (sync_actions a3)
12.0: (validate_payload t7 a4 t8)
13.0: (sync_actions a4)
14.0: (validate_payload t8 a5 t9)
15.0: (sync_actions a5)
16.0: (validate_payload t9 a6 t10)
17.0: (sync_actions a6)
18.0: (validate_payload t10 a8 t11)
19.0: (sync_actions a8)
20.0: (validate_payload t11 a0 t12)
21.0: (sync_actions a0)
22.0: (del a0)
23.0: (validate_payload t13 a1 t14)
24.0: (sync_actions a1)
25.0: (validate_payload t14 a2 t15)
26.0: (sync_actions a2)
27.0: (validate_payload t15 a9 t16)
28.0: (sync_actions a9)

Plan-Length:29
Metric (Search):6.0
Planning Time (msec): 155
Heuristic Time (msec): 8
Search Time (msec): 142
Expanded Nodes:306
States Evaluated:617
Number of Dead-Ends detected:0
Number of Duplicates detected:30
/usr/bin/time -v timeout 600 java -Xmx64g -jar ./enhsp3.jar -o ./domain_with_failure.pddl -f ./problems/BasePN-3And-add-3-d1/problem69.pddl -h blind -s WAStar
Domain parsed
Problem parsed
Grounding..
Grounding Time: 3229
UFX:true
|F|:16467
|X|:4
|A|:345
|P|:0
|E|:0
h(I):0.0
f(n) = 1.0 (Expanded Nodes: 14, Evaluated States: 42, Time: 0.034) Frontier Size: 28
f(n) = 2.0 (Expanded Nodes: 58, Evaluated States: 152, Time: 0.077) Frontier Size: 94
f(n) = 3.0 (Expanded Nodes: 130, Evaluated States: 317, Time: 0.115) Frontier Size: 187
f(n) = 4.0 (Expanded Nodes: 384, Evaluated States: 717, Time: 0.163) Frontier Size: 333
f(n) = 5.0 (Expanded Nodes: 690, Evaluated States: 1152, Time: 0.209) Frontier Size: 462
f(n) = 6.0 (Expanded Nodes: 1348, Evaluated States: 2034, Time: 0.267) Frontier Size: 686
Problem Solved

Found Plan:
0.0: (validate_payload t0 a7 t1)
1.0: (sync_actions a7)
2.0: (validate_payload t1 a10 t2)
3.0: (sync_actions a10)
4.0: (validate_payload t2 a3 t3)
5.0: (sync_actions a3)
6.0: (validate_payload t3 a4 t4)
7.0: (sync_actions a4)
8.0: (validate_payload t4 a5 t5)
9.0: (sync_actions a5)
10.0: (validate_payload t5 a6 t6)
11.0: (sync_actions a6)
12.0: (del a2)
13.0: (del a8)
14.0: (validate_payload t8 a12 t9)
15.0: (sync_actions a12)
16.0: (validate_payload t9 a11 t10)
17.0: (sync_actions a11)
18.0: (validate_payload t10 a8 t11)
19.0: (sync_actions a8)
20.0: (validate_payload t11 a0 t12)
21.0: (sync_actions a0)
22.0: (validate_payload t12 a1 t13)
23.0: (sync_actions a1)
24.0: (del a0)
25.0: (validate_payload t14 a2 t15)
26.0: (sync_actions a2)
27.0: (validate_payload t15 a9 t16)
28.0: (sync_actions a9)

Plan-Length:29
Metric (Search):6.0
Planning Time (msec): 303
Heuristic Time (msec): 12
Search Time (msec): 300
Expanded Nodes:1769
States Evaluated:2479
Number of Dead-Ends detected:0
Number of Duplicates detected:365
/usr/bin/time -v timeout 600 java -Xmx64g -jar ./enhsp3.jar -o ./domain_with_failure.pddl -f ./problems/BasePN-3And-add-3-d1/problem70.pddl -h blind -s WAStar
Domain parsed
Problem parsed
Grounding..
Grounding Time: 3293
UFX:true
|F|:16467
|X|:4
|A|:345
|P|:0
|E|:0
h(I):0.0
f(n) = 1.0 (Expanded Nodes: 8, Evaluated States: 25, Time: 0.034) Frontier Size: 17
f(n) = 2.0 (Expanded Nodes: 20, Evaluated States: 51, Time: 0.067) Frontier Size: 31
f(n) = 3.0 (Expanded Nodes: 65, Evaluated States: 163, Time: 0.099) Frontier Size: 98
f(n) = 4.0 (Expanded Nodes: 179, Evaluated States: 367, Time: 0.124) Frontier Size: 188
f(n) = 5.0 (Expanded Nodes: 343, Evaluated States: 653, Time: 0.162) Frontier Size: 310
f(n) = 6.0 (Expanded Nodes: 747, Evaluated States: 1241, Time: 0.219) Frontier Size: 494
Problem Solved

Found Plan:
0.0: (validate_payload t0 a7 t1)
1.0: (sync_actions a7)
2.0: (validate_payload t1 a3 t2)
3.0: (sync_actions a3)
4.0: (validate_payload t2 a10 t3)
5.0: (sync_actions a10)
6.0: (del a3)
7.0: (validate_payload t4 a12 t5)
8.0: (sync_actions a12)
9.0: (validate_payload t5 a4 t6)
10.0: (sync_actions a4)
11.0: (validate_payload t6 a11 t7)
12.0: (sync_actions a11)
13.0: (del a11)
14.0: (del a11)
15.0: (validate_payload t9 a5 t10)
16.0: (sync_actions a5)
17.0: (validate_payload t10 a6 t11)
18.0: (sync_actions a6)
19.0: (validate_payload t11 a8 t12)
20.0: (sync_actions a8)
21.0: (validate_payload t12 a1 t13)
22.0: (sync_actions a1)
23.0: (validate_payload t13 a0 t14)
24.0: (sync_actions a0)
25.0: (validate_payload t14 a2 t15)
26.0: (sync_actions a2)
27.0: (validate_payload t15 a9 t16)
28.0: (sync_actions a9)

Plan-Length:29
Metric (Search):6.0
Planning Time (msec): 245
Heuristic Time (msec): 8
Search Time (msec): 240
Expanded Nodes:870
States Evaluated:1476
Number of Dead-Ends detected:0
Number of Duplicates detected:155
/usr/bin/time -v timeout 600 java -Xmx64g -jar ./enhsp3.jar -o ./domain_with_failure.pddl -f ./problems/BasePN-3And-add-3-d1/problem71.pddl -h blind -s WAStar
Domain parsed
Problem parsed
Grounding..
Grounding Time: 3253
UFX:true
|F|:16467
|X|:3
|A|:345
|P|:0
|E|:0
h(I):0.0
f(n) = 2.0 (Expanded Nodes: 12, Evaluated States: 31, Time: 0.027) Frontier Size: 19
f(n) = 4.0 (Expanded Nodes: 77, Evaluated States: 148, Time: 0.091) Frontier Size: 71
f(n) = 6.0 (Expanded Nodes: 249, Evaluated States: 379, Time: 0.129) Frontier Size: 130
Problem Solved

Found Plan:
0.0: (validate_payload t0 a7 t1)
1.0: (sync_actions a7)
2.0: (validate_payload t1 a3 t2)
3.0: (sync_actions a3)
4.0: (validate_payload t2 a10 t3)
5.0: (sync_actions a10)
6.0: (validate_payload t3 a12 t4)
7.0: (sync_actions a12)
8.0: (validate_payload t4 a4 t5)
9.0: (sync_actions a4)
10.0: (del a8)
11.0: (validate_payload t6 a11 t7)
12.0: (sync_actions a11)
13.0: (validate_payload t7 a5 t8)
14.0: (sync_actions a5)
15.0: (del a12)
16.0: (validate_payload t9 a6 t10)
17.0: (sync_actions a6)
18.0: (validate_payload t10 a8 t11)
19.0: (sync_actions a8)
20.0: (validate_payload t11 a0 t12)
21.0: (sync_actions a0)
22.0: (validate_payload t12 a1 t13)
23.0: (sync_actions a1)
24.0: (validate_payload t13 a2 t14)
25.0: (sync_actions a2)
26.0: (del a8)
27.0: (validate_payload t15 a9 t16)
28.0: (sync_actions a9)

Plan-Length:29
Metric (Search):6.0
Planning Time (msec): 142
Heuristic Time (msec): 7
Search Time (msec): 139
Expanded Nodes:307
States Evaluated:469
Number of Dead-Ends detected:0
Number of Duplicates detected:77
/usr/bin/time -v timeout 600 java -Xmx64g -jar ./enhsp3.jar -o ./domain_with_failure.pddl -f ./problems/BasePN-3And-add-3-d1/problem72.pddl -h blind -s WAStar
Domain parsed
Problem parsed
Grounding..
Grounding Time: 3308
UFX:true
|F|:16467
|X|:4
|A|:345
|P|:0
|E|:0
h(I):0.0
f(n) = 1.0 (Expanded Nodes: 6, Evaluated States: 17, Time: 0.024) Frontier Size: 11
f(n) = 2.0 (Expanded Nodes: 18, Evaluated States: 39, Time: 0.061) Frontier Size: 21
f(n) = 3.0 (Expanded Nodes: 45, Evaluated States: 103, Time: 0.087) Frontier Size: 58
f(n) = 4.0 (Expanded Nodes: 125, Evaluated States: 259, Time: 0.107) Frontier Size: 134
f(n) = 5.0 (Expanded Nodes: 226, Evaluated States: 410, Time: 0.137) Frontier Size: 184
f(n) = 6.0 (Expanded Nodes: 478, Evaluated States: 846, Time: 0.188) Frontier Size: 368
Problem Solved

Found Plan:
0.0: (validate_payload t0 a7 t1)
1.0: (sync_actions a7)
2.0: (validate_payload t1 a10 t2)
3.0: (sync_actions a10)
4.0: (del a9)
5.0: (validate_payload t3 a12 t4)
6.0: (sync_actions a12)
7.0: (validate_payload t4 a11 t5)
8.0: (sync_actions a11)
9.0: (validate_payload t5 a3 t6)
10.0: (sync_actions a3)
11.0: (validate_payload t6 a4 t7)
12.0: (sync_actions a4)
13.0: (del a7)
14.0: (del a11)
15.0: (validate_payload t9 a5 t10)
16.0: (sync_actions a5)
17.0: (validate_payload t10 a6 t11)
18.0: (sync_actions a6)
19.0: (validate_payload t11 a8 t12)
20.0: (sync_actions a8)
21.0: (validate_payload t12 a1 t13)
22.0: (sync_actions a1)
23.0: (validate_payload t13 a0 t14)
24.0: (sync_actions a0)
25.0: (validate_payload t14 a2 t15)
26.0: (sync_actions a2)
27.0: (validate_payload t15 a9 t16)
28.0: (sync_actions a9)

Plan-Length:29
Metric (Search):6.0
Planning Time (msec): 216
Heuristic Time (msec): 6
Search Time (msec): 215
Expanded Nodes:769
States Evaluated:1165
Number of Dead-Ends detected:0
Number of Duplicates detected:137
/usr/bin/time -v timeout 600 java -Xmx64g -jar ./enhsp3.jar -o ./domain_with_failure.pddl -f ./problems/BasePN-3And-add-3-d1/problem73.pddl -h blind -s WAStar
Domain parsed
Problem parsed
Grounding..
Grounding Time: 3229
UFX:true
|F|:16467
|X|:4
|A|:345
|P|:0
|E|:0
h(I):0.0
f(n) = 1.0 (Expanded Nodes: 12, Evaluated States: 35, Time: 0.026) Frontier Size: 23
f(n) = 2.0 (Expanded Nodes: 40, Evaluated States: 109, Time: 0.065) Frontier Size: 69
f(n) = 3.0 (Expanded Nodes: 103, Evaluated States: 236, Time: 0.101) Frontier Size: 133
f(n) = 4.0 (Expanded Nodes: 295, Evaluated States: 584, Time: 0.143) Frontier Size: 289
f(n) = 5.0 (Expanded Nodes: 500, Evaluated States: 823, Time: 0.184) Frontier Size: 323
f(n) = 6.0 (Expanded Nodes: 936, Evaluated States: 1447, Time: 0.214) Frontier Size: 511
Problem Solved

Found Plan:
0.0: (validate_payload t0 a7 t1)
1.0: (sync_actions a7)
2.0: (validate_payload t1 a3 t2)
3.0: (sync_actions a3)
4.0: (validate_payload t2 a10 t3)
5.0: (sync_actions a10)
6.0: (validate_payload t3 a12 t4)
7.0: (sync_actions a12)
8.0: (validate_payload t4 a11 t5)
9.0: (sync_actions a11)
10.0: (del a0)
11.0: (validate_payload t6 a4 t7)
12.0: (sync_actions a4)
13.0: (del a7)
14.0: (del a3)
15.0: (validate_payload t9 a5 t10)
16.0: (sync_actions a5)
17.0: (validate_payload t10 a6 t11)
18.0: (sync_actions a6)
19.0: (validate_payload t11 a8 t12)
20.0: (sync_actions a8)
21.0: (validate_payload t12 a1 t13)
22.0: (sync_actions a1)
23.0: (validate_payload t13 a2 t14)
24.0: (sync_actions a2)
25.0: (validate_payload t14 a0 t15)
26.0: (sync_actions a0)
27.0: (validate_payload t15 a9 t16)
28.0: (sync_actions a9)

Plan-Length:29
Metric (Search):6.0
Planning Time (msec): 250
Heuristic Time (msec): 3
Search Time (msec): 237
Expanded Nodes:1117
States Evaluated:1671
Number of Dead-Ends detected:0
Number of Duplicates detected:259
/usr/bin/time -v timeout 600 java -Xmx64g -jar ./enhsp3.jar -o ./domain_with_failure.pddl -f ./problems/BasePN-3And-add-3-d1/problem74.pddl -h blind -s WAStar
Domain parsed
Problem parsed
Grounding..
Grounding Time: 3444
UFX:true
|F|:16467
|X|:4
|A|:345
|P|:0
|E|:0
h(I):0.0
f(n) = 2.0 (Expanded Nodes: 4, Evaluated States: 8, Time: 0.019) Frontier Size: 4
f(n) = 4.0 (Expanded Nodes: 15, Evaluated States: 28, Time: 0.059) Frontier Size: 13
f(n) = 5.0 (Expanded Nodes: 51, Evaluated States: 97, Time: 0.09) Frontier Size: 46
f(n) = 6.0 (Expanded Nodes: 79, Evaluated States: 167, Time: 0.093) Frontier Size: 88
Problem Solved

Found Plan:
0.0: (validate_payload t0 a7 t1)
1.0: (sync_actions a7)
2.0: (del a9)
3.0: (del a8)
4.0: (validate_payload t3 a10 t4)
5.0: (sync_actions a10)
6.0: (validate_payload t4 a12 t5)
7.0: (sync_actions a12)
8.0: (validate_payload t5 a3 t6)
9.0: (sync_actions a3)
10.0: (del a7)
11.0: (validate_payload t7 a11 t8)
12.0: (sync_actions a11)
13.0: (validate_payload t8 a5 t9)
14.0: (sync_actions a5)
15.0: (validate_payload t9 a4 t10)
16.0: (sync_actions a4)
17.0: (validate_payload t10 a6 t11)
18.0: (sync_actions a6)
19.0: (validate_payload t11 a8 t12)
20.0: (sync_actions a8)
21.0: (validate_payload t12 a0 t13)
22.0: (sync_actions a0)
23.0: (validate_payload t13 a1 t14)
24.0: (sync_actions a1)
25.0: (validate_payload t14 a2 t15)
26.0: (sync_actions a2)
27.0: (validate_payload t15 a9 t16)
28.0: (sync_actions a9)

Plan-Length:29
Metric (Search):6.0
Planning Time (msec): 127
Heuristic Time (msec): 2
Search Time (msec): 114
Expanded Nodes:192
States Evaluated:382
Number of Dead-Ends detected:0
Number of Duplicates detected:29
/usr/bin/time -v timeout 600 java -Xmx64g -jar ./enhsp3.jar -o ./domain_with_failure.pddl -f ./problems/BasePN-3And-add-3-d1/problem75.pddl -h blind -s WAStar
Domain parsed
Problem parsed
Grounding..
Grounding Time: 3366
UFX:true
|F|:16467
|X|:4
|A|:345
|P|:0
|E|:0
h(I):0.0
f(n) = 1.0 (Expanded Nodes: 20, Evaluated States: 55, Time: 0.034) Frontier Size: 35
f(n) = 2.0 (Expanded Nodes: 88, Evaluated States: 213, Time: 0.097) Frontier Size: 125
f(n) = 3.0 (Expanded Nodes: 173, Evaluated States: 407, Time: 0.139) Frontier Size: 234
f(n) = 4.0 (Expanded Nodes: 535, Evaluated States: 997, Time: 0.204) Frontier Size: 462
f(n) = 5.0 (Expanded Nodes: 936, Evaluated States: 1586, Time: 0.26) Frontier Size: 650
f(n) = 6.0 (Expanded Nodes: 1904, Evaluated States: 2924, Time: 0.383) Frontier Size: 1020
Problem Solved

Found Plan:
0.0: (validate_payload t0 a7 t1)
1.0: (sync_actions a7)
2.0: (validate_payload t1 a10 t2)
3.0: (sync_actions a10)
4.0: (validate_payload t2 a12 t3)
5.0: (sync_actions a12)
6.0: (validate_payload t3 a11 t4)
7.0: (sync_actions a11)
8.0: (validate_payload t4 a3 t5)
9.0: (sync_actions a3)
10.0: (validate_payload t5 a4 t6)
11.0: (sync_actions a4)
12.0: (validate_payload t6 a5 t7)
13.0: (sync_actions a5)
14.0: (validate_payload t7 a6 t8)
15.0: (sync_actions a6)
16.0: (validate_payload t8 a8 t9)
17.0: (sync_actions a8)
18.0: (del a4)
19.0: (validate_payload t10 a0 t11)
20.0: (sync_actions a0)
21.0: (del a2)
22.0: (del a1)
23.0: (validate_payload t13 a1 t14)
24.0: (sync_actions a1)
25.0: (validate_payload t14 a2 t15)
26.0: (sync_actions a2)
27.0: (validate_payload t15 a9 t16)
28.0: (sync_actions a9)

Plan-Length:29
Metric (Search):6.0
Planning Time (msec): 471
Heuristic Time (msec): 5
Search Time (msec): 469
Expanded Nodes:2607
States Evaluated:3885
Number of Dead-Ends detected:0
Number of Duplicates detected:511
/usr/bin/time -v timeout 600 java -Xmx64g -jar ./enhsp3.jar -o ./domain_with_failure.pddl -f ./problems/BasePN-3And-add-3-d1/problem76.pddl -h blind -s WAStar
Domain parsed
Problem parsed
Grounding..
Grounding Time: 3271
UFX:true
|F|:16467
|X|:4
|A|:345
|P|:0
|E|:0
h(I):0.0
f(n) = 2.0 (Expanded Nodes: 2, Evaluated States: 3, Time: 0.024) Frontier Size: 1
f(n) = 3.0 (Expanded Nodes: 16, Evaluated States: 40, Time: 0.069) Frontier Size: 24
f(n) = 4.0 (Expanded Nodes: 52, Evaluated States: 132, Time: 0.084) Frontier Size: 80
f(n) = 5.0 (Expanded Nodes: 123, Evaluated States: 275, Time: 0.111) Frontier Size: 152
f(n) = 6.0 (Expanded Nodes: 343, Evaluated States: 697, Time: 0.157) Frontier Size: 354
Problem Solved

Found Plan:
0.0: (del a9)
1.0: (validate_payload t1 a7 t2)
2.0: (sync_actions a7)
3.0: (validate_payload t2 a10 t3)
4.0: (sync_actions a10)
5.0: (validate_payload t3 a3 t4)
6.0: (sync_actions a3)
7.0: (validate_payload t4 a5 t5)
8.0: (sync_actions a5)
9.0: (validate_payload t5 a4 t6)
10.0: (sync_actions a4)
11.0: (del a11)
12.0: (validate_payload t7 a6 t8)
13.0: (sync_actions a6)
14.0: (validate_payload t8 a12 t9)
15.0: (sync_actions a12)
16.0: (validate_payload t9 a11 t10)
17.0: (sync_actions a11)
18.0: (del a9)
19.0: (validate_payload t11 a8 t12)
20.0: (sync_actions a8)
21.0: (validate_payload t12 a1 t13)
22.0: (sync_actions a1)
23.0: (validate_payload t13 a0 t14)
24.0: (sync_actions a0)
25.0: (validate_payload t14 a2 t15)
26.0: (sync_actions a2)
27.0: (validate_payload t15 a9 t16)
28.0: (sync_actions a9)

Plan-Length:29
Metric (Search):6.0
Planning Time (msec): 208
Heuristic Time (msec): 9
Search Time (msec): 202
Expanded Nodes:575
States Evaluated:996
Number of Dead-Ends detected:0
Number of Duplicates detected:92
/usr/bin/time -v timeout 600 java -Xmx64g -jar ./enhsp3.jar -o ./domain_with_failure.pddl -f ./problems/BasePN-3And-add-3-d1/problem77.pddl -h blind -s WAStar
Domain parsed
Problem parsed
Grounding..
Grounding Time: 3285
UFX:true
|F|:16467
|X|:4
|A|:345
|P|:0
|E|:0
h(I):0.0
f(n) = 1.0 (Expanded Nodes: 14, Evaluated States: 38, Time: 0.027) Frontier Size: 24
f(n) = 2.0 (Expanded Nodes: 58, Evaluated States: 152, Time: 0.082) Frontier Size: 94
f(n) = 3.0 (Expanded Nodes: 126, Evaluated States: 284, Time: 0.113) Frontier Size: 158
f(n) = 4.0 (Expanded Nodes: 378, Evaluated States: 756, Time: 0.165) Frontier Size: 378
f(n) = 5.0 (Expanded Nodes: 646, Evaluated States: 1054, Time: 0.203) Frontier Size: 408
f(n) = 6.0 (Expanded Nodes: 1266, Evaluated States: 2006, Time: 0.271) Frontier Size: 740
Problem Solved

Found Plan:
0.0: (validate_payload t0 a7 t1)
1.0: (sync_actions a7)
2.0: (validate_payload t1 a10 t2)
3.0: (sync_actions a10)
4.0: (validate_payload t2 a3 t3)
5.0: (sync_actions a3)
6.0: (validate_payload t3 a12 t4)
7.0: (sync_actions a12)
8.0: (validate_payload t4 a11 t5)
9.0: (sync_actions a11)
10.0: (validate_payload t5 a4 t6)
11.0: (sync_actions a4)
12.0: (del a9)
13.0: (validate_payload t7 a5 t8)
14.0: (sync_actions a5)
15.0: (validate_payload t8 a6 t9)
16.0: (sync_actions a6)
17.0: (del a2)
18.0: (validate_payload t10 a8 t11)
19.0: (sync_actions a8)
20.0: (validate_payload t11 a0 t12)
21.0: (sync_actions a0)
22.0: (del a12)
23.0: (validate_payload t13 a1 t14)
24.0: (sync_actions a1)
25.0: (validate_payload t14 a2 t15)
26.0: (sync_actions a2)
27.0: (validate_payload t15 a9 t16)
28.0: (sync_actions a9)

Plan-Length:29
Metric (Search):6.0
Planning Time (msec): 309
Heuristic Time (msec): 2
Search Time (msec): 306
Expanded Nodes:1699
States Evaluated:2350
Number of Dead-Ends detected:0
Number of Duplicates detected:383
/usr/bin/time -v timeout 600 java -Xmx64g -jar ./enhsp3.jar -o ./domain_with_failure.pddl -f ./problems/BasePN-3And-add-3-d1/problem78.pddl -h blind -s WAStar
Domain parsed
Problem parsed
Grounding..
Grounding Time: 3329
UFX:true
|F|:16467
|X|:4
|A|:345
|P|:0
|E|:0
h(I):0.0
f(n) = 2.0 (Expanded Nodes: 4, Evaluated States: 8, Time: 0.019) Frontier Size: 4
f(n) = 3.0 (Expanded Nodes: 25, Evaluated States: 55, Time: 0.073) Frontier Size: 30
f(n) = 4.0 (Expanded Nodes: 69, Evaluated States: 157, Time: 0.09) Frontier Size: 88
f(n) = 5.0 (Expanded Nodes: 142, Evaluated States: 289, Time: 0.111) Frontier Size: 147
f(n) = 6.0 (Expanded Nodes: 346, Evaluated States: 673, Time: 0.131) Frontier Size: 327
Problem Solved

Found Plan:
0.0: (validate_payload t0 a7 t1)
1.0: (sync_actions a7)
2.0: (del a6)
3.0: (validate_payload t2 a10 t3)
4.0: (sync_actions a10)
5.0: (validate_payload t3 a12 t4)
6.0: (sync_actions a12)
7.0: (validate_payload t4 a11 t5)
8.0: (sync_actions a11)
9.0: (validate_payload t5 a3 t6)
10.0: (sync_actions a3)
11.0: (validate_payload t6 a4 t7)
12.0: (sync_actions a4)
13.0: (del a3)
14.0: (validate_payload t8 a5 t9)
15.0: (sync_actions a5)
16.0: (validate_payload t9 a6 t10)
17.0: (sync_actions a6)
18.0: (validate_payload t10 a8 t11)
19.0: (sync_actions a8)
20.0: (del a11)
21.0: (validate_payload t12 a0 t13)
22.0: (sync_actions a0)
23.0: (validate_payload t13 a1 t14)
24.0: (sync_actions a1)
25.0: (validate_payload t14 a2 t15)
26.0: (sync_actions a2)
27.0: (validate_payload t15 a9 t16)
28.0: (sync_actions a9)

Plan-Length:29
Metric (Search):6.0
Planning Time (msec): 150
Heuristic Time (msec): 6
Search Time (msec): 147
Expanded Nodes:511
States Evaluated:889
Number of Dead-Ends detected:0
Number of Duplicates detected:78
/usr/bin/time -v timeout 600 java -Xmx64g -jar ./enhsp3.jar -o ./domain_with_failure.pddl -f ./problems/BasePN-3And-add-3-d1/problem79.pddl -h blind -s WAStar
Domain parsed
Problem parsed
Grounding..
Grounding Time: 3380
UFX:true
|F|:16467
|X|:4
|A|:345
|P|:0
|E|:0
h(I):0.0
f(n) = 1.0 (Expanded Nodes: 14, Evaluated States: 43, Time: 0.03) Frontier Size: 29
f(n) = 2.0 (Expanded Nodes: 50, Evaluated States: 135, Time: 0.072) Frontier Size: 85
f(n) = 3.0 (Expanded Nodes: 134, Evaluated States: 328, Time: 0.115) Frontier Size: 194
f(n) = 4.0 (Expanded Nodes: 422, Evaluated States: 822, Time: 0.157) Frontier Size: 400
f(n) = 5.0 (Expanded Nodes: 740, Evaluated States: 1313, Time: 0.186) Frontier Size: 573
f(n) = 6.0 (Expanded Nodes: 1568, Evaluated States: 2423, Time: 0.247) Frontier Size: 855
Problem Solved

Found Plan:
0.0: (validate_payload t0 a7 t1)
1.0: (sync_actions a7)
2.0: (validate_payload t1 a3 t2)
3.0: (sync_actions a3)
4.0: (validate_payload t2 a10 t3)
5.0: (sync_actions a10)
6.0: (validate_payload t3 a12 t4)
7.0: (sync_actions a12)
8.0: (validate_payload t4 a4 t5)
9.0: (sync_actions a4)
10.0: (validate_payload t5 a11 t6)
11.0: (sync_actions a11)
12.0: (del a10)
13.0: (validate_payload t7 a5 t8)
14.0: (sync_actions a5)
15.0: (validate_payload t8 a6 t9)
16.0: (sync_actions a6)
17.0: (validate_payload t9 a8 t10)
18.0: (sync_actions a8)
19.0: (validate_payload t10 a0 t11)
20.0: (sync_actions a0)
21.0: (del a3)
22.0: (del a1)
23.0: (validate_payload t13 a1 t14)
24.0: (sync_actions a1)
25.0: (validate_payload t14 a2 t15)
26.0: (sync_actions a2)
27.0: (validate_payload t15 a9 t16)
28.0: (sync_actions a9)

Plan-Length:29
Metric (Search):6.0
Planning Time (msec): 258
Heuristic Time (msec): 5
Search Time (msec): 256
Expanded Nodes:1589
States Evaluated:2463
Number of Dead-Ends detected:0
Number of Duplicates detected:309
/usr/bin/time -v timeout 600 java -Xmx64g -jar ./enhsp3.jar -o ./domain_with_failure.pddl -f ./problems/BasePN-3And-add-3-d1/problem80.pddl -h blind -s WAStar
Domain parsed
Problem parsed
Grounding..
Grounding Time: 3319
UFX:true
|F|:16467
|X|:4
|A|:345
|P|:0
|E|:0
h(I):0.0
f(n) = 1.0 (Expanded Nodes: 6, Evaluated States: 17, Time: 0.023) Frontier Size: 11
f(n) = 2.0 (Expanded Nodes: 18, Evaluated States: 39, Time: 0.055) Frontier Size: 21
f(n) = 3.0 (Expanded Nodes: 47, Evaluated States: 107, Time: 0.083) Frontier Size: 60
f(n) = 4.0 (Expanded Nodes: 135, Evaluated States: 281, Time: 0.11) Frontier Size: 146
f(n) = 5.0 (Expanded Nodes: 250, Evaluated States: 460, Time: 0.143) Frontier Size: 210
f(n) = 6.0 (Expanded Nodes: 562, Evaluated States: 1038, Time: 0.204) Frontier Size: 476
Problem Solved

Found Plan:
0.0: (validate_payload t0 a7 t1)
1.0: (sync_actions a7)
2.0: (validate_payload t1 a10 t2)
3.0: (sync_actions a10)
4.0: (del a8)
5.0: (validate_payload t3 a12 t4)
6.0: (sync_actions a12)
7.0: (validate_payload t4 a11 t5)
8.0: (sync_actions a11)
9.0: (validate_payload t5 a3 t6)
10.0: (sync_actions a3)
11.0: (validate_payload t6 a4 t7)
12.0: (sync_actions a4)
13.0: (validate_payload t7 a5 t8)
14.0: (sync_actions a5)
15.0: (del a7)
16.0: (validate_payload t9 a6 t10)
17.0: (sync_actions a6)
18.0: (validate_payload t10 a8 t11)
19.0: (sync_actions a8)
20.0: (validate_payload t11 a1 t12)
21.0: (sync_actions a1)
22.0: (del a7)
23.0: (validate_payload t13 a0 t14)
24.0: (sync_actions a0)
25.0: (validate_payload t14 a2 t15)
26.0: (sync_actions a2)
27.0: (validate_payload t15 a9 t16)
28.0: (sync_actions a9)

Plan-Length:29
Metric (Search):6.0
Planning Time (msec): 230
Heuristic Time (msec): 6
Search Time (msec): 222
Expanded Nodes:770
States Evaluated:1305
Number of Dead-Ends detected:0
Number of Duplicates detected:118
/usr/bin/time -v timeout 600 java -Xmx64g -jar ./enhsp3.jar -o ./domain_with_failure.pddl -f ./problems/BasePN-3And-add-3-d1/problem81.pddl -h blind -s WAStar
Domain parsed
Problem parsed
Grounding..
Grounding Time: 3295
UFX:true
|F|:16467
|X|:4
|A|:345
|P|:0
|E|:0
h(I):0.0
f(n) = 2.0 (Expanded Nodes: 8, Evaluated States: 19, Time: 0.037) Frontier Size: 11
f(n) = 3.0 (Expanded Nodes: 47, Evaluated States: 95, Time: 0.092) Frontier Size: 48
f(n) = 4.0 (Expanded Nodes: 83, Evaluated States: 175, Time: 0.103) Frontier Size: 92
f(n) = 5.0 (Expanded Nodes: 197, Evaluated States: 356, Time: 0.133) Frontier Size: 159
f(n) = 6.0 (Expanded Nodes: 357, Evaluated States: 652, Time: 0.168) Frontier Size: 295
Problem Solved

Found Plan:
0.0: (validate_payload t0 a7 t1)
1.0: (sync_actions a7)
2.0: (validate_payload t1 a3 t2)
3.0: (sync_actions a3)
4.0: (validate_payload t2 a4 t3)
5.0: (sync_actions a4)
6.0: (del a8)
7.0: (validate_payload t4 a10 t5)
8.0: (sync_actions a10)
9.0: (validate_payload t5 a5 t6)
10.0: (sync_actions a5)
11.0: (validate_payload t6 a6 t7)
12.0: (sync_actions a6)
13.0: (validate_payload t7 a12 t8)
14.0: (sync_actions a12)
15.0: (del a0)
16.0: (validate_payload t9 a11 t10)
17.0: (sync_actions a11)
18.0: (del a11)
19.0: (validate_payload t11 a8 t12)
20.0: (sync_actions a8)
21.0: (validate_payload t12 a1 t13)
22.0: (sync_actions a1)
23.0: (validate_payload t13 a2 t14)
24.0: (sync_actions a2)
25.0: (validate_payload t14 a0 t15)
26.0: (sync_actions a0)
27.0: (validate_payload t15 a9 t16)
28.0: (sync_actions a9)

Plan-Length:29
Metric (Search):6.0
Planning Time (msec): 212
Heuristic Time (msec): 4
Search Time (msec): 205
Expanded Nodes:565
States Evaluated:917
Number of Dead-Ends detected:0
Number of Duplicates detected:110
/usr/bin/time -v timeout 600 java -Xmx64g -jar ./enhsp3.jar -o ./domain_with_failure.pddl -f ./problems/BasePN-3And-add-3-d1/problem82.pddl -h blind -s WAStar
Domain parsed
Problem parsed
Grounding..
Grounding Time: 3316
UFX:true
|F|:16467
|X|:3
|A|:345
|P|:0
|E|:0
h(I):0.0
f(n) = 2.0 (Expanded Nodes: 4, Evaluated States: 8, Time: 0.022) Frontier Size: 4
f(n) = 4.0 (Expanded Nodes: 27, Evaluated States: 57, Time: 0.073) Frontier Size: 30
f(n) = 6.0 (Expanded Nodes: 112, Evaluated States: 196, Time: 0.102) Frontier Size: 84
Problem Solved

Found Plan:
0.0: (validate_payload t0 a7 t1)
1.0: (sync_actions a7)
2.0: (del a0)
3.0: (validate_payload t2 a10 t3)
4.0: (sync_actions a10)
5.0: (validate_payload t3 a12 t4)
6.0: (sync_actions a12)
7.0: (validate_payload t4 a3 t5)
8.0: (sync_actions a3)
9.0: (validate_payload t5 a11 t6)
10.0: (sync_actions a11)
11.0: (validate_payload t6 a4 t7)
12.0: (sync_actions a4)
13.0: (validate_payload t7 a5 t8)
14.0: (sync_actions a5)
15.0: (del a12)
16.0: (del a12)
17.0: (validate_payload t10 a6 t11)
18.0: (sync_actions a6)
19.0: (validate_payload t11 a8 t12)
20.0: (sync_actions a8)
21.0: (validate_payload t12 a0 t13)
22.0: (sync_actions a0)
23.0: (validate_payload t13 a1 t14)
24.0: (sync_actions a1)
25.0: (validate_payload t14 a2 t15)
26.0: (sync_actions a2)
27.0: (validate_payload t15 a9 t16)
28.0: (sync_actions a9)

Plan-Length:29
Metric (Search):6.0
Planning Time (msec): 125
Heuristic Time (msec): 5
Search Time (msec): 118
Expanded Nodes:164
States Evaluated:276
Number of Dead-Ends detected:0
Number of Duplicates detected:31
/usr/bin/time -v timeout 600 java -Xmx64g -jar ./enhsp3.jar -o ./domain_with_failure.pddl -f ./problems/BasePN-3And-add-3-d1/problem83.pddl -h blind -s WAStar
Domain parsed
Problem parsed
Grounding..
Grounding Time: 3279
UFX:true
|F|:16467
|X|:4
|A|:345
|P|:0
|E|:0
h(I):0.0
f(n) = 1.0 (Expanded Nodes: 8, Evaluated States: 23, Time: 0.034) Frontier Size: 15
f(n) = 2.0 (Expanded Nodes: 28, Evaluated States: 71, Time: 0.076) Frontier Size: 43
f(n) = 3.0 (Expanded Nodes: 66, Evaluated States: 157, Time: 0.103) Frontier Size: 91
f(n) = 4.0 (Expanded Nodes: 186, Evaluated States: 393, Time: 0.132) Frontier Size: 207
f(n) = 5.0 (Expanded Nodes: 347, Evaluated States: 612, Time: 0.155) Frontier Size: 265
f(n) = 6.0 (Expanded Nodes: 711, Evaluated States: 1200, Time: 0.194) Frontier Size: 489
Problem Solved

Found Plan:
0.0: (validate_payload t0 a7 t1)
1.0: (sync_actions a7)
2.0: (validate_payload t1 a10 t2)
3.0: (sync_actions a10)
4.0: (validate_payload t2 a3 t3)
5.0: (sync_actions a3)
6.0: (del a0)
7.0: (validate_payload t4 a4 t5)
8.0: (sync_actions a4)
9.0: (validate_payload t5 a5 t6)
10.0: (sync_actions a5)
11.0: (validate_payload t6 a6 t7)
12.0: (sync_actions a6)
13.0: (del a11)
14.0: (del a6)
15.0: (validate_payload t9 a12 t10)
16.0: (sync_actions a12)
17.0: (validate_payload t10 a11 t11)
18.0: (sync_actions a11)
19.0: (validate_payload t11 a8 t12)
20.0: (sync_actions a8)
21.0: (validate_payload t12 a1 t13)
22.0: (sync_actions a1)
23.0: (validate_payload t13 a2 t14)
24.0: (sync_actions a2)
25.0: (validate_payload t14 a0 t15)
26.0: (sync_actions a0)
27.0: (validate_payload t15 a9 t16)
28.0: (sync_actions a9)

Plan-Length:29
Metric (Search):6.0
Planning Time (msec): 209
Heuristic Time (msec): 7
Search Time (msec): 203
Expanded Nodes:802
States Evaluated:1319
Number of Dead-Ends detected:0
Number of Duplicates detected:155
/usr/bin/time -v timeout 600 java -Xmx64g -jar ./enhsp3.jar -o ./domain_with_failure.pddl -f ./problems/BasePN-3And-add-3-d1/problem84.pddl -h blind -s WAStar
Domain parsed
Problem parsed
Grounding..
Grounding Time: 3262
UFX:true
|F|:16467
|X|:4
|A|:345
|P|:0
|E|:0
h(I):0.0
f(n) = 1.0 (Expanded Nodes: 8, Evaluated States: 25, Time: 0.025) Frontier Size: 17
f(n) = 2.0 (Expanded Nodes: 28, Evaluated States: 73, Time: 0.061) Frontier Size: 45
f(n) = 3.0 (Expanded Nodes: 81, Evaluated States: 208, Time: 0.103) Frontier Size: 127
f(n) = 4.0 (Expanded Nodes: 277, Evaluated States: 574, Time: 0.13) Frontier Size: 297
f(n) = 5.0 (Expanded Nodes: 521, Evaluated States: 994, Time: 0.164) Frontier Size: 473
f(n) = 6.0 (Expanded Nodes: 1197, Evaluated States: 2012, Time: 0.217) Frontier Size: 815
Problem Solved

Found Plan:
0.0: (validate_payload t0 a7 t1)
1.0: (sync_actions a7)
2.0: (validate_payload t1 a10 t2)
3.0: (sync_actions a10)
4.0: (validate_payload t2 a3 t3)
5.0: (sync_actions a3)
6.0: (del a3)
7.0: (validate_payload t4 a5 t5)
8.0: (sync_actions a5)
9.0: (validate_payload t5 a4 t6)
10.0: (sync_actions a4)
11.0: (validate_payload t6 a6 t7)
12.0: (sync_actions a6)
13.0: (validate_payload t7 a12 t8)
14.0: (sync_actions a12)
15.0: (validate_payload t8 a11 t9)
16.0: (sync_actions a11)
17.0: (validate_payload t9 a8 t10)
18.0: (sync_actions a8)
19.0: (validate_payload t10 a0 t11)
20.0: (sync_actions a0)
21.0: (validate_payload t11 a1 t12)
22.0: (sync_actions a1)
23.0: (del a10)
24.0: (del a1)
25.0: (validate_payload t14 a2 t15)
26.0: (sync_actions a2)
27.0: (validate_payload t15 a9 t16)
28.0: (sync_actions a9)

Plan-Length:29
Metric (Search):6.0
Planning Time (msec): 235
Heuristic Time (msec): 2
Search Time (msec): 228
Expanded Nodes:1324
States Evaluated:2208
Number of Dead-Ends detected:0
Number of Duplicates detected:207
/usr/bin/time -v timeout 600 java -Xmx64g -jar ./enhsp3.jar -o ./domain_with_failure.pddl -f ./problems/BasePN-3And-add-3-d1/problem85.pddl -h blind -s WAStar
Domain parsed
Problem parsed
Grounding..
Grounding Time: 3337
UFX:true
|F|:16467
|X|:4
|A|:345
|P|:0
|E|:0
h(I):0.0
f(n) = 1.0 (Expanded Nodes: 8, Evaluated States: 22, Time: 0.025) Frontier Size: 14
f(n) = 2.0 (Expanded Nodes: 30, Evaluated States: 68, Time: 0.068) Frontier Size: 38
f(n) = 3.0 (Expanded Nodes: 65, Evaluated States: 144, Time: 0.09) Frontier Size: 79
f(n) = 4.0 (Expanded Nodes: 187, Evaluated States: 370, Time: 0.103) Frontier Size: 183
f(n) = 5.0 (Expanded Nodes: 337, Evaluated States: 580, Time: 0.127) Frontier Size: 243
f(n) = 6.0 (Expanded Nodes: 725, Evaluated States: 1266, Time: 0.169) Frontier Size: 541
Problem Solved

Found Plan:
0.0: (validate_payload t0 a7 t1)
1.0: (sync_actions a7)
2.0: (validate_payload t1 a10 t2)
3.0: (sync_actions a10)
4.0: (validate_payload t2 a12 t3)
5.0: (sync_actions a12)
6.0: (del a1)
7.0: (validate_payload t4 a11 t5)
8.0: (sync_actions a11)
9.0: (validate_payload t5 a3 t6)
10.0: (sync_actions a3)
11.0: (validate_payload t6 a4 t7)
12.0: (sync_actions a4)
13.0: (validate_payload t7 a5 t8)
14.0: (sync_actions a5)
15.0: (del a8)
16.0: (validate_payload t9 a6 t10)
17.0: (sync_actions a6)
18.0: (validate_payload t10 a8 t11)
19.0: (sync_actions a8)
20.0: (validate_payload t11 a0 t12)
21.0: (sync_actions a0)
22.0: (validate_payload t12 a1 t13)
23.0: (sync_actions a1)
24.0: (del a5)
25.0: (validate_payload t14 a2 t15)
26.0: (sync_actions a2)
27.0: (validate_payload t15 a9 t16)
28.0: (sync_actions a9)

Plan-Length:29
Metric (Search):6.0
Planning Time (msec): 177
Heuristic Time (msec): 8
Search Time (msec): 171
Expanded Nodes:782
States Evaluated:1322
Number of Dead-Ends detected:0
Number of Duplicates detected:123
/usr/bin/time -v timeout 600 java -Xmx64g -jar ./enhsp3.jar -o ./domain_with_failure.pddl -f ./problems/BasePN-3And-add-3-d1/problem86.pddl -h blind -s WAStar
Domain parsed
Problem parsed
Grounding..
Grounding Time: 3342
UFX:true
|F|:16467
|X|:4
|A|:345
|P|:0
|E|:0
h(I):0.0
f(n) = 1.0 (Expanded Nodes: 20, Evaluated States: 50, Time: 0.036) Frontier Size: 30
f(n) = 2.0 (Expanded Nodes: 88, Evaluated States: 216, Time: 0.089) Frontier Size: 128
f(n) = 3.0 (Expanded Nodes: 169, Evaluated States: 370, Time: 0.125) Frontier Size: 201
f(n) = 4.0 (Expanded Nodes: 457, Evaluated States: 904, Time: 0.185) Frontier Size: 447
f(n) = 5.0 (Expanded Nodes: 826, Evaluated States: 1317, Time: 0.222) Frontier Size: 491
f(n) = 6.0 (Expanded Nodes: 1526, Evaluated States: 2415, Time: 0.284) Frontier Size: 889
Problem Solved

Found Plan:
0.0: (validate_payload t0 a7 t1)
1.0: (sync_actions a7)
2.0: (validate_payload t1 a10 t2)
3.0: (sync_actions a10)
4.0: (validate_payload t2 a3 t3)
5.0: (sync_actions a3)
6.0: (validate_payload t3 a4 t4)
7.0: (sync_actions a4)
8.0: (validate_payload t4 a5 t5)
9.0: (sync_actions a5)
10.0: (validate_payload t5 a6 t6)
11.0: (sync_actions a6)
12.0: (validate_payload t6 a12 t7)
13.0: (sync_actions a12)
14.0: (validate_payload t7 a11 t8)
15.0: (sync_actions a11)
16.0: (validate_payload t8 a8 t9)
17.0: (sync_actions a8)
18.0: (del a9)
19.0: (del a3)
20.0: (validate_payload t11 a1 t12)
21.0: (sync_actions a1)
22.0: (validate_payload t12 a2 t13)
23.0: (sync_actions a2)
24.0: (del a12)
25.0: (validate_payload t14 a0 t15)
26.0: (sync_actions a0)
27.0: (validate_payload t15 a9 t16)
28.0: (sync_actions a9)

Plan-Length:29
Metric (Search):6.0
Planning Time (msec): 358
Heuristic Time (msec): 8
Search Time (msec): 342
Expanded Nodes:2297
States Evaluated:3132
Number of Dead-Ends detected:0
Number of Duplicates detected:538
/usr/bin/time -v timeout 600 java -Xmx64g -jar ./enhsp3.jar -o ./domain_with_failure.pddl -f ./problems/BasePN-3And-add-3-d1/problem87.pddl -h blind -s WAStar
Domain parsed
Problem parsed
Grounding..
Grounding Time: 3434
UFX:true
|F|:16467
|X|:4
|A|:345
|P|:0
|E|:0
h(I):0.0
f(n) = 1.0 (Expanded Nodes: 14, Evaluated States: 39, Time: 0.051) Frontier Size: 25
f(n) = 2.0 (Expanded Nodes: 50, Evaluated States: 131, Time: 0.093) Frontier Size: 81
f(n) = 3.0 (Expanded Nodes: 122, Evaluated States: 276, Time: 0.12) Frontier Size: 154
f(n) = 4.0 (Expanded Nodes: 346, Evaluated States: 692, Time: 0.146) Frontier Size: 346
f(n) = 5.0 (Expanded Nodes: 611, Evaluated States: 1004, Time: 0.171) Frontier Size: 393
f(n) = 6.0 (Expanded Nodes: 1183, Evaluated States: 1866, Time: 0.213) Frontier Size: 683
Problem Solved

Found Plan:
0.0: (validate_payload t0 a7 t1)
1.0: (sync_actions a7)
2.0: (validate_payload t1 a3 t2)
3.0: (sync_actions a3)
4.0: (validate_payload t2 a10 t3)
5.0: (sync_actions a10)
6.0: (validate_payload t3 a4 t4)
7.0: (sync_actions a4)
8.0: (validate_payload t4 a12 t5)
9.0: (sync_actions a12)
10.0: (validate_payload t5 a5 t6)
11.0: (sync_actions a5)
12.0: (del a12)
13.0: (validate_payload t7 a11 t8)
14.0: (sync_actions a11)
15.0: (del a9)
16.0: (del a5)
17.0: (validate_payload t10 a6 t11)
18.0: (sync_actions a6)
19.0: (validate_payload t11 a8 t12)
20.0: (sync_actions a8)
21.0: (validate_payload t12 a0 t13)
22.0: (sync_actions a0)
23.0: (validate_payload t13 a1 t14)
24.0: (sync_actions a1)
25.0: (validate_payload t14 a2 t15)
26.0: (sync_actions a2)
27.0: (validate_payload t15 a9 t16)
28.0: (sync_actions a9)

Plan-Length:29
Metric (Search):6.0
Planning Time (msec): 224
Heuristic Time (msec): 5
Search Time (msec): 221
Expanded Nodes:1301
States Evaluated:1978
Number of Dead-Ends detected:0
Number of Duplicates detected:300
/usr/bin/time -v timeout 600 java -Xmx64g -jar ./enhsp3.jar -o ./domain_with_failure.pddl -f ./problems/BasePN-3And-add-3-d1/problem88.pddl -h blind -s WAStar
Domain parsed
Problem parsed
Grounding..
Grounding Time: 3228
UFX:true
|F|:16467
|X|:4
|A|:345
|P|:0
|E|:0
h(I):0.0
f(n) = 2.0 (Expanded Nodes: 4, Evaluated States: 8, Time: 0.025) Frontier Size: 4
f(n) = 3.0 (Expanded Nodes: 18, Evaluated States: 38, Time: 0.074) Frontier Size: 20
f(n) = 4.0 (Expanded Nodes: 30, Evaluated States: 60, Time: 0.081) Frontier Size: 30
f(n) = 5.0 (Expanded Nodes: 82, Evaluated States: 164, Time: 0.098) Frontier Size: 82
f(n) = 6.0 (Expanded Nodes: 186, Evaluated States: 382, Time: 0.126) Frontier Size: 196
Problem Solved

Found Plan:
0.0: (validate_payload t0 a7 t1)
1.0: (sync_actions a7)
2.0: (del a7)
3.0: (validate_payload t2 a10 t3)
4.0: (sync_actions a10)
5.0: (del a4)
6.0: (validate_payload t4 a12 t5)
7.0: (sync_actions a12)
8.0: (validate_payload t5 a11 t6)
9.0: (sync_actions a11)
10.0: (validate_payload t6 a3 t7)
11.0: (sync_actions a3)
12.0: (validate_payload t7 a4 t8)
13.0: (sync_actions a4)
14.0: (del a7)
15.0: (validate_payload t9 a5 t10)
16.0: (sync_actions a5)
17.0: (validate_payload t10 a6 t11)
18.0: (sync_actions a6)
19.0: (validate_payload t11 a8 t12)
20.0: (sync_actions a8)
21.0: (validate_payload t12 a1 t13)
22.0: (sync_actions a1)
23.0: (validate_payload t13 a2 t14)
24.0: (sync_actions a2)
25.0: (validate_payload t14 a0 t15)
26.0: (sync_actions a0)
27.0: (validate_payload t15 a9 t16)
28.0: (sync_actions a9)

Plan-Length:29
Metric (Search):6.0
Planning Time (msec): 171
Heuristic Time (msec): 7
Search Time (msec): 162
Expanded Nodes:330
States Evaluated:620
Number of Dead-Ends detected:0
Number of Duplicates detected:38
/usr/bin/time -v timeout 600 java -Xmx64g -jar ./enhsp3.jar -o ./domain_with_failure.pddl -f ./problems/BasePN-3And-add-3-d1/problem89.pddl -h blind -s WAStar
Domain parsed
Problem parsed
Grounding..
Grounding Time: 3303
UFX:true
|F|:16467
|X|:4
|A|:345
|P|:0
|E|:0
h(I):0.0
f(n) = 1.0 (Expanded Nodes: 14, Evaluated States: 38, Time: 0.031) Frontier Size: 24
f(n) = 2.0 (Expanded Nodes: 50, Evaluated States: 126, Time: 0.075) Frontier Size: 76
f(n) = 3.0 (Expanded Nodes: 116, Evaluated States: 259, Time: 0.111) Frontier Size: 143
f(n) = 4.0 (Expanded Nodes: 300, Evaluated States: 583, Time: 0.146) Frontier Size: 283
f(n) = 5.0 (Expanded Nodes: 542, Evaluated States: 862, Time: 0.187) Frontier Size: 320
f(n) = 6.0 (Expanded Nodes: 970, Evaluated States: 1496, Time: 0.244) Frontier Size: 526
Problem Solved

Found Plan:
0.0: (validate_payload t0 a7 t1)
1.0: (sync_actions a7)
2.0: (validate_payload t1 a3 t2)
3.0: (sync_actions a3)
4.0: (validate_payload t2 a10 t3)
5.0: (sync_actions a10)
6.0: (validate_payload t3 a5 t4)
7.0: (sync_actions a5)
8.0: (validate_payload t4 a4 t5)
9.0: (sync_actions a4)
10.0: (validate_payload t5 a6 t6)
11.0: (sync_actions a6)
12.0: (del a9)
13.0: (del a9)
14.0: (validate_payload t8 a12 t9)
15.0: (sync_actions a12)
16.0: (validate_payload t9 a11 t10)
17.0: (sync_actions a11)
18.0: (del a6)
19.0: (validate_payload t11 a8 t12)
20.0: (sync_actions a8)
21.0: (validate_payload t12 a1 t13)
22.0: (sync_actions a1)
23.0: (validate_payload t13 a0 t14)
24.0: (sync_actions a0)
25.0: (validate_payload t14 a2 t15)
26.0: (sync_actions a2)
27.0: (validate_payload t15 a9 t16)
28.0: (sync_actions a9)

Plan-Length:29
Metric (Search):6.0
Planning Time (msec): 292
Heuristic Time (msec): 6
Search Time (msec): 290
Expanded Nodes:1264
States Evaluated:1792
Number of Dead-Ends detected:0
Number of Duplicates detected:299
/usr/bin/time -v timeout 600 java -Xmx64g -jar ./enhsp3.jar -o ./domain_with_failure.pddl -f ./problems/BasePN-3And-add-3-d1/problem90.pddl -h blind -s WAStar
Domain parsed
Problem parsed
Grounding..
Grounding Time: 3260
UFX:true
|F|:16467
|X|:4
|A|:345
|P|:0
|E|:0
h(I):0.0
f(n) = 1.0 (Expanded Nodes: 12, Evaluated States: 34, Time: 0.031) Frontier Size: 22
f(n) = 2.0 (Expanded Nodes: 48, Evaluated States: 130, Time: 0.088) Frontier Size: 82
f(n) = 3.0 (Expanded Nodes: 111, Evaluated States: 255, Time: 0.127) Frontier Size: 144
f(n) = 4.0 (Expanded Nodes: 339, Evaluated States: 685, Time: 0.168) Frontier Size: 346
f(n) = 5.0 (Expanded Nodes: 578, Evaluated States: 959, Time: 0.21) Frontier Size: 381
f(n) = 6.0 (Expanded Nodes: 1154, Evaluated States: 1839, Time: 0.259) Frontier Size: 685
Problem Solved

Found Plan:
0.0: (validate_payload t0 a7 t1)
1.0: (sync_actions a7)
2.0: (validate_payload t1 a10 t2)
3.0: (sync_actions a10)
4.0: (validate_payload t2 a3 t3)
5.0: (sync_actions a3)
6.0: (validate_payload t3 a12 t4)
7.0: (sync_actions a12)
8.0: (validate_payload t4 a11 t5)
9.0: (sync_actions a11)
10.0: (del a7)
11.0: (validate_payload t6 a4 t7)
12.0: (sync_actions a4)
13.0: (validate_payload t7 a5 t8)
14.0: (sync_actions a5)
15.0: (validate_payload t8 a6 t9)
16.0: (sync_actions a6)
17.0: (del a6)
18.0: (validate_payload t10 a8 t11)
19.0: (sync_actions a8)
20.0: (del a12)
21.0: (validate_payload t12 a0 t13)
22.0: (sync_actions a0)
23.0: (validate_payload t13 a1 t14)
24.0: (sync_actions a1)
25.0: (validate_payload t14 a2 t15)
26.0: (sync_actions a2)
27.0: (validate_payload t15 a9 t16)
28.0: (sync_actions a9)

Plan-Length:29
Metric (Search):6.0
Planning Time (msec): 273
Heuristic Time (msec): 7
Search Time (msec): 271
Expanded Nodes:1329
States Evaluated:1989
Number of Dead-Ends detected:0
Number of Duplicates detected:294
/usr/bin/time -v timeout 600 java -Xmx64g -jar ./enhsp3.jar -o ./domain_with_failure.pddl -f ./problems/BasePN-3And-add-3-d1/problem91.pddl -h blind -s WAStar
Domain parsed
Problem parsed
Grounding..
Grounding Time: 3321
UFX:true
|F|:16467
|X|:4
|A|:345
|P|:0
|E|:0
h(I):0.0
f(n) = 1.0 (Expanded Nodes: 16, Evaluated States: 42, Time: 0.042) Frontier Size: 26
f(n) = 2.0 (Expanded Nodes: 60, Evaluated States: 148, Time: 0.082) Frontier Size: 88
f(n) = 3.0 (Expanded Nodes: 133, Evaluated States: 292, Time: 0.121) Frontier Size: 159
f(n) = 4.0 (Expanded Nodes: 349, Evaluated States: 676, Time: 0.152) Frontier Size: 327
f(n) = 5.0 (Expanded Nodes: 628, Evaluated States: 993, Time: 0.182) Frontier Size: 365
f(n) = 6.0 (Expanded Nodes: 1136, Evaluated States: 1769, Time: 0.218) Frontier Size: 633
Problem Solved

Found Plan:
0.0: (validate_payload t0 a7 t1)
1.0: (sync_actions a7)
2.0: (validate_payload t1 a3 t2)
3.0: (sync_actions a3)
4.0: (validate_payload t2 a10 t3)
5.0: (sync_actions a10)
6.0: (validate_payload t3 a5 t4)
7.0: (sync_actions a5)
8.0: (validate_payload t4 a4 t5)
9.0: (sync_actions a4)
10.0: (validate_payload t5 a6 t6)
11.0: (sync_actions a6)
12.0: (validate_payload t6 a12 t7)
13.0: (sync_actions a12)
14.0: (del a12)
15.0: (del a3)
16.0: (validate_payload t9 a11 t10)
17.0: (sync_actions a11)
18.0: (validate_payload t10 a8 t11)
19.0: (sync_actions a8)
20.0: (del a8)
21.0: (validate_payload t12 a0 t13)
22.0: (sync_actions a0)
23.0: (validate_payload t13 a1 t14)
24.0: (sync_actions a1)
25.0: (validate_payload t14 a2 t15)
26.0: (sync_actions a2)
27.0: (validate_payload t15 a9 t16)
28.0: (sync_actions a9)

Plan-Length:29
Metric (Search):6.0
Planning Time (msec): 237
Heuristic Time (msec): 17
Search Time (msec): 230
Expanded Nodes:1252
States Evaluated:1872
Number of Dead-Ends detected:0
Number of Duplicates detected:273
/usr/bin/time -v timeout 600 java -Xmx64g -jar ./enhsp3.jar -o ./domain_with_failure.pddl -f ./problems/BasePN-3And-add-3-d1/problem92.pddl -h blind -s WAStar
Domain parsed
Problem parsed
Grounding..
Grounding Time: 3289
UFX:true
|F|:16467
|X|:4
|A|:345
|P|:0
|E|:0
h(I):0.0
f(n) = 1.0 (Expanded Nodes: 10, Evaluated States: 32, Time: 0.043) Frontier Size: 22
f(n) = 2.0 (Expanded Nodes: 38, Evaluated States: 106, Time: 0.087) Frontier Size: 68
f(n) = 3.0 (Expanded Nodes: 90, Evaluated States: 231, Time: 0.125) Frontier Size: 141
f(n) = 4.0 (Expanded Nodes: 276, Evaluated States: 543, Time: 0.154) Frontier Size: 267
f(n) = 5.0 (Expanded Nodes: 497, Evaluated States: 886, Time: 0.186) Frontier Size: 389
f(n) = 6.0 (Expanded Nodes: 1049, Evaluated States: 1656, Time: 0.228) Frontier Size: 607
Problem Solved

Found Plan:
0.0: (validate_payload t0 a7 t1)
1.0: (sync_actions a7)
2.0: (validate_payload t1 a10 t2)
3.0: (sync_actions a10)
4.0: (validate_payload t2 a3 t3)
5.0: (sync_actions a3)
6.0: (validate_payload t3 a12 t4)
7.0: (sync_actions a12)
8.0: (del a9)
9.0: (del a9)
10.0: (validate_payload t6 a11 t7)
11.0: (sync_actions a11)
12.0: (validate_payload t7 a4 t8)
13.0: (sync_actions a4)
14.0: (validate_payload t8 a5 t9)
15.0: (sync_actions a5)
16.0: (validate_payload t9 a6 t10)
17.0: (sync_actions a6)
18.0: (validate_payload t10 a8 t11)
19.0: (sync_actions a8)
20.0: (validate_payload t11 a1 t12)
21.0: (sync_actions a1)
22.0: (del a1)
23.0: (validate_payload t13 a2 t14)
24.0: (sync_actions a2)
25.0: (validate_payload t14 a0 t15)
26.0: (sync_actions a0)
27.0: (validate_payload t15 a9 t16)
28.0: (sync_actions a9)

Plan-Length:29
Metric (Search):6.0
Planning Time (msec): 271
Heuristic Time (msec): 21
Search Time (msec): 269
Expanded Nodes:1499
States Evaluated:2300
Number of Dead-Ends detected:0
Number of Duplicates detected:290
/usr/bin/time -v timeout 600 java -Xmx64g -jar ./enhsp3.jar -o ./domain_with_failure.pddl -f ./problems/BasePN-3And-add-3-d1/problem93.pddl -h blind -s WAStar
Domain parsed
Problem parsed
Grounding..
Grounding Time: 3638
UFX:true
|F|:16467
|X|:4
|A|:345
|P|:0
|E|:0
h(I):0.0
f(n) = 1.0 (Expanded Nodes: 8, Evaluated States: 24, Time: 0.029) Frontier Size: 16
f(n) = 2.0 (Expanded Nodes: 20, Evaluated States: 50, Time: 0.063) Frontier Size: 30
f(n) = 3.0 (Expanded Nodes: 64, Evaluated States: 150, Time: 0.091) Frontier Size: 86
f(n) = 4.0 (Expanded Nodes: 172, Evaluated States: 358, Time: 0.106) Frontier Size: 186
f(n) = 5.0 (Expanded Nodes: 328, Evaluated States: 596, Time: 0.133) Frontier Size: 268
f(n) = 6.0 (Expanded Nodes: 680, Evaluated States: 1200, Time: 0.16) Frontier Size: 520
Problem Solved

Found Plan:
0.0: (validate_payload t0 a7 t1)
1.0: (sync_actions a7)
2.0: (validate_payload t1 a3 t2)
3.0: (sync_actions a3)
4.0: (validate_payload t2 a10 t3)
5.0: (sync_actions a10)
6.0: (del a9)
7.0: (validate_payload t4 a5 t5)
8.0: (sync_actions a5)
9.0: (validate_payload t5 a4 t6)
10.0: (sync_actions a4)
11.0: (validate_payload t6 a6 t7)
12.0: (sync_actions a6)
13.0: (validate_payload t7 a12 t8)
14.0: (sync_actions a12)
15.0: (del a9)
16.0: (validate_payload t9 a11 t10)
17.0: (sync_actions a11)
18.0: (validate_payload t10 a8 t11)
19.0: (sync_actions a8)
20.0: (validate_payload t11 a1 t12)
21.0: (sync_actions a1)
22.0: (validate_payload t12 a2 t13)
23.0: (sync_actions a2)
24.0: (del a9)
25.0: (validate_payload t14 a0 t15)
26.0: (sync_actions a0)
27.0: (validate_payload t15 a9 t16)
28.0: (sync_actions a9)

Plan-Length:29
Metric (Search):6.0
Planning Time (msec): 177
Heuristic Time (msec): 7
Search Time (msec): 166
Expanded Nodes:718
States Evaluated:1251
Number of Dead-Ends detected:0
Number of Duplicates detected:123
/usr/bin/time -v timeout 600 java -Xmx64g -jar ./enhsp3.jar -o ./domain_with_failure.pddl -f ./problems/BasePN-3And-add-3-d1/problem94.pddl -h blind -s WAStar
Domain parsed
Problem parsed
Grounding..
Grounding Time: 3312
UFX:true
|F|:16467
|X|:4
|A|:345
|P|:0
|E|:0
h(I):0.0
f(n) = 1.0 (Expanded Nodes: 6, Evaluated States: 18, Time: 0.019) Frontier Size: 12
f(n) = 2.0 (Expanded Nodes: 18, Evaluated States: 40, Time: 0.055) Frontier Size: 22
f(n) = 3.0 (Expanded Nodes: 41, Evaluated States: 102, Time: 0.073) Frontier Size: 61
f(n) = 4.0 (Expanded Nodes: 107, Evaluated States: 210, Time: 0.091) Frontier Size: 103
f(n) = 5.0 (Expanded Nodes: 219, Evaluated States: 424, Time: 0.115) Frontier Size: 205
f(n) = 6.0 (Expanded Nodes: 515, Evaluated States: 936, Time: 0.159) Frontier Size: 421
Problem Solved

Found Plan:
0.0: (validate_payload t0 a7 t1)
1.0: (sync_actions a7)
2.0: (validate_payload t1 a10 t2)
3.0: (sync_actions a10)
4.0: (del a2)
5.0: (validate_payload t3 a3 t4)
6.0: (sync_actions a3)
7.0: (del a6)
8.0: (validate_payload t5 a4 t6)
9.0: (sync_actions a4)
10.0: (validate_payload t6 a12 t7)
11.0: (sync_actions a12)
12.0: (validate_payload t7 a11 t8)
13.0: (sync_actions a11)
14.0: (validate_payload t8 a5 t9)
15.0: (sync_actions a5)
16.0: (validate_payload t9 a6 t10)
17.0: (sync_actions a6)
18.0: (validate_payload t10 a8 t11)
19.0: (sync_actions a8)
20.0: (validate_payload t11 a0 t12)
21.0: (sync_actions a0)
22.0: (validate_payload t12 a1 t13)
23.0: (sync_actions a1)
24.0: (validate_payload t13 a2 t14)
25.0: (sync_actions a2)
26.0: (del a6)
27.0: (validate_payload t15 a9 t16)
28.0: (sync_actions a9)

Plan-Length:29
Metric (Search):6.0
Planning Time (msec): 188
Heuristic Time (msec): 5
Search Time (msec): 178
Expanded Nodes:817
States Evaluated:1432
Number of Dead-Ends detected:0
Number of Duplicates detected:97
/usr/bin/time -v timeout 600 java -Xmx64g -jar ./enhsp3.jar -o ./domain_with_failure.pddl -f ./problems/BasePN-3And-add-3-d1/problem95.pddl -h blind -s WAStar
Domain parsed
Problem parsed
Grounding..
Grounding Time: 3201
UFX:true
|F|:16467
|X|:4
|A|:345
|P|:0
|E|:0
h(I):0.0
f(n) = 1.0 (Expanded Nodes: 10, Evaluated States: 31, Time: 0.029) Frontier Size: 21
f(n) = 2.0 (Expanded Nodes: 38, Evaluated States: 101, Time: 0.069) Frontier Size: 63
f(n) = 3.0 (Expanded Nodes: 90, Evaluated States: 225, Time: 0.098) Frontier Size: 135
f(n) = 4.0 (Expanded Nodes: 266, Evaluated States: 513, Time: 0.126) Frontier Size: 247
f(n) = 5.0 (Expanded Nodes: 492, Evaluated States: 861, Time: 0.156) Frontier Size: 369
f(n) = 6.0 (Expanded Nodes: 1004, Evaluated States: 1583, Time: 0.21) Frontier Size: 579
Problem Solved

Found Plan:
0.0: (validate_payload t0 a7 t1)
1.0: (sync_actions a7)
2.0: (validate_payload t1 a10 t2)
3.0: (sync_actions a10)
4.0: (validate_payload t2 a3 t3)
5.0: (sync_actions a3)
6.0: (validate_payload t3 a4 t4)
7.0: (sync_actions a4)
8.0: (del a7)
9.0: (validate_payload t5 a5 t6)
10.0: (sync_actions a5)
11.0: (del a1)
12.0: (validate_payload t7 a12 t8)
13.0: (sync_actions a12)
14.0: (validate_payload t8 a6 t9)
15.0: (sync_actions a6)
16.0: (validate_payload t9 a11 t10)
17.0: (sync_actions a11)
18.0: (validate_payload t10 a8 t11)
19.0: (sync_actions a8)
20.0: (del a8)
21.0: (validate_payload t12 a0 t13)
22.0: (sync_actions a0)
23.0: (validate_payload t13 a1 t14)
24.0: (sync_actions a1)
25.0: (validate_payload t14 a2 t15)
26.0: (sync_actions a2)
27.0: (validate_payload t15 a9 t16)
28.0: (sync_actions a9)

Plan-Length:29
Metric (Search):6.0
Planning Time (msec): 245
Heuristic Time (msec): 7
Search Time (msec): 238
Expanded Nodes:1393
States Evaluated:2115
Number of Dead-Ends detected:0
Number of Duplicates detected:268
/usr/bin/time -v timeout 600 java -Xmx64g -jar ./enhsp3.jar -o ./domain_with_failure.pddl -f ./problems/BasePN-3And-add-3-d1/problem96.pddl -h blind -s WAStar
Domain parsed
Problem parsed
Grounding..
Grounding Time: 3307
UFX:true
|F|:16467
|X|:4
|A|:345
|P|:0
|E|:0
h(I):0.0
f(n) = 1.0 (Expanded Nodes: 16, Evaluated States: 42, Time: 0.037) Frontier Size: 26
f(n) = 2.0 (Expanded Nodes: 60, Evaluated States: 148, Time: 0.076) Frontier Size: 88
f(n) = 3.0 (Expanded Nodes: 139, Evaluated States: 306, Time: 0.11) Frontier Size: 167
f(n) = 4.0 (Expanded Nodes: 379, Evaluated States: 758, Time: 0.144) Frontier Size: 379
f(n) = 5.0 (Expanded Nodes: 702, Evaluated States: 1147, Time: 0.193) Frontier Size: 445
f(n) = 6.0 (Expanded Nodes: 1302, Evaluated States: 2103, Time: 0.233) Frontier Size: 801
Problem Solved

Found Plan:
0.0: (validate_payload t0 a7 t1)
1.0: (sync_actions a7)
2.0: (validate_payload t1 a3 t2)
3.0: (sync_actions a3)
4.0: (validate_payload t2 a10 t3)
5.0: (sync_actions a10)
6.0: (validate_payload t3 a4 t4)
7.0: (sync_actions a4)
8.0: (validate_payload t4 a5 t5)
9.0: (sync_actions a5)
10.0: (validate_payload t5 a6 t6)
11.0: (sync_actions a6)
12.0: (validate_payload t6 a12 t7)
13.0: (sync_actions a12)
14.0: (del a6)
15.0: (validate_payload t8 a11 t9)
16.0: (sync_actions a11)
17.0: (validate_payload t9 a8 t10)
18.0: (sync_actions a8)
19.0: (validate_payload t10 a1 t11)
20.0: (sync_actions a1)
21.0: (del a12)
22.0: (validate_payload t12 a2 t13)
23.0: (sync_actions a2)
24.0: (del a7)
25.0: (validate_payload t14 a0 t15)
26.0: (sync_actions a0)
27.0: (validate_payload t15 a9 t16)
28.0: (sync_actions a9)

Plan-Length:29
Metric (Search):6.0
Planning Time (msec): 279
Heuristic Time (msec): 4
Search Time (msec): 272
Expanded Nodes:1929
States Evaluated:2740
Number of Dead-Ends detected:0
Number of Duplicates detected:409
/usr/bin/time -v timeout 600 java -Xmx64g -jar ./enhsp3.jar -o ./domain_with_failure.pddl -f ./problems/BasePN-3And-add-3-d1/problem97.pddl -h blind -s WAStar
Domain parsed
Problem parsed
Grounding..
Grounding Time: 3249
UFX:true
|F|:16467
|X|:3
|A|:345
|P|:0
|E|:0
h(I):0.0
f(n) = 2.0 (Expanded Nodes: 24, Evaluated States: 55, Time: 0.034) Frontier Size: 31
f(n) = 4.0 (Expanded Nodes: 116, Evaluated States: 206, Time: 0.108) Frontier Size: 90
f(n) = 6.0 (Expanded Nodes: 316, Evaluated States: 454, Time: 0.132) Frontier Size: 138
Problem Solved

Found Plan:
0.0: (validate_payload t0 a7 t1)
1.0: (sync_actions a7)
2.0: (validate_payload t1 a3 t2)
3.0: (sync_actions a3)
4.0: (validate_payload t2 a4 t3)
5.0: (sync_actions a4)
6.0: (validate_payload t3 a5 t4)
7.0: (sync_actions a5)
8.0: (validate_payload t4 a10 t5)
9.0: (sync_actions a10)
10.0: (validate_payload t5 a6 t6)
11.0: (sync_actions a6)
12.0: (validate_payload t6 a12 t7)
13.0: (sync_actions a12)
14.0: (validate_payload t7 a11 t8)
15.0: (sync_actions a11)
16.0: (validate_payload t8 a8 t9)
17.0: (sync_actions a8)
18.0: (validate_payload t9 a1 t10)
19.0: (sync_actions a1)
20.0: (validate_payload t10 a2 t11)
21.0: (sync_actions a2)
22.0: (del a5)
23.0: (del a12)
24.0: (del a4)
25.0: (validate_payload t14 a0 t15)
26.0: (sync_actions a0)
27.0: (validate_payload t15 a9 t16)
28.0: (sync_actions a9)

Plan-Length:29
Metric (Search):6.0
Planning Time (msec): 144
Heuristic Time (msec): 6
Search Time (msec): 134
Expanded Nodes:351
States Evaluated:496
Number of Dead-Ends detected:0
Number of Duplicates detected:95
/usr/bin/time -v timeout 600 java -Xmx64g -jar ./enhsp3.jar -o ./domain_with_failure.pddl -f ./problems/BasePN-3And-add-3-d1/problem98.pddl -h blind -s WAStar
Domain parsed
Problem parsed
Grounding..
Grounding Time: 3067
UFX:true
|F|:16467
|X|:4
|A|:345
|P|:0
|E|:0
h(I):0.0
f(n) = 1.0 (Expanded Nodes: 14, Evaluated States: 37, Time: 0.029) Frontier Size: 23
f(n) = 2.0 (Expanded Nodes: 58, Evaluated States: 147, Time: 0.065) Frontier Size: 89
f(n) = 3.0 (Expanded Nodes: 120, Evaluated States: 271, Time: 0.097) Frontier Size: 151
f(n) = 4.0 (Expanded Nodes: 340, Evaluated States: 685, Time: 0.139) Frontier Size: 345
f(n) = 5.0 (Expanded Nodes: 613, Evaluated States: 999, Time: 0.181) Frontier Size: 386
f(n) = 6.0 (Expanded Nodes: 1213, Evaluated States: 1957, Time: 0.253) Frontier Size: 744
Problem Solved

Found Plan:
0.0: (validate_payload t0 a7 t1)
1.0: (sync_actions a7)
2.0: (validate_payload t1 a10 t2)
3.0: (sync_actions a10)
4.0: (validate_payload t2 a3 t3)
5.0: (sync_actions a3)
6.0: (validate_payload t3 a4 t4)
7.0: (sync_actions a4)
8.0: (validate_payload t4 a12 t5)
9.0: (sync_actions a12)
10.0: (validate_payload t5 a11 t6)
11.0: (sync_actions a11)
12.0: (del a6)
13.0: (del a4)
14.0: (validate_payload t8 a5 t9)
15.0: (sync_actions a5)
16.0: (validate_payload t9 a6 t10)
17.0: (sync_actions a6)
18.0: (validate_payload t10 a8 t11)
19.0: (sync_actions a8)
20.0: (validate_payload t11 a1 t12)
21.0: (sync_actions a1)
22.0: (del a8)
23.0: (validate_payload t13 a2 t14)
24.0: (sync_actions a2)
25.0: (validate_payload t14 a0 t15)
26.0: (sync_actions a0)
27.0: (validate_payload t15 a9 t16)
28.0: (sync_actions a9)

Plan-Length:29
Metric (Search):6.0
Planning Time (msec): 311
Heuristic Time (msec): 5
Search Time (msec): 309
Expanded Nodes:1749
States Evaluated:2446
Number of Dead-Ends detected:0
Number of Duplicates detected:410
/usr/bin/time -v timeout 600 java -Xmx64g -jar ./enhsp3.jar -o ./domain_with_failure.pddl -f ./problems/BasePN-3And-add-3-d1/problem99.pddl -h blind -s WAStar
Domain parsed
Problem parsed
Grounding..
Grounding Time: 3003
UFX:true
|F|:16467
|X|:4
|A|:345
|P|:0
|E|:0
h(I):0.0
f(n) = 2.0 (Expanded Nodes: 4, Evaluated States: 8, Time: 0.017) Frontier Size: 4
f(n) = 4.0 (Expanded Nodes: 17, Evaluated States: 34, Time: 0.062) Frontier Size: 17
f(n) = 5.0 (Expanded Nodes: 76, Evaluated States: 145, Time: 0.096) Frontier Size: 69
f(n) = 6.0 (Expanded Nodes: 152, Evaluated States: 331, Time: 0.116) Frontier Size: 179
Problem Solved

Found Plan:
0.0: (validate_payload t0 a7 t1)
1.0: (sync_actions a7)
2.0: (del a6)
3.0: (validate_payload t2 a3 t3)
4.0: (sync_actions a3)
5.0: (del a11)
6.0: (validate_payload t4 a10 t5)
7.0: (sync_actions a10)
8.0: (validate_payload t5 a4 t6)
9.0: (sync_actions a4)
10.0: (validate_payload t6 a12 t7)
11.0: (sync_actions a12)
12.0: (validate_payload t7 a11 t8)
13.0: (sync_actions a11)
14.0: (validate_payload t8 a5 t9)
15.0: (sync_actions a5)
16.0: (validate_payload t9 a6 t10)
17.0: (sync_actions a6)
18.0: (validate_payload t10 a8 t11)
19.0: (sync_actions a8)
20.0: (validate_payload t11 a0 t12)
21.0: (sync_actions a0)
22.0: (validate_payload t12 a1 t13)
23.0: (sync_actions a1)
24.0: (del a7)
25.0: (validate_payload t14 a2 t15)
26.0: (sync_actions a2)
27.0: (validate_payload t15 a9 t16)
28.0: (sync_actions a9)

Plan-Length:29
Metric (Search):6.0
Planning Time (msec): 162
Heuristic Time (msec): 2
Search Time (msec): 154
Expanded Nodes:336
States Evaluated:634
Number of Dead-Ends detected:0
Number of Duplicates detected:47
/usr/bin/time -v timeout 600 java -Xmx64g -jar ./enhsp3.jar -o ./domain_with_failure.pddl -f ./problems/BasePN-3And-add-3-d1/problem100.pddl -h blind -s WAStar
Domain parsed
Problem parsed
Grounding..
Grounding Time: 3187
UFX:true
|F|:16467
|X|:4
|A|:345
|P|:0
|E|:0
h(I):0.0
f(n) = 1.0 (Expanded Nodes: 12, Evaluated States: 37, Time: 0.027) Frontier Size: 25
f(n) = 2.0 (Expanded Nodes: 48, Evaluated States: 129, Time: 0.074) Frontier Size: 81
f(n) = 3.0 (Expanded Nodes: 125, Evaluated States: 311, Time: 0.11) Frontier Size: 186
f(n) = 4.0 (Expanded Nodes: 401, Evaluated States: 793, Time: 0.151) Frontier Size: 392
f(n) = 5.0 (Expanded Nodes: 722, Evaluated States: 1297, Time: 0.182) Frontier Size: 575
f(n) = 6.0 (Expanded Nodes: 1604, Evaluated States: 2549, Time: 0.245) Frontier Size: 945
Problem Solved

Found Plan:
0.0: (validate_payload t0 a7 t1)
1.0: (sync_actions a7)
2.0: (validate_payload t1 a10 t2)
3.0: (sync_actions a10)
4.0: (validate_payload t2 a3 t3)
5.0: (sync_actions a3)
6.0: (validate_payload t3 a4 t4)
7.0: (sync_actions a4)
8.0: (validate_payload t4 a5 t5)
9.0: (sync_actions a5)
10.0: (del a11)
11.0: (validate_payload t6 a6 t7)
12.0: (sync_actions a6)
13.0: (validate_payload t7 a12 t8)
14.0: (sync_actions a12)
15.0: (validate_payload t8 a11 t9)
16.0: (sync_actions a11)
17.0: (validate_payload t9 a8 t10)
18.0: (sync_actions a8)
19.0: (validate_payload t10 a0 t11)
20.0: (sync_actions a0)
21.0: (del a2)
22.0: (validate_payload t12 a1 t13)
23.0: (sync_actions a1)
24.0: (validate_payload t13 a2 t14)
25.0: (sync_actions a2)
26.0: (del a0)
27.0: (validate_payload t15 a9 t16)
28.0: (sync_actions a9)

Plan-Length:29
Metric (Search):6.0
Planning Time (msec): 310
Heuristic Time (msec): 6
Search Time (msec): 303
Expanded Nodes:2194
States Evaluated:3320
Number of Dead-Ends detected:0
Number of Duplicates detected:411
