/usr/bin/time -v timeout 600 java -Xmx64g -jar ./enhsp3.jar -o ./domain_with_failure.pddl -f ./problems/BasePN-1And-del-5-d3/problem1.pddl -h blind -s WAStar
Domain parsed
Problem parsed
Grounding..
Grounding Time: 2464
UFX:true
|F|:7531
|X|:6
|A|:369
|P|:0
|E|:0
h(I):0.0
f(n) = 2.0 (Expanded Nodes: 4, Evaluated States: 8, Time: 0.024) Frontier Size: 4
f(n) = 4.0 (Expanded Nodes: 17, Evaluated States: 30, Time: 0.074) Frontier Size: 13
f(n) = 6.0 (Expanded Nodes: 45, Evaluated States: 64, Time: 0.091) Frontier Size: 19
f(n) = 8.0 (Expanded Nodes: 84, Evaluated States: 105, Time: 0.101) Frontier Size: 21
f(n) = 10.0 (Expanded Nodes: 127, Evaluated States: 146, Time: 0.118) Frontier Size: 19
Problem Solved

Found Plan:
0.0: (validate_payload t0 a7 t1)
1.0: (sync_actions a7)
2.0: (add_action a10)
3.0: (check_added_variables_model a10)
4.0: (move_in_model_move_automata a10)
5.0: (validate_payload t1 a12 t2)
6.0: (sync_actions a12)
7.0: (add_action a11)
8.0: (check_added_variables_model a11)
9.0: (move_in_model_move_automata a11)
10.0: (add_action a8)
11.0: (check_added_variables_model a8)
12.0: (move_in_model_move_automata a8)
13.0: (add_action a1)
14.0: (check_added_variables_model a1)
15.0: (move_in_model_move_automata a1)
16.0: (validate_payload t2 a0 t3)
17.0: (sync_actions a0)
18.0: (add_action a2)
19.0: (check_added_variables_model a2)
20.0: (move_in_model_move_automata a2)
21.0: (validate_payload t3 a9 t4)
22.0: (sync_actions a9)

Plan-Length:23
Metric (Search):10.0
Planning Time (msec): 130
Heuristic Time (msec): 7
Search Time (msec): 127
Expanded Nodes:155
States Evaluated:176
Number of Dead-Ends detected:0
Number of Duplicates detected:42
/usr/bin/time -v timeout 600 java -Xmx64g -jar ./enhsp3.jar -o ./domain_with_failure.pddl -f ./problems/BasePN-1And-del-5-d3/problem2.pddl -h blind -s WAStar
Domain parsed
Problem parsed
Grounding..
Grounding Time: 2328
UFX:true
|F|:7531
|X|:9
|A|:369
|P|:0
|E|:0
h(I):0.0
f(n) = 1.0 (Expanded Nodes: 2, Evaluated States: 6, Time: 0.028) Frontier Size: 4
f(n) = 2.0 (Expanded Nodes: 5, Evaluated States: 6, Time: 0.055) Frontier Size: 1
f(n) = 3.0 (Expanded Nodes: 9, Evaluated States: 16, Time: 0.069) Frontier Size: 7
f(n) = 4.0 (Expanded Nodes: 12, Evaluated States: 16, Time: 0.07) Frontier Size: 4
f(n) = 5.0 (Expanded Nodes: 22, Evaluated States: 37, Time: 0.08) Frontier Size: 15
f(n) = 6.0 (Expanded Nodes: 28, Evaluated States: 37, Time: 0.081) Frontier Size: 9
f(n) = 7.0 (Expanded Nodes: 46, Evaluated States: 65, Time: 0.091) Frontier Size: 19
f(n) = 8.0 (Expanded Nodes: 52, Evaluated States: 65, Time: 0.091) Frontier Size: 13
f(n) = 9.0 (Expanded Nodes: 81, Evaluated States: 106, Time: 0.109) Frontier Size: 25
f(n) = 10.0 (Expanded Nodes: 102, Evaluated States: 149, Time: 0.117) Frontier Size: 47
Problem Solved

Found Plan:
0.0: (add_action a7)
1.0: (check_added_variables_model a7)
2.0: (move_in_model_move_automata a7)
3.0: (add_action a10)
4.0: (check_added_variables_model a10)
5.0: (move_in_model_move_automata a10)
6.0: (add_action a12)
7.0: (check_added_variables_model a12)
8.0: (move_in_model_move_automata a12)
9.0: (add_action a11)
10.0: (check_added_variables_model a11)
11.0: (move_in_model_move_automata a11)
12.0: (validate_payload t0 a8 t1)
13.0: (sync_actions a8)
14.0: (validate_payload t1 a1 t2)
15.0: (sync_actions a1)
16.0: (add_action a2)
17.0: (check_added_variables_model a2)
18.0: (move_in_model_move_automata a2)
19.0: (validate_payload t2 a0 t3)
20.0: (sync_actions a0)
21.0: (validate_payload t3 a9 t4)
22.0: (sync_actions a9)

Plan-Length:23
Metric (Search):10.0
Planning Time (msec): 137
Heuristic Time (msec): 10
Search Time (msec): 132
Expanded Nodes:152
States Evaluated:210
Number of Dead-Ends detected:0
Number of Duplicates detected:22
/usr/bin/time -v timeout 600 java -Xmx64g -jar ./enhsp3.jar -o ./domain_with_failure.pddl -f ./problems/BasePN-1And-del-5-d3/problem3.pddl -h blind -s WAStar
Domain parsed
Problem parsed
Grounding..
Grounding Time: 2452
UFX:true
|F|:7531
|X|:7
|A|:369
|P|:0
|E|:0
h(I):0.0
f(n) = 2.0 (Expanded Nodes: 2, Evaluated States: 3, Time: 0.017) Frontier Size: 1
f(n) = 4.0 (Expanded Nodes: 6, Evaluated States: 10, Time: 0.058) Frontier Size: 4
f(n) = 6.0 (Expanded Nodes: 16, Evaluated States: 25, Time: 0.064) Frontier Size: 9
f(n) = 8.0 (Expanded Nodes: 36, Evaluated States: 51, Time: 0.084) Frontier Size: 15
f(n) = 10.0 (Expanded Nodes: 67, Evaluated States: 90, Time: 0.095) Frontier Size: 23
Problem Solved

Found Plan:
0.0: (add_action a7)
1.0: (check_added_variables_model a7)
2.0: (move_in_model_move_automata a7)
3.0: (add_action a10)
4.0: (check_added_variables_model a10)
5.0: (move_in_model_move_automata a10)
6.0: (add_action a12)
7.0: (check_added_variables_model a12)
8.0: (move_in_model_move_automata a12)
9.0: (validate_payload t0 a11 t1)
10.0: (sync_actions a11)
11.0: (add_action a8)
12.0: (check_added_variables_model a8)
13.0: (move_in_model_move_automata a8)
14.0: (add_action a0)
15.0: (check_added_variables_model a0)
16.0: (move_in_model_move_automata a0)
17.0: (validate_payload t1 a1 t2)
18.0: (sync_actions a1)
19.0: (validate_payload t2 a2 t3)
20.0: (sync_actions a2)
21.0: (validate_payload t3 a9 t4)
22.0: (sync_actions a9)

Plan-Length:23
Metric (Search):10.0
Planning Time (msec): 112
Heuristic Time (msec): 7
Search Time (msec): 110
Expanded Nodes:99
States Evaluated:129
Number of Dead-Ends detected:0
Number of Duplicates detected:22
/usr/bin/time -v timeout 600 java -Xmx64g -jar ./enhsp3.jar -o ./domain_with_failure.pddl -f ./problems/BasePN-1And-del-5-d3/problem4.pddl -h blind -s WAStar
Domain parsed
Problem parsed
Grounding..
Grounding Time: 2446
UFX:true
|F|:7531
|X|:6
|A|:369
|P|:0
|E|:0
h(I):0.0
f(n) = 2.0 (Expanded Nodes: 6, Evaluated States: 12, Time: 0.021) Frontier Size: 6
f(n) = 4.0 (Expanded Nodes: 21, Evaluated States: 35, Time: 0.072) Frontier Size: 14
f(n) = 6.0 (Expanded Nodes: 51, Evaluated States: 69, Time: 0.083) Frontier Size: 18
f(n) = 8.0 (Expanded Nodes: 89, Evaluated States: 108, Time: 0.097) Frontier Size: 19
f(n) = 10.0 (Expanded Nodes: 129, Evaluated States: 147, Time: 0.112) Frontier Size: 18
Problem Solved

Found Plan:
0.0: (validate_payload t0 a7 t1)
1.0: (sync_actions a7)
2.0: (validate_payload t1 a10 t2)
3.0: (sync_actions a10)
4.0: (add_action a12)
5.0: (check_added_variables_model a12)
6.0: (move_in_model_move_automata a12)
7.0: (add_action a11)
8.0: (check_added_variables_model a11)
9.0: (move_in_model_move_automata a11)
10.0: (add_action a8)
11.0: (check_added_variables_model a8)
12.0: (move_in_model_move_automata a8)
13.0: (validate_payload t2 a0 t3)
14.0: (sync_actions a0)
15.0: (add_action a1)
16.0: (check_added_variables_model a1)
17.0: (move_in_model_move_automata a1)
18.0: (add_action a2)
19.0: (check_added_variables_model a2)
20.0: (move_in_model_move_automata a2)
21.0: (validate_payload t3 a9 t4)
22.0: (sync_actions a9)

Plan-Length:23
Metric (Search):10.0
Planning Time (msec): 122
Heuristic Time (msec): 2
Search Time (msec): 116
Expanded Nodes:141
States Evaluated:160
Number of Dead-Ends detected:0
Number of Duplicates detected:38
/usr/bin/time -v timeout 600 java -Xmx64g -jar ./enhsp3.jar -o ./domain_with_failure.pddl -f ./problems/BasePN-1And-del-5-d3/problem5.pddl -h blind -s WAStar
Domain parsed
Problem parsed
Grounding..
Grounding Time: 2303
UFX:true
|F|:7531
|X|:8
|A|:369
|P|:0
|E|:0
h(I):0.0
f(n) = 2.0 (Expanded Nodes: 2, Evaluated States: 3, Time: 0.017) Frontier Size: 1
f(n) = 3.0 (Expanded Nodes: 8, Evaluated States: 20, Time: 0.053) Frontier Size: 12
f(n) = 4.0 (Expanded Nodes: 14, Evaluated States: 20, Time: 0.059) Frontier Size: 6
f(n) = 5.0 (Expanded Nodes: 28, Evaluated States: 46, Time: 0.07) Frontier Size: 18
f(n) = 6.0 (Expanded Nodes: 34, Evaluated States: 46, Time: 0.071) Frontier Size: 12
f(n) = 7.0 (Expanded Nodes: 62, Evaluated States: 90, Time: 0.086) Frontier Size: 28
f(n) = 8.0 (Expanded Nodes: 80, Evaluated States: 120, Time: 0.093) Frontier Size: 40
f(n) = 9.0 (Expanded Nodes: 124, Evaluated States: 178, Time: 0.107) Frontier Size: 54
f(n) = 10.0 (Expanded Nodes: 175, Evaluated States: 244, Time: 0.116) Frontier Size: 69
Problem Solved

Found Plan:
0.0: (add_action a7)
1.0: (check_added_variables_model a7)
2.0: (move_in_model_move_automata a7)
3.0: (validate_payload t0 a10 t1)
4.0: (sync_actions a10)
5.0: (add_action a12)
6.0: (check_added_variables_model a12)
7.0: (move_in_model_move_automata a12)
8.0: (add_action a11)
9.0: (check_added_variables_model a11)
10.0: (move_in_model_move_automata a11)
11.0: (validate_payload t1 a8 t2)
12.0: (sync_actions a8)
13.0: (validate_payload t2 a1 t3)
14.0: (sync_actions a1)
15.0: (add_action a0)
16.0: (check_added_variables_model a0)
17.0: (move_in_model_move_automata a0)
18.0: (add_action a2)
19.0: (check_added_variables_model a2)
20.0: (move_in_model_move_automata a2)
21.0: (validate_payload t3 a9 t4)
22.0: (sync_actions a9)

Plan-Length:23
Metric (Search):10.0
Planning Time (msec): 130
Heuristic Time (msec): 6
Search Time (msec): 123
Expanded Nodes:192
States Evaluated:262
Number of Dead-Ends detected:0
Number of Duplicates detected:29
/usr/bin/time -v timeout 600 java -Xmx64g -jar ./enhsp3.jar -o ./domain_with_failure.pddl -f ./problems/BasePN-1And-del-5-d3/problem6.pddl -h blind -s WAStar
Domain parsed
Problem parsed
Grounding..
Grounding Time: 2317
UFX:true
|F|:7531
|X|:6
|A|:369
|P|:0
|E|:0
h(I):0.0
f(n) = 2.0 (Expanded Nodes: 4, Evaluated States: 8, Time: 0.028) Frontier Size: 4
f(n) = 4.0 (Expanded Nodes: 15, Evaluated States: 26, Time: 0.069) Frontier Size: 11
f(n) = 6.0 (Expanded Nodes: 45, Evaluated States: 68, Time: 0.087) Frontier Size: 23
f(n) = 8.0 (Expanded Nodes: 94, Evaluated States: 121, Time: 0.099) Frontier Size: 27
f(n) = 10.0 (Expanded Nodes: 150, Evaluated States: 168, Time: 0.116) Frontier Size: 18
Problem Solved

Found Plan:
0.0: (validate_payload t0 a7 t1)
1.0: (sync_actions a7)
2.0: (add_action a10)
3.0: (check_added_variables_model a10)
4.0: (move_in_model_move_automata a10)
5.0: (add_action a12)
6.0: (check_added_variables_model a12)
7.0: (move_in_model_move_automata a12)
8.0: (validate_payload t1 a11 t2)
9.0: (sync_actions a11)
10.0: (validate_payload t2 a8 t3)
11.0: (sync_actions a8)
12.0: (add_action a0)
13.0: (check_added_variables_model a0)
14.0: (move_in_model_move_automata a0)
15.0: (validate_payload t3 a1 t4)
16.0: (sync_actions a1)
17.0: (add_action a2)
18.0: (check_added_variables_model a2)
19.0: (move_in_model_move_automata a2)
20.0: (add_action a9)
21.0: (check_added_variables_model a9)
22.0: (move_in_model_move_automata a9)

Plan-Length:23
Metric (Search):10.0
Planning Time (msec): 128
Heuristic Time (msec): 6
Search Time (msec): 126
Expanded Nodes:178
States Evaluated:191
Number of Dead-Ends detected:0
Number of Duplicates detected:51
/usr/bin/time -v timeout 600 java -Xmx64g -jar ./enhsp3.jar -o ./domain_with_failure.pddl -f ./problems/BasePN-1And-del-5-d3/problem7.pddl -h blind -s WAStar
Domain parsed
Problem parsed
Grounding..
Grounding Time: 2426
UFX:true
|F|:7531
|X|:8
|A|:369
|P|:0
|E|:0
h(I):0.0
f(n) = 1.0 (Expanded Nodes: 6, Evaluated States: 20, Time: 0.022) Frontier Size: 14
f(n) = 2.0 (Expanded Nodes: 21, Evaluated States: 50, Time: 0.059) Frontier Size: 29
f(n) = 3.0 (Expanded Nodes: 50, Evaluated States: 99, Time: 0.083) Frontier Size: 49
f(n) = 4.0 (Expanded Nodes: 98, Evaluated States: 155, Time: 0.098) Frontier Size: 57
f(n) = 5.0 (Expanded Nodes: 167, Evaluated States: 242, Time: 0.12) Frontier Size: 75
f(n) = 6.0 (Expanded Nodes: 255, Evaluated States: 357, Time: 0.138) Frontier Size: 102
f(n) = 7.0 (Expanded Nodes: 382, Evaluated States: 527, Time: 0.164) Frontier Size: 145
f(n) = 8.0 (Expanded Nodes: 552, Evaluated States: 787, Time: 0.202) Frontier Size: 235
f(n) = 9.0 (Expanded Nodes: 893, Evaluated States: 1309, Time: 0.248) Frontier Size: 416
f(n) = 10.0 (Expanded Nodes: 1342, Evaluated States: 1983, Time: 0.316) Frontier Size: 641
f(n) = 11.0 (Expanded Nodes: 2179, Evaluated States: 2925, Time: 0.412) Frontier Size: 746
Problem Solved

Found Plan:
0.0: (validate_payload t0 a7 t1)
1.0: (sync_actions a7)
2.0: (validate_payload t1 a10 t2)
3.0: (sync_actions a10)
4.0: (add_action a12)
5.0: (check_added_variables_model a12)
6.0: (move_in_model_move_automata a12)
7.0: (add_action a11)
8.0: (check_added_variables_model a11)
9.0: (move_in_model_move_automata a11)
10.0: (validate_payload t2 a8 t3)
11.0: (sync_actions a8)
12.0: (add_action a0)
13.0: (check_added_variables_model a0)
14.0: (move_in_model_move_automata a0)
15.0: (add_action a1)
16.0: (move_in_model_parameter a1 sDEC1_2 integer v5)
17.0: (check_added_variables_model a1)
18.0: (move_in_model_move_automata a1)
19.0: (validate_payload t3 a2 t4)
20.0: (sync_actions a2)
21.0: (add_action a9)
22.0: (check_added_variables_model a9)
23.0: (move_in_model_move_automata a9)

Plan-Length:24
Metric (Search):11.0
Planning Time (msec): 472
Heuristic Time (msec): 14
Search Time (msec): 462
Expanded Nodes:2627
States Evaluated:3453
Number of Dead-Ends detected:0
Number of Duplicates detected:540
/usr/bin/time -v timeout 600 java -Xmx64g -jar ./enhsp3.jar -o ./domain_with_failure.pddl -f ./problems/BasePN-1And-del-5-d3/problem8.pddl -h blind -s WAStar
Domain parsed
Problem parsed
Grounding..
Grounding Time: 2344
UFX:true
|F|:7531
|X|:7
|A|:369
|P|:0
|E|:0
h(I):0.0
f(n) = 1.0 (Expanded Nodes: 2, Evaluated States: 7, Time: 0.017) Frontier Size: 5
f(n) = 2.0 (Expanded Nodes: 6, Evaluated States: 7, Time: 0.056) Frontier Size: 1
f(n) = 3.0 (Expanded Nodes: 16, Evaluated States: 33, Time: 0.067) Frontier Size: 17
f(n) = 4.0 (Expanded Nodes: 44, Evaluated States: 87, Time: 0.081) Frontier Size: 43
f(n) = 5.0 (Expanded Nodes: 72, Evaluated States: 146, Time: 0.101) Frontier Size: 74
f(n) = 6.0 (Expanded Nodes: 170, Evaluated States: 268, Time: 0.123) Frontier Size: 98
f(n) = 7.0 (Expanded Nodes: 285, Evaluated States: 403, Time: 0.153) Frontier Size: 118
f(n) = 8.0 (Expanded Nodes: 467, Evaluated States: 637, Time: 0.192) Frontier Size: 170
f(n) = 9.0 (Expanded Nodes: 664, Evaluated States: 865, Time: 0.221) Frontier Size: 201
f(n) = 10.0 (Expanded Nodes: 936, Evaluated States: 1185, Time: 0.264) Frontier Size: 249
f(n) = 11.0 (Expanded Nodes: 1260, Evaluated States: 1526, Time: 0.311) Frontier Size: 266
Problem Solved

Found Plan:
0.0: (add_action a7)
1.0: (check_added_variables_model a7)
2.0: (move_in_model_move_automata a7)
3.0: (validate_payload t0 a10 t1)
4.0: (sync_actions a10)
5.0: (validate_payload t1 a12 t2)
6.0: (sync_actions a12)
7.0: (validate_payload t2 a11 t3)
8.0: (sync_actions a11)
9.0: (add_action a8)
10.0: (check_added_variables_model a8)
11.0: (move_in_model_move_automata a8)
12.0: (add_action a1)
13.0: (move_in_model_parameter a1 sDEC1_2 integer v5)
14.0: (check_added_variables_model a1)
15.0: (move_in_model_move_automata a1)
16.0: (validate_payload t3 a2 t4)
17.0: (sync_actions a2)
18.0: (add_action a0)
19.0: (check_added_variables_model a0)
20.0: (move_in_model_move_automata a0)
21.0: (add_action a9)
22.0: (check_added_variables_model a9)
23.0: (move_in_model_move_automata a9)

Plan-Length:24
Metric (Search):11.0
Planning Time (msec): 337
Heuristic Time (msec): 5
Search Time (msec): 329
Expanded Nodes:1353
States Evaluated:1637
Number of Dead-Ends detected:0
Number of Duplicates detected:314
/usr/bin/time -v timeout 600 java -Xmx64g -jar ./enhsp3.jar -o ./domain_with_failure.pddl -f ./problems/BasePN-1And-del-5-d3/problem9.pddl -h blind -s WAStar
Domain parsed
Problem parsed
Grounding..
Grounding Time: 2355
UFX:true
|F|:7531
|X|:8
|A|:369
|P|:0
|E|:0
h(I):0.0
f(n) = 1.0 (Expanded Nodes: 2, Evaluated States: 7, Time: 0.017) Frontier Size: 5
f(n) = 2.0 (Expanded Nodes: 6, Evaluated States: 7, Time: 0.053) Frontier Size: 1
f(n) = 3.0 (Expanded Nodes: 14, Evaluated States: 29, Time: 0.069) Frontier Size: 15
f(n) = 4.0 (Expanded Nodes: 40, Evaluated States: 65, Time: 0.078) Frontier Size: 25
f(n) = 5.0 (Expanded Nodes: 77, Evaluated States: 118, Time: 0.101) Frontier Size: 41
f(n) = 6.0 (Expanded Nodes: 125, Evaluated States: 176, Time: 0.111) Frontier Size: 51
f(n) = 7.0 (Expanded Nodes: 191, Evaluated States: 253, Time: 0.137) Frontier Size: 62
f(n) = 8.0 (Expanded Nodes: 263, Evaluated States: 339, Time: 0.148) Frontier Size: 76
f(n) = 9.0 (Expanded Nodes: 358, Evaluated States: 438, Time: 0.169) Frontier Size: 80
f(n) = 10.0 (Expanded Nodes: 476, Evaluated States: 620, Time: 0.19) Frontier Size: 144
Problem Solved

Found Plan:
0.0: (add_action a7)
1.0: (check_added_variables_model a7)
2.0: (move_in_model_move_automata a7)
3.0: (validate_payload t0 a10 t1)
4.0: (sync_actions a10)
5.0: (add_action a12)
6.0: (check_added_variables_model a12)
7.0: (move_in_model_move_automata a12)
8.0: (add_action a11)
9.0: (check_added_variables_model a11)
10.0: (move_in_model_move_automata a11)
11.0: (add_action a8)
12.0: (check_added_variables_model a8)
13.0: (move_in_model_move_automata a8)
14.0: (validate_payload t1 a1 t2)
15.0: (sync_actions a1)
16.0: (add_action a0)
17.0: (check_added_variables_model a0)
18.0: (move_in_model_move_automata a0)
19.0: (validate_payload t2 a2 t3)
20.0: (sync_actions a2)
21.0: (validate_payload t3 a9 t4)
22.0: (sync_actions a9)

Plan-Length:23
Metric (Search):10.0
Planning Time (msec): 210
Heuristic Time (msec): 7
Search Time (msec): 207
Expanded Nodes:547
States Evaluated:719
Number of Dead-Ends detected:0
Number of Duplicates detected:68
/usr/bin/time -v timeout 600 java -Xmx64g -jar ./enhsp3.jar -o ./domain_with_failure.pddl -f ./problems/BasePN-1And-del-5-d3/problem10.pddl -h blind -s WAStar
Domain parsed
Problem parsed
Grounding..
Grounding Time: 2293
UFX:true
|F|:7531
|X|:7
|A|:369
|P|:0
|E|:0
h(I):0.0
f(n) = 2.0 (Expanded Nodes: 2, Evaluated States: 3, Time: 0.02) Frontier Size: 1
f(n) = 4.0 (Expanded Nodes: 6, Evaluated States: 10, Time: 0.054) Frontier Size: 4
f(n) = 6.0 (Expanded Nodes: 16, Evaluated States: 25, Time: 0.065) Frontier Size: 9
f(n) = 8.0 (Expanded Nodes: 36, Evaluated States: 51, Time: 0.076) Frontier Size: 15
f(n) = 10.0 (Expanded Nodes: 67, Evaluated States: 90, Time: 0.091) Frontier Size: 23
Problem Solved

Found Plan:
0.0: (add_action a7)
1.0: (check_added_variables_model a7)
2.0: (move_in_model_move_automata a7)
3.0: (add_action a10)
4.0: (check_added_variables_model a10)
5.0: (move_in_model_move_automata a10)
6.0: (add_action a12)
7.0: (check_added_variables_model a12)
8.0: (move_in_model_move_automata a12)
9.0: (validate_payload t0 a11 t1)
10.0: (sync_actions a11)
11.0: (add_action a8)
12.0: (check_added_variables_model a8)
13.0: (move_in_model_move_automata a8)
14.0: (validate_payload t1 a1 t2)
15.0: (sync_actions a1)
16.0: (add_action a2)
17.0: (check_added_variables_model a2)
18.0: (move_in_model_move_automata a2)
19.0: (validate_payload t2 a0 t3)
20.0: (sync_actions a0)
21.0: (validate_payload t3 a9 t4)
22.0: (sync_actions a9)

Plan-Length:23
Metric (Search):10.0
Planning Time (msec): 110
Heuristic Time (msec): 7
Search Time (msec): 103
Expanded Nodes:88
States Evaluated:114
Number of Dead-Ends detected:0
Number of Duplicates detected:19
/usr/bin/time -v timeout 600 java -Xmx64g -jar ./enhsp3.jar -o ./domain_with_failure.pddl -f ./problems/BasePN-1And-del-5-d3/problem11.pddl -h blind -s WAStar
Domain parsed
Problem parsed
Grounding..
Grounding Time: 2338
UFX:true
|F|:7531
|X|:9
|A|:369
|P|:0
|E|:0
h(I):0.0
f(n) = 1.0 (Expanded Nodes: 2, Evaluated States: 7, Time: 0.022) Frontier Size: 5
f(n) = 2.0 (Expanded Nodes: 6, Evaluated States: 7, Time: 0.05) Frontier Size: 1
f(n) = 3.0 (Expanded Nodes: 12, Evaluated States: 22, Time: 0.062) Frontier Size: 10
f(n) = 4.0 (Expanded Nodes: 24, Evaluated States: 40, Time: 0.068) Frontier Size: 16
f(n) = 5.0 (Expanded Nodes: 44, Evaluated States: 92, Time: 0.081) Frontier Size: 48
f(n) = 6.0 (Expanded Nodes: 126, Evaluated States: 251, Time: 0.112) Frontier Size: 125
f(n) = 7.0 (Expanded Nodes: 302, Evaluated States: 482, Time: 0.153) Frontier Size: 180
f(n) = 8.0 (Expanded Nodes: 504, Evaluated States: 794, Time: 0.194) Frontier Size: 290
f(n) = 9.0 (Expanded Nodes: 905, Evaluated States: 1327, Time: 0.244) Frontier Size: 422
f(n) = 10.0 (Expanded Nodes: 1497, Evaluated States: 2119, Time: 0.303) Frontier Size: 622
Problem Solved

Found Plan:
0.0: (add_action a7)
1.0: (check_added_variables_model a7)
2.0: (move_in_model_move_automata a7)
3.0: (validate_payload t0 a10 t1)
4.0: (sync_actions a10)
5.0: (add_action a12)
6.0: (check_added_variables_model a12)
7.0: (move_in_model_move_automata a12)
8.0: (validate_payload t1 a11 t2)
9.0: (sync_actions a11)
10.0: (validate_payload t2 a8 t3)
11.0: (sync_actions a8)
12.0: (add_action a1)
13.0: (check_added_variables_model a1)
14.0: (move_in_model_move_automata a1)
15.0: (validate_payload t3 a0 t4)
16.0: (sync_actions a0)
17.0: (add_action a2)
18.0: (check_added_variables_model a2)
19.0: (move_in_model_move_automata a2)
20.0: (add_action a9)
21.0: (check_added_variables_model a9)
22.0: (move_in_model_move_automata a9)

Plan-Length:23
Metric (Search):10.0
Planning Time (msec): 326
Heuristic Time (msec): 8
Search Time (msec): 322
Expanded Nodes:1753
States Evaluated:2464
Number of Dead-Ends detected:0
Number of Duplicates detected:235
/usr/bin/time -v timeout 600 java -Xmx64g -jar ./enhsp3.jar -o ./domain_with_failure.pddl -f ./problems/BasePN-1And-del-5-d3/problem12.pddl -h blind -s WAStar
Domain parsed
Problem parsed
Grounding..
Grounding Time: 2426
UFX:true
|F|:7531
|X|:8
|A|:369
|P|:0
|E|:0
h(I):0.0
f(n) = 2.0 (Expanded Nodes: 2, Evaluated States: 3, Time: 0.021) Frontier Size: 1
f(n) = 3.0 (Expanded Nodes: 6, Evaluated States: 13, Time: 0.058) Frontier Size: 7
f(n) = 4.0 (Expanded Nodes: 9, Evaluated States: 13, Time: 0.058) Frontier Size: 4
f(n) = 5.0 (Expanded Nodes: 21, Evaluated States: 38, Time: 0.068) Frontier Size: 17
f(n) = 6.0 (Expanded Nodes: 27, Evaluated States: 38, Time: 0.069) Frontier Size: 11
f(n) = 7.0 (Expanded Nodes: 53, Evaluated States: 84, Time: 0.087) Frontier Size: 31
f(n) = 8.0 (Expanded Nodes: 74, Evaluated States: 114, Time: 0.095) Frontier Size: 40
f(n) = 9.0 (Expanded Nodes: 118, Evaluated States: 173, Time: 0.119) Frontier Size: 55
f(n) = 10.0 (Expanded Nodes: 169, Evaluated States: 239, Time: 0.128) Frontier Size: 70
Problem Solved

Found Plan:
0.0: (add_action a7)
1.0: (check_added_variables_model a7)
2.0: (move_in_model_move_automata a7)
3.0: (add_action a10)
4.0: (check_added_variables_model a10)
5.0: (move_in_model_move_automata a10)
6.0: (validate_payload t0 a12 t1)
7.0: (sync_actions a12)
8.0: (add_action a11)
9.0: (check_added_variables_model a11)
10.0: (move_in_model_move_automata a11)
11.0: (validate_payload t1 a8 t2)
12.0: (sync_actions a8)
13.0: (validate_payload t2 a1 t3)
14.0: (sync_actions a1)
15.0: (add_action a2)
16.0: (check_added_variables_model a2)
17.0: (move_in_model_move_automata a2)
18.0: (add_action a0)
19.0: (check_added_variables_model a0)
20.0: (move_in_model_move_automata a0)
21.0: (validate_payload t3 a9 t4)
22.0: (sync_actions a9)

Plan-Length:23
Metric (Search):10.0
Planning Time (msec): 133
Heuristic Time (msec): 11
Search Time (msec): 130
Expanded Nodes:195
States Evaluated:264
Number of Dead-Ends detected:0
Number of Duplicates detected:30
/usr/bin/time -v timeout 600 java -Xmx64g -jar ./enhsp3.jar -o ./domain_with_failure.pddl -f ./problems/BasePN-1And-del-5-d3/problem13.pddl -h blind -s WAStar
Domain parsed
Problem parsed
Grounding..
Grounding Time: 2463
UFX:true
|F|:7531
|X|:7
|A|:369
|P|:0
|E|:0
h(I):0.0
f(n) = 2.0 (Expanded Nodes: 2, Evaluated States: 3, Time: 0.019) Frontier Size: 1
f(n) = 4.0 (Expanded Nodes: 6, Evaluated States: 10, Time: 0.064) Frontier Size: 4
f(n) = 6.0 (Expanded Nodes: 16, Evaluated States: 25, Time: 0.074) Frontier Size: 9
f(n) = 8.0 (Expanded Nodes: 40, Evaluated States: 61, Time: 0.09) Frontier Size: 21
f(n) = 10.0 (Expanded Nodes: 82, Evaluated States: 112, Time: 0.11) Frontier Size: 30
Problem Solved

Found Plan:
0.0: (add_action a7)
1.0: (check_added_variables_model a7)
2.0: (move_in_model_move_automata a7)
3.0: (add_action a10)
4.0: (check_added_variables_model a10)
5.0: (move_in_model_move_automata a10)
6.0: (add_action a12)
7.0: (check_added_variables_model a12)
8.0: (move_in_model_move_automata a12)
9.0: (validate_payload t0 a11 t1)
10.0: (sync_actions a11)
11.0: (validate_payload t1 a8 t2)
12.0: (sync_actions a8)
13.0: (add_action a0)
14.0: (check_added_variables_model a0)
15.0: (move_in_model_move_automata a0)
16.0: (validate_payload t2 a1 t3)
17.0: (sync_actions a1)
18.0: (add_action a2)
19.0: (check_added_variables_model a2)
20.0: (move_in_model_move_automata a2)
21.0: (validate_payload t3 a9 t4)
22.0: (sync_actions a9)

Plan-Length:23
Metric (Search):10.0
Planning Time (msec): 125
Heuristic Time (msec): 8
Search Time (msec): 118
Expanded Nodes:120
States Evaluated:152
Number of Dead-Ends detected:0
Number of Duplicates detected:27
/usr/bin/time -v timeout 600 java -Xmx64g -jar ./enhsp3.jar -o ./domain_with_failure.pddl -f ./problems/BasePN-1And-del-5-d3/problem14.pddl -h blind -s WAStar
Domain parsed
Problem parsed
Grounding..
Grounding Time: 2306
UFX:true
|F|:7531
|X|:7
|A|:369
|P|:0
|E|:0
h(I):0.0
f(n) = 1.0 (Expanded Nodes: 2, Evaluated States: 7, Time: 0.015) Frontier Size: 5
f(n) = 2.0 (Expanded Nodes: 6, Evaluated States: 7, Time: 0.046) Frontier Size: 1
f(n) = 3.0 (Expanded Nodes: 12, Evaluated States: 22, Time: 0.064) Frontier Size: 10
f(n) = 4.0 (Expanded Nodes: 24, Evaluated States: 40, Time: 0.066) Frontier Size: 16
f(n) = 5.0 (Expanded Nodes: 38, Evaluated States: 68, Time: 0.078) Frontier Size: 30
f(n) = 6.0 (Expanded Nodes: 66, Evaluated States: 106, Time: 0.087) Frontier Size: 40
f(n) = 7.0 (Expanded Nodes: 112, Evaluated States: 159, Time: 0.106) Frontier Size: 47
f(n) = 8.0 (Expanded Nodes: 164, Evaluated States: 241, Time: 0.116) Frontier Size: 77
f(n) = 9.0 (Expanded Nodes: 238, Evaluated States: 310, Time: 0.139) Frontier Size: 72
f(n) = 10.0 (Expanded Nodes: 330, Evaluated States: 466, Time: 0.158) Frontier Size: 136
Problem Solved

Found Plan:
0.0: (add_action a7)
1.0: (check_added_variables_model a7)
2.0: (move_in_model_move_automata a7)
3.0: (validate_payload t0 a10 t1)
4.0: (sync_actions a10)
5.0: (add_action a12)
6.0: (check_added_variables_model a12)
7.0: (move_in_model_move_automata a12)
8.0: (add_action a11)
9.0: (check_added_variables_model a11)
10.0: (move_in_model_move_automata a11)
11.0: (validate_payload t1 a8 t2)
12.0: (sync_actions a8)
13.0: (add_action a1)
14.0: (check_added_variables_model a1)
15.0: (move_in_model_move_automata a1)
16.0: (add_action a0)
17.0: (check_added_variables_model a0)
18.0: (move_in_model_move_automata a0)
19.0: (validate_payload t2 a2 t3)
20.0: (sync_actions a2)
21.0: (validate_payload t3 a9 t4)
22.0: (sync_actions a9)

Plan-Length:23
Metric (Search):10.0
Planning Time (msec): 181
Heuristic Time (msec): 2
Search Time (msec): 168
Expanded Nodes:383
States Evaluated:515
Number of Dead-Ends detected:0
Number of Duplicates detected:46
/usr/bin/time -v timeout 600 java -Xmx64g -jar ./enhsp3.jar -o ./domain_with_failure.pddl -f ./problems/BasePN-1And-del-5-d3/problem15.pddl -h blind -s WAStar
Domain parsed
Problem parsed
Grounding..
Grounding Time: 2451
UFX:true
|F|:7531
|X|:9
|A|:369
|P|:0
|E|:0
h(I):0.0
f(n) = 1.0 (Expanded Nodes: 2, Evaluated States: 7, Time: 0.019) Frontier Size: 5
f(n) = 2.0 (Expanded Nodes: 6, Evaluated States: 7, Time: 0.053) Frontier Size: 1
f(n) = 3.0 (Expanded Nodes: 12, Evaluated States: 28, Time: 0.063) Frontier Size: 16
f(n) = 4.0 (Expanded Nodes: 30, Evaluated States: 58, Time: 0.071) Frontier Size: 28
f(n) = 5.0 (Expanded Nodes: 56, Evaluated States: 92, Time: 0.088) Frontier Size: 36
f(n) = 6.0 (Expanded Nodes: 90, Evaluated States: 142, Time: 0.099) Frontier Size: 52
f(n) = 7.0 (Expanded Nodes: 148, Evaluated States: 201, Time: 0.118) Frontier Size: 53
f(n) = 8.0 (Expanded Nodes: 212, Evaluated States: 310, Time: 0.128) Frontier Size: 98
f(n) = 9.0 (Expanded Nodes: 326, Evaluated States: 451, Time: 0.144) Frontier Size: 125
f(n) = 10.0 (Expanded Nodes: 479, Evaluated States: 715, Time: 0.166) Frontier Size: 236
Problem Solved

Found Plan:
0.0: (add_action a7)
1.0: (check_added_variables_model a7)
2.0: (move_in_model_move_automata a7)
3.0: (validate_payload t0 a10 t1)
4.0: (sync_actions a10)
5.0: (add_action a12)
6.0: (check_added_variables_model a12)
7.0: (move_in_model_move_automata a12)
8.0: (add_action a11)
9.0: (check_added_variables_model a11)
10.0: (move_in_model_move_automata a11)
11.0: (validate_payload t1 a8 t2)
12.0: (sync_actions a8)
13.0: (add_action a1)
14.0: (check_added_variables_model a1)
15.0: (move_in_model_move_automata a1)
16.0: (validate_payload t2 a2 t3)
17.0: (sync_actions a2)
18.0: (validate_payload t3 a0 t4)
19.0: (sync_actions a0)
20.0: (add_action a9)
21.0: (check_added_variables_model a9)
22.0: (move_in_model_move_automata a9)

Plan-Length:23
Metric (Search):10.0
Planning Time (msec): 179
Heuristic Time (msec): 7
Search Time (msec): 176
Expanded Nodes:513
States Evaluated:774
Number of Dead-Ends detected:0
Number of Duplicates detected:38
/usr/bin/time -v timeout 600 java -Xmx64g -jar ./enhsp3.jar -o ./domain_with_failure.pddl -f ./problems/BasePN-1And-del-5-d3/problem16.pddl -h blind -s WAStar
Domain parsed
Problem parsed
Grounding..
Grounding Time: 2339
UFX:true
|F|:7531
|X|:8
|A|:369
|P|:0
|E|:0
h(I):0.0
f(n) = 2.0 (Expanded Nodes: 2, Evaluated States: 3, Time: 0.016) Frontier Size: 1
f(n) = 4.0 (Expanded Nodes: 6, Evaluated States: 10, Time: 0.051) Frontier Size: 4
f(n) = 6.0 (Expanded Nodes: 16, Evaluated States: 25, Time: 0.066) Frontier Size: 9
f(n) = 8.0 (Expanded Nodes: 36, Evaluated States: 51, Time: 0.076) Frontier Size: 15
f(n) = 10.0 (Expanded Nodes: 67, Evaluated States: 89, Time: 0.091) Frontier Size: 22
Problem Solved

Found Plan:
0.0: (add_action a7)
1.0: (check_added_variables_model a7)
2.0: (move_in_model_move_automata a7)
3.0: (add_action a10)
4.0: (check_added_variables_model a10)
5.0: (move_in_model_move_automata a10)
6.0: (add_action a12)
7.0: (check_added_variables_model a12)
8.0: (move_in_model_move_automata a12)
9.0: (validate_payload t0 a11 t1)
10.0: (sync_actions a11)
11.0: (add_action a8)
12.0: (check_added_variables_model a8)
13.0: (move_in_model_move_automata a8)
14.0: (validate_payload t1 a0 t2)
15.0: (sync_actions a0)
16.0: (validate_payload t2 a1 t3)
17.0: (sync_actions a1)
18.0: (add_action a2)
19.0: (check_added_variables_model a2)
20.0: (move_in_model_move_automata a2)
21.0: (validate_payload t3 a9 t4)
22.0: (sync_actions a9)

Plan-Length:23
Metric (Search):10.0
Planning Time (msec): 116
Heuristic Time (msec): 2
Search Time (msec): 110
Expanded Nodes:113
States Evaluated:144
Number of Dead-Ends detected:0
Number of Duplicates detected:26
/usr/bin/time -v timeout 600 java -Xmx64g -jar ./enhsp3.jar -o ./domain_with_failure.pddl -f ./problems/BasePN-1And-del-5-d3/problem17.pddl -h blind -s WAStar
Domain parsed
Problem parsed
Grounding..
Grounding Time: 2431
UFX:true
|F|:7531
|X|:7
|A|:369
|P|:0
|E|:0
h(I):0.0
f(n) = 2.0 (Expanded Nodes: 2, Evaluated States: 3, Time: 0.022) Frontier Size: 1
f(n) = 4.0 (Expanded Nodes: 6, Evaluated States: 10, Time: 0.057) Frontier Size: 4
f(n) = 6.0 (Expanded Nodes: 18, Evaluated States: 29, Time: 0.068) Frontier Size: 11
f(n) = 8.0 (Expanded Nodes: 46, Evaluated States: 69, Time: 0.086) Frontier Size: 23
f(n) = 10.0 (Expanded Nodes: 94, Evaluated States: 124, Time: 0.104) Frontier Size: 30
Problem Solved

Found Plan:
0.0: (add_action a7)
1.0: (check_added_variables_model a7)
2.0: (move_in_model_move_automata a7)
3.0: (add_action a10)
4.0: (check_added_variables_model a10)
5.0: (move_in_model_move_automata a10)
6.0: (validate_payload t0 a12 t1)
7.0: (sync_actions a12)
8.0: (add_action a11)
9.0: (check_added_variables_model a11)
10.0: (move_in_model_move_automata a11)
11.0: (validate_payload t1 a8 t2)
12.0: (sync_actions a8)
13.0: (validate_payload t2 a1 t3)
14.0: (sync_actions a1)
15.0: (validate_payload t3 a2 t4)
16.0: (sync_actions a2)
17.0: (add_action a0)
18.0: (check_added_variables_model a0)
19.0: (move_in_model_move_automata a0)
20.0: (add_action a9)
21.0: (check_added_variables_model a9)
22.0: (move_in_model_move_automata a9)

Plan-Length:23
Metric (Search):10.0
Planning Time (msec): 112
Heuristic Time (msec): 7
Search Time (msec): 106
Expanded Nodes:109
States Evaluated:136
Number of Dead-Ends detected:0
Number of Duplicates detected:25
/usr/bin/time -v timeout 600 java -Xmx64g -jar ./enhsp3.jar -o ./domain_with_failure.pddl -f ./problems/BasePN-1And-del-5-d3/problem18.pddl -h blind -s WAStar
Domain parsed
Problem parsed
Grounding..
Grounding Time: 2386
UFX:true
|F|:7531
|X|:9
|A|:369
|P|:0
|E|:0
h(I):0.0
f(n) = 1.0 (Expanded Nodes: 2, Evaluated States: 7, Time: 0.021) Frontier Size: 5
f(n) = 2.0 (Expanded Nodes: 6, Evaluated States: 7, Time: 0.05) Frontier Size: 1
f(n) = 3.0 (Expanded Nodes: 12, Evaluated States: 22, Time: 0.063) Frontier Size: 10
f(n) = 4.0 (Expanded Nodes: 24, Evaluated States: 40, Time: 0.065) Frontier Size: 16
f(n) = 5.0 (Expanded Nodes: 44, Evaluated States: 89, Time: 0.086) Frontier Size: 45
f(n) = 6.0 (Expanded Nodes: 117, Evaluated States: 228, Time: 0.108) Frontier Size: 111
f(n) = 7.0 (Expanded Nodes: 257, Evaluated States: 420, Time: 0.142) Frontier Size: 163
f(n) = 8.0 (Expanded Nodes: 443, Evaluated States: 694, Time: 0.176) Frontier Size: 251
f(n) = 9.0 (Expanded Nodes: 777, Evaluated States: 1129, Time: 0.208) Frontier Size: 352
f(n) = 10.0 (Expanded Nodes: 1237, Evaluated States: 1767, Time: 0.249) Frontier Size: 530
Problem Solved

Found Plan:
0.0: (add_action a7)
1.0: (check_added_variables_model a7)
2.0: (move_in_model_move_automata a7)
3.0: (validate_payload t0 a10 t1)
4.0: (sync_actions a10)
5.0: (add_action a12)
6.0: (check_added_variables_model a12)
7.0: (move_in_model_move_automata a12)
8.0: (validate_payload t1 a11 t2)
9.0: (sync_actions a11)
10.0: (validate_payload t2 a8 t3)
11.0: (sync_actions a8)
12.0: (add_action a1)
13.0: (check_added_variables_model a1)
14.0: (move_in_model_move_automata a1)
15.0: (add_action a2)
16.0: (check_added_variables_model a2)
17.0: (move_in_model_move_automata a2)
18.0: (validate_payload t3 a0 t4)
19.0: (sync_actions a0)
20.0: (add_action a9)
21.0: (check_added_variables_model a9)
22.0: (move_in_model_move_automata a9)

Plan-Length:23
Metric (Search):10.0
Planning Time (msec): 301
Heuristic Time (msec): 10
Search Time (msec): 293
Expanded Nodes:1739
States Evaluated:2383
Number of Dead-Ends detected:0
Number of Duplicates detected:328
/usr/bin/time -v timeout 600 java -Xmx64g -jar ./enhsp3.jar -o ./domain_with_failure.pddl -f ./problems/BasePN-1And-del-5-d3/problem19.pddl -h blind -s WAStar
Domain parsed
Problem parsed
Grounding..
Grounding Time: 2266
UFX:true
|F|:7531
|X|:8
|A|:369
|P|:0
|E|:0
h(I):0.0
f(n) = 2.0 (Expanded Nodes: 2, Evaluated States: 3, Time: 0.02) Frontier Size: 1
f(n) = 4.0 (Expanded Nodes: 6, Evaluated States: 10, Time: 0.063) Frontier Size: 4
f(n) = 5.0 (Expanded Nodes: 24, Evaluated States: 48, Time: 0.074) Frontier Size: 24
f(n) = 6.0 (Expanded Nodes: 42, Evaluated States: 75, Time: 0.084) Frontier Size: 33
f(n) = 7.0 (Expanded Nodes: 82, Evaluated States: 134, Time: 0.111) Frontier Size: 52
f(n) = 8.0 (Expanded Nodes: 133, Evaluated States: 185, Time: 0.12) Frontier Size: 52
f(n) = 9.0 (Expanded Nodes: 191, Evaluated States: 257, Time: 0.142) Frontier Size: 66
f(n) = 10.0 (Expanded Nodes: 257, Evaluated States: 299, Time: 0.152) Frontier Size: 42
Problem Solved

Found Plan:
0.0: (add_action a7)
1.0: (check_added_variables_model a7)
2.0: (move_in_model_move_automata a7)
3.0: (add_action a10)
4.0: (check_added_variables_model a10)
5.0: (move_in_model_move_automata a10)
6.0: (validate_payload t0 a12 t1)
7.0: (sync_actions a12)
8.0: (validate_payload t1 a11 t2)
9.0: (sync_actions a11)
10.0: (validate_payload t2 a8 t3)
11.0: (sync_actions a8)
12.0: (add_action a0)
13.0: (check_added_variables_model a0)
14.0: (move_in_model_move_automata a0)
15.0: (validate_payload t3 a1 t4)
16.0: (sync_actions a1)
17.0: (add_action a2)
18.0: (check_added_variables_model a2)
19.0: (move_in_model_move_automata a2)
20.0: (add_action a9)
21.0: (check_added_variables_model a9)
22.0: (move_in_model_move_automata a9)

Plan-Length:23
Metric (Search):10.0
Planning Time (msec): 165
Heuristic Time (msec): 5
Search Time (msec): 158
Expanded Nodes:310
States Evaluated:362
Number of Dead-Ends detected:0
Number of Duplicates detected:63
/usr/bin/time -v timeout 600 java -Xmx64g -jar ./enhsp3.jar -o ./domain_with_failure.pddl -f ./problems/BasePN-1And-del-5-d3/problem20.pddl -h blind -s WAStar
Domain parsed
Problem parsed
Grounding..
Grounding Time: 2355
UFX:true
|F|:7531
|X|:8
|A|:369
|P|:0
|E|:0
h(I):0.0
f(n) = 1.0 (Expanded Nodes: 2, Evaluated States: 7, Time: 0.018) Frontier Size: 5
f(n) = 2.0 (Expanded Nodes: 6, Evaluated States: 7, Time: 0.052) Frontier Size: 1
f(n) = 3.0 (Expanded Nodes: 14, Evaluated States: 26, Time: 0.063) Frontier Size: 12
f(n) = 4.0 (Expanded Nodes: 34, Evaluated States: 62, Time: 0.072) Frontier Size: 28
f(n) = 5.0 (Expanded Nodes: 52, Evaluated States: 95, Time: 0.087) Frontier Size: 43
f(n) = 6.0 (Expanded Nodes: 100, Evaluated States: 167, Time: 0.098) Frontier Size: 67
f(n) = 7.0 (Expanded Nodes: 172, Evaluated States: 237, Time: 0.118) Frontier Size: 65
f(n) = 8.0 (Expanded Nodes: 256, Evaluated States: 361, Time: 0.137) Frontier Size: 105
f(n) = 9.0 (Expanded Nodes: 366, Evaluated States: 445, Time: 0.165) Frontier Size: 79
f(n) = 10.0 (Expanded Nodes: 478, Evaluated States: 613, Time: 0.19) Frontier Size: 135
Problem Solved

Found Plan:
0.0: (add_action a7)
1.0: (check_added_variables_model a7)
2.0: (move_in_model_move_automata a7)
3.0: (validate_payload t0 a10 t1)
4.0: (sync_actions a10)
5.0: (validate_payload t1 a12 t2)
6.0: (sync_actions a12)
7.0: (add_action a11)
8.0: (check_added_variables_model a11)
9.0: (move_in_model_move_automata a11)
10.0: (add_action a8)
11.0: (check_added_variables_model a8)
12.0: (move_in_model_move_automata a8)
13.0: (validate_payload t2 a0 t3)
14.0: (sync_actions a0)
15.0: (add_action a1)
16.0: (check_added_variables_model a1)
17.0: (move_in_model_move_automata a1)
18.0: (add_action a2)
19.0: (check_added_variables_model a2)
20.0: (move_in_model_move_automata a2)
21.0: (validate_payload t3 a9 t4)
22.0: (sync_actions a9)

Plan-Length:23
Metric (Search):10.0
Planning Time (msec): 205
Heuristic Time (msec): 7
Search Time (msec): 199
Expanded Nodes:532
States Evaluated:678
Number of Dead-Ends detected:0
Number of Duplicates detected:81
/usr/bin/time -v timeout 600 java -Xmx64g -jar ./enhsp3.jar -o ./domain_with_failure.pddl -f ./problems/BasePN-1And-del-5-d3/problem21.pddl -h blind -s WAStar
Domain parsed
Problem parsed
Grounding..
Grounding Time: 2441
UFX:true
|F|:7531
|X|:7
|A|:369
|P|:0
|E|:0
h(I):0.0
f(n) = 2.0 (Expanded Nodes: 2, Evaluated States: 3, Time: 0.024) Frontier Size: 1
f(n) = 3.0 (Expanded Nodes: 6, Evaluated States: 13, Time: 0.058) Frontier Size: 7
f(n) = 4.0 (Expanded Nodes: 9, Evaluated States: 13, Time: 0.059) Frontier Size: 4
f(n) = 5.0 (Expanded Nodes: 19, Evaluated States: 31, Time: 0.068) Frontier Size: 12
f(n) = 6.0 (Expanded Nodes: 22, Evaluated States: 31, Time: 0.069) Frontier Size: 9
f(n) = 7.0 (Expanded Nodes: 48, Evaluated States: 79, Time: 0.081) Frontier Size: 31
f(n) = 8.0 (Expanded Nodes: 75, Evaluated States: 118, Time: 0.091) Frontier Size: 43
f(n) = 9.0 (Expanded Nodes: 123, Evaluated States: 185, Time: 0.11) Frontier Size: 62
f(n) = 10.0 (Expanded Nodes: 195, Evaluated States: 269, Time: 0.127) Frontier Size: 74
Problem Solved

Found Plan:
0.0: (add_action a7)
1.0: (check_added_variables_model a7)
2.0: (move_in_model_move_automata a7)
3.0: (add_action a10)
4.0: (check_added_variables_model a10)
5.0: (move_in_model_move_automata a10)
6.0: (add_action a12)
7.0: (check_added_variables_model a12)
8.0: (move_in_model_move_automata a12)
9.0: (validate_payload t0 a11 t1)
10.0: (sync_actions a11)
11.0: (validate_payload t1 a8 t2)
12.0: (sync_actions a8)
13.0: (validate_payload t2 a1 t3)
14.0: (sync_actions a1)
15.0: (validate_payload t3 a0 t4)
16.0: (sync_actions a0)
17.0: (add_action a2)
18.0: (check_added_variables_model a2)
19.0: (move_in_model_move_automata a2)
20.0: (add_action a9)
21.0: (check_added_variables_model a9)
22.0: (move_in_model_move_automata a9)

Plan-Length:23
Metric (Search):10.0
Planning Time (msec): 136
Heuristic Time (msec): 9
Search Time (msec): 128
Expanded Nodes:209
States Evaluated:283
Number of Dead-Ends detected:0
Number of Duplicates detected:33
/usr/bin/time -v timeout 600 java -Xmx64g -jar ./enhsp3.jar -o ./domain_with_failure.pddl -f ./problems/BasePN-1And-del-5-d3/problem22.pddl -h blind -s WAStar
Domain parsed
Problem parsed
Grounding..
Grounding Time: 2453
UFX:true
|F|:7531
|X|:8
|A|:369
|P|:0
|E|:0
h(I):0.0
f(n) = 2.0 (Expanded Nodes: 2, Evaluated States: 3, Time: 0.017) Frontier Size: 1
f(n) = 4.0 (Expanded Nodes: 6, Evaluated States: 10, Time: 0.058) Frontier Size: 4
f(n) = 6.0 (Expanded Nodes: 16, Evaluated States: 25, Time: 0.067) Frontier Size: 9
f(n) = 8.0 (Expanded Nodes: 36, Evaluated States: 51, Time: 0.081) Frontier Size: 15
f(n) = 10.0 (Expanded Nodes: 67, Evaluated States: 89, Time: 0.092) Frontier Size: 22
Problem Solved

Found Plan:
0.0: (add_action a7)
1.0: (check_added_variables_model a7)
2.0: (move_in_model_move_automata a7)
3.0: (add_action a10)
4.0: (check_added_variables_model a10)
5.0: (move_in_model_move_automata a10)
6.0: (add_action a12)
7.0: (check_added_variables_model a12)
8.0: (move_in_model_move_automata a12)
9.0: (validate_payload t0 a11 t1)
10.0: (sync_actions a11)
11.0: (add_action a8)
12.0: (check_added_variables_model a8)
13.0: (move_in_model_move_automata a8)
14.0: (validate_payload t1 a0 t2)
15.0: (sync_actions a0)
16.0: (validate_payload t2 a1 t3)
17.0: (sync_actions a1)
18.0: (add_action a2)
19.0: (check_added_variables_model a2)
20.0: (move_in_model_move_automata a2)
21.0: (validate_payload t3 a9 t4)
22.0: (sync_actions a9)

Plan-Length:23
Metric (Search):10.0
Planning Time (msec): 121
Heuristic Time (msec): 3
Search Time (msec): 109
Expanded Nodes:113
States Evaluated:144
Number of Dead-Ends detected:0
Number of Duplicates detected:26
/usr/bin/time -v timeout 600 java -Xmx64g -jar ./enhsp3.jar -o ./domain_with_failure.pddl -f ./problems/BasePN-1And-del-5-d3/problem23.pddl -h blind -s WAStar
Domain parsed
Problem parsed
Grounding..
Grounding Time: 2447
UFX:true
|F|:7531
|X|:6
|A|:369
|P|:0
|E|:0
h(I):0.0
f(n) = 2.0 (Expanded Nodes: 6, Evaluated States: 12, Time: 0.028) Frontier Size: 6
f(n) = 4.0 (Expanded Nodes: 21, Evaluated States: 35, Time: 0.07) Frontier Size: 14
f(n) = 6.0 (Expanded Nodes: 51, Evaluated States: 69, Time: 0.083) Frontier Size: 18
f(n) = 8.0 (Expanded Nodes: 87, Evaluated States: 104, Time: 0.101) Frontier Size: 17
f(n) = 10.0 (Expanded Nodes: 124, Evaluated States: 142, Time: 0.109) Frontier Size: 18
Problem Solved

Found Plan:
0.0: (validate_payload t0 a7 t1)
1.0: (sync_actions a7)
2.0: (validate_payload t1 a10 t2)
3.0: (sync_actions a10)
4.0: (add_action a12)
5.0: (check_added_variables_model a12)
6.0: (move_in_model_move_automata a12)
7.0: (add_action a11)
8.0: (check_added_variables_model a11)
9.0: (move_in_model_move_automata a11)
10.0: (add_action a8)
11.0: (check_added_variables_model a8)
12.0: (move_in_model_move_automata a8)
13.0: (add_action a1)
14.0: (check_added_variables_model a1)
15.0: (move_in_model_move_automata a1)
16.0: (validate_payload t2 a2 t3)
17.0: (sync_actions a2)
18.0: (add_action a0)
19.0: (check_added_variables_model a0)
20.0: (move_in_model_move_automata a0)
21.0: (validate_payload t3 a9 t4)
22.0: (sync_actions a9)

Plan-Length:23
Metric (Search):10.0
Planning Time (msec): 122
Heuristic Time (msec): 9
Search Time (msec): 117
Expanded Nodes:133
States Evaluated:151
Number of Dead-Ends detected:0
Number of Duplicates detected:35
/usr/bin/time -v timeout 600 java -Xmx64g -jar ./enhsp3.jar -o ./domain_with_failure.pddl -f ./problems/BasePN-1And-del-5-d3/problem24.pddl -h blind -s WAStar
Domain parsed
Problem parsed
Grounding..
Grounding Time: 2399
UFX:true
|F|:7531
|X|:7
|A|:369
|P|:0
|E|:0
h(I):0.0
f(n) = 2.0 (Expanded Nodes: 2, Evaluated States: 3, Time: 0.016) Frontier Size: 1
f(n) = 3.0 (Expanded Nodes: 6, Evaluated States: 13, Time: 0.05) Frontier Size: 7
f(n) = 4.0 (Expanded Nodes: 9, Evaluated States: 13, Time: 0.051) Frontier Size: 4
f(n) = 5.0 (Expanded Nodes: 19, Evaluated States: 31, Time: 0.065) Frontier Size: 12
f(n) = 6.0 (Expanded Nodes: 22, Evaluated States: 31, Time: 0.065) Frontier Size: 9
f(n) = 7.0 (Expanded Nodes: 44, Evaluated States: 71, Time: 0.08) Frontier Size: 27
f(n) = 8.0 (Expanded Nodes: 59, Evaluated States: 86, Time: 0.083) Frontier Size: 27
f(n) = 9.0 (Expanded Nodes: 95, Evaluated States: 140, Time: 0.094) Frontier Size: 45
f(n) = 10.0 (Expanded Nodes: 131, Evaluated States: 188, Time: 0.103) Frontier Size: 57
Problem Solved

Found Plan:
0.0: (add_action a7)
1.0: (check_added_variables_model a7)
2.0: (move_in_model_move_automata a7)
3.0: (add_action a10)
4.0: (check_added_variables_model a10)
5.0: (move_in_model_move_automata a10)
6.0: (add_action a12)
7.0: (check_added_variables_model a12)
8.0: (move_in_model_move_automata a12)
9.0: (validate_payload t0 a11 t1)
10.0: (sync_actions a11)
11.0: (validate_payload t1 a8 t2)
12.0: (sync_actions a8)
13.0: (add_action a1)
14.0: (check_added_variables_model a1)
15.0: (move_in_model_move_automata a1)
16.0: (add_action a0)
17.0: (check_added_variables_model a0)
18.0: (move_in_model_move_automata a0)
19.0: (validate_payload t2 a2 t3)
20.0: (sync_actions a2)
21.0: (validate_payload t3 a9 t4)
22.0: (sync_actions a9)

Plan-Length:23
Metric (Search):10.0
Planning Time (msec): 117
Heuristic Time (msec): 2
Search Time (msec): 111
Expanded Nodes:148
States Evaluated:209
Number of Dead-Ends detected:0
Number of Duplicates detected:17
/usr/bin/time -v timeout 600 java -Xmx64g -jar ./enhsp3.jar -o ./domain_with_failure.pddl -f ./problems/BasePN-1And-del-5-d3/problem25.pddl -h blind -s WAStar
Domain parsed
Problem parsed
Grounding..
Grounding Time: 2361
UFX:true
|F|:7531
|X|:9
|A|:369
|P|:0
|E|:0
h(I):0.0
f(n) = 1.0 (Expanded Nodes: 6, Evaluated States: 20, Time: 0.025) Frontier Size: 14
f(n) = 2.0 (Expanded Nodes: 21, Evaluated States: 50, Time: 0.063) Frontier Size: 29
f(n) = 3.0 (Expanded Nodes: 52, Evaluated States: 105, Time: 0.088) Frontier Size: 53
f(n) = 4.0 (Expanded Nodes: 114, Evaluated States: 179, Time: 0.106) Frontier Size: 65
f(n) = 5.0 (Expanded Nodes: 206, Evaluated States: 291, Time: 0.126) Frontier Size: 85
f(n) = 6.0 (Expanded Nodes: 330, Evaluated States: 486, Time: 0.152) Frontier Size: 156
f(n) = 7.0 (Expanded Nodes: 564, Evaluated States: 843, Time: 0.202) Frontier Size: 279
f(n) = 8.0 (Expanded Nodes: 899, Evaluated States: 1338, Time: 0.254) Frontier Size: 439
f(n) = 9.0 (Expanded Nodes: 1576, Evaluated States: 2220, Time: 0.352) Frontier Size: 644
f(n) = 10.0 (Expanded Nodes: 2505, Evaluated States: 3358, Time: 0.467) Frontier Size: 853
Problem Solved

Found Plan:
0.0: (validate_payload t0 a7 t1)
1.0: (sync_actions a7)
2.0: (validate_payload t1 a10 t2)
3.0: (sync_actions a10)
4.0: (add_action a12)
5.0: (check_added_variables_model a12)
6.0: (move_in_model_move_automata a12)
7.0: (add_action a11)
8.0: (check_added_variables_model a11)
9.0: (move_in_model_move_automata a11)
10.0: (validate_payload t2 a8 t3)
11.0: (sync_actions a8)
12.0: (validate_payload t3 a1 t4)
13.0: (sync_actions a1)
14.0: (add_action a2)
15.0: (check_added_variables_model a2)
16.0: (move_in_model_move_automata a2)
17.0: (add_action a0)
18.0: (check_added_variables_model a0)
19.0: (move_in_model_move_automata a0)
20.0: (add_action a9)
21.0: (check_added_variables_model a9)
22.0: (move_in_model_move_automata a9)

Plan-Length:23
Metric (Search):10.0
Planning Time (msec): 567
Heuristic Time (msec): 3
Search Time (msec): 560
Expanded Nodes:3499
States Evaluated:4443
Number of Dead-Ends detected:0
Number of Duplicates detected:458
/usr/bin/time -v timeout 600 java -Xmx64g -jar ./enhsp3.jar -o ./domain_with_failure.pddl -f ./problems/BasePN-1And-del-5-d3/problem26.pddl -h blind -s WAStar
Domain parsed
Problem parsed
Grounding..
Grounding Time: 2366
UFX:true
|F|:7531
|X|:7
|A|:369
|P|:0
|E|:0
h(I):0.0
f(n) = 1.0 (Expanded Nodes: 6, Evaluated States: 16, Time: 0.022) Frontier Size: 10
f(n) = 2.0 (Expanded Nodes: 18, Evaluated States: 34, Time: 0.056) Frontier Size: 16
f(n) = 3.0 (Expanded Nodes: 33, Evaluated States: 69, Time: 0.07) Frontier Size: 36
f(n) = 4.0 (Expanded Nodes: 65, Evaluated States: 107, Time: 0.083) Frontier Size: 42
f(n) = 5.0 (Expanded Nodes: 115, Evaluated States: 161, Time: 0.101) Frontier Size: 46
f(n) = 6.0 (Expanded Nodes: 159, Evaluated States: 219, Time: 0.108) Frontier Size: 60
f(n) = 7.0 (Expanded Nodes: 231, Evaluated States: 278, Time: 0.13) Frontier Size: 47
f(n) = 8.0 (Expanded Nodes: 283, Evaluated States: 352, Time: 0.139) Frontier Size: 69
f(n) = 9.0 (Expanded Nodes: 372, Evaluated States: 422, Time: 0.16) Frontier Size: 50
f(n) = 10.0 (Expanded Nodes: 440, Evaluated States: 532, Time: 0.172) Frontier Size: 92
Problem Solved

Found Plan:
0.0: (validate_payload t0 a7 t1)
1.0: (sync_actions a7)
2.0: (validate_payload t1 a10 t2)
3.0: (sync_actions a10)
4.0: (add_action a12)
5.0: (check_added_variables_model a12)
6.0: (move_in_model_move_automata a12)
7.0: (add_action a11)
8.0: (check_added_variables_model a11)
9.0: (move_in_model_move_automata a11)
10.0: (add_action a8)
11.0: (check_added_variables_model a8)
12.0: (move_in_model_move_automata a8)
13.0: (add_action a1)
14.0: (check_added_variables_model a1)
15.0: (move_in_model_move_automata a1)
16.0: (validate_payload t2 a2 t3)
17.0: (sync_actions a2)
18.0: (add_action a0)
19.0: (check_added_variables_model a0)
20.0: (move_in_model_move_automata a0)
21.0: (validate_payload t3 a9 t4)
22.0: (sync_actions a9)

Plan-Length:23
Metric (Search):10.0
Planning Time (msec): 197
Heuristic Time (msec): 6
Search Time (msec): 194
Expanded Nodes:548
States Evaluated:676
Number of Dead-Ends detected:0
Number of Duplicates detected:83
/usr/bin/time -v timeout 600 java -Xmx64g -jar ./enhsp3.jar -o ./domain_with_failure.pddl -f ./problems/BasePN-1And-del-5-d3/problem27.pddl -h blind -s WAStar
Domain parsed
Problem parsed
Grounding..
Grounding Time: 2468
UFX:true
|F|:7531
|X|:7
|A|:369
|P|:0
|E|:0
h(I):0.0
f(n) = 2.0 (Expanded Nodes: 2, Evaluated States: 3, Time: 0.016) Frontier Size: 1
f(n) = 4.0 (Expanded Nodes: 6, Evaluated States: 10, Time: 0.055) Frontier Size: 4
f(n) = 6.0 (Expanded Nodes: 16, Evaluated States: 25, Time: 0.065) Frontier Size: 9
f(n) = 8.0 (Expanded Nodes: 40, Evaluated States: 60, Time: 0.08) Frontier Size: 20
f(n) = 10.0 (Expanded Nodes: 81, Evaluated States: 109, Time: 0.1) Frontier Size: 28
Problem Solved

Found Plan:
0.0: (add_action a7)
1.0: (check_added_variables_model a7)
2.0: (move_in_model_move_automata a7)
3.0: (add_action a10)
4.0: (check_added_variables_model a10)
5.0: (move_in_model_move_automata a10)
6.0: (add_action a12)
7.0: (check_added_variables_model a12)
8.0: (move_in_model_move_automata a12)
9.0: (validate_payload t0 a11 t1)
10.0: (sync_actions a11)
11.0: (validate_payload t1 a8 t2)
12.0: (sync_actions a8)
13.0: (add_action a1)
14.0: (check_added_variables_model a1)
15.0: (move_in_model_move_automata a1)
16.0: (validate_payload t2 a0 t3)
17.0: (sync_actions a0)
18.0: (validate_payload t3 a2 t4)
19.0: (sync_actions a2)
20.0: (add_action a9)
21.0: (check_added_variables_model a9)
22.0: (move_in_model_move_automata a9)

Plan-Length:23
Metric (Search):10.0
Planning Time (msec): 120
Heuristic Time (msec): 5
Search Time (msec): 111
Expanded Nodes:128
States Evaluated:159
Number of Dead-Ends detected:0
Number of Duplicates detected:30
/usr/bin/time -v timeout 600 java -Xmx64g -jar ./enhsp3.jar -o ./domain_with_failure.pddl -f ./problems/BasePN-1And-del-5-d3/problem28.pddl -h blind -s WAStar
Domain parsed
Problem parsed
Grounding..
Grounding Time: 2388
UFX:true
|F|:7531
|X|:8
|A|:369
|P|:0
|E|:0
h(I):0.0
f(n) = 2.0 (Expanded Nodes: 4, Evaluated States: 8, Time: 0.019) Frontier Size: 4
f(n) = 4.0 (Expanded Nodes: 15, Evaluated States: 26, Time: 0.065) Frontier Size: 11
f(n) = 6.0 (Expanded Nodes: 39, Evaluated States: 55, Time: 0.081) Frontier Size: 16
f(n) = 8.0 (Expanded Nodes: 70, Evaluated States: 86, Time: 0.091) Frontier Size: 16
f(n) = 10.0 (Expanded Nodes: 106, Evaluated States: 125, Time: 0.108) Frontier Size: 19
Problem Solved

Found Plan:
0.0: (validate_payload t0 a7 t1)
1.0: (sync_actions a7)
2.0: (add_action a10)
3.0: (check_added_variables_model a10)
4.0: (move_in_model_move_automata a10)
5.0: (add_action a12)
6.0: (check_added_variables_model a12)
7.0: (move_in_model_move_automata a12)
8.0: (add_action a11)
9.0: (check_added_variables_model a11)
10.0: (move_in_model_move_automata a11)
11.0: (add_action a8)
12.0: (check_added_variables_model a8)
13.0: (move_in_model_move_automata a8)
14.0: (validate_payload t1 a1 t2)
15.0: (sync_actions a1)
16.0: (validate_payload t2 a2 t3)
17.0: (sync_actions a2)
18.0: (validate_payload t3 a0 t4)
19.0: (sync_actions a0)
20.0: (add_action a9)
21.0: (check_added_variables_model a9)
22.0: (move_in_model_move_automata a9)

Plan-Length:23
Metric (Search):10.0
Planning Time (msec): 111
Heuristic Time (msec): 6
Search Time (msec): 109
Expanded Nodes:111
States Evaluated:131
Number of Dead-Ends detected:0
Number of Duplicates detected:28
/usr/bin/time -v timeout 600 java -Xmx64g -jar ./enhsp3.jar -o ./domain_with_failure.pddl -f ./problems/BasePN-1And-del-5-d3/problem29.pddl -h blind -s WAStar
Domain parsed
Problem parsed
Grounding..
Grounding Time: 2326
UFX:true
|F|:7531
|X|:7
|A|:369
|P|:0
|E|:0
h(I):0.0
f(n) = 1.0 (Expanded Nodes: 4, Evaluated States: 11, Time: 0.02) Frontier Size: 7
f(n) = 2.0 (Expanded Nodes: 7, Evaluated States: 11, Time: 0.048) Frontier Size: 4
f(n) = 3.0 (Expanded Nodes: 18, Evaluated States: 38, Time: 0.066) Frontier Size: 20
f(n) = 4.0 (Expanded Nodes: 27, Evaluated States: 38, Time: 0.067) Frontier Size: 11
f(n) = 5.0 (Expanded Nodes: 51, Evaluated States: 73, Time: 0.083) Frontier Size: 22
f(n) = 6.0 (Expanded Nodes: 57, Evaluated States: 73, Time: 0.084) Frontier Size: 16
f(n) = 7.0 (Expanded Nodes: 92, Evaluated States: 116, Time: 0.104) Frontier Size: 24
f(n) = 8.0 (Expanded Nodes: 107, Evaluated States: 143, Time: 0.109) Frontier Size: 36
f(n) = 9.0 (Expanded Nodes: 151, Evaluated States: 193, Time: 0.129) Frontier Size: 42
f(n) = 10.0 (Expanded Nodes: 196, Evaluated States: 253, Time: 0.131) Frontier Size: 57
Problem Solved

Found Plan:
0.0: (validate_payload t0 a7 t1)
1.0: (sync_actions a7)
2.0: (add_action a3)
3.0: (check_added_variables_model a3)
4.0: (move_in_model_move_automata a3)
5.0: (add_action a5)
6.0: (check_added_variables_model a5)
7.0: (move_in_model_move_automata a5)
8.0: (add_action a6)
9.0: (check_added_variables_model a6)
10.0: (move_in_model_move_automata a6)
11.0: (validate_payload t1 a8 t2)
12.0: (sync_actions a8)
13.0: (add_action a1)
14.0: (check_added_variables_model a1)
15.0: (move_in_model_move_automata a1)
16.0: (validate_payload t2 a0 t3)
17.0: (sync_actions a0)
18.0: (validate_payload t3 a2 t4)
19.0: (sync_actions a2)
20.0: (add_action a9)
21.0: (check_added_variables_model a9)
22.0: (move_in_model_move_automata a9)

Plan-Length:23
Metric (Search):10.0
Planning Time (msec): 149
Heuristic Time (msec): 4
Search Time (msec): 140
Expanded Nodes:248
States Evaluated:313
Number of Dead-Ends detected:0
Number of Duplicates detected:49
/usr/bin/time -v timeout 600 java -Xmx64g -jar ./enhsp3.jar -o ./domain_with_failure.pddl -f ./problems/BasePN-1And-del-5-d3/problem30.pddl -h blind -s WAStar
Domain parsed
Problem parsed
Grounding..
Grounding Time: 2431
UFX:true
|F|:7531
|X|:7
|A|:369
|P|:0
|E|:0
h(I):0.0
f(n) = 1.0 (Expanded Nodes: 8, Evaluated States: 20, Time: 0.021) Frontier Size: 12
f(n) = 2.0 (Expanded Nodes: 28, Evaluated States: 56, Time: 0.062) Frontier Size: 28
f(n) = 3.0 (Expanded Nodes: 47, Evaluated States: 95, Time: 0.083) Frontier Size: 48
f(n) = 4.0 (Expanded Nodes: 99, Evaluated States: 163, Time: 0.099) Frontier Size: 64
f(n) = 5.0 (Expanded Nodes: 174, Evaluated States: 233, Time: 0.119) Frontier Size: 59
f(n) = 6.0 (Expanded Nodes: 246, Evaluated States: 327, Time: 0.134) Frontier Size: 81
f(n) = 7.0 (Expanded Nodes: 357, Evaluated States: 412, Time: 0.156) Frontier Size: 55
f(n) = 8.0 (Expanded Nodes: 437, Evaluated States: 534, Time: 0.175) Frontier Size: 97
f(n) = 9.0 (Expanded Nodes: 572, Evaluated States: 677, Time: 0.196) Frontier Size: 105
f(n) = 10.0 (Expanded Nodes: 680, Evaluated States: 827, Time: 0.224) Frontier Size: 147
Problem Solved

Found Plan:
0.0: (validate_payload t0 a7 t1)
1.0: (sync_actions a7)
2.0: (validate_payload t1 a10 t2)
3.0: (sync_actions a10)
4.0: (validate_payload t2 a12 t3)
5.0: (sync_actions a12)
6.0: (add_action a11)
7.0: (check_added_variables_model a11)
8.0: (move_in_model_move_automata a11)
9.0: (add_action a8)
10.0: (check_added_variables_model a8)
11.0: (move_in_model_move_automata a8)
12.0: (add_action a1)
13.0: (check_added_variables_model a1)
14.0: (move_in_model_move_automata a1)
15.0: (validate_payload t3 a2 t4)
16.0: (sync_actions a2)
17.0: (add_action a0)
18.0: (check_added_variables_model a0)
19.0: (move_in_model_move_automata a0)
20.0: (add_action a9)
21.0: (check_added_variables_model a9)
22.0: (move_in_model_move_automata a9)

Plan-Length:23
Metric (Search):10.0
Planning Time (msec): 255
Heuristic Time (msec): 3
Search Time (msec): 244
Expanded Nodes:798
States Evaluated:956
Number of Dead-Ends detected:0
Number of Duplicates detected:166
/usr/bin/time -v timeout 600 java -Xmx64g -jar ./enhsp3.jar -o ./domain_with_failure.pddl -f ./problems/BasePN-1And-del-5-d3/problem31.pddl -h blind -s WAStar
Domain parsed
Problem parsed
Grounding..
Grounding Time: 2429
UFX:true
|F|:7531
|X|:7
|A|:369
|P|:0
|E|:0
h(I):0.0
f(n) = 1.0 (Expanded Nodes: 2, Evaluated States: 7, Time: 0.019) Frontier Size: 5
f(n) = 2.0 (Expanded Nodes: 6, Evaluated States: 7, Time: 0.046) Frontier Size: 1
f(n) = 3.0 (Expanded Nodes: 16, Evaluated States: 33, Time: 0.061) Frontier Size: 17
f(n) = 4.0 (Expanded Nodes: 44, Evaluated States: 87, Time: 0.073) Frontier Size: 43
f(n) = 5.0 (Expanded Nodes: 72, Evaluated States: 146, Time: 0.091) Frontier Size: 74
f(n) = 6.0 (Expanded Nodes: 170, Evaluated States: 268, Time: 0.116) Frontier Size: 98
f(n) = 7.0 (Expanded Nodes: 283, Evaluated States: 399, Time: 0.136) Frontier Size: 116
f(n) = 8.0 (Expanded Nodes: 449, Evaluated States: 605, Time: 0.171) Frontier Size: 156
f(n) = 9.0 (Expanded Nodes: 624, Evaluated States: 796, Time: 0.205) Frontier Size: 172
f(n) = 10.0 (Expanded Nodes: 848, Evaluated States: 1072, Time: 0.235) Frontier Size: 224
f(n) = 11.0 (Expanded Nodes: 1112, Evaluated States: 1368, Time: 0.268) Frontier Size: 256
Problem Solved

Found Plan:
0.0: (add_action a7)
1.0: (check_added_variables_model a7)
2.0: (move_in_model_move_automata a7)
3.0: (change_value a10 integer v0)
4.0: (validate_payload t0 a10 t1)
5.0: (sync_actions a10)
6.0: (validate_payload t1 a12 t2)
7.0: (sync_actions a12)
8.0: (validate_payload t2 a11 t3)
9.0: (sync_actions a11)
10.0: (add_action a8)
11.0: (check_added_variables_model a8)
12.0: (move_in_model_move_automata a8)
13.0: (add_action a1)
14.0: (check_added_variables_model a1)
15.0: (move_in_model_move_automata a1)
16.0: (add_action a2)
17.0: (check_added_variables_model a2)
18.0: (move_in_model_move_automata a2)
19.0: (add_action a0)
20.0: (check_added_variables_model a0)
21.0: (move_in_model_move_automata a0)
22.0: (validate_payload t3 a9 t4)
23.0: (sync_actions a9)

Plan-Length:24
Metric (Search):11.0
Planning Time (msec): 291
Heuristic Time (msec): 7
Search Time (msec): 286
Expanded Nodes:1218
States Evaluated:1498
Number of Dead-Ends detected:0
Number of Duplicates detected:255
/usr/bin/time -v timeout 600 java -Xmx64g -jar ./enhsp3.jar -o ./domain_with_failure.pddl -f ./problems/BasePN-1And-del-5-d3/problem32.pddl -h blind -s WAStar
Domain parsed
Problem parsed
Grounding..
Grounding Time: 2375
UFX:true
|F|:7531
|X|:7
|A|:369
|P|:0
|E|:0
h(I):0.0
f(n) = 2.0 (Expanded Nodes: 4, Evaluated States: 8, Time: 0.022) Frontier Size: 4
f(n) = 4.0 (Expanded Nodes: 17, Evaluated States: 30, Time: 0.067) Frontier Size: 13
f(n) = 6.0 (Expanded Nodes: 45, Evaluated States: 64, Time: 0.082) Frontier Size: 19
f(n) = 8.0 (Expanded Nodes: 86, Evaluated States: 109, Time: 0.095) Frontier Size: 23
f(n) = 10.0 (Expanded Nodes: 136, Evaluated States: 158, Time: 0.112) Frontier Size: 22
Problem Solved

Found Plan:
0.0: (validate_payload t0 a7 t1)
1.0: (sync_actions a7)
2.0: (add_action a10)
3.0: (check_added_variables_model a10)
4.0: (move_in_model_move_automata a10)
5.0: (validate_payload t1 a12 t2)
6.0: (sync_actions a12)
7.0: (add_action a11)
8.0: (check_added_variables_model a11)
9.0: (move_in_model_move_automata a11)
10.0: (add_action a8)
11.0: (check_added_variables_model a8)
12.0: (move_in_model_move_automata a8)
13.0: (validate_payload t2 a1 t3)
14.0: (sync_actions a1)
15.0: (add_action a0)
16.0: (check_added_variables_model a0)
17.0: (move_in_model_move_automata a0)
18.0: (validate_payload t3 a2 t4)
19.0: (sync_actions a2)
20.0: (add_action a9)
21.0: (check_added_variables_model a9)
22.0: (move_in_model_move_automata a9)

Plan-Length:23
Metric (Search):10.0
Planning Time (msec): 129
Heuristic Time (msec): 7
Search Time (msec): 122
Expanded Nodes:162
States Evaluated:179
Number of Dead-Ends detected:0
Number of Duplicates detected:44
/usr/bin/time -v timeout 600 java -Xmx64g -jar ./enhsp3.jar -o ./domain_with_failure.pddl -f ./problems/BasePN-1And-del-5-d3/problem33.pddl -h blind -s WAStar
Domain parsed
Problem parsed
Grounding..
Grounding Time: 2352
UFX:true
|F|:7531
|X|:8
|A|:369
|P|:0
|E|:0
h(I):0.0
f(n) = 1.0 (Expanded Nodes: 2, Evaluated States: 7, Time: 0.023) Frontier Size: 5
f(n) = 2.0 (Expanded Nodes: 6, Evaluated States: 7, Time: 0.05) Frontier Size: 1
f(n) = 3.0 (Expanded Nodes: 12, Evaluated States: 23, Time: 0.064) Frontier Size: 11
f(n) = 4.0 (Expanded Nodes: 24, Evaluated States: 41, Time: 0.071) Frontier Size: 17
f(n) = 5.0 (Expanded Nodes: 42, Evaluated States: 82, Time: 0.087) Frontier Size: 40
f(n) = 6.0 (Expanded Nodes: 88, Evaluated States: 144, Time: 0.101) Frontier Size: 56
f(n) = 7.0 (Expanded Nodes: 145, Evaluated States: 224, Time: 0.12) Frontier Size: 79
f(n) = 8.0 (Expanded Nodes: 243, Evaluated States: 352, Time: 0.14) Frontier Size: 109
f(n) = 9.0 (Expanded Nodes: 354, Evaluated States: 477, Time: 0.165) Frontier Size: 123
f(n) = 10.0 (Expanded Nodes: 548, Evaluated States: 745, Time: 0.202) Frontier Size: 197
f(n) = 11.0 (Expanded Nodes: 770, Evaluated States: 1029, Time: 0.242) Frontier Size: 259
Problem Solved

Found Plan:
0.0: (add_action a7)
1.0: (check_added_variables_model a7)
2.0: (move_in_model_move_automata a7)
3.0: (validate_payload t0 a10 t1)
4.0: (sync_actions a10)
5.0: (add_action a12)
6.0: (check_added_variables_model a12)
7.0: (move_in_model_move_automata a12)
8.0: (validate_payload t1 a11 t2)
9.0: (sync_actions a11)
10.0: (add_action a8)
11.0: (check_added_variables_model a8)
12.0: (move_in_model_move_automata a8)
13.0: (validate_payload t2 a0 t3)
14.0: (sync_actions a0)
15.0: (add_action a1)
16.0: (move_in_model_parameter a1 sDEC1_2 integer v5)
17.0: (check_added_variables_model a1)
18.0: (move_in_model_move_automata a1)
19.0: (validate_payload t3 a2 t4)
20.0: (sync_actions a2)
21.0: (add_action a9)
22.0: (check_added_variables_model a9)
23.0: (move_in_model_move_automata a9)

Plan-Length:24
Metric (Search):11.0
Planning Time (msec): 249
Heuristic Time (msec): 9
Search Time (msec): 245
Expanded Nodes:851
States Evaluated:1137
Number of Dead-Ends detected:0
Number of Duplicates detected:142
/usr/bin/time -v timeout 600 java -Xmx64g -jar ./enhsp3.jar -o ./domain_with_failure.pddl -f ./problems/BasePN-1And-del-5-d3/problem34.pddl -h blind -s WAStar
Domain parsed
Problem parsed
Grounding..
Grounding Time: 2366
UFX:true
|F|:7531
|X|:8
|A|:369
|P|:0
|E|:0
h(I):0.0
f(n) = 1.0 (Expanded Nodes: 8, Evaluated States: 23, Time: 0.031) Frontier Size: 15
f(n) = 2.0 (Expanded Nodes: 34, Evaluated States: 59, Time: 0.07) Frontier Size: 25
f(n) = 3.0 (Expanded Nodes: 72, Evaluated States: 119, Time: 0.094) Frontier Size: 47
f(n) = 4.0 (Expanded Nodes: 124, Evaluated States: 177, Time: 0.11) Frontier Size: 53
f(n) = 5.0 (Expanded Nodes: 196, Evaluated States: 260, Time: 0.13) Frontier Size: 64
f(n) = 6.0 (Expanded Nodes: 268, Evaluated States: 342, Time: 0.142) Frontier Size: 74
f(n) = 7.0 (Expanded Nodes: 370, Evaluated States: 444, Time: 0.165) Frontier Size: 74
f(n) = 8.0 (Expanded Nodes: 484, Evaluated States: 608, Time: 0.189) Frontier Size: 124
f(n) = 9.0 (Expanded Nodes: 635, Evaluated States: 793, Time: 0.217) Frontier Size: 158
f(n) = 10.0 (Expanded Nodes: 845, Evaluated States: 1087, Time: 0.244) Frontier Size: 242
Problem Solved

Found Plan:
0.0: (validate_payload t0 a7 t1)
1.0: (sync_actions a7)
2.0: (validate_payload t1 a10 t2)
3.0: (sync_actions a10)
4.0: (add_action a12)
5.0: (check_added_variables_model a12)
6.0: (move_in_model_move_automata a12)
7.0: (add_action a11)
8.0: (check_added_variables_model a11)
9.0: (move_in_model_move_automata a11)
10.0: (add_action a8)
11.0: (check_added_variables_model a8)
12.0: (move_in_model_move_automata a8)
13.0: (add_action a0)
14.0: (check_added_variables_model a0)
15.0: (move_in_model_move_automata a0)
16.0: (validate_payload t2 a1 t3)
17.0: (sync_actions a1)
18.0: (validate_payload t3 a2 t4)
19.0: (sync_actions a2)
20.0: (add_action a9)
21.0: (check_added_variables_model a9)
22.0: (move_in_model_move_automata a9)

Plan-Length:23
Metric (Search):10.0
Planning Time (msec): 260
Heuristic Time (msec): 7
Search Time (msec): 258
Expanded Nodes:923
States Evaluated:1199
Number of Dead-Ends detected:0
Number of Duplicates detected:135
/usr/bin/time -v timeout 600 java -Xmx64g -jar ./enhsp3.jar -o ./domain_with_failure.pddl -f ./problems/BasePN-1And-del-5-d3/problem35.pddl -h blind -s WAStar
Domain parsed
Problem parsed
Grounding..
Grounding Time: 2311
UFX:true
|F|:7531
|X|:8
|A|:369
|P|:0
|E|:0
h(I):0.0
f(n) = 1.0 (Expanded Nodes: 6, Evaluated States: 16, Time: 0.026) Frontier Size: 10
f(n) = 2.0 (Expanded Nodes: 18, Evaluated States: 34, Time: 0.055) Frontier Size: 16
f(n) = 3.0 (Expanded Nodes: 37, Evaluated States: 83, Time: 0.08) Frontier Size: 46
f(n) = 4.0 (Expanded Nodes: 97, Evaluated States: 191, Time: 0.098) Frontier Size: 94
f(n) = 5.0 (Expanded Nodes: 205, Evaluated States: 314, Time: 0.127) Frontier Size: 109
f(n) = 6.0 (Expanded Nodes: 320, Evaluated States: 487, Time: 0.143) Frontier Size: 167
f(n) = 7.0 (Expanded Nodes: 544, Evaluated States: 732, Time: 0.174) Frontier Size: 188
f(n) = 8.0 (Expanded Nodes: 776, Evaluated States: 1063, Time: 0.199) Frontier Size: 287
f(n) = 9.0 (Expanded Nodes: 1142, Evaluated States: 1455, Time: 0.226) Frontier Size: 313
f(n) = 10.0 (Expanded Nodes: 1594, Evaluated States: 1909, Time: 0.26) Frontier Size: 315
Problem Solved

Found Plan:
0.0: (validate_payload t0 a7 t1)
1.0: (sync_actions a7)
2.0: (validate_payload t1 a10 t2)
3.0: (sync_actions a10)
4.0: (add_action a12)
5.0: (check_added_variables_model a12)
6.0: (move_in_model_move_automata a12)
7.0: (validate_payload t2 a11 t3)
8.0: (sync_actions a11)
9.0: (validate_payload t3 a8 t4)
10.0: (sync_actions a8)
11.0: (add_action a1)
12.0: (check_added_variables_model a1)
13.0: (move_in_model_move_automata a1)
14.0: (add_action a0)
15.0: (check_added_variables_model a0)
16.0: (move_in_model_move_automata a0)
17.0: (add_action a2)
18.0: (check_added_variables_model a2)
19.0: (move_in_model_move_automata a2)
20.0: (add_action a9)
21.0: (check_added_variables_model a9)
22.0: (move_in_model_move_automata a9)

Plan-Length:23
Metric (Search):10.0
Planning Time (msec): 284
Heuristic Time (msec): 2
Search Time (msec): 277
Expanded Nodes:1799
States Evaluated:2131
Number of Dead-Ends detected:0
Number of Duplicates detected:290
/usr/bin/time -v timeout 600 java -Xmx64g -jar ./enhsp3.jar -o ./domain_with_failure.pddl -f ./problems/BasePN-1And-del-5-d3/problem36.pddl -h blind -s WAStar
Domain parsed
Problem parsed
Grounding..
Grounding Time: 2384
UFX:true
|F|:7531
|X|:8
|A|:369
|P|:0
|E|:0
h(I):0.0
f(n) = 1.0 (Expanded Nodes: 2, Evaluated States: 7, Time: 0.022) Frontier Size: 5
f(n) = 2.0 (Expanded Nodes: 6, Evaluated States: 7, Time: 0.051) Frontier Size: 1
f(n) = 3.0 (Expanded Nodes: 12, Evaluated States: 28, Time: 0.06) Frontier Size: 16
f(n) = 4.0 (Expanded Nodes: 30, Evaluated States: 58, Time: 0.069) Frontier Size: 28
f(n) = 5.0 (Expanded Nodes: 56, Evaluated States: 92, Time: 0.084) Frontier Size: 36
f(n) = 6.0 (Expanded Nodes: 90, Evaluated States: 142, Time: 0.095) Frontier Size: 52
f(n) = 7.0 (Expanded Nodes: 150, Evaluated States: 205, Time: 0.118) Frontier Size: 55
f(n) = 8.0 (Expanded Nodes: 228, Evaluated States: 342, Time: 0.131) Frontier Size: 114
f(n) = 9.0 (Expanded Nodes: 365, Evaluated States: 527, Time: 0.158) Frontier Size: 162
f(n) = 10.0 (Expanded Nodes: 511, Evaluated States: 762, Time: 0.181) Frontier Size: 251
Problem Solved

Found Plan:
0.0: (add_action a7)
1.0: (check_added_variables_model a7)
2.0: (move_in_model_move_automata a7)
3.0: (validate_payload t0 a10 t1)
4.0: (sync_actions a10)
5.0: (add_action a12)
6.0: (check_added_variables_model a12)
7.0: (move_in_model_move_automata a12)
8.0: (add_action a11)
9.0: (check_added_variables_model a11)
10.0: (move_in_model_move_automata a11)
11.0: (validate_payload t1 a8 t2)
12.0: (sync_actions a8)
13.0: (add_action a1)
14.0: (check_added_variables_model a1)
15.0: (move_in_model_move_automata a1)
16.0: (add_action a2)
17.0: (check_added_variables_model a2)
18.0: (move_in_model_move_automata a2)
19.0: (validate_payload t2 a0 t3)
20.0: (sync_actions a0)
21.0: (validate_payload t3 a9 t4)
22.0: (sync_actions a9)

Plan-Length:23
Metric (Search):10.0
Planning Time (msec): 210
Heuristic Time (msec): 7
Search Time (msec): 205
Expanded Nodes:760
States Evaluated:1118
Number of Dead-Ends detected:0
Number of Duplicates detected:88
/usr/bin/time -v timeout 600 java -Xmx64g -jar ./enhsp3.jar -o ./domain_with_failure.pddl -f ./problems/BasePN-1And-del-5-d3/problem37.pddl -h blind -s WAStar
Domain parsed
Problem parsed
Grounding..
Grounding Time: 2415
UFX:true
|F|:7531
|X|:7
|A|:369
|P|:0
|E|:0
h(I):0.0
f(n) = 2.0 (Expanded Nodes: 2, Evaluated States: 3, Time: 0.019) Frontier Size: 1
f(n) = 4.0 (Expanded Nodes: 10, Evaluated States: 18, Time: 0.059) Frontier Size: 8
f(n) = 6.0 (Expanded Nodes: 28, Evaluated States: 43, Time: 0.075) Frontier Size: 15
f(n) = 8.0 (Expanded Nodes: 62, Evaluated States: 85, Time: 0.086) Frontier Size: 23
f(n) = 10.0 (Expanded Nodes: 113, Evaluated States: 140, Time: 0.107) Frontier Size: 27
Problem Solved

Found Plan:
0.0: (add_action a7)
1.0: (check_added_variables_model a7)
2.0: (move_in_model_move_automata a7)
3.0: (validate_payload t0 a10 t1)
4.0: (sync_actions a10)
5.0: (validate_payload t1 a12 t2)
6.0: (sync_actions a12)
7.0: (add_action a11)
8.0: (check_added_variables_model a11)
9.0: (move_in_model_move_automata a11)
10.0: (add_action a8)
11.0: (check_added_variables_model a8)
12.0: (move_in_model_move_automata a8)
13.0: (validate_payload t2 a1 t3)
14.0: (sync_actions a1)
15.0: (validate_payload t3 a0 t4)
16.0: (sync_actions a0)
17.0: (add_action a2)
18.0: (check_added_variables_model a2)
19.0: (move_in_model_move_automata a2)
20.0: (add_action a9)
21.0: (check_added_variables_model a9)
22.0: (move_in_model_move_automata a9)

Plan-Length:23
Metric (Search):10.0
Planning Time (msec): 122
Heuristic Time (msec): 6
Search Time (msec): 110
Expanded Nodes:136
States Evaluated:161
Number of Dead-Ends detected:0
Number of Duplicates detected:35
/usr/bin/time -v timeout 600 java -Xmx64g -jar ./enhsp3.jar -o ./domain_with_failure.pddl -f ./problems/BasePN-1And-del-5-d3/problem38.pddl -h blind -s WAStar
Domain parsed
Problem parsed
Grounding..
Grounding Time: 2349
UFX:true
|F|:7531
|X|:8
|A|:369
|P|:0
|E|:0
h(I):0.0
f(n) = 2.0 (Expanded Nodes: 2, Evaluated States: 3, Time: 0.023) Frontier Size: 1
f(n) = 3.0 (Expanded Nodes: 6, Evaluated States: 13, Time: 0.059) Frontier Size: 7
f(n) = 4.0 (Expanded Nodes: 9, Evaluated States: 13, Time: 0.06) Frontier Size: 4
f(n) = 5.0 (Expanded Nodes: 21, Evaluated States: 38, Time: 0.065) Frontier Size: 17
f(n) = 6.0 (Expanded Nodes: 27, Evaluated States: 38, Time: 0.066) Frontier Size: 11
f(n) = 7.0 (Expanded Nodes: 55, Evaluated States: 87, Time: 0.082) Frontier Size: 32
f(n) = 8.0 (Expanded Nodes: 82, Evaluated States: 126, Time: 0.091) Frontier Size: 44
f(n) = 9.0 (Expanded Nodes: 130, Evaluated States: 188, Time: 0.111) Frontier Size: 58
f(n) = 10.0 (Expanded Nodes: 193, Evaluated States: 263, Time: 0.128) Frontier Size: 70
Problem Solved

Found Plan:
0.0: (add_action a7)
1.0: (check_added_variables_model a7)
2.0: (move_in_model_move_automata a7)
3.0: (add_action a10)
4.0: (check_added_variables_model a10)
5.0: (move_in_model_move_automata a10)
6.0: (validate_payload t0 a12 t1)
7.0: (sync_actions a12)
8.0: (add_action a11)
9.0: (check_added_variables_model a11)
10.0: (move_in_model_move_automata a11)
11.0: (validate_payload t1 a8 t2)
12.0: (sync_actions a8)
13.0: (validate_payload t2 a1 t3)
14.0: (sync_actions a1)
15.0: (validate_payload t3 a2 t4)
16.0: (sync_actions a2)
17.0: (add_action a0)
18.0: (check_added_variables_model a0)
19.0: (move_in_model_move_automata a0)
20.0: (add_action a9)
21.0: (check_added_variables_model a9)
22.0: (move_in_model_move_automata a9)

Plan-Length:23
Metric (Search):10.0
Planning Time (msec): 132
Heuristic Time (msec): 7
Search Time (msec): 129
Expanded Nodes:208
States Evaluated:284
Number of Dead-Ends detected:0
Number of Duplicates detected:34
/usr/bin/time -v timeout 600 java -Xmx64g -jar ./enhsp3.jar -o ./domain_with_failure.pddl -f ./problems/BasePN-1And-del-5-d3/problem39.pddl -h blind -s WAStar
Domain parsed
Problem parsed
Grounding..
Grounding Time: 2466
UFX:true
|F|:7531
|X|:7
|A|:369
|P|:0
|E|:0
h(I):0.0
f(n) = 2.0 (Expanded Nodes: 4, Evaluated States: 8, Time: 0.019) Frontier Size: 4
f(n) = 4.0 (Expanded Nodes: 15, Evaluated States: 26, Time: 0.059) Frontier Size: 11
f(n) = 6.0 (Expanded Nodes: 41, Evaluated States: 59, Time: 0.081) Frontier Size: 18
f(n) = 8.0 (Expanded Nodes: 78, Evaluated States: 101, Time: 0.093) Frontier Size: 23
f(n) = 10.0 (Expanded Nodes: 125, Evaluated States: 149, Time: 0.113) Frontier Size: 24
Problem Solved

Found Plan:
0.0: (validate_payload t0 a7 t1)
1.0: (sync_actions a7)
2.0: (add_action a10)
3.0: (check_added_variables_model a10)
4.0: (move_in_model_move_automata a10)
5.0: (add_action a12)
6.0: (check_added_variables_model a12)
7.0: (move_in_model_move_automata a12)
8.0: (validate_payload t1 a11 t2)
9.0: (sync_actions a11)
10.0: (add_action a8)
11.0: (check_added_variables_model a8)
12.0: (move_in_model_move_automata a8)
13.0: (validate_payload t2 a1 t3)
14.0: (sync_actions a1)
15.0: (add_action a0)
16.0: (check_added_variables_model a0)
17.0: (move_in_model_move_automata a0)
18.0: (add_action a2)
19.0: (check_added_variables_model a2)
20.0: (move_in_model_move_automata a2)
21.0: (validate_payload t3 a9 t4)
22.0: (sync_actions a9)

Plan-Length:23
Metric (Search):10.0
Planning Time (msec): 116
Heuristic Time (msec): 7
Search Time (msec): 114
Expanded Nodes:138
States Evaluated:164
Number of Dead-Ends detected:0
Number of Duplicates detected:34
/usr/bin/time -v timeout 600 java -Xmx64g -jar ./enhsp3.jar -o ./domain_with_failure.pddl -f ./problems/BasePN-1And-del-5-d3/problem40.pddl -h blind -s WAStar
Domain parsed
Problem parsed
Grounding..
Grounding Time: 2304
UFX:true
|F|:7531
|X|:7
|A|:369
|P|:0
|E|:0
h(I):0.0
f(n) = 1.0 (Expanded Nodes: 4, Evaluated States: 11, Time: 0.032) Frontier Size: 7
f(n) = 2.0 (Expanded Nodes: 7, Evaluated States: 11, Time: 0.064) Frontier Size: 4
f(n) = 3.0 (Expanded Nodes: 18, Evaluated States: 38, Time: 0.083) Frontier Size: 20
f(n) = 4.0 (Expanded Nodes: 27, Evaluated States: 38, Time: 0.084) Frontier Size: 11
f(n) = 5.0 (Expanded Nodes: 51, Evaluated States: 73, Time: 0.094) Frontier Size: 22
f(n) = 6.0 (Expanded Nodes: 57, Evaluated States: 73, Time: 0.102) Frontier Size: 16
f(n) = 7.0 (Expanded Nodes: 90, Evaluated States: 112, Time: 0.114) Frontier Size: 22
f(n) = 8.0 (Expanded Nodes: 99, Evaluated States: 127, Time: 0.12) Frontier Size: 28
f(n) = 9.0 (Expanded Nodes: 138, Evaluated States: 173, Time: 0.131) Frontier Size: 35
f(n) = 10.0 (Expanded Nodes: 168, Evaluated States: 221, Time: 0.138) Frontier Size: 53
Problem Solved

Found Plan:
0.0: (validate_payload t0 a7 t1)
1.0: (sync_actions a7)
2.0: (add_action a3)
3.0: (check_added_variables_model a3)
4.0: (move_in_model_move_automata a3)
5.0: (add_action a5)
6.0: (check_added_variables_model a5)
7.0: (move_in_model_move_automata a5)
8.0: (add_action a6)
9.0: (check_added_variables_model a6)
10.0: (move_in_model_move_automata a6)
11.0: (validate_payload t1 a8 t2)
12.0: (sync_actions a8)
13.0: (add_action a1)
14.0: (check_added_variables_model a1)
15.0: (move_in_model_move_automata a1)
16.0: (validate_payload t2 a2 t3)
17.0: (sync_actions a2)
18.0: (add_action a0)
19.0: (check_added_variables_model a0)
20.0: (move_in_model_move_automata a0)
21.0: (validate_payload t3 a9 t4)
22.0: (sync_actions a9)

Plan-Length:23
Metric (Search):10.0
Planning Time (msec): 142
Heuristic Time (msec): 11
Search Time (msec): 141
Expanded Nodes:203
States Evaluated:259
Number of Dead-Ends detected:0
Number of Duplicates detected:36
/usr/bin/time -v timeout 600 java -Xmx64g -jar ./enhsp3.jar -o ./domain_with_failure.pddl -f ./problems/BasePN-1And-del-5-d3/problem41.pddl -h blind -s WAStar
Domain parsed
Problem parsed
Grounding..
Grounding Time: 2219
UFX:true
|F|:7531
|X|:7
|A|:369
|P|:0
|E|:0
h(I):0.0
f(n) = 1.0 (Expanded Nodes: 8, Evaluated States: 20, Time: 0.024) Frontier Size: 12
f(n) = 2.0 (Expanded Nodes: 28, Evaluated States: 56, Time: 0.064) Frontier Size: 28
f(n) = 3.0 (Expanded Nodes: 49, Evaluated States: 99, Time: 0.084) Frontier Size: 50
f(n) = 4.0 (Expanded Nodes: 109, Evaluated States: 183, Time: 0.1) Frontier Size: 74
f(n) = 5.0 (Expanded Nodes: 190, Evaluated States: 259, Time: 0.121) Frontier Size: 69
f(n) = 6.0 (Expanded Nodes: 286, Evaluated States: 387, Time: 0.144) Frontier Size: 101
f(n) = 7.0 (Expanded Nodes: 426, Evaluated States: 508, Time: 0.165) Frontier Size: 82
f(n) = 8.0 (Expanded Nodes: 530, Evaluated States: 650, Time: 0.188) Frontier Size: 120
f(n) = 9.0 (Expanded Nodes: 732, Evaluated States: 827, Time: 0.225) Frontier Size: 95
f(n) = 10.0 (Expanded Nodes: 824, Evaluated States: 953, Time: 0.239) Frontier Size: 129
Problem Solved

Found Plan:
0.0: (validate_payload t0 a7 t1)
1.0: (sync_actions a7)
2.0: (validate_payload t1 a10 t2)
3.0: (sync_actions a10)
4.0: (validate_payload t2 a12 t3)
5.0: (sync_actions a12)
6.0: (add_action a11)
7.0: (check_added_variables_model a11)
8.0: (move_in_model_move_automata a11)
9.0: (validate_payload t3 a8 t4)
10.0: (sync_actions a8)
11.0: (add_action a1)
12.0: (check_added_variables_model a1)
13.0: (move_in_model_move_automata a1)
14.0: (add_action a0)
15.0: (check_added_variables_model a0)
16.0: (move_in_model_move_automata a0)
17.0: (add_action a2)
18.0: (check_added_variables_model a2)
19.0: (move_in_model_move_automata a2)
20.0: (add_action a9)
21.0: (check_added_variables_model a9)
22.0: (move_in_model_move_automata a9)

Plan-Length:23
Metric (Search):10.0
Planning Time (msec): 272
Heuristic Time (msec): 6
Search Time (msec): 269
Expanded Nodes:1024
States Evaluated:1132
Number of Dead-Ends detected:0
Number of Duplicates detected:268
/usr/bin/time -v timeout 600 java -Xmx64g -jar ./enhsp3.jar -o ./domain_with_failure.pddl -f ./problems/BasePN-1And-del-5-d3/problem42.pddl -h blind -s WAStar
Domain parsed
Problem parsed
Grounding..
Grounding Time: 2390
UFX:true
|F|:7531
|X|:9
|A|:369
|P|:0
|E|:0
h(I):0.0
f(n) = 1.0 (Expanded Nodes: 6, Evaluated States: 19, Time: 0.019) Frontier Size: 13
f(n) = 2.0 (Expanded Nodes: 21, Evaluated States: 49, Time: 0.055) Frontier Size: 28
f(n) = 3.0 (Expanded Nodes: 48, Evaluated States: 90, Time: 0.073) Frontier Size: 42
f(n) = 4.0 (Expanded Nodes: 86, Evaluated States: 140, Time: 0.083) Frontier Size: 54
f(n) = 5.0 (Expanded Nodes: 152, Evaluated States: 211, Time: 0.108) Frontier Size: 59
f(n) = 6.0 (Expanded Nodes: 233, Evaluated States: 340, Time: 0.122) Frontier Size: 107
f(n) = 7.0 (Expanded Nodes: 385, Evaluated States: 534, Time: 0.16) Frontier Size: 149
f(n) = 8.0 (Expanded Nodes: 556, Evaluated States: 772, Time: 0.19) Frontier Size: 216
f(n) = 9.0 (Expanded Nodes: 875, Evaluated States: 1197, Time: 0.234) Frontier Size: 322
f(n) = 10.0 (Expanded Nodes: 1296, Evaluated States: 1779, Time: 0.296) Frontier Size: 483
Problem Solved

Found Plan:
0.0: (validate_payload t0 a7 t1)
1.0: (sync_actions a7)
2.0: (validate_payload t1 a10 t2)
3.0: (sync_actions a10)
4.0: (add_action a12)
5.0: (check_added_variables_model a12)
6.0: (move_in_model_move_automata a12)
7.0: (add_action a11)
8.0: (check_added_variables_model a11)
9.0: (move_in_model_move_automata a11)
10.0: (validate_payload t2 a8 t3)
11.0: (sync_actions a8)
12.0: (validate_payload t3 a0 t4)
13.0: (sync_actions a0)
14.0: (add_action a1)
15.0: (check_added_variables_model a1)
16.0: (move_in_model_move_automata a1)
17.0: (add_action a2)
18.0: (check_added_variables_model a2)
19.0: (move_in_model_move_automata a2)
20.0: (add_action a9)
21.0: (check_added_variables_model a9)
22.0: (move_in_model_move_automata a9)

Plan-Length:23
Metric (Search):10.0
Planning Time (msec): 394
Heuristic Time (msec): 2
Search Time (msec): 382
Expanded Nodes:1839
States Evaluated:2442
Number of Dead-Ends detected:0
Number of Duplicates detected:342
/usr/bin/time -v timeout 600 java -Xmx64g -jar ./enhsp3.jar -o ./domain_with_failure.pddl -f ./problems/BasePN-1And-del-5-d3/problem43.pddl -h blind -s WAStar
Domain parsed
Problem parsed
Grounding..
Grounding Time: 2404
UFX:true
|F|:7531
|X|:7
|A|:369
|P|:0
|E|:0
h(I):0.0
f(n) = 1.0 (Expanded Nodes: 6, Evaluated States: 16, Time: 0.024) Frontier Size: 10
f(n) = 2.0 (Expanded Nodes: 18, Evaluated States: 34, Time: 0.055) Frontier Size: 16
f(n) = 3.0 (Expanded Nodes: 33, Evaluated States: 69, Time: 0.076) Frontier Size: 36
f(n) = 4.0 (Expanded Nodes: 65, Evaluated States: 107, Time: 0.086) Frontier Size: 42
f(n) = 5.0 (Expanded Nodes: 115, Evaluated States: 161, Time: 0.098) Frontier Size: 46
f(n) = 6.0 (Expanded Nodes: 159, Evaluated States: 219, Time: 0.109) Frontier Size: 60
f(n) = 7.0 (Expanded Nodes: 231, Evaluated States: 278, Time: 0.121) Frontier Size: 47
f(n) = 8.0 (Expanded Nodes: 283, Evaluated States: 352, Time: 0.134) Frontier Size: 69
f(n) = 9.0 (Expanded Nodes: 372, Evaluated States: 422, Time: 0.152) Frontier Size: 50
f(n) = 10.0 (Expanded Nodes: 440, Evaluated States: 532, Time: 0.164) Frontier Size: 92
Problem Solved

Found Plan:
0.0: (validate_payload t0 a7 t1)
1.0: (sync_actions a7)
2.0: (validate_payload t1 a10 t2)
3.0: (sync_actions a10)
4.0: (add_action a12)
5.0: (check_added_variables_model a12)
6.0: (move_in_model_move_automata a12)
7.0: (add_action a11)
8.0: (check_added_variables_model a11)
9.0: (move_in_model_move_automata a11)
10.0: (add_action a8)
11.0: (check_added_variables_model a8)
12.0: (move_in_model_move_automata a8)
13.0: (add_action a1)
14.0: (check_added_variables_model a1)
15.0: (move_in_model_move_automata a1)
16.0: (validate_payload t2 a2 t3)
17.0: (sync_actions a2)
18.0: (add_action a0)
19.0: (check_added_variables_model a0)
20.0: (move_in_model_move_automata a0)
21.0: (validate_payload t3 a9 t4)
22.0: (sync_actions a9)

Plan-Length:23
Metric (Search):10.0
Planning Time (msec): 196
Heuristic Time (msec): 3
Search Time (msec): 189
Expanded Nodes:548
States Evaluated:676
Number of Dead-Ends detected:0
Number of Duplicates detected:83
/usr/bin/time -v timeout 600 java -Xmx64g -jar ./enhsp3.jar -o ./domain_with_failure.pddl -f ./problems/BasePN-1And-del-5-d3/problem44.pddl -h blind -s WAStar
Domain parsed
Problem parsed
Grounding..
Grounding Time: 2365
UFX:true
|F|:7531
|X|:7
|A|:369
|P|:0
|E|:0
h(I):0.0
f(n) = 1.0 (Expanded Nodes: 2, Evaluated States: 7, Time: 0.018) Frontier Size: 5
f(n) = 2.0 (Expanded Nodes: 6, Evaluated States: 7, Time: 0.049) Frontier Size: 1
f(n) = 3.0 (Expanded Nodes: 12, Evaluated States: 22, Time: 0.061) Frontier Size: 10
f(n) = 4.0 (Expanded Nodes: 24, Evaluated States: 40, Time: 0.064) Frontier Size: 16
f(n) = 5.0 (Expanded Nodes: 38, Evaluated States: 68, Time: 0.074) Frontier Size: 30
f(n) = 6.0 (Expanded Nodes: 66, Evaluated States: 106, Time: 0.083) Frontier Size: 40
f(n) = 7.0 (Expanded Nodes: 110, Evaluated States: 154, Time: 0.1) Frontier Size: 44
f(n) = 8.0 (Expanded Nodes: 154, Evaluated States: 216, Time: 0.111) Frontier Size: 62
f(n) = 9.0 (Expanded Nodes: 219, Evaluated States: 270, Time: 0.129) Frontier Size: 51
f(n) = 10.0 (Expanded Nodes: 275, Evaluated States: 354, Time: 0.136) Frontier Size: 79
Problem Solved

Found Plan:
0.0: (add_action a7)
1.0: (check_added_variables_model a7)
2.0: (move_in_model_move_automata a7)
3.0: (validate_payload t0 a10 t1)
4.0: (sync_actions a10)
5.0: (add_action a12)
6.0: (check_added_variables_model a12)
7.0: (move_in_model_move_automata a12)
8.0: (add_action a11)
9.0: (check_added_variables_model a11)
10.0: (move_in_model_move_automata a11)
11.0: (add_action a8)
12.0: (check_added_variables_model a8)
13.0: (move_in_model_move_automata a8)
14.0: (add_action a1)
15.0: (check_added_variables_model a1)
16.0: (move_in_model_move_automata a1)
17.0: (validate_payload t1 a2 t2)
18.0: (sync_actions a2)
19.0: (validate_payload t2 a0 t3)
20.0: (sync_actions a0)
21.0: (validate_payload t3 a9 t4)
22.0: (sync_actions a9)

Plan-Length:23
Metric (Search):10.0
Planning Time (msec): 158
Heuristic Time (msec): 2
Search Time (msec): 152
Expanded Nodes:340
States Evaluated:418
Number of Dead-Ends detected:0
Number of Duplicates detected:45
/usr/bin/time -v timeout 600 java -Xmx64g -jar ./enhsp3.jar -o ./domain_with_failure.pddl -f ./problems/BasePN-1And-del-5-d3/problem45.pddl -h blind -s WAStar
Domain parsed
Problem parsed
Grounding..
Grounding Time: 2282
UFX:true
|F|:7531
|X|:7
|A|:369
|P|:0
|E|:0
h(I):0.0
f(n) = 2.0 (Expanded Nodes: 2, Evaluated States: 3, Time: 0.02) Frontier Size: 1
f(n) = 3.0 (Expanded Nodes: 6, Evaluated States: 13, Time: 0.061) Frontier Size: 7
f(n) = 4.0 (Expanded Nodes: 9, Evaluated States: 13, Time: 0.061) Frontier Size: 4
f(n) = 5.0 (Expanded Nodes: 21, Evaluated States: 38, Time: 0.068) Frontier Size: 17
f(n) = 6.0 (Expanded Nodes: 27, Evaluated States: 38, Time: 0.077) Frontier Size: 11
f(n) = 7.0 (Expanded Nodes: 51, Evaluated States: 79, Time: 0.085) Frontier Size: 28
f(n) = 8.0 (Expanded Nodes: 66, Evaluated States: 94, Time: 0.092) Frontier Size: 28
f(n) = 9.0 (Expanded Nodes: 104, Evaluated States: 147, Time: 0.11) Frontier Size: 43
f(n) = 10.0 (Expanded Nodes: 137, Evaluated States: 195, Time: 0.119) Frontier Size: 58
Problem Solved

Found Plan:
0.0: (add_action a7)
1.0: (check_added_variables_model a7)
2.0: (move_in_model_move_automata a7)
3.0: (add_action a10)
4.0: (check_added_variables_model a10)
5.0: (move_in_model_move_automata a10)
6.0: (validate_payload t0 a12 t1)
7.0: (sync_actions a12)
8.0: (add_action a11)
9.0: (check_added_variables_model a11)
10.0: (move_in_model_move_automata a11)
11.0: (validate_payload t1 a8 t2)
12.0: (sync_actions a8)
13.0: (add_action a1)
14.0: (check_added_variables_model a1)
15.0: (move_in_model_move_automata a1)
16.0: (add_action a0)
17.0: (check_added_variables_model a0)
18.0: (move_in_model_move_automata a0)
19.0: (validate_payload t2 a2 t3)
20.0: (sync_actions a2)
21.0: (validate_payload t3 a9 t4)
22.0: (sync_actions a9)

Plan-Length:23
Metric (Search):10.0
Planning Time (msec): 137
Heuristic Time (msec): 8
Search Time (msec): 130
Expanded Nodes:191
States Evaluated:261
Number of Dead-Ends detected:0
Number of Duplicates detected:29
/usr/bin/time -v timeout 600 java -Xmx64g -jar ./enhsp3.jar -o ./domain_with_failure.pddl -f ./problems/BasePN-1And-del-5-d3/problem46.pddl -h blind -s WAStar
Domain parsed
Problem parsed
Grounding..
Grounding Time: 2344
UFX:true
|F|:7531
|X|:7
|A|:369
|P|:0
|E|:0
h(I):0.0
f(n) = 2.0 (Expanded Nodes: 2, Evaluated States: 3, Time: 0.016) Frontier Size: 1
f(n) = 4.0 (Expanded Nodes: 6, Evaluated States: 10, Time: 0.057) Frontier Size: 4
f(n) = 6.0 (Expanded Nodes: 20, Evaluated States: 33, Time: 0.067) Frontier Size: 13
f(n) = 8.0 (Expanded Nodes: 50, Evaluated States: 73, Time: 0.085) Frontier Size: 23
f(n) = 10.0 (Expanded Nodes: 98, Evaluated States: 126, Time: 0.104) Frontier Size: 28
Problem Solved

Found Plan:
0.0: (add_action a7)
1.0: (check_added_variables_model a7)
2.0: (move_in_model_move_automata a7)
3.0: (add_action a10)
4.0: (check_added_variables_model a10)
5.0: (move_in_model_move_automata a10)
6.0: (validate_payload t0 a12 t1)
7.0: (sync_actions a12)
8.0: (validate_payload t1 a11 t2)
9.0: (sync_actions a11)
10.0: (add_action a8)
11.0: (check_added_variables_model a8)
12.0: (move_in_model_move_automata a8)
13.0: (validate_payload t2 a0 t3)
14.0: (sync_actions a0)
15.0: (validate_payload t3 a1 t4)
16.0: (sync_actions a1)
17.0: (add_action a2)
18.0: (check_added_variables_model a2)
19.0: (move_in_model_move_automata a2)
20.0: (add_action a9)
21.0: (check_added_variables_model a9)
22.0: (move_in_model_move_automata a9)

Plan-Length:23
Metric (Search):10.0
Planning Time (msec): 119
Heuristic Time (msec): 2
Search Time (msec): 113
Expanded Nodes:123
States Evaluated:151
Number of Dead-Ends detected:0
Number of Duplicates detected:28
/usr/bin/time -v timeout 600 java -Xmx64g -jar ./enhsp3.jar -o ./domain_with_failure.pddl -f ./problems/BasePN-1And-del-5-d3/problem47.pddl -h blind -s WAStar
Domain parsed
Problem parsed
Grounding..
Grounding Time: 2475
UFX:true
|F|:7531
|X|:7
|A|:369
|P|:0
|E|:0
h(I):0.0
f(n) = 2.0 (Expanded Nodes: 2, Evaluated States: 3, Time: 0.018) Frontier Size: 1
f(n) = 3.0 (Expanded Nodes: 6, Evaluated States: 13, Time: 0.053) Frontier Size: 7
f(n) = 4.0 (Expanded Nodes: 9, Evaluated States: 13, Time: 0.053) Frontier Size: 4
f(n) = 5.0 (Expanded Nodes: 21, Evaluated States: 38, Time: 0.062) Frontier Size: 17
f(n) = 6.0 (Expanded Nodes: 27, Evaluated States: 38, Time: 0.063) Frontier Size: 11
f(n) = 7.0 (Expanded Nodes: 55, Evaluated States: 87, Time: 0.085) Frontier Size: 32
f(n) = 8.0 (Expanded Nodes: 82, Evaluated States: 126, Time: 0.09) Frontier Size: 44
f(n) = 9.0 (Expanded Nodes: 130, Evaluated States: 188, Time: 0.111) Frontier Size: 58
f(n) = 10.0 (Expanded Nodes: 193, Evaluated States: 263, Time: 0.122) Frontier Size: 70
Problem Solved

Found Plan:
0.0: (add_action a7)
1.0: (check_added_variables_model a7)
2.0: (move_in_model_move_automata a7)
3.0: (add_action a10)
4.0: (check_added_variables_model a10)
5.0: (move_in_model_move_automata a10)
6.0: (validate_payload t0 a12 t1)
7.0: (sync_actions a12)
8.0: (add_action a11)
9.0: (check_added_variables_model a11)
10.0: (move_in_model_move_automata a11)
11.0: (validate_payload t1 a8 t2)
12.0: (sync_actions a8)
13.0: (validate_payload t2 a1 t3)
14.0: (sync_actions a1)
15.0: (validate_payload t3 a2 t4)
16.0: (sync_actions a2)
17.0: (add_action a0)
18.0: (check_added_variables_model a0)
19.0: (move_in_model_move_automata a0)
20.0: (add_action a9)
21.0: (check_added_variables_model a9)
22.0: (move_in_model_move_automata a9)

Plan-Length:23
Metric (Search):10.0
Planning Time (msec): 132
Heuristic Time (msec): 7
Search Time (msec): 129
Expanded Nodes:208
States Evaluated:284
Number of Dead-Ends detected:0
Number of Duplicates detected:34
/usr/bin/time -v timeout 600 java -Xmx64g -jar ./enhsp3.jar -o ./domain_with_failure.pddl -f ./problems/BasePN-1And-del-5-d3/problem48.pddl -h blind -s WAStar
Domain parsed
Problem parsed
Grounding..
Grounding Time: 2500
UFX:true
|F|:7531
|X|:7
|A|:369
|P|:0
|E|:0
h(I):0.0
f(n) = 1.0 (Expanded Nodes: 2, Evaluated States: 7, Time: 0.02) Frontier Size: 5
f(n) = 2.0 (Expanded Nodes: 6, Evaluated States: 7, Time: 0.052) Frontier Size: 1
f(n) = 3.0 (Expanded Nodes: 12, Evaluated States: 22, Time: 0.063) Frontier Size: 10
f(n) = 4.0 (Expanded Nodes: 24, Evaluated States: 40, Time: 0.07) Frontier Size: 16
f(n) = 5.0 (Expanded Nodes: 40, Evaluated States: 72, Time: 0.081) Frontier Size: 32
f(n) = 6.0 (Expanded Nodes: 76, Evaluated States: 128, Time: 0.096) Frontier Size: 52
f(n) = 7.0 (Expanded Nodes: 124, Evaluated States: 182, Time: 0.112) Frontier Size: 58
f(n) = 8.0 (Expanded Nodes: 188, Evaluated States: 280, Time: 0.129) Frontier Size: 92
f(n) = 9.0 (Expanded Nodes: 280, Evaluated States: 357, Time: 0.148) Frontier Size: 77
f(n) = 10.0 (Expanded Nodes: 384, Evaluated States: 523, Time: 0.172) Frontier Size: 139
Problem Solved

Found Plan:
0.0: (add_action a7)
1.0: (check_added_variables_model a7)
2.0: (move_in_model_move_automata a7)
3.0: (validate_payload t0 a10 t1)
4.0: (sync_actions a10)
5.0: (add_action a12)
6.0: (check_added_variables_model a12)
7.0: (move_in_model_move_automata a12)
8.0: (validate_payload t1 a11 t2)
9.0: (sync_actions a11)
10.0: (add_action a8)
11.0: (check_added_variables_model a8)
12.0: (move_in_model_move_automata a8)
13.0: (add_action a0)
14.0: (check_added_variables_model a0)
15.0: (move_in_model_move_automata a0)
16.0: (add_action a1)
17.0: (check_added_variables_model a1)
18.0: (move_in_model_move_automata a1)
19.0: (validate_payload t2 a2 t3)
20.0: (sync_actions a2)
21.0: (validate_payload t3 a9 t4)
22.0: (sync_actions a9)

Plan-Length:23
Metric (Search):10.0
Planning Time (msec): 181
Heuristic Time (msec): 5
Search Time (msec): 179
Expanded Nodes:430
States Evaluated:567
Number of Dead-Ends detected:0
Number of Duplicates detected:61
/usr/bin/time -v timeout 600 java -Xmx64g -jar ./enhsp3.jar -o ./domain_with_failure.pddl -f ./problems/BasePN-1And-del-5-d3/problem49.pddl -h blind -s WAStar
Domain parsed
Problem parsed
Grounding..
Grounding Time: 2435
UFX:true
|F|:7531
|X|:7
|A|:369
|P|:0
|E|:0
h(I):0.0
f(n) = 2.0 (Expanded Nodes: 2, Evaluated States: 3, Time: 0.018) Frontier Size: 1
f(n) = 4.0 (Expanded Nodes: 8, Evaluated States: 14, Time: 0.065) Frontier Size: 6
f(n) = 6.0 (Expanded Nodes: 22, Evaluated States: 34, Time: 0.075) Frontier Size: 12
f(n) = 8.0 (Expanded Nodes: 46, Evaluated States: 62, Time: 0.085) Frontier Size: 16
f(n) = 10.0 (Expanded Nodes: 81, Evaluated States: 103, Time: 0.107) Frontier Size: 22
Problem Solved

Found Plan:
0.0: (add_action a7)
1.0: (check_added_variables_model a7)
2.0: (move_in_model_move_automata a7)
3.0: (validate_payload t0 a10 t1)
4.0: (sync_actions a10)
5.0: (add_action a12)
6.0: (check_added_variables_model a12)
7.0: (move_in_model_move_automata a12)
8.0: (add_action a11)
9.0: (check_added_variables_model a11)
10.0: (move_in_model_move_automata a11)
11.0: (add_action a8)
12.0: (check_added_variables_model a8)
13.0: (move_in_model_move_automata a8)
14.0: (validate_payload t1 a0 t2)
15.0: (sync_actions a0)
16.0: (validate_payload t2 a1 t3)
17.0: (sync_actions a1)
18.0: (validate_payload t3 a2 t4)
19.0: (sync_actions a2)
20.0: (add_action a9)
21.0: (check_added_variables_model a9)
22.0: (move_in_model_move_automata a9)

Plan-Length:23
Metric (Search):10.0
Planning Time (msec): 124
Heuristic Time (msec): 7
Search Time (msec): 117
Expanded Nodes:114
States Evaluated:141
Number of Dead-Ends detected:0
Number of Duplicates detected:26
/usr/bin/time -v timeout 600 java -Xmx64g -jar ./enhsp3.jar -o ./domain_with_failure.pddl -f ./problems/BasePN-1And-del-5-d3/problem50.pddl -h blind -s WAStar
Domain parsed
Problem parsed
Grounding..
Grounding Time: 2424
UFX:true
|F|:7531
|X|:7
|A|:369
|P|:0
|E|:0
h(I):0.0
f(n) = 2.0 (Expanded Nodes: 4, Evaluated States: 8, Time: 0.019) Frontier Size: 4
f(n) = 4.0 (Expanded Nodes: 15, Evaluated States: 26, Time: 0.069) Frontier Size: 11
f(n) = 6.0 (Expanded Nodes: 39, Evaluated States: 55, Time: 0.079) Frontier Size: 16
f(n) = 8.0 (Expanded Nodes: 74, Evaluated States: 95, Time: 0.097) Frontier Size: 21
f(n) = 10.0 (Expanded Nodes: 118, Evaluated States: 141, Time: 0.105) Frontier Size: 23
Problem Solved

Found Plan:
0.0: (validate_payload t0 a7 t1)
1.0: (sync_actions a7)
2.0: (add_action a10)
3.0: (check_added_variables_model a10)
4.0: (move_in_model_move_automata a10)
5.0: (add_action a12)
6.0: (check_added_variables_model a12)
7.0: (move_in_model_move_automata a12)
8.0: (add_action a11)
9.0: (check_added_variables_model a11)
10.0: (move_in_model_move_automata a11)
11.0: (validate_payload t1 a8 t2)
12.0: (sync_actions a8)
13.0: (validate_payload t2 a0 t3)
14.0: (sync_actions a0)
15.0: (add_action a1)
16.0: (check_added_variables_model a1)
17.0: (move_in_model_move_automata a1)
18.0: (validate_payload t3 a2 t4)
19.0: (sync_actions a2)
20.0: (add_action a9)
21.0: (check_added_variables_model a9)
22.0: (move_in_model_move_automata a9)

Plan-Length:23
Metric (Search):10.0
Planning Time (msec): 124
Heuristic Time (msec): 5
Search Time (msec): 120
Expanded Nodes:169
States Evaluated:189
Number of Dead-Ends detected:0
Number of Duplicates detected:47
/usr/bin/time -v timeout 600 java -Xmx64g -jar ./enhsp3.jar -o ./domain_with_failure.pddl -f ./problems/BasePN-1And-del-5-d3/problem51.pddl -h blind -s WAStar
Domain parsed
Problem parsed
Grounding..
Grounding Time: 2360
UFX:true
|F|:7531
|X|:9
|A|:369
|P|:0
|E|:0
h(I):0.0
f(n) = 1.0 (Expanded Nodes: 6, Evaluated States: 16, Time: 0.028) Frontier Size: 10
f(n) = 2.0 (Expanded Nodes: 20, Evaluated States: 44, Time: 0.064) Frontier Size: 24
f(n) = 3.0 (Expanded Nodes: 55, Evaluated States: 91, Time: 0.089) Frontier Size: 36
f(n) = 4.0 (Expanded Nodes: 89, Evaluated States: 139, Time: 0.095) Frontier Size: 50
f(n) = 5.0 (Expanded Nodes: 155, Evaluated States: 201, Time: 0.119) Frontier Size: 46
f(n) = 6.0 (Expanded Nodes: 201, Evaluated States: 269, Time: 0.128) Frontier Size: 68
f(n) = 7.0 (Expanded Nodes: 293, Evaluated States: 344, Time: 0.146) Frontier Size: 51
f(n) = 8.0 (Expanded Nodes: 361, Evaluated States: 462, Time: 0.162) Frontier Size: 101
f(n) = 9.0 (Expanded Nodes: 502, Evaluated States: 616, Time: 0.193) Frontier Size: 114
f(n) = 10.0 (Expanded Nodes: 628, Evaluated States: 818, Time: 0.216) Frontier Size: 190
Problem Solved

Found Plan:
0.0: (validate_payload t0 a7 t1)
1.0: (sync_actions a7)
2.0: (validate_payload t1 a10 t2)
3.0: (sync_actions a10)
4.0: (add_action a12)
5.0: (check_added_variables_model a12)
6.0: (move_in_model_move_automata a12)
7.0: (add_action a11)
8.0: (check_added_variables_model a11)
9.0: (move_in_model_move_automata a11)
10.0: (add_action a8)
11.0: (check_added_variables_model a8)
12.0: (move_in_model_move_automata a8)
13.0: (validate_payload t2 a1 t3)
14.0: (sync_actions a1)
15.0: (validate_payload t3 a0 t4)
16.0: (sync_actions a0)
17.0: (add_action a2)
18.0: (check_added_variables_model a2)
19.0: (move_in_model_move_automata a2)
20.0: (add_action a9)
21.0: (check_added_variables_model a9)
22.0: (move_in_model_move_automata a9)

Plan-Length:23
Metric (Search):10.0
Planning Time (msec): 243
Heuristic Time (msec): 7
Search Time (msec): 238
Expanded Nodes:751
States Evaluated:960
Number of Dead-Ends detected:0
Number of Duplicates detected:112
/usr/bin/time -v timeout 600 java -Xmx64g -jar ./enhsp3.jar -o ./domain_with_failure.pddl -f ./problems/BasePN-1And-del-5-d3/problem52.pddl -h blind -s WAStar
Domain parsed
Problem parsed
Grounding..
Grounding Time: 2383
UFX:true
|F|:7531
|X|:10
|A|:369
|P|:0
|E|:0
h(I):0.0
f(n) = 1.0 (Expanded Nodes: 2, Evaluated States: 7, Time: 0.019) Frontier Size: 5
f(n) = 2.0 (Expanded Nodes: 6, Evaluated States: 7, Time: 0.053) Frontier Size: 1
f(n) = 3.0 (Expanded Nodes: 12, Evaluated States: 29, Time: 0.065) Frontier Size: 17
f(n) = 4.0 (Expanded Nodes: 30, Evaluated States: 59, Time: 0.073) Frontier Size: 29
f(n) = 5.0 (Expanded Nodes: 60, Evaluated States: 107, Time: 0.092) Frontier Size: 47
f(n) = 6.0 (Expanded Nodes: 118, Evaluated States: 181, Time: 0.102) Frontier Size: 63
f(n) = 7.0 (Expanded Nodes: 206, Evaluated States: 291, Time: 0.129) Frontier Size: 85
f(n) = 8.0 (Expanded Nodes: 358, Evaluated States: 571, Time: 0.162) Frontier Size: 213
f(n) = 9.0 (Expanded Nodes: 738, Evaluated States: 1208, Time: 0.23) Frontier Size: 470
f(n) = 10.0 (Expanded Nodes: 1371, Evaluated States: 2199, Time: 0.324) Frontier Size: 828
Problem Solved

Found Plan:
0.0: (add_action a7)
1.0: (check_added_variables_model a7)
2.0: (move_in_model_move_automata a7)
3.0: (validate_payload t0 a10 t1)
4.0: (sync_actions a10)
5.0: (add_action a12)
6.0: (check_added_variables_model a12)
7.0: (move_in_model_move_automata a12)
8.0: (add_action a11)
9.0: (check_added_variables_model a11)
10.0: (move_in_model_move_automata a11)
11.0: (validate_payload t1 a8 t2)
12.0: (sync_actions a8)
13.0: (validate_payload t2 a1 t3)
14.0: (sync_actions a1)
15.0: (validate_payload t3 a0 t4)
16.0: (sync_actions a0)
17.0: (add_action a2)
18.0: (check_added_variables_model a2)
19.0: (move_in_model_move_automata a2)
20.0: (add_action a9)
21.0: (check_added_variables_model a9)
22.0: (move_in_model_move_automata a9)

Plan-Length:23
Metric (Search):10.0
Planning Time (msec): 362
Heuristic Time (msec): 3
Search Time (msec): 357
Expanded Nodes:1658
States Evaluated:2612
Number of Dead-Ends detected:0
Number of Duplicates detected:115
/usr/bin/time -v timeout 600 java -Xmx64g -jar ./enhsp3.jar -o ./domain_with_failure.pddl -f ./problems/BasePN-1And-del-5-d3/problem53.pddl -h blind -s WAStar
Domain parsed
Problem parsed
Grounding..
Grounding Time: 2352
UFX:true
|F|:7531
|X|:8
|A|:369
|P|:0
|E|:0
h(I):0.0
f(n) = 2.0 (Expanded Nodes: 2, Evaluated States: 3, Time: 0.02) Frontier Size: 1
f(n) = 3.0 (Expanded Nodes: 6, Evaluated States: 13, Time: 0.058) Frontier Size: 7
f(n) = 4.0 (Expanded Nodes: 9, Evaluated States: 13, Time: 0.063) Frontier Size: 4
f(n) = 5.0 (Expanded Nodes: 21, Evaluated States: 38, Time: 0.071) Frontier Size: 17
f(n) = 6.0 (Expanded Nodes: 27, Evaluated States: 38, Time: 0.071) Frontier Size: 11
f(n) = 7.0 (Expanded Nodes: 53, Evaluated States: 84, Time: 0.091) Frontier Size: 31
f(n) = 8.0 (Expanded Nodes: 74, Evaluated States: 114, Time: 0.099) Frontier Size: 40
f(n) = 9.0 (Expanded Nodes: 118, Evaluated States: 172, Time: 0.118) Frontier Size: 54
f(n) = 10.0 (Expanded Nodes: 169, Evaluated States: 238, Time: 0.122) Frontier Size: 69
Problem Solved

Found Plan:
0.0: (add_action a7)
1.0: (check_added_variables_model a7)
2.0: (move_in_model_move_automata a7)
3.0: (add_action a10)
4.0: (check_added_variables_model a10)
5.0: (move_in_model_move_automata a10)
6.0: (validate_payload t0 a12 t1)
7.0: (sync_actions a12)
8.0: (add_action a11)
9.0: (check_added_variables_model a11)
10.0: (move_in_model_move_automata a11)
11.0: (validate_payload t1 a8 t2)
12.0: (sync_actions a8)
13.0: (validate_payload t2 a1 t3)
14.0: (sync_actions a1)
15.0: (add_action a2)
16.0: (check_added_variables_model a2)
17.0: (move_in_model_move_automata a2)
18.0: (add_action a0)
19.0: (check_added_variables_model a0)
20.0: (move_in_model_move_automata a0)
21.0: (validate_payload t3 a9 t4)
22.0: (sync_actions a9)

Plan-Length:23
Metric (Search):10.0
Planning Time (msec): 132
Heuristic Time (msec): 7
Search Time (msec): 130
Expanded Nodes:200
States Evaluated:265
Number of Dead-Ends detected:0
Number of Duplicates detected:34
/usr/bin/time -v timeout 600 java -Xmx64g -jar ./enhsp3.jar -o ./domain_with_failure.pddl -f ./problems/BasePN-1And-del-5-d3/problem54.pddl -h blind -s WAStar
Domain parsed
Problem parsed
Grounding..
Grounding Time: 2445
UFX:true
|F|:7531
|X|:8
|A|:369
|P|:0
|E|:0
h(I):0.0
f(n) = 2.0 (Expanded Nodes: 2, Evaluated States: 3, Time: 0.025) Frontier Size: 1
f(n) = 3.0 (Expanded Nodes: 6, Evaluated States: 13, Time: 0.059) Frontier Size: 7
f(n) = 4.0 (Expanded Nodes: 9, Evaluated States: 13, Time: 0.059) Frontier Size: 4
f(n) = 5.0 (Expanded Nodes: 21, Evaluated States: 38, Time: 0.076) Frontier Size: 17
f(n) = 6.0 (Expanded Nodes: 27, Evaluated States: 38, Time: 0.077) Frontier Size: 11
f(n) = 7.0 (Expanded Nodes: 53, Evaluated States: 86, Time: 0.093) Frontier Size: 33
f(n) = 8.0 (Expanded Nodes: 83, Evaluated States: 126, Time: 0.101) Frontier Size: 43
f(n) = 9.0 (Expanded Nodes: 133, Evaluated States: 196, Time: 0.12) Frontier Size: 63
f(n) = 10.0 (Expanded Nodes: 193, Evaluated States: 267, Time: 0.129) Frontier Size: 74
Problem Solved

Found Plan:
0.0: (add_action a7)
1.0: (check_added_variables_model a7)
2.0: (move_in_model_move_automata a7)
3.0: (add_action a10)
4.0: (check_added_variables_model a10)
5.0: (move_in_model_move_automata a10)
6.0: (validate_payload t0 a12 t1)
7.0: (sync_actions a12)
8.0: (add_action a11)
9.0: (check_added_variables_model a11)
10.0: (move_in_model_move_automata a11)
11.0: (validate_payload t1 a8 t2)
12.0: (sync_actions a8)
13.0: (validate_payload t2 a0 t3)
14.0: (sync_actions a0)
15.0: (add_action a1)
16.0: (check_added_variables_model a1)
17.0: (move_in_model_move_automata a1)
18.0: (add_action a2)
19.0: (check_added_variables_model a2)
20.0: (move_in_model_move_automata a2)
21.0: (validate_payload t3 a9 t4)
22.0: (sync_actions a9)

Plan-Length:23
Metric (Search):10.0
Planning Time (msec): 140
Heuristic Time (msec): 9
Search Time (msec): 139
Expanded Nodes:230
States Evaluated:307
Number of Dead-Ends detected:0
Number of Duplicates detected:30
/usr/bin/time -v timeout 600 java -Xmx64g -jar ./enhsp3.jar -o ./domain_with_failure.pddl -f ./problems/BasePN-1And-del-5-d3/problem55.pddl -h blind -s WAStar
Domain parsed
Problem parsed
Grounding..
Grounding Time: 2319
UFX:true
|F|:7531
|X|:7
|A|:369
|P|:0
|E|:0
h(I):0.0
f(n) = 2.0 (Expanded Nodes: 2, Evaluated States: 3, Time: 0.022) Frontier Size: 1
f(n) = 4.0 (Expanded Nodes: 6, Evaluated States: 10, Time: 0.057) Frontier Size: 4
f(n) = 6.0 (Expanded Nodes: 20, Evaluated States: 33, Time: 0.072) Frontier Size: 13
f(n) = 8.0 (Expanded Nodes: 50, Evaluated States: 74, Time: 0.089) Frontier Size: 24
f(n) = 10.0 (Expanded Nodes: 102, Evaluated States: 132, Time: 0.108) Frontier Size: 30
Problem Solved

Found Plan:
0.0: (add_action a7)
1.0: (check_added_variables_model a7)
2.0: (move_in_model_move_automata a7)
3.0: (add_action a10)
4.0: (check_added_variables_model a10)
5.0: (move_in_model_move_automata a10)
6.0: (validate_payload t0 a12 t1)
7.0: (sync_actions a12)
8.0: (validate_payload t1 a11 t2)
9.0: (sync_actions a11)
10.0: (add_action a8)
11.0: (check_added_variables_model a8)
12.0: (move_in_model_move_automata a8)
13.0: (validate_payload t2 a1 t3)
14.0: (sync_actions a1)
15.0: (validate_payload t3 a0 t4)
16.0: (sync_actions a0)
17.0: (add_action a2)
18.0: (check_added_variables_model a2)
19.0: (move_in_model_move_automata a2)
20.0: (add_action a9)
21.0: (check_added_variables_model a9)
22.0: (move_in_model_move_automata a9)

Plan-Length:23
Metric (Search):10.0
Planning Time (msec): 121
Heuristic Time (msec): 6
Search Time (msec): 111
Expanded Nodes:124
States Evaluated:151
Number of Dead-Ends detected:0
Number of Duplicates detected:30
/usr/bin/time -v timeout 600 java -Xmx64g -jar ./enhsp3.jar -o ./domain_with_failure.pddl -f ./problems/BasePN-1And-del-5-d3/problem56.pddl -h blind -s WAStar
Domain parsed
Problem parsed
Grounding..
Grounding Time: 2502
UFX:true
|F|:7531
|X|:7
|A|:369
|P|:0
|E|:0
h(I):0.0
f(n) = 1.0 (Expanded Nodes: 4, Evaluated States: 11, Time: 0.023) Frontier Size: 7
f(n) = 2.0 (Expanded Nodes: 7, Evaluated States: 11, Time: 0.045) Frontier Size: 4
f(n) = 3.0 (Expanded Nodes: 18, Evaluated States: 38, Time: 0.066) Frontier Size: 20
f(n) = 4.0 (Expanded Nodes: 27, Evaluated States: 38, Time: 0.069) Frontier Size: 11
f(n) = 5.0 (Expanded Nodes: 51, Evaluated States: 73, Time: 0.083) Frontier Size: 22
f(n) = 6.0 (Expanded Nodes: 57, Evaluated States: 73, Time: 0.083) Frontier Size: 16
f(n) = 7.0 (Expanded Nodes: 90, Evaluated States: 112, Time: 0.099) Frontier Size: 22
f(n) = 8.0 (Expanded Nodes: 99, Evaluated States: 127, Time: 0.1) Frontier Size: 28
f(n) = 9.0 (Expanded Nodes: 138, Evaluated States: 173, Time: 0.111) Frontier Size: 35
f(n) = 10.0 (Expanded Nodes: 168, Evaluated States: 221, Time: 0.119) Frontier Size: 53
Problem Solved

Found Plan:
0.0: (validate_payload t0 a7 t1)
1.0: (sync_actions a7)
2.0: (add_action a3)
3.0: (check_added_variables_model a3)
4.0: (move_in_model_move_automata a3)
5.0: (add_action a5)
6.0: (check_added_variables_model a5)
7.0: (move_in_model_move_automata a5)
8.0: (add_action a6)
9.0: (check_added_variables_model a6)
10.0: (move_in_model_move_automata a6)
11.0: (validate_payload t1 a8 t2)
12.0: (sync_actions a8)
13.0: (add_action a1)
14.0: (check_added_variables_model a1)
15.0: (move_in_model_move_automata a1)
16.0: (validate_payload t2 a2 t3)
17.0: (sync_actions a2)
18.0: (add_action a0)
19.0: (check_added_variables_model a0)
20.0: (move_in_model_move_automata a0)
21.0: (validate_payload t3 a9 t4)
22.0: (sync_actions a9)

Plan-Length:23
Metric (Search):10.0
Planning Time (msec): 131
Heuristic Time (msec): 6
Search Time (msec): 128
Expanded Nodes:203
States Evaluated:259
Number of Dead-Ends detected:0
Number of Duplicates detected:36
/usr/bin/time -v timeout 600 java -Xmx64g -jar ./enhsp3.jar -o ./domain_with_failure.pddl -f ./problems/BasePN-1And-del-5-d3/problem57.pddl -h blind -s WAStar
Domain parsed
Problem parsed
Grounding..
Grounding Time: 2318
UFX:true
|F|:7531
|X|:7
|A|:369
|P|:0
|E|:0
h(I):0.0
f(n) = 2.0 (Expanded Nodes: 6, Evaluated States: 12, Time: 0.024) Frontier Size: 6
f(n) = 4.0 (Expanded Nodes: 21, Evaluated States: 35, Time: 0.065) Frontier Size: 14
f(n) = 6.0 (Expanded Nodes: 51, Evaluated States: 69, Time: 0.079) Frontier Size: 18
f(n) = 8.0 (Expanded Nodes: 89, Evaluated States: 108, Time: 0.093) Frontier Size: 19
f(n) = 10.0 (Expanded Nodes: 129, Evaluated States: 147, Time: 0.101) Frontier Size: 18
Problem Solved

Found Plan:
0.0: (validate_payload t0 a7 t1)
1.0: (sync_actions a7)
2.0: (validate_payload t1 a10 t2)
3.0: (sync_actions a10)
4.0: (add_action a12)
5.0: (check_added_variables_model a12)
6.0: (move_in_model_move_automata a12)
7.0: (add_action a11)
8.0: (check_added_variables_model a11)
9.0: (move_in_model_move_automata a11)
10.0: (add_action a8)
11.0: (check_added_variables_model a8)
12.0: (move_in_model_move_automata a8)
13.0: (validate_payload t2 a0 t3)
14.0: (sync_actions a0)
15.0: (add_action a1)
16.0: (check_added_variables_model a1)
17.0: (move_in_model_move_automata a1)
18.0: (add_action a2)
19.0: (check_added_variables_model a2)
20.0: (move_in_model_move_automata a2)
21.0: (validate_payload t3 a9 t4)
22.0: (sync_actions a9)

Plan-Length:23
Metric (Search):10.0
Planning Time (msec): 119
Heuristic Time (msec): 4
Search Time (msec): 113
Expanded Nodes:141
States Evaluated:160
Number of Dead-Ends detected:0
Number of Duplicates detected:38
/usr/bin/time -v timeout 600 java -Xmx64g -jar ./enhsp3.jar -o ./domain_with_failure.pddl -f ./problems/BasePN-1And-del-5-d3/problem58.pddl -h blind -s WAStar
Domain parsed
Problem parsed
Grounding..
Grounding Time: 2390
UFX:true
|F|:7531
|X|:7
|A|:369
|P|:0
|E|:0
h(I):0.0
f(n) = 2.0 (Expanded Nodes: 4, Evaluated States: 8, Time: 0.02) Frontier Size: 4
f(n) = 4.0 (Expanded Nodes: 15, Evaluated States: 26, Time: 0.058) Frontier Size: 11
f(n) = 6.0 (Expanded Nodes: 39, Evaluated States: 55, Time: 0.078) Frontier Size: 16
f(n) = 8.0 (Expanded Nodes: 70, Evaluated States: 86, Time: 0.088) Frontier Size: 16
f(n) = 10.0 (Expanded Nodes: 106, Evaluated States: 125, Time: 0.097) Frontier Size: 19
Problem Solved

Found Plan:
0.0: (validate_payload t0 a7 t1)
1.0: (sync_actions a7)
2.0: (add_action a10)
3.0: (check_added_variables_model a10)
4.0: (move_in_model_move_automata a10)
5.0: (add_action a12)
6.0: (check_added_variables_model a12)
7.0: (move_in_model_move_automata a12)
8.0: (add_action a11)
9.0: (check_added_variables_model a11)
10.0: (move_in_model_move_automata a11)
11.0: (add_action a8)
12.0: (check_added_variables_model a8)
13.0: (move_in_model_move_automata a8)
14.0: (validate_payload t1 a1 t2)
15.0: (sync_actions a1)
16.0: (validate_payload t2 a2 t3)
17.0: (sync_actions a2)
18.0: (validate_payload t3 a0 t4)
19.0: (sync_actions a0)
20.0: (add_action a9)
21.0: (check_added_variables_model a9)
22.0: (move_in_model_move_automata a9)

Plan-Length:23
Metric (Search):10.0
Planning Time (msec): 111
Heuristic Time (msec): 2
Search Time (msec): 105
Expanded Nodes:111
States Evaluated:131
Number of Dead-Ends detected:0
Number of Duplicates detected:28
/usr/bin/time -v timeout 600 java -Xmx64g -jar ./enhsp3.jar -o ./domain_with_failure.pddl -f ./problems/BasePN-1And-del-5-d3/problem59.pddl -h blind -s WAStar
Domain parsed
Problem parsed
Grounding..
Grounding Time: 2452
UFX:true
|F|:7531
|X|:8
|A|:369
|P|:0
|E|:0
h(I):0.0
f(n) = 1.0 (Expanded Nodes: 2, Evaluated States: 6, Time: 0.022) Frontier Size: 4
f(n) = 2.0 (Expanded Nodes: 5, Evaluated States: 6, Time: 0.05) Frontier Size: 1
f(n) = 3.0 (Expanded Nodes: 9, Evaluated States: 16, Time: 0.059) Frontier Size: 7
f(n) = 4.0 (Expanded Nodes: 12, Evaluated States: 16, Time: 0.06) Frontier Size: 4
f(n) = 5.0 (Expanded Nodes: 22, Evaluated States: 37, Time: 0.069) Frontier Size: 15
f(n) = 6.0 (Expanded Nodes: 28, Evaluated States: 37, Time: 0.076) Frontier Size: 9
f(n) = 7.0 (Expanded Nodes: 46, Evaluated States: 65, Time: 0.085) Frontier Size: 19
f(n) = 8.0 (Expanded Nodes: 52, Evaluated States: 65, Time: 0.085) Frontier Size: 13
f(n) = 9.0 (Expanded Nodes: 83, Evaluated States: 109, Time: 0.101) Frontier Size: 26
f(n) = 10.0 (Expanded Nodes: 110, Evaluated States: 160, Time: 0.11) Frontier Size: 50
Problem Solved

Found Plan:
0.0: (add_action a7)
1.0: (check_added_variables_model a7)
2.0: (move_in_model_move_automata a7)
3.0: (add_action a10)
4.0: (check_added_variables_model a10)
5.0: (move_in_model_move_automata a10)
6.0: (add_action a12)
7.0: (check_added_variables_model a12)
8.0: (move_in_model_move_automata a12)
9.0: (add_action a11)
10.0: (check_added_variables_model a11)
11.0: (move_in_model_move_automata a11)
12.0: (validate_payload t0 a8 t1)
13.0: (sync_actions a8)
14.0: (validate_payload t1 a1 t2)
15.0: (sync_actions a1)
16.0: (validate_payload t2 a2 t3)
17.0: (sync_actions a2)
18.0: (validate_payload t3 a0 t4)
19.0: (sync_actions a0)
20.0: (add_action a9)
21.0: (check_added_variables_model a9)
22.0: (move_in_model_move_automata a9)

Plan-Length:23
Metric (Search):10.0
Planning Time (msec): 118
Heuristic Time (msec): 8
Search Time (msec): 111
Expanded Nodes:114
States Evaluated:165
Number of Dead-Ends detected:0
Number of Duplicates detected:12
/usr/bin/time -v timeout 600 java -Xmx64g -jar ./enhsp3.jar -o ./domain_with_failure.pddl -f ./problems/BasePN-1And-del-5-d3/problem60.pddl -h blind -s WAStar
Domain parsed
Problem parsed
Grounding..
Grounding Time: 2380
UFX:true
|F|:7531
|X|:7
|A|:369
|P|:0
|E|:0
h(I):0.0
f(n) = 1.0 (Expanded Nodes: 6, Evaluated States: 17, Time: 0.021) Frontier Size: 11
f(n) = 2.0 (Expanded Nodes: 18, Evaluated States: 35, Time: 0.057) Frontier Size: 17
f(n) = 3.0 (Expanded Nodes: 37, Evaluated States: 83, Time: 0.078) Frontier Size: 46
f(n) = 4.0 (Expanded Nodes: 87, Evaluated States: 145, Time: 0.095) Frontier Size: 58
f(n) = 5.0 (Expanded Nodes: 148, Evaluated States: 226, Time: 0.114) Frontier Size: 78
f(n) = 6.0 (Expanded Nodes: 238, Evaluated States: 330, Time: 0.132) Frontier Size: 92
f(n) = 7.0 (Expanded Nodes: 348, Evaluated States: 442, Time: 0.152) Frontier Size: 94
f(n) = 8.0 (Expanded Nodes: 482, Evaluated States: 610, Time: 0.177) Frontier Size: 128
f(n) = 9.0 (Expanded Nodes: 634, Evaluated States: 774, Time: 0.211) Frontier Size: 140
f(n) = 10.0 (Expanded Nodes: 810, Evaluated States: 996, Time: 0.239) Frontier Size: 186
f(n) = 11.0 (Expanded Nodes: 1028, Evaluated States: 1257, Time: 0.277) Frontier Size: 229
Problem Solved

Found Plan:
0.0: (validate_payload t0 a7 t1)
1.0: (sync_actions a7)
2.0: (validate_payload t1 a10 t2)
3.0: (sync_actions a10)
4.0: (add_action a12)
5.0: (check_added_variables_model a12)
6.0: (move_in_model_move_automata a12)
7.0: (validate_payload t2 a11 t3)
8.0: (sync_actions a11)
9.0: (add_action a8)
10.0: (check_added_variables_model a8)
11.0: (move_in_model_move_automata a8)
12.0: (add_action a1)
13.0: (move_in_model_parameter a1 sDEC1_2 integer v5)
14.0: (check_added_variables_model a1)
15.0: (move_in_model_move_automata a1)
16.0: (add_action a2)
17.0: (check_added_variables_model a2)
18.0: (move_in_model_move_automata a2)
19.0: (add_action a0)
20.0: (check_added_variables_model a0)
21.0: (move_in_model_move_automata a0)
22.0: (validate_payload t3 a9 t4)
23.0: (sync_actions a9)

Plan-Length:24
Metric (Search):11.0
Planning Time (msec): 288
Heuristic Time (msec): 4
Search Time (msec): 282
Expanded Nodes:1076
States Evaluated:1323
Number of Dead-Ends detected:0
Number of Duplicates detected:220
/usr/bin/time -v timeout 600 java -Xmx64g -jar ./enhsp3.jar -o ./domain_with_failure.pddl -f ./problems/BasePN-1And-del-5-d3/problem61.pddl -h blind -s WAStar
Domain parsed
Problem parsed
Grounding..
Grounding Time: 2301
UFX:true
|F|:7531
|X|:8
|A|:369
|P|:0
|E|:0
h(I):0.0
f(n) = 1.0 (Expanded Nodes: 8, Evaluated States: 23, Time: 0.024) Frontier Size: 15
f(n) = 2.0 (Expanded Nodes: 34, Evaluated States: 59, Time: 0.065) Frontier Size: 25
f(n) = 3.0 (Expanded Nodes: 72, Evaluated States: 119, Time: 0.092) Frontier Size: 47
f(n) = 4.0 (Expanded Nodes: 124, Evaluated States: 177, Time: 0.105) Frontier Size: 53
f(n) = 5.0 (Expanded Nodes: 196, Evaluated States: 260, Time: 0.126) Frontier Size: 64
f(n) = 6.0 (Expanded Nodes: 268, Evaluated States: 342, Time: 0.136) Frontier Size: 74
f(n) = 7.0 (Expanded Nodes: 370, Evaluated States: 444, Time: 0.161) Frontier Size: 74
f(n) = 8.0 (Expanded Nodes: 484, Evaluated States: 608, Time: 0.188) Frontier Size: 124
f(n) = 9.0 (Expanded Nodes: 635, Evaluated States: 793, Time: 0.216) Frontier Size: 158
f(n) = 10.0 (Expanded Nodes: 845, Evaluated States: 1087, Time: 0.243) Frontier Size: 242
Problem Solved

Found Plan:
0.0: (validate_payload t0 a7 t1)
1.0: (sync_actions a7)
2.0: (validate_payload t1 a10 t2)
3.0: (sync_actions a10)
4.0: (add_action a12)
5.0: (check_added_variables_model a12)
6.0: (move_in_model_move_automata a12)
7.0: (add_action a11)
8.0: (check_added_variables_model a11)
9.0: (move_in_model_move_automata a11)
10.0: (add_action a8)
11.0: (check_added_variables_model a8)
12.0: (move_in_model_move_automata a8)
13.0: (add_action a0)
14.0: (check_added_variables_model a0)
15.0: (move_in_model_move_automata a0)
16.0: (validate_payload t2 a1 t3)
17.0: (sync_actions a1)
18.0: (validate_payload t3 a2 t4)
19.0: (sync_actions a2)
20.0: (add_action a9)
21.0: (check_added_variables_model a9)
22.0: (move_in_model_move_automata a9)

Plan-Length:23
Metric (Search):10.0
Planning Time (msec): 257
Heuristic Time (msec): 3
Search Time (msec): 250
Expanded Nodes:923
States Evaluated:1199
Number of Dead-Ends detected:0
Number of Duplicates detected:135
/usr/bin/time -v timeout 600 java -Xmx64g -jar ./enhsp3.jar -o ./domain_with_failure.pddl -f ./problems/BasePN-1And-del-5-d3/problem62.pddl -h blind -s WAStar
Domain parsed
Problem parsed
Grounding..
Grounding Time: 2369
UFX:true
|F|:7531
|X|:8
|A|:369
|P|:0
|E|:0
h(I):0.0
f(n) = 2.0 (Expanded Nodes: 4, Evaluated States: 8, Time: 0.024) Frontier Size: 4
f(n) = 3.0 (Expanded Nodes: 15, Evaluated States: 29, Time: 0.071) Frontier Size: 14
f(n) = 4.0 (Expanded Nodes: 18, Evaluated States: 29, Time: 0.071) Frontier Size: 11
f(n) = 5.0 (Expanded Nodes: 48, Evaluated States: 82, Time: 0.093) Frontier Size: 34
f(n) = 6.0 (Expanded Nodes: 72, Evaluated States: 108, Time: 0.102) Frontier Size: 36
f(n) = 7.0 (Expanded Nodes: 127, Evaluated States: 175, Time: 0.122) Frontier Size: 48
f(n) = 8.0 (Expanded Nodes: 167, Evaluated States: 222, Time: 0.13) Frontier Size: 55
f(n) = 9.0 (Expanded Nodes: 238, Evaluated States: 287, Time: 0.143) Frontier Size: 49
f(n) = 10.0 (Expanded Nodes: 294, Evaluated States: 341, Time: 0.151) Frontier Size: 47
Problem Solved

Found Plan:
0.0: (validate_payload t0 a7 t1)
1.0: (sync_actions a7)
2.0: (add_action a10)
3.0: (check_added_variables_model a10)
4.0: (move_in_model_move_automata a10)
5.0: (add_action a12)
6.0: (check_added_variables_model a12)
7.0: (move_in_model_move_automata a12)
8.0: (validate_payload t1 a11 t2)
9.0: (sync_actions a11)
10.0: (validate_payload t2 a8 t3)
11.0: (sync_actions a8)
12.0: (validate_payload t3 a0 t4)
13.0: (sync_actions a0)
14.0: (add_action a1)
15.0: (check_added_variables_model a1)
16.0: (move_in_model_move_automata a1)
17.0: (add_action a2)
18.0: (check_added_variables_model a2)
19.0: (move_in_model_move_automata a2)
20.0: (add_action a9)
21.0: (check_added_variables_model a9)
22.0: (move_in_model_move_automata a9)

Plan-Length:23
Metric (Search):10.0
Planning Time (msec): 163
Heuristic Time (msec): 7
Search Time (msec): 158
Expanded Nodes:335
States Evaluated:375
Number of Dead-Ends detected:0
Number of Duplicates detected:71
/usr/bin/time -v timeout 600 java -Xmx64g -jar ./enhsp3.jar -o ./domain_with_failure.pddl -f ./problems/BasePN-1And-del-5-d3/problem63.pddl -h blind -s WAStar
Domain parsed
Problem parsed
Grounding..
Grounding Time: 2306
UFX:true
|F|:7531
|X|:7
|A|:369
|P|:0
|E|:0
h(I):0.0
f(n) = 2.0 (Expanded Nodes: 2, Evaluated States: 3, Time: 0.017) Frontier Size: 1
f(n) = 4.0 (Expanded Nodes: 6, Evaluated States: 10, Time: 0.057) Frontier Size: 4
f(n) = 6.0 (Expanded Nodes: 20, Evaluated States: 33, Time: 0.063) Frontier Size: 13
f(n) = 8.0 (Expanded Nodes: 50, Evaluated States: 74, Time: 0.085) Frontier Size: 24
f(n) = 10.0 (Expanded Nodes: 100, Evaluated States: 129, Time: 0.099) Frontier Size: 29
Problem Solved

Found Plan:
0.0: (add_action a7)
1.0: (check_added_variables_model a7)
2.0: (move_in_model_move_automata a7)
3.0: (add_action a10)
4.0: (check_added_variables_model a10)
5.0: (move_in_model_move_automata a10)
6.0: (validate_payload t0 a12 t1)
7.0: (sync_actions a12)
8.0: (validate_payload t1 a11 t2)
9.0: (sync_actions a11)
10.0: (add_action a8)
11.0: (check_added_variables_model a8)
12.0: (move_in_model_move_automata a8)
13.0: (validate_payload t2 a1 t3)
14.0: (sync_actions a1)
15.0: (validate_payload t3 a2 t4)
16.0: (sync_actions a2)
17.0: (add_action a0)
18.0: (check_added_variables_model a0)
19.0: (move_in_model_move_automata a0)
20.0: (add_action a9)
21.0: (check_added_variables_model a9)
22.0: (move_in_model_move_automata a9)

Plan-Length:23
Metric (Search):10.0
Planning Time (msec): 119
Heuristic Time (msec): 2
Search Time (msec): 111
Expanded Nodes:129
States Evaluated:153
Number of Dead-Ends detected:0
Number of Duplicates detected:33
/usr/bin/time -v timeout 600 java -Xmx64g -jar ./enhsp3.jar -o ./domain_with_failure.pddl -f ./problems/BasePN-1And-del-5-d3/problem64.pddl -h blind -s WAStar
Domain parsed
Problem parsed
Grounding..
Grounding Time: 2394
UFX:true
|F|:7531
|X|:7
|A|:369
|P|:0
|E|:0
h(I):0.0
f(n) = 2.0 (Expanded Nodes: 4, Evaluated States: 8, Time: 0.02) Frontier Size: 4
f(n) = 4.0 (Expanded Nodes: 19, Evaluated States: 34, Time: 0.067) Frontier Size: 15
f(n) = 6.0 (Expanded Nodes: 53, Evaluated States: 77, Time: 0.086) Frontier Size: 24
f(n) = 8.0 (Expanded Nodes: 105, Evaluated States: 129, Time: 0.105) Frontier Size: 24
f(n) = 10.0 (Expanded Nodes: 157, Evaluated States: 172, Time: 0.118) Frontier Size: 15
Problem Solved

Found Plan:
0.0: (validate_payload t0 a7 t1)
1.0: (sync_actions a7)
2.0: (add_action a10)
3.0: (check_added_variables_model a10)
4.0: (move_in_model_move_automata a10)
5.0: (validate_payload t1 a12 t2)
6.0: (sync_actions a12)
7.0: (validate_payload t2 a11 t3)
8.0: (sync_actions a11)
9.0: (add_action a8)
10.0: (check_added_variables_model a8)
11.0: (move_in_model_move_automata a8)
12.0: (validate_payload t3 a1 t4)
13.0: (sync_actions a1)
14.0: (add_action a2)
15.0: (check_added_variables_model a2)
16.0: (move_in_model_move_automata a2)
17.0: (add_action a0)
18.0: (check_added_variables_model a0)
19.0: (move_in_model_move_automata a0)
20.0: (add_action a9)
21.0: (check_added_variables_model a9)
22.0: (move_in_model_move_automata a9)

Plan-Length:23
Metric (Search):10.0
Planning Time (msec): 130
Heuristic Time (msec): 7
Search Time (msec): 124
Expanded Nodes:172
States Evaluated:187
Number of Dead-Ends detected:0
Number of Duplicates detected:48
/usr/bin/time -v timeout 600 java -Xmx64g -jar ./enhsp3.jar -o ./domain_with_failure.pddl -f ./problems/BasePN-1And-del-5-d3/problem65.pddl -h blind -s WAStar
Domain parsed
Problem parsed
Grounding..
Grounding Time: 2325
UFX:true
|F|:7531
|X|:8
|A|:369
|P|:0
|E|:0
h(I):0.0
f(n) = 2.0 (Expanded Nodes: 2, Evaluated States: 3, Time: 0.02) Frontier Size: 1
f(n) = 3.0 (Expanded Nodes: 6, Evaluated States: 13, Time: 0.061) Frontier Size: 7
f(n) = 4.0 (Expanded Nodes: 9, Evaluated States: 13, Time: 0.062) Frontier Size: 4
f(n) = 5.0 (Expanded Nodes: 21, Evaluated States: 38, Time: 0.071) Frontier Size: 17
f(n) = 6.0 (Expanded Nodes: 27, Evaluated States: 38, Time: 0.078) Frontier Size: 11
f(n) = 7.0 (Expanded Nodes: 53, Evaluated States: 84, Time: 0.096) Frontier Size: 31
f(n) = 8.0 (Expanded Nodes: 74, Evaluated States: 114, Time: 0.105) Frontier Size: 40
f(n) = 9.0 (Expanded Nodes: 118, Evaluated States: 172, Time: 0.117) Frontier Size: 54
f(n) = 10.0 (Expanded Nodes: 169, Evaluated States: 238, Time: 0.132) Frontier Size: 69
Problem Solved

Found Plan:
0.0: (add_action a7)
1.0: (check_added_variables_model a7)
2.0: (move_in_model_move_automata a7)
3.0: (add_action a10)
4.0: (check_added_variables_model a10)
5.0: (move_in_model_move_automata a10)
6.0: (validate_payload t0 a12 t1)
7.0: (sync_actions a12)
8.0: (add_action a11)
9.0: (check_added_variables_model a11)
10.0: (move_in_model_move_automata a11)
11.0: (validate_payload t1 a8 t2)
12.0: (sync_actions a8)
13.0: (validate_payload t2 a1 t3)
14.0: (sync_actions a1)
15.0: (add_action a2)
16.0: (check_added_variables_model a2)
17.0: (move_in_model_move_automata a2)
18.0: (add_action a0)
19.0: (check_added_variables_model a0)
20.0: (move_in_model_move_automata a0)
21.0: (validate_payload t3 a9 t4)
22.0: (sync_actions a9)

Plan-Length:23
Metric (Search):10.0
Planning Time (msec): 143
Heuristic Time (msec): 5
Search Time (msec): 135
Expanded Nodes:200
States Evaluated:265
Number of Dead-Ends detected:0
Number of Duplicates detected:34
/usr/bin/time -v timeout 600 java -Xmx64g -jar ./enhsp3.jar -o ./domain_with_failure.pddl -f ./problems/BasePN-1And-del-5-d3/problem66.pddl -h blind -s WAStar
Domain parsed
Problem parsed
Grounding..
Grounding Time: 2430
UFX:true
|F|:7531
|X|:7
|A|:369
|P|:0
|E|:0
h(I):0.0
f(n) = 2.0 (Expanded Nodes: 2, Evaluated States: 3, Time: 0.021) Frontier Size: 1
f(n) = 4.0 (Expanded Nodes: 8, Evaluated States: 14, Time: 0.059) Frontier Size: 6
f(n) = 6.0 (Expanded Nodes: 24, Evaluated States: 38, Time: 0.066) Frontier Size: 14
f(n) = 8.0 (Expanded Nodes: 56, Evaluated States: 80, Time: 0.083) Frontier Size: 24
f(n) = 10.0 (Expanded Nodes: 106, Evaluated States: 134, Time: 0.106) Frontier Size: 28
Problem Solved

Found Plan:
0.0: (add_action a7)
1.0: (check_added_variables_model a7)
2.0: (move_in_model_move_automata a7)
3.0: (validate_payload t0 a10 t1)
4.0: (sync_actions a10)
5.0: (add_action a12)
6.0: (check_added_variables_model a12)
7.0: (move_in_model_move_automata a12)
8.0: (validate_payload t1 a11 t2)
9.0: (sync_actions a11)
10.0: (add_action a8)
11.0: (check_added_variables_model a8)
12.0: (move_in_model_move_automata a8)
13.0: (validate_payload t2 a1 t3)
14.0: (sync_actions a1)
15.0: (validate_payload t3 a2 t4)
16.0: (sync_actions a2)
17.0: (add_action a0)
18.0: (check_added_variables_model a0)
19.0: (move_in_model_move_automata a0)
20.0: (add_action a9)
21.0: (check_added_variables_model a9)
22.0: (move_in_model_move_automata a9)

Plan-Length:23
Metric (Search):10.0
Planning Time (msec): 113
Heuristic Time (msec): 6
Search Time (msec): 110
Expanded Nodes:126
States Evaluated:155
Number of Dead-Ends detected:0
Number of Duplicates detected:30
/usr/bin/time -v timeout 600 java -Xmx64g -jar ./enhsp3.jar -o ./domain_with_failure.pddl -f ./problems/BasePN-1And-del-5-d3/problem67.pddl -h blind -s WAStar
Domain parsed
Problem parsed
Grounding..
Grounding Time: 2432
UFX:true
|F|:7531
|X|:7
|A|:369
|P|:0
|E|:0
h(I):0.0
f(n) = 2.0 (Expanded Nodes: 2, Evaluated States: 3, Time: 0.018) Frontier Size: 1
f(n) = 4.0 (Expanded Nodes: 10, Evaluated States: 18, Time: 0.055) Frontier Size: 8
f(n) = 6.0 (Expanded Nodes: 28, Evaluated States: 43, Time: 0.068) Frontier Size: 15
f(n) = 8.0 (Expanded Nodes: 60, Evaluated States: 81, Time: 0.084) Frontier Size: 21
f(n) = 10.0 (Expanded Nodes: 102, Evaluated States: 125, Time: 0.097) Frontier Size: 23
Problem Solved

Found Plan:
0.0: (add_action a7)
1.0: (check_added_variables_model a7)
2.0: (move_in_model_move_automata a7)
3.0: (validate_payload t0 a10 t1)
4.0: (sync_actions a10)
5.0: (validate_payload t1 a12 t2)
6.0: (sync_actions a12)
7.0: (add_action a11)
8.0: (check_added_variables_model a11)
9.0: (move_in_model_move_automata a11)
10.0: (add_action a8)
11.0: (check_added_variables_model a8)
12.0: (move_in_model_move_automata a8)
13.0: (add_action a1)
14.0: (check_added_variables_model a1)
15.0: (move_in_model_move_automata a1)
16.0: (add_action a2)
17.0: (check_added_variables_model a2)
18.0: (move_in_model_move_automata a2)
19.0: (validate_payload t2 a0 t3)
20.0: (sync_actions a0)
21.0: (validate_payload t3 a9 t4)
22.0: (sync_actions a9)

Plan-Length:23
Metric (Search):10.0
Planning Time (msec): 112
Heuristic Time (msec): 3
Search Time (msec): 106
Expanded Nodes:130
States Evaluated:156
Number of Dead-Ends detected:0
Number of Duplicates detected:32
/usr/bin/time -v timeout 600 java -Xmx64g -jar ./enhsp3.jar -o ./domain_with_failure.pddl -f ./problems/BasePN-1And-del-5-d3/problem68.pddl -h blind -s WAStar
Domain parsed
Problem parsed
Grounding..
Grounding Time: 2463
UFX:true
|F|:7531
|X|:6
|A|:369
|P|:0
|E|:0
h(I):0.0
f(n) = 2.0 (Expanded Nodes: 2, Evaluated States: 3, Time: 0.014) Frontier Size: 1
f(n) = 4.0 (Expanded Nodes: 6, Evaluated States: 10, Time: 0.057) Frontier Size: 4
f(n) = 6.0 (Expanded Nodes: 18, Evaluated States: 29, Time: 0.067) Frontier Size: 11
f(n) = 8.0 (Expanded Nodes: 40, Evaluated States: 56, Time: 0.083) Frontier Size: 16
f(n) = 10.0 (Expanded Nodes: 75, Evaluated States: 99, Time: 0.1) Frontier Size: 24
Problem Solved

Found Plan:
0.0: (add_action a7)
1.0: (check_added_variables_model a7)
2.0: (move_in_model_move_automata a7)
3.0: (add_action a10)
4.0: (check_added_variables_model a10)
5.0: (move_in_model_move_automata a10)
6.0: (validate_payload t0 a12 t1)
7.0: (sync_actions a12)
8.0: (add_action a11)
9.0: (check_added_variables_model a11)
10.0: (move_in_model_move_automata a11)
11.0: (add_action a8)
12.0: (check_added_variables_model a8)
13.0: (move_in_model_move_automata a8)
14.0: (validate_payload t1 a1 t2)
15.0: (sync_actions a1)
16.0: (validate_payload t2 a0 t3)
17.0: (sync_actions a0)
18.0: (validate_payload t3 a2 t4)
19.0: (sync_actions a2)
20.0: (add_action a9)
21.0: (check_added_variables_model a9)
22.0: (move_in_model_move_automata a9)

Plan-Length:23
Metric (Search):10.0
Planning Time (msec): 117
Heuristic Time (msec): 3
Search Time (msec): 111
Expanded Nodes:103
States Evaluated:138
Number of Dead-Ends detected:0
Number of Duplicates detected:20
/usr/bin/time -v timeout 600 java -Xmx64g -jar ./enhsp3.jar -o ./domain_with_failure.pddl -f ./problems/BasePN-1And-del-5-d3/problem69.pddl -h blind -s WAStar
Domain parsed
Problem parsed
Grounding..
Grounding Time: 2307
UFX:true
|F|:7531
|X|:6
|A|:369
|P|:0
|E|:0
h(I):0.0
f(n) = 2.0 (Expanded Nodes: 4, Evaluated States: 8, Time: 0.018) Frontier Size: 4
f(n) = 4.0 (Expanded Nodes: 15, Evaluated States: 26, Time: 0.064) Frontier Size: 11
f(n) = 6.0 (Expanded Nodes: 39, Evaluated States: 55, Time: 0.078) Frontier Size: 16
f(n) = 8.0 (Expanded Nodes: 74, Evaluated States: 95, Time: 0.089) Frontier Size: 21
f(n) = 10.0 (Expanded Nodes: 118, Evaluated States: 141, Time: 0.101) Frontier Size: 23
Problem Solved

Found Plan:
0.0: (validate_payload t0 a7 t1)
1.0: (sync_actions a7)
2.0: (add_action a10)
3.0: (check_added_variables_model a10)
4.0: (move_in_model_move_automata a10)
5.0: (add_action a12)
6.0: (check_added_variables_model a12)
7.0: (move_in_model_move_automata a12)
8.0: (add_action a11)
9.0: (check_added_variables_model a11)
10.0: (move_in_model_move_automata a11)
11.0: (validate_payload t1 a8 t2)
12.0: (sync_actions a8)
13.0: (validate_payload t2 a0 t3)
14.0: (sync_actions a0)
15.0: (add_action a1)
16.0: (check_added_variables_model a1)
17.0: (move_in_model_move_automata a1)
18.0: (validate_payload t3 a2 t4)
19.0: (sync_actions a2)
20.0: (add_action a9)
21.0: (check_added_variables_model a9)
22.0: (move_in_model_move_automata a9)

Plan-Length:23
Metric (Search):10.0
Planning Time (msec): 126
Heuristic Time (msec): 2
Search Time (msec): 119
Expanded Nodes:169
States Evaluated:189
Number of Dead-Ends detected:0
Number of Duplicates detected:47
/usr/bin/time -v timeout 600 java -Xmx64g -jar ./enhsp3.jar -o ./domain_with_failure.pddl -f ./problems/BasePN-1And-del-5-d3/problem70.pddl -h blind -s WAStar
Domain parsed
Problem parsed
Grounding..
Grounding Time: 2410
UFX:true
|F|:7531
|X|:8
|A|:369
|P|:0
|E|:0
h(I):0.0
f(n) = 1.0 (Expanded Nodes: 2, Evaluated States: 7, Time: 0.021) Frontier Size: 5
f(n) = 2.0 (Expanded Nodes: 6, Evaluated States: 7, Time: 0.047) Frontier Size: 1
f(n) = 3.0 (Expanded Nodes: 14, Evaluated States: 28, Time: 0.064) Frontier Size: 14
f(n) = 4.0 (Expanded Nodes: 34, Evaluated States: 64, Time: 0.073) Frontier Size: 30
f(n) = 5.0 (Expanded Nodes: 56, Evaluated States: 112, Time: 0.09) Frontier Size: 56
f(n) = 6.0 (Expanded Nodes: 124, Evaluated States: 196, Time: 0.11) Frontier Size: 72
f(n) = 7.0 (Expanded Nodes: 207, Evaluated States: 297, Time: 0.131) Frontier Size: 90
f(n) = 8.0 (Expanded Nodes: 325, Evaluated States: 439, Time: 0.156) Frontier Size: 114
f(n) = 9.0 (Expanded Nodes: 453, Evaluated States: 570, Time: 0.182) Frontier Size: 117
f(n) = 10.0 (Expanded Nodes: 643, Evaluated States: 828, Time: 0.207) Frontier Size: 185
f(n) = 11.0 (Expanded Nodes: 862, Evaluated States: 1104, Time: 0.229) Frontier Size: 242
Problem Solved

Found Plan:
0.0: (add_action a7)
1.0: (check_added_variables_model a7)
2.0: (move_in_model_move_automata a7)
3.0: (change_value a10 integer v0)
4.0: (validate_payload t0 a10 t1)
5.0: (sync_actions a10)
6.0: (validate_payload t1 a12 t2)
7.0: (sync_actions a12)
8.0: (add_action a11)
9.0: (check_added_variables_model a11)
10.0: (move_in_model_move_automata a11)
11.0: (add_action a8)
12.0: (check_added_variables_model a8)
13.0: (move_in_model_move_automata a8)
14.0: (validate_payload t2 a0 t3)
15.0: (sync_actions a0)
16.0: (add_action a1)
17.0: (check_added_variables_model a1)
18.0: (move_in_model_move_automata a1)
19.0: (validate_payload t3 a2 t4)
20.0: (sync_actions a2)
21.0: (add_action a9)
22.0: (check_added_variables_model a9)
23.0: (move_in_model_move_automata a9)

Plan-Length:24
Metric (Search):11.0
Planning Time (msec): 239
Heuristic Time (msec): 7
Search Time (msec): 236
Expanded Nodes:922
States Evaluated:1189
Number of Dead-Ends detected:0
Number of Duplicates detected:149
/usr/bin/time -v timeout 600 java -Xmx64g -jar ./enhsp3.jar -o ./domain_with_failure.pddl -f ./problems/BasePN-1And-del-5-d3/problem71.pddl -h blind -s WAStar
Domain parsed
Problem parsed
Grounding..
Grounding Time: 2244
UFX:true
|F|:7531
|X|:8
|A|:369
|P|:0
|E|:0
h(I):0.0
f(n) = 2.0 (Expanded Nodes: 2, Evaluated States: 3, Time: 0.015) Frontier Size: 1
f(n) = 3.0 (Expanded Nodes: 10, Evaluated States: 21, Time: 0.058) Frontier Size: 11
f(n) = 4.0 (Expanded Nodes: 13, Evaluated States: 21, Time: 0.058) Frontier Size: 8
f(n) = 5.0 (Expanded Nodes: 35, Evaluated States: 64, Time: 0.076) Frontier Size: 29
f(n) = 6.0 (Expanded Nodes: 56, Evaluated States: 91, Time: 0.083) Frontier Size: 35
f(n) = 7.0 (Expanded Nodes: 100, Evaluated States: 148, Time: 0.101) Frontier Size: 48
f(n) = 8.0 (Expanded Nodes: 148, Evaluated States: 199, Time: 0.111) Frontier Size: 51
f(n) = 9.0 (Expanded Nodes: 205, Evaluated States: 265, Time: 0.123) Frontier Size: 60
f(n) = 10.0 (Expanded Nodes: 268, Evaluated States: 307, Time: 0.134) Frontier Size: 39
Problem Solved

Found Plan:
0.0: (add_action a7)
1.0: (check_added_variables_model a7)
2.0: (move_in_model_move_automata a7)
3.0: (validate_payload t0 a10 t1)
4.0: (sync_actions a10)
5.0: (validate_payload t1 a12 t2)
6.0: (sync_actions a12)
7.0: (add_action a11)
8.0: (check_added_variables_model a11)
9.0: (move_in_model_move_automata a11)
10.0: (validate_payload t2 a8 t3)
11.0: (sync_actions a8)
12.0: (validate_payload t3 a1 t4)
13.0: (sync_actions a1)
14.0: (add_action a0)
15.0: (check_added_variables_model a0)
16.0: (move_in_model_move_automata a0)
17.0: (add_action a2)
18.0: (check_added_variables_model a2)
19.0: (move_in_model_move_automata a2)
20.0: (add_action a9)
21.0: (check_added_variables_model a9)
22.0: (move_in_model_move_automata a9)

Plan-Length:23
Metric (Search):10.0
Planning Time (msec): 150
Heuristic Time (msec): 5
Search Time (msec): 143
Expanded Nodes:312
States Evaluated:357
Number of Dead-Ends detected:0
Number of Duplicates detected:67
/usr/bin/time -v timeout 600 java -Xmx64g -jar ./enhsp3.jar -o ./domain_with_failure.pddl -f ./problems/BasePN-1And-del-5-d3/problem72.pddl -h blind -s WAStar
Domain parsed
Problem parsed
Grounding..
Grounding Time: 2377
UFX:true
|F|:7531
|X|:7
|A|:369
|P|:0
|E|:0
h(I):0.0
f(n) = 2.0 (Expanded Nodes: 2, Evaluated States: 3, Time: 0.018) Frontier Size: 1
f(n) = 4.0 (Expanded Nodes: 6, Evaluated States: 10, Time: 0.055) Frontier Size: 4
f(n) = 6.0 (Expanded Nodes: 24, Evaluated States: 42, Time: 0.073) Frontier Size: 18
f(n) = 8.0 (Expanded Nodes: 64, Evaluated States: 91, Time: 0.097) Frontier Size: 27
f(n) = 10.0 (Expanded Nodes: 119, Evaluated States: 142, Time: 0.115) Frontier Size: 23
Problem Solved

Found Plan:
0.0: (add_action a7)
1.0: (check_added_variables_model a7)
2.0: (move_in_model_move_automata a7)
3.0: (add_action a10)
4.0: (check_added_variables_model a10)
5.0: (move_in_model_move_automata a10)
6.0: (validate_payload t0 a12 t1)
7.0: (sync_actions a12)
8.0: (validate_payload t1 a11 t2)
9.0: (sync_actions a11)
10.0: (validate_payload t2 a8 t3)
11.0: (sync_actions a8)
12.0: (validate_payload t3 a1 t4)
13.0: (sync_actions a1)
14.0: (add_action a2)
15.0: (check_added_variables_model a2)
16.0: (move_in_model_move_automata a2)
17.0: (add_action a0)
18.0: (check_added_variables_model a0)
19.0: (move_in_model_move_automata a0)
20.0: (add_action a9)
21.0: (check_added_variables_model a9)
22.0: (move_in_model_move_automata a9)

Plan-Length:23
Metric (Search):10.0
Planning Time (msec): 131
Heuristic Time (msec): 10
Search Time (msec): 118
Expanded Nodes:150
States Evaluated:174
Number of Dead-Ends detected:0
Number of Duplicates detected:39
/usr/bin/time -v timeout 600 java -Xmx64g -jar ./enhsp3.jar -o ./domain_with_failure.pddl -f ./problems/BasePN-1And-del-5-d3/problem73.pddl -h blind -s WAStar
Domain parsed
Problem parsed
Grounding..
Grounding Time: 2472
UFX:true
|F|:7531
|X|:7
|A|:369
|P|:0
|E|:0
h(I):0.0
f(n) = 1.0 (Expanded Nodes: 8, Evaluated States: 20, Time: 0.026) Frontier Size: 12
f(n) = 2.0 (Expanded Nodes: 28, Evaluated States: 56, Time: 0.064) Frontier Size: 28
f(n) = 3.0 (Expanded Nodes: 47, Evaluated States: 95, Time: 0.082) Frontier Size: 48
f(n) = 4.0 (Expanded Nodes: 99, Evaluated States: 163, Time: 0.099) Frontier Size: 64
f(n) = 5.0 (Expanded Nodes: 176, Evaluated States: 236, Time: 0.126) Frontier Size: 60
f(n) = 6.0 (Expanded Nodes: 256, Evaluated States: 342, Time: 0.141) Frontier Size: 86
f(n) = 7.0 (Expanded Nodes: 369, Evaluated States: 427, Time: 0.158) Frontier Size: 58
f(n) = 8.0 (Expanded Nodes: 457, Evaluated States: 557, Time: 0.178) Frontier Size: 100
f(n) = 9.0 (Expanded Nodes: 607, Evaluated States: 707, Time: 0.201) Frontier Size: 100
f(n) = 10.0 (Expanded Nodes: 711, Evaluated States: 853, Time: 0.221) Frontier Size: 142
Problem Solved

Found Plan:
0.0: (validate_payload t0 a7 t1)
1.0: (sync_actions a7)
2.0: (validate_payload t1 a10 t2)
3.0: (sync_actions a10)
4.0: (validate_payload t2 a12 t3)
5.0: (sync_actions a12)
6.0: (add_action a11)
7.0: (check_added_variables_model a11)
8.0: (move_in_model_move_automata a11)
9.0: (add_action a8)
10.0: (check_added_variables_model a8)
11.0: (move_in_model_move_automata a8)
12.0: (add_action a1)
13.0: (check_added_variables_model a1)
14.0: (move_in_model_move_automata a1)
15.0: (validate_payload t3 a0 t4)
16.0: (sync_actions a0)
17.0: (add_action a2)
18.0: (check_added_variables_model a2)
19.0: (move_in_model_move_automata a2)
20.0: (add_action a9)
21.0: (check_added_variables_model a9)
22.0: (move_in_model_move_automata a9)

Plan-Length:23
Metric (Search):10.0
Planning Time (msec): 243
Heuristic Time (msec): 7
Search Time (msec): 236
Expanded Nodes:815
States Evaluated:969
Number of Dead-Ends detected:0
Number of Duplicates detected:180
/usr/bin/time -v timeout 600 java -Xmx64g -jar ./enhsp3.jar -o ./domain_with_failure.pddl -f ./problems/BasePN-1And-del-5-d3/problem74.pddl -h blind -s WAStar
Domain parsed
Problem parsed
Grounding..
Grounding Time: 2404
UFX:true
|F|:7531
|X|:9
|A|:369
|P|:0
|E|:0
h(I):0.0
f(n) = 1.0 (Expanded Nodes: 2, Evaluated States: 7, Time: 0.017) Frontier Size: 5
f(n) = 2.0 (Expanded Nodes: 6, Evaluated States: 7, Time: 0.054) Frontier Size: 1
f(n) = 3.0 (Expanded Nodes: 12, Evaluated States: 29, Time: 0.064) Frontier Size: 17
f(n) = 4.0 (Expanded Nodes: 30, Evaluated States: 59, Time: 0.072) Frontier Size: 29
f(n) = 5.0 (Expanded Nodes: 60, Evaluated States: 107, Time: 0.09) Frontier Size: 47
f(n) = 6.0 (Expanded Nodes: 118, Evaluated States: 181, Time: 0.107) Frontier Size: 63
f(n) = 7.0 (Expanded Nodes: 206, Evaluated States: 288, Time: 0.133) Frontier Size: 82
f(n) = 8.0 (Expanded Nodes: 349, Evaluated States: 533, Time: 0.16) Frontier Size: 184
f(n) = 9.0 (Expanded Nodes: 646, Evaluated States: 1034, Time: 0.213) Frontier Size: 388
f(n) = 10.0 (Expanded Nodes: 1096, Evaluated States: 1753, Time: 0.25) Frontier Size: 657
Problem Solved

Found Plan:
0.0: (add_action a7)
1.0: (check_added_variables_model a7)
2.0: (move_in_model_move_automata a7)
3.0: (validate_payload t0 a10 t1)
4.0: (sync_actions a10)
5.0: (add_action a12)
6.0: (check_added_variables_model a12)
7.0: (move_in_model_move_automata a12)
8.0: (add_action a11)
9.0: (check_added_variables_model a11)
10.0: (move_in_model_move_automata a11)
11.0: (validate_payload t1 a8 t2)
12.0: (sync_actions a8)
13.0: (add_action a0)
14.0: (check_added_variables_model a0)
15.0: (move_in_model_move_automata a0)
16.0: (validate_payload t2 a1 t3)
17.0: (sync_actions a1)
18.0: (validate_payload t3 a2 t4)
19.0: (sync_actions a2)
20.0: (add_action a9)
21.0: (check_added_variables_model a9)
22.0: (move_in_model_move_automata a9)

Plan-Length:23
Metric (Search):10.0
Planning Time (msec): 277
Heuristic Time (msec): 9
Search Time (msec): 267
Expanded Nodes:1307
States Evaluated:2133
Number of Dead-Ends detected:0
Number of Duplicates detected:106
/usr/bin/time -v timeout 600 java -Xmx64g -jar ./enhsp3.jar -o ./domain_with_failure.pddl -f ./problems/BasePN-1And-del-5-d3/problem75.pddl -h blind -s WAStar
Domain parsed
Problem parsed
Grounding..
Grounding Time: 2468
UFX:true
|F|:7531
|X|:6
|A|:369
|P|:0
|E|:0
h(I):0.0
f(n) = 2.0 (Expanded Nodes: 2, Evaluated States: 3, Time: 0.025) Frontier Size: 1
f(n) = 4.0 (Expanded Nodes: 6, Evaluated States: 10, Time: 0.065) Frontier Size: 4
f(n) = 6.0 (Expanded Nodes: 20, Evaluated States: 33, Time: 0.082) Frontier Size: 13
f(n) = 8.0 (Expanded Nodes: 46, Evaluated States: 66, Time: 0.094) Frontier Size: 20
f(n) = 10.0 (Expanded Nodes: 86, Evaluated States: 112, Time: 0.111) Frontier Size: 26
Problem Solved

Found Plan:
0.0: (add_action a7)
1.0: (check_added_variables_model a7)
2.0: (move_in_model_move_automata a7)
3.0: (add_action a10)
4.0: (check_added_variables_model a10)
5.0: (move_in_model_move_automata a10)
6.0: (validate_payload t0 a12 t1)
7.0: (sync_actions a12)
8.0: (validate_payload t1 a11 t2)
9.0: (sync_actions a11)
10.0: (add_action a8)
11.0: (check_added_variables_model a8)
12.0: (move_in_model_move_automata a8)
13.0: (add_action a1)
14.0: (check_added_variables_model a1)
15.0: (move_in_model_move_automata a1)
16.0: (validate_payload t2 a2 t3)
17.0: (sync_actions a2)
18.0: (add_action a0)
19.0: (check_added_variables_model a0)
20.0: (move_in_model_move_automata a0)
21.0: (validate_payload t3 a9 t4)
22.0: (sync_actions a9)

Plan-Length:23
Metric (Search):10.0
Planning Time (msec): 119
Heuristic Time (msec): 11
Search Time (msec): 112
Expanded Nodes:99
States Evaluated:124
Number of Dead-Ends detected:0
Number of Duplicates detected:22
/usr/bin/time -v timeout 600 java -Xmx64g -jar ./enhsp3.jar -o ./domain_with_failure.pddl -f ./problems/BasePN-1And-del-5-d3/problem76.pddl -h blind -s WAStar
Domain parsed
Problem parsed
Grounding..
Grounding Time: 2331
UFX:true
|F|:7531
|X|:7
|A|:369
|P|:0
|E|:0
h(I):0.0
f(n) = 2.0 (Expanded Nodes: 4, Evaluated States: 8, Time: 0.023) Frontier Size: 4
f(n) = 3.0 (Expanded Nodes: 17, Evaluated States: 36, Time: 0.07) Frontier Size: 19
f(n) = 4.0 (Expanded Nodes: 23, Evaluated States: 36, Time: 0.07) Frontier Size: 13
f(n) = 5.0 (Expanded Nodes: 53, Evaluated States: 87, Time: 0.087) Frontier Size: 34
f(n) = 6.0 (Expanded Nodes: 71, Evaluated States: 102, Time: 0.095) Frontier Size: 31
f(n) = 7.0 (Expanded Nodes: 115, Evaluated States: 155, Time: 0.114) Frontier Size: 40
f(n) = 8.0 (Expanded Nodes: 142, Evaluated States: 188, Time: 0.116) Frontier Size: 46
f(n) = 9.0 (Expanded Nodes: 193, Evaluated States: 239, Time: 0.129) Frontier Size: 46
f(n) = 10.0 (Expanded Nodes: 241, Evaluated States: 281, Time: 0.131) Frontier Size: 40
Problem Solved

Found Plan:
0.0: (validate_payload t0 a7 t1)
1.0: (sync_actions a7)
2.0: (add_action a10)
3.0: (check_added_variables_model a10)
4.0: (move_in_model_move_automata a10)
5.0: (validate_payload t1 a12 t2)
6.0: (sync_actions a12)
7.0: (add_action a11)
8.0: (check_added_variables_model a11)
9.0: (move_in_model_move_automata a11)
10.0: (validate_payload t2 a8 t3)
11.0: (sync_actions a8)
12.0: (add_action a1)
13.0: (check_added_variables_model a1)
14.0: (move_in_model_move_automata a1)
15.0: (add_action a2)
16.0: (check_added_variables_model a2)
17.0: (move_in_model_move_automata a2)
18.0: (add_action a0)
19.0: (check_added_variables_model a0)
20.0: (move_in_model_move_automata a0)
21.0: (validate_payload t3 a9 t4)
22.0: (sync_actions a9)

Plan-Length:23
Metric (Search):10.0
Planning Time (msec): 143
Heuristic Time (msec): 7
Search Time (msec): 140
Expanded Nodes:267
States Evaluated:314
Number of Dead-Ends detected:0
Number of Duplicates detected:55
/usr/bin/time -v timeout 600 java -Xmx64g -jar ./enhsp3.jar -o ./domain_with_failure.pddl -f ./problems/BasePN-1And-del-5-d3/problem77.pddl -h blind -s WAStar
Domain parsed
Problem parsed
Grounding..
Grounding Time: 2380
UFX:true
|F|:7531
|X|:7
|A|:369
|P|:0
|E|:0
h(I):0.0
f(n) = 1.0 (Expanded Nodes: 6, Evaluated States: 17, Time: 0.026) Frontier Size: 11
f(n) = 2.0 (Expanded Nodes: 18, Evaluated States: 35, Time: 0.061) Frontier Size: 17
f(n) = 3.0 (Expanded Nodes: 35, Evaluated States: 78, Time: 0.075) Frontier Size: 43
f(n) = 4.0 (Expanded Nodes: 77, Evaluated States: 122, Time: 0.093) Frontier Size: 45
f(n) = 5.0 (Expanded Nodes: 134, Evaluated States: 197, Time: 0.112) Frontier Size: 63
f(n) = 6.0 (Expanded Nodes: 204, Evaluated States: 285, Time: 0.128) Frontier Size: 81
f(n) = 7.0 (Expanded Nodes: 295, Evaluated States: 386, Time: 0.15) Frontier Size: 91
f(n) = 8.0 (Expanded Nodes: 429, Evaluated States: 574, Time: 0.172) Frontier Size: 145
f(n) = 9.0 (Expanded Nodes: 590, Evaluated States: 775, Time: 0.211) Frontier Size: 185
f(n) = 10.0 (Expanded Nodes: 838, Evaluated States: 1065, Time: 0.244) Frontier Size: 227
f(n) = 11.0 (Expanded Nodes: 1135, Evaluated States: 1386, Time: 0.286) Frontier Size: 251
Problem Solved

Found Plan:
0.0: (validate_payload t0 a7 t1)
1.0: (sync_actions a7)
2.0: (validate_payload t1 a10 t2)
3.0: (sync_actions a10)
4.0: (add_action a12)
5.0: (check_added_variables_model a12)
6.0: (move_in_model_move_automata a12)
7.0: (add_action a11)
8.0: (check_added_variables_model a11)
9.0: (move_in_model_move_automata a11)
10.0: (validate_payload t2 a8 t3)
11.0: (sync_actions a8)
12.0: (add_action a1)
13.0: (move_in_model_parameter a1 sDEC1_2 integer v5)
14.0: (check_added_variables_model a1)
15.0: (move_in_model_move_automata a1)
16.0: (validate_payload t3 a2 t4)
17.0: (sync_actions a2)
18.0: (add_action a0)
19.0: (check_added_variables_model a0)
20.0: (move_in_model_move_automata a0)
21.0: (add_action a9)
22.0: (check_added_variables_model a9)
23.0: (move_in_model_move_automata a9)

Plan-Length:24
Metric (Search):11.0
Planning Time (msec): 310
Heuristic Time (msec): 5
Search Time (msec): 300
Expanded Nodes:1239
States Evaluated:1488
Number of Dead-Ends detected:0
Number of Duplicates detected:292
/usr/bin/time -v timeout 600 java -Xmx64g -jar ./enhsp3.jar -o ./domain_with_failure.pddl -f ./problems/BasePN-1And-del-5-d3/problem78.pddl -h blind -s WAStar
Domain parsed
Problem parsed
Grounding..
Grounding Time: 2332
UFX:true
|F|:7531
|X|:6
|A|:369
|P|:0
|E|:0
h(I):0.0
f(n) = 2.0 (Expanded Nodes: 4, Evaluated States: 8, Time: 0.022) Frontier Size: 4
f(n) = 4.0 (Expanded Nodes: 19, Evaluated States: 34, Time: 0.067) Frontier Size: 15
f(n) = 6.0 (Expanded Nodes: 51, Evaluated States: 73, Time: 0.086) Frontier Size: 22
f(n) = 8.0 (Expanded Nodes: 96, Evaluated States: 119, Time: 0.098) Frontier Size: 23
f(n) = 10.0 (Expanded Nodes: 144, Evaluated States: 162, Time: 0.113) Frontier Size: 18
Problem Solved

Found Plan:
0.0: (validate_payload t0 a7 t1)
1.0: (sync_actions a7)
2.0: (add_action a10)
3.0: (check_added_variables_model a10)
4.0: (move_in_model_move_automata a10)
5.0: (validate_payload t1 a12 t2)
6.0: (sync_actions a12)
7.0: (validate_payload t2 a11 t3)
8.0: (sync_actions a11)
9.0: (add_action a8)
10.0: (check_added_variables_model a8)
11.0: (move_in_model_move_automata a8)
12.0: (add_action a1)
13.0: (check_added_variables_model a1)
14.0: (move_in_model_move_automata a1)
15.0: (add_action a2)
16.0: (check_added_variables_model a2)
17.0: (move_in_model_move_automata a2)
18.0: (add_action a0)
19.0: (check_added_variables_model a0)
20.0: (move_in_model_move_automata a0)
21.0: (validate_payload t3 a9 t4)
22.0: (sync_actions a9)

Plan-Length:23
Metric (Search):10.0
Planning Time (msec): 121
Heuristic Time (msec): 2
Search Time (msec): 114
Expanded Nodes:165
States Evaluated:180
Number of Dead-Ends detected:0
Number of Duplicates detected:45
/usr/bin/time -v timeout 600 java -Xmx64g -jar ./enhsp3.jar -o ./domain_with_failure.pddl -f ./problems/BasePN-1And-del-5-d3/problem79.pddl -h blind -s WAStar
Domain parsed
Problem parsed
Grounding..
Grounding Time: 2302
UFX:true
|F|:7531
|X|:7
|A|:369
|P|:0
|E|:0
h(I):0.0
f(n) = 2.0 (Expanded Nodes: 4, Evaluated States: 8, Time: 0.024) Frontier Size: 4
f(n) = 4.0 (Expanded Nodes: 17, Evaluated States: 30, Time: 0.066) Frontier Size: 13
f(n) = 6.0 (Expanded Nodes: 49, Evaluated States: 73, Time: 0.086) Frontier Size: 24
f(n) = 8.0 (Expanded Nodes: 100, Evaluated States: 126, Time: 0.104) Frontier Size: 26
f(n) = 10.0 (Expanded Nodes: 155, Evaluated States: 171, Time: 0.121) Frontier Size: 16
Problem Solved

Found Plan:
0.0: (validate_payload t0 a7 t1)
1.0: (sync_actions a7)
2.0: (add_action a10)
3.0: (check_added_variables_model a10)
4.0: (move_in_model_move_automata a10)
5.0: (validate_payload t1 a12 t2)
6.0: (sync_actions a12)
7.0: (add_action a11)
8.0: (check_added_variables_model a11)
9.0: (move_in_model_move_automata a11)
10.0: (validate_payload t2 a8 t3)
11.0: (sync_actions a8)
12.0: (validate_payload t3 a1 t4)
13.0: (sync_actions a1)
14.0: (add_action a0)
15.0: (check_added_variables_model a0)
16.0: (move_in_model_move_automata a0)
17.0: (add_action a2)
18.0: (check_added_variables_model a2)
19.0: (move_in_model_move_automata a2)
20.0: (add_action a9)
21.0: (check_added_variables_model a9)
22.0: (move_in_model_move_automata a9)

Plan-Length:23
Metric (Search):10.0
Planning Time (msec): 131
Heuristic Time (msec): 8
Search Time (msec): 123
Expanded Nodes:179
States Evaluated:194
Number of Dead-Ends detected:0
Number of Duplicates detected:51
/usr/bin/time -v timeout 600 java -Xmx64g -jar ./enhsp3.jar -o ./domain_with_failure.pddl -f ./problems/BasePN-1And-del-5-d3/problem80.pddl -h blind -s WAStar
Domain parsed
Problem parsed
Grounding..
Grounding Time: 2216
UFX:true
|F|:7531
|X|:7
|A|:369
|P|:0
|E|:0
h(I):0.0
f(n) = 2.0 (Expanded Nodes: 4, Evaluated States: 8, Time: 0.021) Frontier Size: 4
f(n) = 4.0 (Expanded Nodes: 15, Evaluated States: 26, Time: 0.074) Frontier Size: 11
f(n) = 6.0 (Expanded Nodes: 41, Evaluated States: 59, Time: 0.085) Frontier Size: 18
f(n) = 8.0 (Expanded Nodes: 78, Evaluated States: 101, Time: 0.102) Frontier Size: 23
f(n) = 10.0 (Expanded Nodes: 125, Evaluated States: 149, Time: 0.114) Frontier Size: 24
Problem Solved

Found Plan:
0.0: (validate_payload t0 a7 t1)
1.0: (sync_actions a7)
2.0: (add_action a10)
3.0: (check_added_variables_model a10)
4.0: (move_in_model_move_automata a10)
5.0: (add_action a12)
6.0: (check_added_variables_model a12)
7.0: (move_in_model_move_automata a12)
8.0: (validate_payload t1 a11 t2)
9.0: (sync_actions a11)
10.0: (add_action a8)
11.0: (check_added_variables_model a8)
12.0: (move_in_model_move_automata a8)
13.0: (validate_payload t2 a1 t3)
14.0: (sync_actions a1)
15.0: (add_action a0)
16.0: (check_added_variables_model a0)
17.0: (move_in_model_move_automata a0)
18.0: (add_action a2)
19.0: (check_added_variables_model a2)
20.0: (move_in_model_move_automata a2)
21.0: (validate_payload t3 a9 t4)
22.0: (sync_actions a9)

Plan-Length:23
Metric (Search):10.0
Planning Time (msec): 127
Heuristic Time (msec): 8
Search Time (msec): 120
Expanded Nodes:138
States Evaluated:164
Number of Dead-Ends detected:0
Number of Duplicates detected:34
/usr/bin/time -v timeout 600 java -Xmx64g -jar ./enhsp3.jar -o ./domain_with_failure.pddl -f ./problems/BasePN-1And-del-5-d3/problem81.pddl -h blind -s WAStar
Domain parsed
Problem parsed
Grounding..
Grounding Time: 2332
UFX:true
|F|:7531
|X|:8
|A|:369
|P|:0
|E|:0
h(I):0.0
f(n) = 2.0 (Expanded Nodes: 2, Evaluated States: 3, Time: 0.016) Frontier Size: 1
f(n) = 4.0 (Expanded Nodes: 6, Evaluated States: 10, Time: 0.051) Frontier Size: 4
f(n) = 6.0 (Expanded Nodes: 20, Evaluated States: 33, Time: 0.063) Frontier Size: 13
f(n) = 8.0 (Expanded Nodes: 50, Evaluated States: 73, Time: 0.082) Frontier Size: 23
f(n) = 10.0 (Expanded Nodes: 98, Evaluated States: 126, Time: 0.103) Frontier Size: 28
Problem Solved

Found Plan:
0.0: (add_action a7)
1.0: (check_added_variables_model a7)
2.0: (move_in_model_move_automata a7)
3.0: (add_action a10)
4.0: (check_added_variables_model a10)
5.0: (move_in_model_move_automata a10)
6.0: (validate_payload t0 a12 t1)
7.0: (sync_actions a12)
8.0: (validate_payload t1 a11 t2)
9.0: (sync_actions a11)
10.0: (add_action a8)
11.0: (check_added_variables_model a8)
12.0: (move_in_model_move_automata a8)
13.0: (validate_payload t2 a0 t3)
14.0: (sync_actions a0)
15.0: (validate_payload t3 a1 t4)
16.0: (sync_actions a1)
17.0: (add_action a2)
18.0: (check_added_variables_model a2)
19.0: (move_in_model_move_automata a2)
20.0: (add_action a9)
21.0: (check_added_variables_model a9)
22.0: (move_in_model_move_automata a9)

Plan-Length:23
Metric (Search):10.0
Planning Time (msec): 118
Heuristic Time (msec): 2
Search Time (msec): 111
Expanded Nodes:123
States Evaluated:151
Number of Dead-Ends detected:0
Number of Duplicates detected:28
/usr/bin/time -v timeout 600 java -Xmx64g -jar ./enhsp3.jar -o ./domain_with_failure.pddl -f ./problems/BasePN-1And-del-5-d3/problem82.pddl -h blind -s WAStar
Domain parsed
Problem parsed
Grounding..
Grounding Time: 2328
UFX:true
|F|:7531
|X|:6
|A|:369
|P|:0
|E|:0
h(I):0.0
f(n) = 2.0 (Expanded Nodes: 2, Evaluated States: 3, Time: 0.02) Frontier Size: 1
f(n) = 4.0 (Expanded Nodes: 6, Evaluated States: 10, Time: 0.055) Frontier Size: 4
f(n) = 6.0 (Expanded Nodes: 18, Evaluated States: 29, Time: 0.064) Frontier Size: 11
f(n) = 8.0 (Expanded Nodes: 42, Evaluated States: 61, Time: 0.08) Frontier Size: 19
f(n) = 10.0 (Expanded Nodes: 80, Evaluated States: 107, Time: 0.1) Frontier Size: 27
Problem Solved

Found Plan:
0.0: (add_action a7)
1.0: (check_added_variables_model a7)
2.0: (move_in_model_move_automata a7)
3.0: (add_action a10)
4.0: (check_added_variables_model a10)
5.0: (move_in_model_move_automata a10)
6.0: (validate_payload t0 a12 t1)
7.0: (sync_actions a12)
8.0: (add_action a11)
9.0: (check_added_variables_model a11)
10.0: (move_in_model_move_automata a11)
11.0: (validate_payload t1 a8 t2)
12.0: (sync_actions a8)
13.0: (add_action a1)
14.0: (check_added_variables_model a1)
15.0: (move_in_model_move_automata a1)
16.0: (validate_payload t2 a2 t3)
17.0: (sync_actions a2)
18.0: (add_action a0)
19.0: (check_added_variables_model a0)
20.0: (move_in_model_move_automata a0)
21.0: (validate_payload t3 a9 t4)
22.0: (sync_actions a9)

Plan-Length:23
Metric (Search):10.0
Planning Time (msec): 117
Heuristic Time (msec): 4
Search Time (msec): 108
Expanded Nodes:100
States Evaluated:124
Number of Dead-Ends detected:0
Number of Duplicates detected:23
/usr/bin/time -v timeout 600 java -Xmx64g -jar ./enhsp3.jar -o ./domain_with_failure.pddl -f ./problems/BasePN-1And-del-5-d3/problem83.pddl -h blind -s WAStar
Domain parsed
Problem parsed
Grounding..
Grounding Time: 2293
UFX:true
|F|:7531
|X|:9
|A|:369
|P|:0
|E|:0
h(I):0.0
f(n) = 1.0 (Expanded Nodes: 6, Evaluated States: 16, Time: 0.025) Frontier Size: 10
f(n) = 2.0 (Expanded Nodes: 20, Evaluated States: 44, Time: 0.056) Frontier Size: 24
f(n) = 3.0 (Expanded Nodes: 55, Evaluated States: 91, Time: 0.086) Frontier Size: 36
f(n) = 4.0 (Expanded Nodes: 89, Evaluated States: 139, Time: 0.101) Frontier Size: 50
f(n) = 5.0 (Expanded Nodes: 155, Evaluated States: 201, Time: 0.117) Frontier Size: 46
f(n) = 6.0 (Expanded Nodes: 201, Evaluated States: 269, Time: 0.127) Frontier Size: 68
f(n) = 7.0 (Expanded Nodes: 293, Evaluated States: 344, Time: 0.149) Frontier Size: 51
f(n) = 8.0 (Expanded Nodes: 361, Evaluated States: 462, Time: 0.164) Frontier Size: 101
f(n) = 9.0 (Expanded Nodes: 502, Evaluated States: 616, Time: 0.193) Frontier Size: 114
f(n) = 10.0 (Expanded Nodes: 628, Evaluated States: 818, Time: 0.216) Frontier Size: 190
Problem Solved

Found Plan:
0.0: (validate_payload t0 a7 t1)
1.0: (sync_actions a7)
2.0: (validate_payload t1 a10 t2)
3.0: (sync_actions a10)
4.0: (add_action a12)
5.0: (check_added_variables_model a12)
6.0: (move_in_model_move_automata a12)
7.0: (add_action a11)
8.0: (check_added_variables_model a11)
9.0: (move_in_model_move_automata a11)
10.0: (add_action a8)
11.0: (check_added_variables_model a8)
12.0: (move_in_model_move_automata a8)
13.0: (validate_payload t2 a1 t3)
14.0: (sync_actions a1)
15.0: (validate_payload t3 a0 t4)
16.0: (sync_actions a0)
17.0: (add_action a2)
18.0: (check_added_variables_model a2)
19.0: (move_in_model_move_automata a2)
20.0: (add_action a9)
21.0: (check_added_variables_model a9)
22.0: (move_in_model_move_automata a9)

Plan-Length:23
Metric (Search):10.0
Planning Time (msec): 238
Heuristic Time (msec): 3
Search Time (msec): 233
Expanded Nodes:751
States Evaluated:960
Number of Dead-Ends detected:0
Number of Duplicates detected:112
/usr/bin/time -v timeout 600 java -Xmx64g -jar ./enhsp3.jar -o ./domain_with_failure.pddl -f ./problems/BasePN-1And-del-5-d3/problem84.pddl -h blind -s WAStar
Domain parsed
Problem parsed
Grounding..
Grounding Time: 2342
UFX:true
|F|:7531
|X|:6
|A|:369
|P|:0
|E|:0
h(I):0.0
f(n) = 2.0 (Expanded Nodes: 2, Evaluated States: 3, Time: 0.015) Frontier Size: 1
f(n) = 4.0 (Expanded Nodes: 12, Evaluated States: 22, Time: 0.062) Frontier Size: 10
f(n) = 6.0 (Expanded Nodes: 34, Evaluated States: 52, Time: 0.077) Frontier Size: 18
f(n) = 8.0 (Expanded Nodes: 74, Evaluated States: 98, Time: 0.104) Frontier Size: 24
f(n) = 10.0 (Expanded Nodes: 125, Evaluated States: 147, Time: 0.115) Frontier Size: 22
Problem Solved

Found Plan:
0.0: (add_action a7)
1.0: (check_added_variables_model a7)
2.0: (move_in_model_move_automata a7)
3.0: (validate_payload t0 a10 t1)
4.0: (sync_actions a10)
5.0: (validate_payload t1 a12 t2)
6.0: (sync_actions a12)
7.0: (validate_payload t2 a11 t3)
8.0: (sync_actions a11)
9.0: (add_action a8)
10.0: (check_added_variables_model a8)
11.0: (move_in_model_move_automata a8)
12.0: (add_action a1)
13.0: (check_added_variables_model a1)
14.0: (move_in_model_move_automata a1)
15.0: (add_action a0)
16.0: (check_added_variables_model a0)
17.0: (move_in_model_move_automata a0)
18.0: (validate_payload t3 a2 t4)
19.0: (sync_actions a2)
20.0: (add_action a9)
21.0: (check_added_variables_model a9)
22.0: (move_in_model_move_automata a9)

Plan-Length:23
Metric (Search):10.0
Planning Time (msec): 131
Heuristic Time (msec): 4
Search Time (msec): 125
Expanded Nodes:152
States Evaluated:175
Number of Dead-Ends detected:0
Number of Duplicates detected:40
/usr/bin/time -v timeout 600 java -Xmx64g -jar ./enhsp3.jar -o ./domain_with_failure.pddl -f ./problems/BasePN-1And-del-5-d3/problem85.pddl -h blind -s WAStar
Domain parsed
Problem parsed
Grounding..
Grounding Time: 2272
UFX:true
|F|:7531
|X|:8
|A|:369
|P|:0
|E|:0
h(I):0.0
f(n) = 2.0 (Expanded Nodes: 2, Evaluated States: 3, Time: 0.017) Frontier Size: 1
f(n) = 3.0 (Expanded Nodes: 6, Evaluated States: 13, Time: 0.06) Frontier Size: 7
f(n) = 4.0 (Expanded Nodes: 9, Evaluated States: 13, Time: 0.06) Frontier Size: 4
f(n) = 5.0 (Expanded Nodes: 19, Evaluated States: 31, Time: 0.07) Frontier Size: 12
f(n) = 6.0 (Expanded Nodes: 22, Evaluated States: 31, Time: 0.07) Frontier Size: 9
f(n) = 7.0 (Expanded Nodes: 46, Evaluated States: 76, Time: 0.087) Frontier Size: 30
f(n) = 8.0 (Expanded Nodes: 67, Evaluated States: 106, Time: 0.091) Frontier Size: 39
f(n) = 9.0 (Expanded Nodes: 109, Evaluated States: 166, Time: 0.109) Frontier Size: 57
f(n) = 10.0 (Expanded Nodes: 163, Evaluated States: 232, Time: 0.128) Frontier Size: 69
Problem Solved

Found Plan:
0.0: (add_action a7)
1.0: (check_added_variables_model a7)
2.0: (move_in_model_move_automata a7)
3.0: (add_action a10)
4.0: (check_added_variables_model a10)
5.0: (move_in_model_move_automata a10)
6.0: (add_action a12)
7.0: (check_added_variables_model a12)
8.0: (move_in_model_move_automata a12)
9.0: (validate_payload t0 a11 t1)
10.0: (sync_actions a11)
11.0: (validate_payload t1 a8 t2)
12.0: (sync_actions a8)
13.0: (validate_payload t2 a1 t3)
14.0: (sync_actions a1)
15.0: (add_action a2)
16.0: (check_added_variables_model a2)
17.0: (move_in_model_move_automata a2)
18.0: (add_action a0)
19.0: (check_added_variables_model a0)
20.0: (move_in_model_move_automata a0)
21.0: (validate_payload t3 a9 t4)
22.0: (sync_actions a9)

Plan-Length:23
Metric (Search):10.0
Planning Time (msec): 143
Heuristic Time (msec): 2
Search Time (msec): 131
Expanded Nodes:194
States Evaluated:264
Number of Dead-Ends detected:0
Number of Duplicates detected:31
/usr/bin/time -v timeout 600 java -Xmx64g -jar ./enhsp3.jar -o ./domain_with_failure.pddl -f ./problems/BasePN-1And-del-5-d3/problem86.pddl -h blind -s WAStar
Domain parsed
Problem parsed
Grounding..
Grounding Time: 2267
UFX:true
|F|:7531
|X|:7
|A|:369
|P|:0
|E|:0
h(I):0.0
f(n) = 2.0 (Expanded Nodes: 2, Evaluated States: 3, Time: 0.016) Frontier Size: 1
f(n) = 4.0 (Expanded Nodes: 6, Evaluated States: 10, Time: 0.052) Frontier Size: 4
f(n) = 5.0 (Expanded Nodes: 24, Evaluated States: 47, Time: 0.066) Frontier Size: 23
f(n) = 6.0 (Expanded Nodes: 42, Evaluated States: 71, Time: 0.077) Frontier Size: 29
f(n) = 7.0 (Expanded Nodes: 79, Evaluated States: 127, Time: 0.097) Frontier Size: 48
f(n) = 8.0 (Expanded Nodes: 121, Evaluated States: 169, Time: 0.102) Frontier Size: 48
f(n) = 9.0 (Expanded Nodes: 178, Evaluated States: 242, Time: 0.116) Frontier Size: 64
f(n) = 10.0 (Expanded Nodes: 241, Evaluated States: 290, Time: 0.125) Frontier Size: 49
Problem Solved

Found Plan:
0.0: (add_action a7)
1.0: (check_added_variables_model a7)
2.0: (move_in_model_move_automata a7)
3.0: (add_action a10)
4.0: (check_added_variables_model a10)
5.0: (move_in_model_move_automata a10)
6.0: (validate_payload t0 a12 t1)
7.0: (sync_actions a12)
8.0: (validate_payload t1 a11 t2)
9.0: (sync_actions a11)
10.0: (validate_payload t2 a8 t3)
11.0: (sync_actions a8)
12.0: (add_action a1)
13.0: (check_added_variables_model a1)
14.0: (move_in_model_move_automata a1)
15.0: (add_action a2)
16.0: (check_added_variables_model a2)
17.0: (move_in_model_move_automata a2)
18.0: (validate_payload t3 a0 t4)
19.0: (sync_actions a0)
20.0: (add_action a9)
21.0: (check_added_variables_model a9)
22.0: (move_in_model_move_automata a9)

Plan-Length:23
Metric (Search):10.0
Planning Time (msec): 149
Heuristic Time (msec): 7
Search Time (msec): 136
Expanded Nodes:297
States Evaluated:354
Number of Dead-Ends detected:0
Number of Duplicates detected:63
/usr/bin/time -v timeout 600 java -Xmx64g -jar ./enhsp3.jar -o ./domain_with_failure.pddl -f ./problems/BasePN-1And-del-5-d3/problem87.pddl -h blind -s WAStar
Domain parsed
Problem parsed
Grounding..
Grounding Time: 2421
UFX:true
|F|:7531
|X|:8
|A|:369
|P|:0
|E|:0
h(I):0.0
f(n) = 2.0 (Expanded Nodes: 4, Evaluated States: 8, Time: 0.022) Frontier Size: 4
f(n) = 3.0 (Expanded Nodes: 15, Evaluated States: 29, Time: 0.057) Frontier Size: 14
f(n) = 4.0 (Expanded Nodes: 18, Evaluated States: 29, Time: 0.058) Frontier Size: 11
f(n) = 5.0 (Expanded Nodes: 48, Evaluated States: 82, Time: 0.083) Frontier Size: 34
f(n) = 6.0 (Expanded Nodes: 72, Evaluated States: 108, Time: 0.092) Frontier Size: 36
f(n) = 7.0 (Expanded Nodes: 127, Evaluated States: 175, Time: 0.105) Frontier Size: 48
f(n) = 8.0 (Expanded Nodes: 167, Evaluated States: 222, Time: 0.118) Frontier Size: 55
f(n) = 9.0 (Expanded Nodes: 238, Evaluated States: 287, Time: 0.13) Frontier Size: 49
f(n) = 10.0 (Expanded Nodes: 294, Evaluated States: 341, Time: 0.138) Frontier Size: 47
Problem Solved

Found Plan:
0.0: (validate_payload t0 a7 t1)
1.0: (sync_actions a7)
2.0: (add_action a10)
3.0: (check_added_variables_model a10)
4.0: (move_in_model_move_automata a10)
5.0: (add_action a12)
6.0: (check_added_variables_model a12)
7.0: (move_in_model_move_automata a12)
8.0: (validate_payload t1 a11 t2)
9.0: (sync_actions a11)
10.0: (validate_payload t2 a8 t3)
11.0: (sync_actions a8)
12.0: (validate_payload t3 a0 t4)
13.0: (sync_actions a0)
14.0: (add_action a1)
15.0: (check_added_variables_model a1)
16.0: (move_in_model_move_automata a1)
17.0: (add_action a2)
18.0: (check_added_variables_model a2)
19.0: (move_in_model_move_automata a2)
20.0: (add_action a9)
21.0: (check_added_variables_model a9)
22.0: (move_in_model_move_automata a9)

Plan-Length:23
Metric (Search):10.0
Planning Time (msec): 147
Heuristic Time (msec): 6
Search Time (msec): 146
Expanded Nodes:335
States Evaluated:375
Number of Dead-Ends detected:0
Number of Duplicates detected:71
/usr/bin/time -v timeout 600 java -Xmx64g -jar ./enhsp3.jar -o ./domain_with_failure.pddl -f ./problems/BasePN-1And-del-5-d3/problem88.pddl -h blind -s WAStar
Domain parsed
Problem parsed
Grounding..
Grounding Time: 2422
UFX:true
|F|:7531
|X|:8
|A|:369
|P|:0
|E|:0
h(I):0.0
f(n) = 1.0 (Expanded Nodes: 2, Evaluated States: 7, Time: 0.017) Frontier Size: 5
f(n) = 2.0 (Expanded Nodes: 6, Evaluated States: 7, Time: 0.057) Frontier Size: 1
f(n) = 3.0 (Expanded Nodes: 12, Evaluated States: 29, Time: 0.066) Frontier Size: 17
f(n) = 4.0 (Expanded Nodes: 30, Evaluated States: 59, Time: 0.074) Frontier Size: 29
f(n) = 5.0 (Expanded Nodes: 58, Evaluated States: 101, Time: 0.088) Frontier Size: 43
f(n) = 6.0 (Expanded Nodes: 102, Evaluated States: 157, Time: 0.098) Frontier Size: 55
f(n) = 7.0 (Expanded Nodes: 167, Evaluated States: 239, Time: 0.124) Frontier Size: 72
f(n) = 8.0 (Expanded Nodes: 266, Evaluated States: 386, Time: 0.141) Frontier Size: 120
f(n) = 9.0 (Expanded Nodes: 415, Evaluated States: 612, Time: 0.17) Frontier Size: 197
f(n) = 10.0 (Expanded Nodes: 640, Evaluated States: 975, Time: 0.215) Frontier Size: 335
f(n) = 11.0 (Expanded Nodes: 1136, Evaluated States: 1751, Time: 0.288) Frontier Size: 615
Problem Solved

Found Plan:
0.0: (add_action a7)
1.0: (check_added_variables_model a7)
2.0: (move_in_model_move_automata a7)
3.0: (change_value a10 integer v0)
4.0: (validate_payload t0 a10 t1)
5.0: (sync_actions a10)
6.0: (add_action a12)
7.0: (check_added_variables_model a12)
8.0: (move_in_model_move_automata a12)
9.0: (add_action a11)
10.0: (check_added_variables_model a11)
11.0: (move_in_model_move_automata a11)
12.0: (validate_payload t1 a8 t2)
13.0: (sync_actions a8)
14.0: (validate_payload t2 a0 t3)
15.0: (sync_actions a0)
16.0: (add_action a1)
17.0: (check_added_variables_model a1)
18.0: (move_in_model_move_automata a1)
19.0: (validate_payload t3 a2 t4)
20.0: (sync_actions a2)
21.0: (add_action a9)
22.0: (check_added_variables_model a9)
23.0: (move_in_model_move_automata a9)

Plan-Length:24
Metric (Search):11.0
Planning Time (msec): 317
Heuristic Time (msec): 7
Search Time (msec): 310
Expanded Nodes:1275
States Evaluated:1996
Number of Dead-Ends detected:0
Number of Duplicates detected:149
/usr/bin/time -v timeout 600 java -Xmx64g -jar ./enhsp3.jar -o ./domain_with_failure.pddl -f ./problems/BasePN-1And-del-5-d3/problem89.pddl -h blind -s WAStar
Domain parsed
Problem parsed
Grounding..
Grounding Time: 2274
UFX:true
|F|:7531
|X|:7
|A|:369
|P|:0
|E|:0
h(I):0.0
f(n) = 2.0 (Expanded Nodes: 2, Evaluated States: 3, Time: 0.02) Frontier Size: 1
f(n) = 4.0 (Expanded Nodes: 6, Evaluated States: 10, Time: 0.053) Frontier Size: 4
f(n) = 6.0 (Expanded Nodes: 20, Evaluated States: 33, Time: 0.063) Frontier Size: 13
f(n) = 8.0 (Expanded Nodes: 50, Evaluated States: 74, Time: 0.083) Frontier Size: 24
f(n) = 10.0 (Expanded Nodes: 102, Evaluated States: 132, Time: 0.098) Frontier Size: 30
Problem Solved

Found Plan:
0.0: (add_action a7)
1.0: (check_added_variables_model a7)
2.0: (move_in_model_move_automata a7)
3.0: (add_action a10)
4.0: (check_added_variables_model a10)
5.0: (move_in_model_move_automata a10)
6.0: (validate_payload t0 a12 t1)
7.0: (sync_actions a12)
8.0: (validate_payload t1 a11 t2)
9.0: (sync_actions a11)
10.0: (add_action a8)
11.0: (check_added_variables_model a8)
12.0: (move_in_model_move_automata a8)
13.0: (validate_payload t2 a1 t3)
14.0: (sync_actions a1)
15.0: (validate_payload t3 a0 t4)
16.0: (sync_actions a0)
17.0: (add_action a2)
18.0: (check_added_variables_model a2)
19.0: (move_in_model_move_automata a2)
20.0: (add_action a9)
21.0: (check_added_variables_model a9)
22.0: (move_in_model_move_automata a9)

Plan-Length:23
Metric (Search):10.0
Planning Time (msec): 111
Heuristic Time (msec): 5
Search Time (msec): 109
Expanded Nodes:124
States Evaluated:151
Number of Dead-Ends detected:0
Number of Duplicates detected:30
/usr/bin/time -v timeout 600 java -Xmx64g -jar ./enhsp3.jar -o ./domain_with_failure.pddl -f ./problems/BasePN-1And-del-5-d3/problem90.pddl -h blind -s WAStar
Domain parsed
Problem parsed
Grounding..
Grounding Time: 2307
UFX:true
|F|:7531
|X|:8
|A|:369
|P|:0
|E|:0
h(I):0.0
f(n) = 1.0 (Expanded Nodes: 6, Evaluated States: 17, Time: 0.026) Frontier Size: 11
f(n) = 2.0 (Expanded Nodes: 18, Evaluated States: 35, Time: 0.06) Frontier Size: 17
f(n) = 3.0 (Expanded Nodes: 37, Evaluated States: 83, Time: 0.078) Frontier Size: 46
f(n) = 4.0 (Expanded Nodes: 87, Evaluated States: 145, Time: 0.094) Frontier Size: 58
f(n) = 5.0 (Expanded Nodes: 150, Evaluated States: 229, Time: 0.119) Frontier Size: 79
f(n) = 6.0 (Expanded Nodes: 248, Evaluated States: 345, Time: 0.134) Frontier Size: 97
f(n) = 7.0 (Expanded Nodes: 362, Evaluated States: 465, Time: 0.16) Frontier Size: 103
f(n) = 8.0 (Expanded Nodes: 528, Evaluated States: 673, Time: 0.191) Frontier Size: 145
f(n) = 9.0 (Expanded Nodes: 719, Evaluated States: 884, Time: 0.221) Frontier Size: 165
f(n) = 10.0 (Expanded Nodes: 939, Evaluated States: 1146, Time: 0.245) Frontier Size: 207
f(n) = 11.0 (Expanded Nodes: 1217, Evaluated States: 1447, Time: 0.273) Frontier Size: 230
Problem Solved

Found Plan:
0.0: (validate_payload t0 a7 t1)
1.0: (sync_actions a7)
2.0: (change_value a10 integer v0)
3.0: (validate_payload t1 a10 t2)
4.0: (sync_actions a10)
5.0: (add_action a12)
6.0: (check_added_variables_model a12)
7.0: (move_in_model_move_automata a12)
8.0: (validate_payload t2 a11 t3)
9.0: (sync_actions a11)
10.0: (add_action a8)
11.0: (check_added_variables_model a8)
12.0: (move_in_model_move_automata a8)
13.0: (add_action a1)
14.0: (check_added_variables_model a1)
15.0: (move_in_model_move_automata a1)
16.0: (validate_payload t3 a0 t4)
17.0: (sync_actions a0)
18.0: (add_action a2)
19.0: (check_added_variables_model a2)
20.0: (move_in_model_move_automata a2)
21.0: (add_action a9)
22.0: (check_added_variables_model a9)
23.0: (move_in_model_move_automata a9)

Plan-Length:24
Metric (Search):11.0
Planning Time (msec): 293
Heuristic Time (msec): 8
Search Time (msec): 284
Expanded Nodes:1348
States Evaluated:1605
Number of Dead-Ends detected:0
Number of Duplicates detected:353
/usr/bin/time -v timeout 600 java -Xmx64g -jar ./enhsp3.jar -o ./domain_with_failure.pddl -f ./problems/BasePN-1And-del-5-d3/problem91.pddl -h blind -s WAStar
Domain parsed
Problem parsed
Grounding..
Grounding Time: 2405
UFX:true
|F|:7531
|X|:7
|A|:369
|P|:0
|E|:0
h(I):0.0
f(n) = 2.0 (Expanded Nodes: 4, Evaluated States: 8, Time: 0.026) Frontier Size: 4
f(n) = 4.0 (Expanded Nodes: 15, Evaluated States: 26, Time: 0.072) Frontier Size: 11
f(n) = 6.0 (Expanded Nodes: 41, Evaluated States: 59, Time: 0.09) Frontier Size: 18
f(n) = 8.0 (Expanded Nodes: 80, Evaluated States: 104, Time: 0.108) Frontier Size: 24
f(n) = 10.0 (Expanded Nodes: 131, Evaluated States: 155, Time: 0.126) Frontier Size: 24
Problem Solved

Found Plan:
0.0: (validate_payload t0 a7 t1)
1.0: (sync_actions a7)
2.0: (add_action a10)
3.0: (check_added_variables_model a10)
4.0: (move_in_model_move_automata a10)
5.0: (add_action a12)
6.0: (check_added_variables_model a12)
7.0: (move_in_model_move_automata a12)
8.0: (validate_payload t1 a11 t2)
9.0: (sync_actions a11)
10.0: (add_action a8)
11.0: (check_added_variables_model a8)
12.0: (move_in_model_move_automata a8)
13.0: (validate_payload t2 a1 t3)
14.0: (sync_actions a1)
15.0: (validate_payload t3 a2 t4)
16.0: (sync_actions a2)
17.0: (add_action a0)
18.0: (check_added_variables_model a0)
19.0: (move_in_model_move_automata a0)
20.0: (add_action a9)
21.0: (check_added_variables_model a9)
22.0: (move_in_model_move_automata a9)

Plan-Length:23
Metric (Search):10.0
Planning Time (msec): 141
Heuristic Time (msec): 2
Search Time (msec): 132
Expanded Nodes:163
States Evaluated:181
Number of Dead-Ends detected:0
Number of Duplicates detected:46
/usr/bin/time -v timeout 600 java -Xmx64g -jar ./enhsp3.jar -o ./domain_with_failure.pddl -f ./problems/BasePN-1And-del-5-d3/problem92.pddl -h blind -s WAStar
Domain parsed
Problem parsed
Grounding..
Grounding Time: 2428
UFX:true
|F|:7531
|X|:7
|A|:369
|P|:0
|E|:0
h(I):0.0
f(n) = 2.0 (Expanded Nodes: 4, Evaluated States: 8, Time: 0.02) Frontier Size: 4
f(n) = 3.0 (Expanded Nodes: 15, Evaluated States: 29, Time: 0.066) Frontier Size: 14
f(n) = 4.0 (Expanded Nodes: 18, Evaluated States: 29, Time: 0.066) Frontier Size: 11
f(n) = 5.0 (Expanded Nodes: 46, Evaluated States: 79, Time: 0.083) Frontier Size: 33
f(n) = 6.0 (Expanded Nodes: 64, Evaluated States: 94, Time: 0.091) Frontier Size: 30
f(n) = 7.0 (Expanded Nodes: 106, Evaluated States: 150, Time: 0.109) Frontier Size: 44
f(n) = 8.0 (Expanded Nodes: 136, Evaluated States: 183, Time: 0.112) Frontier Size: 47
f(n) = 9.0 (Expanded Nodes: 188, Evaluated States: 236, Time: 0.122) Frontier Size: 48
f(n) = 10.0 (Expanded Nodes: 236, Evaluated States: 278, Time: 0.136) Frontier Size: 42
Problem Solved

Found Plan:
0.0: (validate_payload t0 a7 t1)
1.0: (sync_actions a7)
2.0: (add_action a10)
3.0: (check_added_variables_model a10)
4.0: (move_in_model_move_automata a10)
5.0: (add_action a12)
6.0: (check_added_variables_model a12)
7.0: (move_in_model_move_automata a12)
8.0: (validate_payload t1 a11 t2)
9.0: (sync_actions a11)
10.0: (validate_payload t2 a8 t3)
11.0: (sync_actions a8)
12.0: (add_action a0)
13.0: (check_added_variables_model a0)
14.0: (move_in_model_move_automata a0)
15.0: (add_action a1)
16.0: (check_added_variables_model a1)
17.0: (move_in_model_move_automata a1)
18.0: (add_action a2)
19.0: (check_added_variables_model a2)
20.0: (move_in_model_move_automata a2)
21.0: (validate_payload t3 a9 t4)
22.0: (sync_actions a9)

Plan-Length:23
Metric (Search):10.0
Planning Time (msec): 145
Heuristic Time (msec): 2
Search Time (msec): 139
Expanded Nodes:271
States Evaluated:311
Number of Dead-Ends detected:0
Number of Duplicates detected:58
/usr/bin/time -v timeout 600 java -Xmx64g -jar ./enhsp3.jar -o ./domain_with_failure.pddl -f ./problems/BasePN-1And-del-5-d3/problem93.pddl -h blind -s WAStar
Domain parsed
Problem parsed
Grounding..
Grounding Time: 2379
UFX:true
|F|:7531
|X|:8
|A|:369
|P|:0
|E|:0
h(I):0.0
f(n) = 2.0 (Expanded Nodes: 2, Evaluated States: 3, Time: 0.021) Frontier Size: 1
f(n) = 4.0 (Expanded Nodes: 6, Evaluated States: 10, Time: 0.056) Frontier Size: 4
f(n) = 5.0 (Expanded Nodes: 24, Evaluated States: 47, Time: 0.075) Frontier Size: 23
f(n) = 6.0 (Expanded Nodes: 42, Evaluated States: 74, Time: 0.083) Frontier Size: 32
f(n) = 7.0 (Expanded Nodes: 88, Evaluated States: 137, Time: 0.107) Frontier Size: 49
f(n) = 8.0 (Expanded Nodes: 130, Evaluated States: 185, Time: 0.117) Frontier Size: 55
f(n) = 9.0 (Expanded Nodes: 200, Evaluated States: 260, Time: 0.13) Frontier Size: 60
f(n) = 10.0 (Expanded Nodes: 263, Evaluated States: 314, Time: 0.137) Frontier Size: 51
Problem Solved

Found Plan:
0.0: (add_action a7)
1.0: (check_added_variables_model a7)
2.0: (move_in_model_move_automata a7)
3.0: (add_action a10)
4.0: (check_added_variables_model a10)
5.0: (move_in_model_move_automata a10)
6.0: (validate_payload t0 a12 t1)
7.0: (sync_actions a12)
8.0: (validate_payload t1 a11 t2)
9.0: (sync_actions a11)
10.0: (validate_payload t2 a8 t3)
11.0: (sync_actions a8)
12.0: (add_action a1)
13.0: (check_added_variables_model a1)
14.0: (move_in_model_move_automata a1)
15.0: (add_action a2)
16.0: (check_added_variables_model a2)
17.0: (move_in_model_move_automata a2)
18.0: (validate_payload t3 a0 t4)
19.0: (sync_actions a0)
20.0: (add_action a9)
21.0: (check_added_variables_model a9)
22.0: (move_in_model_move_automata a9)

Plan-Length:23
Metric (Search):10.0
Planning Time (msec): 149
Heuristic Time (msec): 7
Search Time (msec): 145
Expanded Nodes:325
States Evaluated:376
Number of Dead-Ends detected:0
Number of Duplicates detected:70
/usr/bin/time -v timeout 600 java -Xmx64g -jar ./enhsp3.jar -o ./domain_with_failure.pddl -f ./problems/BasePN-1And-del-5-d3/problem94.pddl -h blind -s WAStar
Domain parsed
Problem parsed
Grounding..
Grounding Time: 2450
UFX:true
|F|:7531
|X|:8
|A|:369
|P|:0
|E|:0
h(I):0.0
f(n) = 2.0 (Expanded Nodes: 2, Evaluated States: 3, Time: 0.022) Frontier Size: 1
f(n) = 3.0 (Expanded Nodes: 6, Evaluated States: 13, Time: 0.055) Frontier Size: 7
f(n) = 4.0 (Expanded Nodes: 9, Evaluated States: 13, Time: 0.061) Frontier Size: 4
f(n) = 5.0 (Expanded Nodes: 21, Evaluated States: 38, Time: 0.068) Frontier Size: 17
f(n) = 6.0 (Expanded Nodes: 27, Evaluated States: 38, Time: 0.069) Frontier Size: 11
f(n) = 7.0 (Expanded Nodes: 53, Evaluated States: 86, Time: 0.088) Frontier Size: 33
f(n) = 8.0 (Expanded Nodes: 83, Evaluated States: 126, Time: 0.098) Frontier Size: 43
f(n) = 9.0 (Expanded Nodes: 133, Evaluated States: 196, Time: 0.119) Frontier Size: 63
f(n) = 10.0 (Expanded Nodes: 193, Evaluated States: 267, Time: 0.129) Frontier Size: 74
Problem Solved

Found Plan:
0.0: (add_action a7)
1.0: (check_added_variables_model a7)
2.0: (move_in_model_move_automata a7)
3.0: (add_action a10)
4.0: (check_added_variables_model a10)
5.0: (move_in_model_move_automata a10)
6.0: (validate_payload t0 a12 t1)
7.0: (sync_actions a12)
8.0: (add_action a11)
9.0: (check_added_variables_model a11)
10.0: (move_in_model_move_automata a11)
11.0: (validate_payload t1 a8 t2)
12.0: (sync_actions a8)
13.0: (validate_payload t2 a0 t3)
14.0: (sync_actions a0)
15.0: (add_action a1)
16.0: (check_added_variables_model a1)
17.0: (move_in_model_move_automata a1)
18.0: (add_action a2)
19.0: (check_added_variables_model a2)
20.0: (move_in_model_move_automata a2)
21.0: (validate_payload t3 a9 t4)
22.0: (sync_actions a9)

Plan-Length:23
Metric (Search):10.0
Planning Time (msec): 143
Heuristic Time (msec): 8
Search Time (msec): 137
Expanded Nodes:230
States Evaluated:307
Number of Dead-Ends detected:0
Number of Duplicates detected:30
/usr/bin/time -v timeout 600 java -Xmx64g -jar ./enhsp3.jar -o ./domain_with_failure.pddl -f ./problems/BasePN-1And-del-5-d3/problem95.pddl -h blind -s WAStar
Domain parsed
Problem parsed
Grounding..
Grounding Time: 2237
UFX:true
|F|:7531
|X|:6
|A|:369
|P|:0
|E|:0
h(I):0.0
f(n) = 2.0 (Expanded Nodes: 4, Evaluated States: 8, Time: 0.022) Frontier Size: 4
f(n) = 4.0 (Expanded Nodes: 15, Evaluated States: 26, Time: 0.072) Frontier Size: 11
f(n) = 6.0 (Expanded Nodes: 41, Evaluated States: 59, Time: 0.084) Frontier Size: 18
f(n) = 8.0 (Expanded Nodes: 76, Evaluated States: 96, Time: 0.096) Frontier Size: 20
f(n) = 10.0 (Expanded Nodes: 117, Evaluated States: 138, Time: 0.106) Frontier Size: 21
Problem Solved

Found Plan:
0.0: (validate_payload t0 a7 t1)
1.0: (sync_actions a7)
2.0: (add_action a10)
3.0: (check_added_variables_model a10)
4.0: (move_in_model_move_automata a10)
5.0: (add_action a12)
6.0: (check_added_variables_model a12)
7.0: (move_in_model_move_automata a12)
8.0: (validate_payload t1 a11 t2)
9.0: (sync_actions a11)
10.0: (add_action a8)
11.0: (check_added_variables_model a8)
12.0: (move_in_model_move_automata a8)
13.0: (add_action a0)
14.0: (check_added_variables_model a0)
15.0: (move_in_model_move_automata a0)
16.0: (add_action a1)
17.0: (check_added_variables_model a1)
18.0: (move_in_model_move_automata a1)
19.0: (validate_payload t2 a2 t3)
20.0: (sync_actions a2)
21.0: (validate_payload t3 a9 t4)
22.0: (sync_actions a9)

Plan-Length:23
Metric (Search):10.0
Planning Time (msec): 116
Heuristic Time (msec): 7
Search Time (msec): 113
Expanded Nodes:130
States Evaluated:156
Number of Dead-Ends detected:0
Number of Duplicates detected:32
/usr/bin/time -v timeout 600 java -Xmx64g -jar ./enhsp3.jar -o ./domain_with_failure.pddl -f ./problems/BasePN-1And-del-5-d3/problem96.pddl -h blind -s WAStar
Domain parsed
Problem parsed
Grounding..
Grounding Time: 2359
UFX:true
|F|:7531
|X|:7
|A|:369
|P|:0
|E|:0
h(I):0.0
f(n) = 1.0 (Expanded Nodes: 2, Evaluated States: 7, Time: 0.021) Frontier Size: 5
f(n) = 2.0 (Expanded Nodes: 6, Evaluated States: 7, Time: 0.046) Frontier Size: 1
f(n) = 3.0 (Expanded Nodes: 14, Evaluated States: 26, Time: 0.062) Frontier Size: 12
f(n) = 4.0 (Expanded Nodes: 34, Evaluated States: 62, Time: 0.07) Frontier Size: 28
f(n) = 5.0 (Expanded Nodes: 52, Evaluated States: 95, Time: 0.081) Frontier Size: 43
f(n) = 6.0 (Expanded Nodes: 100, Evaluated States: 167, Time: 0.1) Frontier Size: 67
f(n) = 7.0 (Expanded Nodes: 170, Evaluated States: 233, Time: 0.126) Frontier Size: 63
f(n) = 8.0 (Expanded Nodes: 246, Evaluated States: 341, Time: 0.137) Frontier Size: 95
f(n) = 9.0 (Expanded Nodes: 353, Evaluated States: 424, Time: 0.156) Frontier Size: 71
f(n) = 10.0 (Expanded Nodes: 453, Evaluated States: 580, Time: 0.177) Frontier Size: 127
Problem Solved

Found Plan:
0.0: (add_action a7)
1.0: (check_added_variables_model a7)
2.0: (move_in_model_move_automata a7)
3.0: (validate_payload t0 a10 t1)
4.0: (sync_actions a10)
5.0: (validate_payload t1 a12 t2)
6.0: (sync_actions a12)
7.0: (add_action a11)
8.0: (check_added_variables_model a11)
9.0: (move_in_model_move_automata a11)
10.0: (add_action a8)
11.0: (check_added_variables_model a8)
12.0: (move_in_model_move_automata a8)
13.0: (add_action a0)
14.0: (check_added_variables_model a0)
15.0: (move_in_model_move_automata a0)
16.0: (add_action a1)
17.0: (check_added_variables_model a1)
18.0: (move_in_model_move_automata a1)
19.0: (validate_payload t2 a2 t3)
20.0: (sync_actions a2)
21.0: (validate_payload t3 a9 t4)
22.0: (sync_actions a9)

Plan-Length:23
Metric (Search):10.0
Planning Time (msec): 192
Heuristic Time (msec): 7
Search Time (msec): 183
Expanded Nodes:483
States Evaluated:613
Number of Dead-Ends detected:0
Number of Duplicates detected:68
/usr/bin/time -v timeout 600 java -Xmx64g -jar ./enhsp3.jar -o ./domain_with_failure.pddl -f ./problems/BasePN-1And-del-5-d3/problem97.pddl -h blind -s WAStar
Domain parsed
Problem parsed
Grounding..
Grounding Time: 2232
UFX:true
|F|:7531
|X|:7
|A|:369
|P|:0
|E|:0
h(I):0.0
f(n) = 2.0 (Expanded Nodes: 4, Evaluated States: 8, Time: 0.017) Frontier Size: 4
f(n) = 4.0 (Expanded Nodes: 15, Evaluated States: 26, Time: 0.067) Frontier Size: 11
f(n) = 6.0 (Expanded Nodes: 39, Evaluated States: 55, Time: 0.078) Frontier Size: 16
f(n) = 8.0 (Expanded Nodes: 70, Evaluated States: 86, Time: 0.093) Frontier Size: 16
f(n) = 10.0 (Expanded Nodes: 104, Evaluated States: 121, Time: 0.104) Frontier Size: 17
Problem Solved

Found Plan:
0.0: (validate_payload t0 a7 t1)
1.0: (sync_actions a7)
2.0: (add_action a10)
3.0: (check_added_variables_model a10)
4.0: (move_in_model_move_automata a10)
5.0: (add_action a12)
6.0: (check_added_variables_model a12)
7.0: (move_in_model_move_automata a12)
8.0: (add_action a11)
9.0: (check_added_variables_model a11)
10.0: (move_in_model_move_automata a11)
11.0: (add_action a8)
12.0: (check_added_variables_model a8)
13.0: (move_in_model_move_automata a8)
14.0: (validate_payload t1 a0 t2)
15.0: (sync_actions a0)
16.0: (validate_payload t2 a1 t3)
17.0: (sync_actions a1)
18.0: (add_action a2)
19.0: (check_added_variables_model a2)
20.0: (move_in_model_move_automata a2)
21.0: (validate_payload t3 a9 t4)
22.0: (sync_actions a9)

Plan-Length:23
Metric (Search):10.0
Planning Time (msec): 113
Heuristic Time (msec): 3
Search Time (msec): 106
Expanded Nodes:120
States Evaluated:136
Number of Dead-Ends detected:0
Number of Duplicates detected:31
/usr/bin/time -v timeout 600 java -Xmx64g -jar ./enhsp3.jar -o ./domain_with_failure.pddl -f ./problems/BasePN-1And-del-5-d3/problem98.pddl -h blind -s WAStar
Domain parsed
Problem parsed
Grounding..
Grounding Time: 2234
UFX:true
|F|:7531
|X|:8
|A|:369
|P|:0
|E|:0
h(I):0.0
f(n) = 2.0 (Expanded Nodes: 2, Evaluated States: 3, Time: 0.017) Frontier Size: 1
f(n) = 3.0 (Expanded Nodes: 6, Evaluated States: 13, Time: 0.052) Frontier Size: 7
f(n) = 4.0 (Expanded Nodes: 9, Evaluated States: 13, Time: 0.053) Frontier Size: 4
f(n) = 5.0 (Expanded Nodes: 21, Evaluated States: 38, Time: 0.062) Frontier Size: 17
f(n) = 6.0 (Expanded Nodes: 27, Evaluated States: 38, Time: 0.063) Frontier Size: 11
f(n) = 7.0 (Expanded Nodes: 53, Evaluated States: 84, Time: 0.085) Frontier Size: 31
f(n) = 8.0 (Expanded Nodes: 74, Evaluated States: 114, Time: 0.088) Frontier Size: 40
f(n) = 9.0 (Expanded Nodes: 118, Evaluated States: 172, Time: 0.104) Frontier Size: 54
f(n) = 10.0 (Expanded Nodes: 169, Evaluated States: 238, Time: 0.118) Frontier Size: 69
Problem Solved

Found Plan:
0.0: (add_action a7)
1.0: (check_added_variables_model a7)
2.0: (move_in_model_move_automata a7)
3.0: (add_action a10)
4.0: (check_added_variables_model a10)
5.0: (move_in_model_move_automata a10)
6.0: (validate_payload t0 a12 t1)
7.0: (sync_actions a12)
8.0: (add_action a11)
9.0: (check_added_variables_model a11)
10.0: (move_in_model_move_automata a11)
11.0: (validate_payload t1 a8 t2)
12.0: (sync_actions a8)
13.0: (validate_payload t2 a1 t3)
14.0: (sync_actions a1)
15.0: (add_action a2)
16.0: (check_added_variables_model a2)
17.0: (move_in_model_move_automata a2)
18.0: (add_action a0)
19.0: (check_added_variables_model a0)
20.0: (move_in_model_move_automata a0)
21.0: (validate_payload t3 a9 t4)
22.0: (sync_actions a9)

Plan-Length:23
Metric (Search):10.0
Planning Time (msec): 127
Heuristic Time (msec): 2
Search Time (msec): 120
Expanded Nodes:200
States Evaluated:265
Number of Dead-Ends detected:0
Number of Duplicates detected:34
/usr/bin/time -v timeout 600 java -Xmx64g -jar ./enhsp3.jar -o ./domain_with_failure.pddl -f ./problems/BasePN-1And-del-5-d3/problem99.pddl -h blind -s WAStar
Domain parsed
Problem parsed
Grounding..
Grounding Time: 2451
UFX:true
|F|:7531
|X|:7
|A|:369
|P|:0
|E|:0
h(I):0.0
f(n) = 2.0 (Expanded Nodes: 2, Evaluated States: 3, Time: 0.019) Frontier Size: 1
f(n) = 3.0 (Expanded Nodes: 6, Evaluated States: 13, Time: 0.056) Frontier Size: 7
f(n) = 4.0 (Expanded Nodes: 9, Evaluated States: 13, Time: 0.059) Frontier Size: 4
f(n) = 5.0 (Expanded Nodes: 19, Evaluated States: 31, Time: 0.065) Frontier Size: 12
f(n) = 6.0 (Expanded Nodes: 22, Evaluated States: 31, Time: 0.066) Frontier Size: 9
f(n) = 7.0 (Expanded Nodes: 46, Evaluated States: 75, Time: 0.086) Frontier Size: 29
f(n) = 8.0 (Expanded Nodes: 67, Evaluated States: 102, Time: 0.089) Frontier Size: 35
f(n) = 9.0 (Expanded Nodes: 108, Evaluated States: 161, Time: 0.106) Frontier Size: 53
f(n) = 10.0 (Expanded Nodes: 159, Evaluated States: 221, Time: 0.115) Frontier Size: 62
Problem Solved

Found Plan:
0.0: (add_action a7)
1.0: (check_added_variables_model a7)
2.0: (move_in_model_move_automata a7)
3.0: (add_action a10)
4.0: (check_added_variables_model a10)
5.0: (move_in_model_move_automata a10)
6.0: (add_action a12)
7.0: (check_added_variables_model a12)
8.0: (move_in_model_move_automata a12)
9.0: (validate_payload t0 a11 t1)
10.0: (sync_actions a11)
11.0: (validate_payload t1 a8 t2)
12.0: (sync_actions a8)
13.0: (validate_payload t2 a0 t3)
14.0: (sync_actions a0)
15.0: (add_action a1)
16.0: (check_added_variables_model a1)
17.0: (move_in_model_move_automata a1)
18.0: (validate_payload t3 a2 t4)
19.0: (sync_actions a2)
20.0: (add_action a9)
21.0: (check_added_variables_model a9)
22.0: (move_in_model_move_automata a9)

Plan-Length:23
Metric (Search):10.0
Planning Time (msec): 125
Heuristic Time (msec): 9
Search Time (msec): 122
Expanded Nodes:168
States Evaluated:232
Number of Dead-Ends detected:0
Number of Duplicates detected:22
/usr/bin/time -v timeout 600 java -Xmx64g -jar ./enhsp3.jar -o ./domain_with_failure.pddl -f ./problems/BasePN-1And-del-5-d3/problem100.pddl -h blind -s WAStar
Domain parsed
Problem parsed
Grounding..
Grounding Time: 2347
UFX:true
|F|:7531
|X|:8
|A|:369
|P|:0
|E|:0
h(I):0.0
f(n) = 1.0 (Expanded Nodes: 6, Evaluated States: 19, Time: 0.027) Frontier Size: 13
f(n) = 2.0 (Expanded Nodes: 21, Evaluated States: 49, Time: 0.068) Frontier Size: 28
f(n) = 3.0 (Expanded Nodes: 48, Evaluated States: 90, Time: 0.081) Frontier Size: 42
f(n) = 4.0 (Expanded Nodes: 86, Evaluated States: 140, Time: 0.098) Frontier Size: 54
f(n) = 5.0 (Expanded Nodes: 150, Evaluated States: 208, Time: 0.126) Frontier Size: 58
f(n) = 6.0 (Expanded Nodes: 217, Evaluated States: 313, Time: 0.133) Frontier Size: 96
f(n) = 7.0 (Expanded Nodes: 334, Evaluated States: 452, Time: 0.157) Frontier Size: 118
f(n) = 8.0 (Expanded Nodes: 455, Evaluated States: 648, Time: 0.172) Frontier Size: 193
f(n) = 9.0 (Expanded Nodes: 720, Evaluated States: 1013, Time: 0.2) Frontier Size: 293
f(n) = 10.0 (Expanded Nodes: 1040, Evaluated States: 1508, Time: 0.227) Frontier Size: 468
Problem Solved

Found Plan:
0.0: (validate_payload t0 a7 t1)
1.0: (sync_actions a7)
2.0: (validate_payload t1 a10 t2)
3.0: (sync_actions a10)
4.0: (add_action a12)
5.0: (check_added_variables_model a12)
6.0: (move_in_model_move_automata a12)
7.0: (add_action a11)
8.0: (check_added_variables_model a11)
9.0: (move_in_model_move_automata a11)
10.0: (validate_payload t2 a8 t3)
11.0: (sync_actions a8)
12.0: (add_action a1)
13.0: (check_added_variables_model a1)
14.0: (move_in_model_move_automata a1)
15.0: (validate_payload t3 a2 t4)
16.0: (sync_actions a2)
17.0: (add_action a0)
18.0: (check_added_variables_model a0)
19.0: (move_in_model_move_automata a0)
20.0: (add_action a9)
21.0: (check_added_variables_model a9)
22.0: (move_in_model_move_automata a9)

Plan-Length:23
Metric (Search):10.0
Planning Time (msec): 251
Heuristic Time (msec): 2
Search Time (msec): 245
Expanded Nodes:1246
States Evaluated:1780
Number of Dead-Ends detected:0
Number of Duplicates detected:150
