/usr/bin/time -v timeout 600 java -Xmx64g -jar ./enhsp3.jar -o ./domain_with_failure.pddl -f ./problems/BasePN-1And-del-1-d5/problem1.pddl -h blind -s WAStar
Domain parsed
Problem parsed
Grounding..
Grounding Time: 2955
UFX:true
|F|:9535
|X|:11
|A|:569
|P|:0
|E|:0
h(I):0.0
f(n) = 1.0 (Expanded Nodes: 4, Evaluated States: 12, Time: 0.024) Frontier Size: 8
f(n) = 2.0 (Expanded Nodes: 16, Evaluated States: 32, Time: 0.057) Frontier Size: 16
Problem Solved

Found Plan:
0.0: (validate_payload t0 a7 t1)
1.0: (sync_actions a7)
2.0: (add_action a10)
3.0: (check_added_variables_model a10)
4.0: (move_in_model_move_automata a10)
5.0: (validate_payload t1 a12 t2)
6.0: (sync_actions a12)
7.0: (validate_payload t2 a11 t3)
8.0: (sync_actions a11)
9.0: (validate_payload t3 a8 t4)
10.0: (sync_actions a8)
11.0: (validate_payload t4 a1 t5)
12.0: (sync_actions a1)
13.0: (validate_payload t5 a0 t6)
14.0: (sync_actions a0)
15.0: (validate_payload t6 a2 t7)
16.0: (sync_actions a2)
17.0: (validate_payload t7 a9 t8)
18.0: (sync_actions a9)

Plan-Length:19
Metric (Search):2.0
Planning Time (msec): 91
Heuristic Time (msec): 6
Search Time (msec): 84
Expanded Nodes:40
States Evaluated:85
Number of Dead-Ends detected:0
Number of Duplicates detected:1
/usr/bin/time -v timeout 600 java -Xmx64g -jar ./enhsp3.jar -o ./domain_with_failure.pddl -f ./problems/BasePN-1And-del-1-d5/problem2.pddl -h blind -s WAStar
Domain parsed
Problem parsed
Grounding..
Grounding Time: 3155
UFX:true
|F|:9535
|X|:13
|A|:569
|P|:0
|E|:0
h(I):0.0
f(n) = 1.0 (Expanded Nodes: 8, Evaluated States: 29, Time: 0.029) Frontier Size: 21
f(n) = 2.0 (Expanded Nodes: 57, Evaluated States: 154, Time: 0.082) Frontier Size: 97
Problem Solved

Found Plan:
0.0: (validate_payload t0 a7 t1)
1.0: (sync_actions a7)
2.0: (validate_payload t1 a10 t2)
3.0: (sync_actions a10)
4.0: (validate_payload t2 a12 t3)
5.0: (sync_actions a12)
6.0: (add_action a11)
7.0: (check_added_variables_model a11)
8.0: (move_in_model_move_automata a11)
9.0: (validate_payload t3 a8 t4)
10.0: (sync_actions a8)
11.0: (validate_payload t4 a1 t5)
12.0: (sync_actions a1)
13.0: (validate_payload t5 a0 t6)
14.0: (sync_actions a0)
15.0: (validate_payload t6 a2 t7)
16.0: (sync_actions a2)
17.0: (validate_payload t7 a9 t8)
18.0: (sync_actions a9)

Plan-Length:19
Metric (Search):2.0
Planning Time (msec): 136
Heuristic Time (msec): 5
Search Time (msec): 124
Expanded Nodes:184
States Evaluated:401
Number of Dead-Ends detected:0
Number of Duplicates detected:2
/usr/bin/time -v timeout 600 java -Xmx64g -jar ./enhsp3.jar -o ./domain_with_failure.pddl -f ./problems/BasePN-1And-del-1-d5/problem3.pddl -h blind -s WAStar
Domain parsed
Problem parsed
Grounding..
Grounding Time: 3391
UFX:true
|F|:9535
|X|:10
|A|:569
|P|:0
|E|:0
h(I):0.0
f(n) = 1.0 (Expanded Nodes: 16, Evaluated States: 45, Time: 0.033) Frontier Size: 29
f(n) = 2.0 (Expanded Nodes: 88, Evaluated States: 203, Time: 0.088) Frontier Size: 115
Problem Solved

Found Plan:
0.0: (validate_payload t0 a7 t1)
1.0: (sync_actions a7)
2.0: (validate_payload t1 a10 t2)
3.0: (sync_actions a10)
4.0: (validate_payload t2 a12 t3)
5.0: (sync_actions a12)
6.0: (validate_payload t3 a11 t4)
7.0: (sync_actions a11)
8.0: (validate_payload t4 a8 t5)
9.0: (sync_actions a8)
10.0: (validate_payload t5 a1 t6)
11.0: (sync_actions a1)
12.0: (add_action a0)
13.0: (check_added_variables_model a0)
14.0: (move_in_model_move_automata a0)
15.0: (validate_payload t6 a2 t7)
16.0: (sync_actions a2)
17.0: (validate_payload t7 a9 t8)
18.0: (sync_actions a9)

Plan-Length:19
Metric (Search):2.0
Planning Time (msec): 131
Heuristic Time (msec): 8
Search Time (msec): 124
Expanded Nodes:171
States Evaluated:377
Number of Dead-Ends detected:0
Number of Duplicates detected:5
/usr/bin/time -v timeout 600 java -Xmx64g -jar ./enhsp3.jar -o ./domain_with_failure.pddl -f ./problems/BasePN-1And-del-1-d5/problem4.pddl -h blind -s WAStar
Domain parsed
Problem parsed
Grounding..
Grounding Time: 3253
UFX:true
|F|:9535
|X|:9
|A|:569
|P|:0
|E|:0
h(I):0.0
f(n) = 2.0 (Expanded Nodes: 10, Evaluated States: 20, Time: 0.025) Frontier Size: 10
Problem Solved

Found Plan:
0.0: (validate_payload t0 a7 t1)
1.0: (sync_actions a7)
2.0: (validate_payload t1 a10 t2)
3.0: (sync_actions a10)
4.0: (validate_payload t2 a12 t3)
5.0: (sync_actions a12)
6.0: (validate_payload t3 a11 t4)
7.0: (sync_actions a11)
8.0: (add_action a8)
9.0: (check_added_variables_model a8)
10.0: (move_in_model_move_automata a8)
11.0: (validate_payload t4 a0 t5)
12.0: (sync_actions a0)
13.0: (validate_payload t5 a1 t6)
14.0: (sync_actions a1)
15.0: (validate_payload t6 a2 t7)
16.0: (sync_actions a2)
17.0: (validate_payload t7 a9 t8)
18.0: (sync_actions a9)

Plan-Length:19
Metric (Search):2.0
Planning Time (msec): 88
Heuristic Time (msec): 6
Search Time (msec): 84
Expanded Nodes:40
States Evaluated:68
Number of Dead-Ends detected:0
Number of Duplicates detected:4
/usr/bin/time -v timeout 600 java -Xmx64g -jar ./enhsp3.jar -o ./domain_with_failure.pddl -f ./problems/BasePN-1And-del-1-d5/problem5.pddl -h blind -s WAStar
Domain parsed
Problem parsed
Grounding..
Grounding Time: 3151
UFX:true
|F|:9535
|X|:11
|A|:569
|P|:0
|E|:0
h(I):0.0
f(n) = 1.0 (Expanded Nodes: 18, Evaluated States: 44, Time: 0.038) Frontier Size: 26
f(n) = 2.0 (Expanded Nodes: 101, Evaluated States: 213, Time: 0.099) Frontier Size: 112
Problem Solved

Found Plan:
0.0: (validate_payload t0 a7 t1)
1.0: (sync_actions a7)
2.0: (validate_payload t1 a10 t2)
3.0: (sync_actions a10)
4.0: (validate_payload t2 a12 t3)
5.0: (sync_actions a12)
6.0: (validate_payload t3 a11 t4)
7.0: (sync_actions a11)
8.0: (validate_payload t4 a8 t5)
9.0: (sync_actions a8)
10.0: (validate_payload t5 a1 t6)
11.0: (sync_actions a1)
12.0: (validate_payload t6 a2 t7)
13.0: (sync_actions a2)
14.0: (validate_payload t7 a0 t8)
15.0: (sync_actions a0)
16.0: (add_action a9)
17.0: (check_added_variables_model a9)
18.0: (move_in_model_move_automata a9)

Plan-Length:19
Metric (Search):2.0
Planning Time (msec): 116
Heuristic Time (msec): 7
Search Time (msec): 114
Expanded Nodes:121
States Evaluated:246
Number of Dead-Ends detected:0
Number of Duplicates detected:1
/usr/bin/time -v timeout 600 java -Xmx64g -jar ./enhsp3.jar -o ./domain_with_failure.pddl -f ./problems/BasePN-1And-del-1-d5/problem6.pddl -h blind -s WAStar
Domain parsed
Problem parsed
Grounding..
Grounding Time: 3174
UFX:true
|F|:9535
|X|:11
|A|:569
|P|:0
|E|:0
h(I):0.0
f(n) = 1.0 (Expanded Nodes: 8, Evaluated States: 24, Time: 0.029) Frontier Size: 16
f(n) = 2.0 (Expanded Nodes: 54, Evaluated States: 122, Time: 0.088) Frontier Size: 68
Problem Solved

Found Plan:
0.0: (validate_payload t0 a7 t1)
1.0: (sync_actions a7)
2.0: (validate_payload t1 a10 t2)
3.0: (sync_actions a10)
4.0: (validate_payload t2 a12 t3)
5.0: (sync_actions a12)
6.0: (add_action a11)
7.0: (check_added_variables_model a11)
8.0: (move_in_model_move_automata a11)
9.0: (validate_payload t3 a8 t4)
10.0: (sync_actions a8)
11.0: (validate_payload t4 a0 t5)
12.0: (sync_actions a0)
13.0: (validate_payload t5 a1 t6)
14.0: (sync_actions a1)
15.0: (validate_payload t6 a2 t7)
16.0: (sync_actions a2)
17.0: (validate_payload t7 a9 t8)
18.0: (sync_actions a9)

Plan-Length:19
Metric (Search):2.0
Planning Time (msec): 130
Heuristic Time (msec): 9
Search Time (msec): 125
Expanded Nodes:124
States Evaluated:258
Number of Dead-Ends detected:0
Number of Duplicates detected:3
/usr/bin/time -v timeout 600 java -Xmx64g -jar ./enhsp3.jar -o ./domain_with_failure.pddl -f ./problems/BasePN-1And-del-1-d5/problem7.pddl -h blind -s WAStar
Domain parsed
Problem parsed
Grounding..
Grounding Time: 3199
UFX:true
|F|:9535
|X|:13
|A|:569
|P|:0
|E|:0
h(I):0.0
f(n) = 1.0 (Expanded Nodes: 6, Evaluated States: 21, Time: 0.022) Frontier Size: 15
f(n) = 2.0 (Expanded Nodes: 38, Evaluated States: 92, Time: 0.067) Frontier Size: 54
Problem Solved

Found Plan:
0.0: (validate_payload t0 a7 t1)
1.0: (sync_actions a7)
2.0: (validate_payload t1 a10 t2)
3.0: (sync_actions a10)
4.0: (add_action a12)
5.0: (check_added_variables_model a12)
6.0: (move_in_model_move_automata a12)
7.0: (validate_payload t2 a11 t3)
8.0: (sync_actions a11)
9.0: (validate_payload t3 a8 t4)
10.0: (sync_actions a8)
11.0: (validate_payload t4 a0 t5)
12.0: (sync_actions a0)
13.0: (validate_payload t5 a1 t6)
14.0: (sync_actions a1)
15.0: (validate_payload t6 a2 t7)
16.0: (sync_actions a2)
17.0: (validate_payload t7 a9 t8)
18.0: (sync_actions a9)

Plan-Length:19
Metric (Search):2.0
Planning Time (msec): 116
Heuristic Time (msec): 5
Search Time (msec): 111
Expanded Nodes:114
States Evaluated:235
Number of Dead-Ends detected:0
Number of Duplicates detected:1
/usr/bin/time -v timeout 600 java -Xmx64g -jar ./enhsp3.jar -o ./domain_with_failure.pddl -f ./problems/BasePN-1And-del-1-d5/problem8.pddl -h blind -s WAStar
Domain parsed
Problem parsed
Grounding..
Grounding Time: 3063
UFX:true
|F|:9535
|X|:12
|A|:569
|P|:0
|E|:0
h(I):0.0
f(n) = 1.0 (Expanded Nodes: 6, Evaluated States: 21, Time: 0.026) Frontier Size: 15
f(n) = 2.0 (Expanded Nodes: 38, Evaluated States: 92, Time: 0.073) Frontier Size: 54
Problem Solved

Found Plan:
0.0: (validate_payload t0 a7 t1)
1.0: (sync_actions a7)
2.0: (validate_payload t1 a10 t2)
3.0: (sync_actions a10)
4.0: (add_action a12)
5.0: (check_added_variables_model a12)
6.0: (move_in_model_move_automata a12)
7.0: (validate_payload t2 a11 t3)
8.0: (sync_actions a11)
9.0: (validate_payload t3 a8 t4)
10.0: (sync_actions a8)
11.0: (validate_payload t4 a1 t5)
12.0: (sync_actions a1)
13.0: (validate_payload t5 a0 t6)
14.0: (sync_actions a0)
15.0: (validate_payload t6 a2 t7)
16.0: (sync_actions a2)
17.0: (validate_payload t7 a9 t8)
18.0: (sync_actions a9)

Plan-Length:19
Metric (Search):2.0
Planning Time (msec): 119
Heuristic Time (msec): 6
Search Time (msec): 116
Expanded Nodes:114
States Evaluated:236
Number of Dead-Ends detected:0
Number of Duplicates detected:1
/usr/bin/time -v timeout 600 java -Xmx64g -jar ./enhsp3.jar -o ./domain_with_failure.pddl -f ./problems/BasePN-1And-del-1-d5/problem9.pddl -h blind -s WAStar
Domain parsed
Problem parsed
Grounding..
Grounding Time: 3119
UFX:true
|F|:9535
|X|:12
|A|:569
|P|:0
|E|:0
h(I):0.0
f(n) = 1.0 (Expanded Nodes: 16, Evaluated States: 52, Time: 0.032) Frontier Size: 36
f(n) = 2.0 (Expanded Nodes: 159, Evaluated States: 422, Time: 0.115) Frontier Size: 263
Problem Solved

Found Plan:
0.0: (validate_payload t0 a7 t1)
1.0: (sync_actions a7)
2.0: (validate_payload t1 a10 t2)
3.0: (sync_actions a10)
4.0: (validate_payload t2 a12 t3)
5.0: (sync_actions a12)
6.0: (validate_payload t3 a11 t4)
7.0: (sync_actions a11)
8.0: (validate_payload t4 a8 t5)
9.0: (sync_actions a8)
10.0: (validate_payload t5 a1 t6)
11.0: (sync_actions a1)
12.0: (validate_payload t6 a2 t7)
13.0: (sync_actions a2)
14.0: (add_action a0)
15.0: (check_added_variables_model a0)
16.0: (move_in_model_move_automata a0)
17.0: (validate_payload t7 a9 t8)
18.0: (sync_actions a9)

Plan-Length:19
Metric (Search):2.0
Planning Time (msec): 168
Heuristic Time (msec): 5
Search Time (msec): 165
Expanded Nodes:309
States Evaluated:741
Number of Dead-Ends detected:0
Number of Duplicates detected:3
/usr/bin/time -v timeout 600 java -Xmx64g -jar ./enhsp3.jar -o ./domain_with_failure.pddl -f ./problems/BasePN-1And-del-1-d5/problem10.pddl -h blind -s WAStar
Domain parsed
Problem parsed
Grounding..
Grounding Time: 3287
UFX:true
|F|:9535
|X|:11
|A|:569
|P|:0
|E|:0
h(I):0.0
f(n) = 1.0 (Expanded Nodes: 12, Evaluated States: 37, Time: 0.032) Frontier Size: 25
f(n) = 2.0 (Expanded Nodes: 92, Evaluated States: 210, Time: 0.102) Frontier Size: 118
Problem Solved

Found Plan:
0.0: (validate_payload t0 a7 t1)
1.0: (sync_actions a7)
2.0: (validate_payload t1 a10 t2)
3.0: (sync_actions a10)
4.0: (validate_payload t2 a12 t3)
5.0: (sync_actions a12)
6.0: (validate_payload t3 a11 t4)
7.0: (sync_actions a11)
8.0: (add_action a8)
9.0: (check_added_variables_model a8)
10.0: (move_in_model_move_automata a8)
11.0: (validate_payload t4 a1 t5)
12.0: (sync_actions a1)
13.0: (validate_payload t5 a2 t6)
14.0: (sync_actions a2)
15.0: (validate_payload t6 a0 t7)
16.0: (sync_actions a0)
17.0: (validate_payload t7 a9 t8)
18.0: (sync_actions a9)

Plan-Length:19
Metric (Search):2.0
Planning Time (msec): 168
Heuristic Time (msec): 6
Search Time (msec): 165
Expanded Nodes:284
States Evaluated:535
Number of Dead-Ends detected:0
Number of Duplicates detected:4
/usr/bin/time -v timeout 600 java -Xmx64g -jar ./enhsp3.jar -o ./domain_with_failure.pddl -f ./problems/BasePN-1And-del-1-d5/problem11.pddl -h blind -s WAStar
Domain parsed
Problem parsed
Grounding..
Grounding Time: 3158
UFX:true
|F|:9535
|X|:13
|A|:569
|P|:0
|E|:0
h(I):0.0
f(n) = 1.0 (Expanded Nodes: 18, Evaluated States: 51, Time: 0.044) Frontier Size: 33
f(n) = 2.0 (Expanded Nodes: 170, Evaluated States: 410, Time: 0.135) Frontier Size: 240
Problem Solved

Found Plan:
0.0: (validate_payload t0 a7 t1)
1.0: (sync_actions a7)
2.0: (validate_payload t1 a10 t2)
3.0: (sync_actions a10)
4.0: (validate_payload t2 a12 t3)
5.0: (sync_actions a12)
6.0: (validate_payload t3 a11 t4)
7.0: (sync_actions a11)
8.0: (validate_payload t4 a8 t5)
9.0: (sync_actions a8)
10.0: (validate_payload t5 a1 t6)
11.0: (sync_actions a1)
12.0: (validate_payload t6 a2 t7)
13.0: (sync_actions a2)
14.0: (validate_payload t7 a0 t8)
15.0: (sync_actions a0)
16.0: (add_action a9)
17.0: (check_added_variables_model a9)
18.0: (move_in_model_move_automata a9)

Plan-Length:19
Metric (Search):2.0
Planning Time (msec): 181
Heuristic Time (msec): 11
Search Time (msec): 179
Expanded Nodes:283
States Evaluated:639
Number of Dead-Ends detected:0
Number of Duplicates detected:2
/usr/bin/time -v timeout 600 java -Xmx64g -jar ./enhsp3.jar -o ./domain_with_failure.pddl -f ./problems/BasePN-1And-del-1-d5/problem12.pddl -h blind -s WAStar
Domain parsed
Problem parsed
Grounding..
Grounding Time: 3044
UFX:true
|F|:9535
|X|:10
|A|:569
|P|:0
|E|:0
h(I):0.0
f(n) = 1.0 (Expanded Nodes: 10, Evaluated States: 24, Time: 0.027) Frontier Size: 14
f(n) = 2.0 (Expanded Nodes: 42, Evaluated States: 82, Time: 0.07) Frontier Size: 40
Problem Solved

Found Plan:
0.0: (validate_payload t0 a7 t1)
1.0: (sync_actions a7)
2.0: (validate_payload t1 a10 t2)
3.0: (sync_actions a10)
4.0: (validate_payload t2 a12 t3)
5.0: (sync_actions a12)
6.0: (validate_payload t3 a11 t4)
7.0: (sync_actions a11)
8.0: (add_action a8)
9.0: (check_added_variables_model a8)
10.0: (move_in_model_move_automata a8)
11.0: (validate_payload t4 a1 t5)
12.0: (sync_actions a1)
13.0: (validate_payload t5 a2 t6)
14.0: (sync_actions a2)
15.0: (validate_payload t6 a0 t7)
16.0: (sync_actions a0)
17.0: (validate_payload t7 a9 t8)
18.0: (sync_actions a9)

Plan-Length:19
Metric (Search):2.0
Planning Time (msec): 108
Heuristic Time (msec): 8
Search Time (msec): 99
Expanded Nodes:72
States Evaluated:135
Number of Dead-Ends detected:0
Number of Duplicates detected:4
/usr/bin/time -v timeout 600 java -Xmx64g -jar ./enhsp3.jar -o ./domain_with_failure.pddl -f ./problems/BasePN-1And-del-1-d5/problem13.pddl -h blind -s WAStar
Domain parsed
Problem parsed
Grounding..
Grounding Time: 3512
UFX:true
|F|:9535
|X|:12
|A|:569
|P|:0
|E|:0
h(I):0.0
f(n) = 1.0 (Expanded Nodes: 16, Evaluated States: 48, Time: 0.038) Frontier Size: 32
f(n) = 2.0 (Expanded Nodes: 130, Evaluated States: 314, Time: 0.104) Frontier Size: 184
Problem Solved

Found Plan:
0.0: (validate_payload t0 a7 t1)
1.0: (sync_actions a7)
2.0: (validate_payload t1 a10 t2)
3.0: (sync_actions a10)
4.0: (validate_payload t2 a12 t3)
5.0: (sync_actions a12)
6.0: (validate_payload t3 a11 t4)
7.0: (sync_actions a11)
8.0: (validate_payload t4 a8 t5)
9.0: (sync_actions a8)
10.0: (validate_payload t5 a0 t6)
11.0: (sync_actions a0)
12.0: (validate_payload t6 a1 t7)
13.0: (sync_actions a1)
14.0: (add_action a2)
15.0: (check_added_variables_model a2)
16.0: (move_in_model_move_automata a2)
17.0: (validate_payload t7 a9 t8)
18.0: (sync_actions a9)

Plan-Length:19
Metric (Search):2.0
Planning Time (msec): 145
Heuristic Time (msec): 2
Search Time (msec): 133
Expanded Nodes:203
States Evaluated:441
Number of Dead-Ends detected:0
Number of Duplicates detected:1
/usr/bin/time -v timeout 600 java -Xmx64g -jar ./enhsp3.jar -o ./domain_with_failure.pddl -f ./problems/BasePN-1And-del-1-d5/problem14.pddl -h blind -s WAStar
Domain parsed
Problem parsed
Grounding..
Grounding Time: 3047
UFX:true
|F|:9535
|X|:10
|A|:569
|P|:0
|E|:0
h(I):0.0
f(n) = 1.0 (Expanded Nodes: 12, Evaluated States: 33, Time: 0.027) Frontier Size: 21
f(n) = 2.0 (Expanded Nodes: 86, Evaluated States: 196, Time: 0.086) Frontier Size: 110
Problem Solved

Found Plan:
0.0: (validate_payload t0 a7 t1)
1.0: (sync_actions a7)
2.0: (validate_payload t1 a10 t2)
3.0: (sync_actions a10)
4.0: (validate_payload t2 a12 t3)
5.0: (sync_actions a12)
6.0: (validate_payload t3 a11 t4)
7.0: (sync_actions a11)
8.0: (validate_payload t4 a8 t5)
9.0: (sync_actions a8)
10.0: (add_action a1)
11.0: (check_added_variables_model a1)
12.0: (move_in_model_move_automata a1)
13.0: (validate_payload t5 a2 t6)
14.0: (sync_actions a2)
15.0: (validate_payload t6 a0 t7)
16.0: (sync_actions a0)
17.0: (validate_payload t7 a9 t8)
18.0: (sync_actions a9)

Plan-Length:19
Metric (Search):2.0
Planning Time (msec): 141
Heuristic Time (msec): 3
Search Time (msec): 134
Expanded Nodes:201
States Evaluated:406
Number of Dead-Ends detected:0
Number of Duplicates detected:5
/usr/bin/time -v timeout 600 java -Xmx64g -jar ./enhsp3.jar -o ./domain_with_failure.pddl -f ./problems/BasePN-1And-del-1-d5/problem15.pddl -h blind -s WAStar
Domain parsed
Problem parsed
Grounding..
Grounding Time: 3370
UFX:true
|F|:9535
|X|:12
|A|:569
|P|:0
|E|:0
h(I):0.0
f(n) = 1.0 (Expanded Nodes: 12, Evaluated States: 36, Time: 0.033) Frontier Size: 24
f(n) = 2.0 (Expanded Nodes: 95, Evaluated States: 235, Time: 0.095) Frontier Size: 140
Problem Solved

Found Plan:
0.0: (validate_payload t0 a7 t1)
1.0: (sync_actions a7)
2.0: (validate_payload t1 a10 t2)
3.0: (sync_actions a10)
4.0: (validate_payload t2 a12 t3)
5.0: (sync_actions a12)
6.0: (validate_payload t3 a11 t4)
7.0: (sync_actions a11)
8.0: (validate_payload t4 a8 t5)
9.0: (sync_actions a8)
10.0: (add_action a1)
11.0: (check_added_variables_model a1)
12.0: (move_in_model_move_automata a1)
13.0: (validate_payload t5 a2 t6)
14.0: (sync_actions a2)
15.0: (validate_payload t6 a0 t7)
16.0: (sync_actions a0)
17.0: (validate_payload t7 a9 t8)
18.0: (sync_actions a9)

Plan-Length:19
Metric (Search):2.0
Planning Time (msec): 160
Heuristic Time (msec): 6
Search Time (msec): 153
Expanded Nodes:315
States Evaluated:687
Number of Dead-Ends detected:0
Number of Duplicates detected:5
/usr/bin/time -v timeout 600 java -Xmx64g -jar ./enhsp3.jar -o ./domain_with_failure.pddl -f ./problems/BasePN-1And-del-1-d5/problem16.pddl -h blind -s WAStar
Domain parsed
Problem parsed
Grounding..
Grounding Time: 3401
UFX:true
|F|:9535
|X|:12
|A|:569
|P|:0
|E|:0
h(I):0.0
f(n) = 1.0 (Expanded Nodes: 6, Evaluated States: 16, Time: 0.025) Frontier Size: 10
f(n) = 2.0 (Expanded Nodes: 26, Evaluated States: 50, Time: 0.064) Frontier Size: 24
Problem Solved

Found Plan:
0.0: (validate_payload t0 a7 t1)
1.0: (sync_actions a7)
2.0: (validate_payload t1 a10 t2)
3.0: (sync_actions a10)
4.0: (add_action a12)
5.0: (check_added_variables_model a12)
6.0: (move_in_model_move_automata a12)
7.0: (validate_payload t2 a11 t3)
8.0: (sync_actions a11)
9.0: (validate_payload t3 a8 t4)
10.0: (sync_actions a8)
11.0: (validate_payload t4 a0 t5)
12.0: (sync_actions a0)
13.0: (validate_payload t5 a1 t6)
14.0: (sync_actions a1)
15.0: (validate_payload t6 a2 t7)
16.0: (sync_actions a2)
17.0: (validate_payload t7 a9 t8)
18.0: (sync_actions a9)

Plan-Length:19
Metric (Search):2.0
Planning Time (msec): 97
Heuristic Time (msec): 8
Search Time (msec): 90
Expanded Nodes:52
States Evaluated:109
Number of Dead-Ends detected:0
Number of Duplicates detected:2
/usr/bin/time -v timeout 600 java -Xmx64g -jar ./enhsp3.jar -o ./domain_with_failure.pddl -f ./problems/BasePN-1And-del-1-d5/problem17.pddl -h blind -s WAStar
Domain parsed
Problem parsed
Grounding..
Grounding Time: 3252
UFX:true
|F|:9535
|X|:11
|A|:569
|P|:0
|E|:0
h(I):0.0
f(n) = 1.0 (Expanded Nodes: 4, Evaluated States: 12, Time: 0.019) Frontier Size: 8
f(n) = 2.0 (Expanded Nodes: 16, Evaluated States: 32, Time: 0.053) Frontier Size: 16
Problem Solved

Found Plan:
0.0: (validate_payload t0 a7 t1)
1.0: (sync_actions a7)
2.0: (add_action a10)
3.0: (check_added_variables_model a10)
4.0: (move_in_model_move_automata a10)
5.0: (validate_payload t1 a12 t2)
6.0: (sync_actions a12)
7.0: (validate_payload t2 a11 t3)
8.0: (sync_actions a11)
9.0: (validate_payload t3 a8 t4)
10.0: (sync_actions a8)
11.0: (validate_payload t4 a1 t5)
12.0: (sync_actions a1)
13.0: (validate_payload t5 a0 t6)
14.0: (sync_actions a0)
15.0: (validate_payload t6 a2 t7)
16.0: (sync_actions a2)
17.0: (validate_payload t7 a9 t8)
18.0: (sync_actions a9)

Plan-Length:19
Metric (Search):2.0
Planning Time (msec): 83
Heuristic Time (msec): 7
Search Time (msec): 78
Expanded Nodes:40
States Evaluated:82
Number of Dead-Ends detected:0
Number of Duplicates detected:1
/usr/bin/time -v timeout 600 java -Xmx64g -jar ./enhsp3.jar -o ./domain_with_failure.pddl -f ./problems/BasePN-1And-del-1-d5/problem18.pddl -h blind -s WAStar
Domain parsed
Problem parsed
Grounding..
Grounding Time: 3075
UFX:true
|F|:9535
|X|:12
|A|:569
|P|:0
|E|:0
h(I):0.0
f(n) = 1.0 (Expanded Nodes: 12, Evaluated States: 36, Time: 0.032) Frontier Size: 24
f(n) = 2.0 (Expanded Nodes: 95, Evaluated States: 235, Time: 0.098) Frontier Size: 140
Problem Solved

Found Plan:
0.0: (validate_payload t0 a7 t1)
1.0: (sync_actions a7)
2.0: (validate_payload t1 a10 t2)
3.0: (sync_actions a10)
4.0: (validate_payload t2 a12 t3)
5.0: (sync_actions a12)
6.0: (validate_payload t3 a11 t4)
7.0: (sync_actions a11)
8.0: (validate_payload t4 a8 t5)
9.0: (sync_actions a8)
10.0: (add_action a1)
11.0: (check_added_variables_model a1)
12.0: (move_in_model_move_automata a1)
13.0: (validate_payload t5 a2 t6)
14.0: (sync_actions a2)
15.0: (validate_payload t6 a0 t7)
16.0: (sync_actions a0)
17.0: (validate_payload t7 a9 t8)
18.0: (sync_actions a9)

Plan-Length:19
Metric (Search):2.0
Planning Time (msec): 179
Heuristic Time (msec): 5
Search Time (msec): 174
Expanded Nodes:315
States Evaluated:687
Number of Dead-Ends detected:0
Number of Duplicates detected:5
/usr/bin/time -v timeout 600 java -Xmx64g -jar ./enhsp3.jar -o ./domain_with_failure.pddl -f ./problems/BasePN-1And-del-1-d5/problem19.pddl -h blind -s WAStar
Domain parsed
Problem parsed
Grounding..
Grounding Time: 3236
UFX:true
|F|:9535
|X|:12
|A|:569
|P|:0
|E|:0
h(I):0.0
f(n) = 1.0 (Expanded Nodes: 2, Evaluated States: 7, Time: 0.018) Frontier Size: 5
f(n) = 2.0 (Expanded Nodes: 6, Evaluated States: 7, Time: 0.048) Frontier Size: 1
Problem Solved

Found Plan:
0.0: (add_action a7)
1.0: (check_added_variables_model a7)
2.0: (move_in_model_move_automata a7)
3.0: (validate_payload t0 a10 t1)
4.0: (sync_actions a10)
5.0: (validate_payload t1 a12 t2)
6.0: (sync_actions a12)
7.0: (validate_payload t2 a11 t3)
8.0: (sync_actions a11)
9.0: (validate_payload t3 a8 t4)
10.0: (sync_actions a8)
11.0: (validate_payload t4 a1 t5)
12.0: (sync_actions a1)
13.0: (validate_payload t5 a0 t6)
14.0: (sync_actions a0)
15.0: (validate_payload t6 a2 t7)
16.0: (sync_actions a2)
17.0: (validate_payload t7 a9 t8)
18.0: (sync_actions a9)

Plan-Length:19
Metric (Search):2.0
Planning Time (msec): 76
Heuristic Time (msec): 5
Search Time (msec): 74
Expanded Nodes:25
States Evaluated:56
Number of Dead-Ends detected:0
Number of Duplicates detected:0
/usr/bin/time -v timeout 600 java -Xmx64g -jar ./enhsp3.jar -o ./domain_with_failure.pddl -f ./problems/BasePN-1And-del-1-d5/problem20.pddl -h blind -s WAStar
Domain parsed
Problem parsed
Grounding..
Grounding Time: 3177
UFX:true
|F|:9535
|X|:12
|A|:569
|P|:0
|E|:0
h(I):0.0
f(n) = 1.0 (Expanded Nodes: 2, Evaluated States: 7, Time: 0.018) Frontier Size: 5
f(n) = 2.0 (Expanded Nodes: 6, Evaluated States: 7, Time: 0.051) Frontier Size: 1
Problem Solved

Found Plan:
0.0: (add_action a7)
1.0: (check_added_variables_model a7)
2.0: (move_in_model_move_automata a7)
3.0: (validate_payload t0 a10 t1)
4.0: (sync_actions a10)
5.0: (validate_payload t1 a12 t2)
6.0: (sync_actions a12)
7.0: (validate_payload t2 a11 t3)
8.0: (sync_actions a11)
9.0: (validate_payload t3 a8 t4)
10.0: (sync_actions a8)
11.0: (validate_payload t4 a0 t5)
12.0: (sync_actions a0)
13.0: (validate_payload t5 a1 t6)
14.0: (sync_actions a1)
15.0: (validate_payload t6 a2 t7)
16.0: (sync_actions a2)
17.0: (validate_payload t7 a9 t8)
18.0: (sync_actions a9)

Plan-Length:19
Metric (Search):2.0
Planning Time (msec): 80
Heuristic Time (msec): 8
Search Time (msec): 77
Expanded Nodes:25
States Evaluated:55
Number of Dead-Ends detected:0
Number of Duplicates detected:0
/usr/bin/time -v timeout 600 java -Xmx64g -jar ./enhsp3.jar -o ./domain_with_failure.pddl -f ./problems/BasePN-1And-del-1-d5/problem21.pddl -h blind -s WAStar
Domain parsed
Problem parsed
Grounding..
Grounding Time: 3198
UFX:true
|F|:9535
|X|:9
|A|:569
|P|:0
|E|:0
h(I):0.0
f(n) = 1.0 (Expanded Nodes: 10, Evaluated States: 24, Time: 0.035) Frontier Size: 14
f(n) = 2.0 (Expanded Nodes: 42, Evaluated States: 82, Time: 0.08) Frontier Size: 40
Problem Solved

Found Plan:
0.0: (validate_payload t0 a7 t1)
1.0: (sync_actions a7)
2.0: (validate_payload t1 a10 t2)
3.0: (sync_actions a10)
4.0: (validate_payload t2 a12 t3)
5.0: (sync_actions a12)
6.0: (validate_payload t3 a11 t4)
7.0: (sync_actions a11)
8.0: (add_action a8)
9.0: (check_added_variables_model a8)
10.0: (move_in_model_move_automata a8)
11.0: (validate_payload t4 a1 t5)
12.0: (sync_actions a1)
13.0: (validate_payload t5 a2 t6)
14.0: (sync_actions a2)
15.0: (validate_payload t6 a0 t7)
16.0: (sync_actions a0)
17.0: (validate_payload t7 a9 t8)
18.0: (sync_actions a9)

Plan-Length:19
Metric (Search):2.0
Planning Time (msec): 111
Heuristic Time (msec): 7
Search Time (msec): 104
Expanded Nodes:72
States Evaluated:135
Number of Dead-Ends detected:0
Number of Duplicates detected:4
/usr/bin/time -v timeout 600 java -Xmx64g -jar ./enhsp3.jar -o ./domain_with_failure.pddl -f ./problems/BasePN-1And-del-1-d5/problem22.pddl -h blind -s WAStar
Domain parsed
Problem parsed
Grounding..
Grounding Time: 3081
UFX:true
|F|:9535
|X|:12
|A|:569
|P|:0
|E|:0
h(I):0.0
f(n) = 1.0 (Expanded Nodes: 10, Evaluated States: 31, Time: 0.02) Frontier Size: 21
f(n) = 2.0 (Expanded Nodes: 70, Evaluated States: 168, Time: 0.08) Frontier Size: 98
Problem Solved

Found Plan:
0.0: (validate_payload t0 a7 t1)
1.0: (sync_actions a7)
2.0: (validate_payload t1 a10 t2)
3.0: (sync_actions a10)
4.0: (validate_payload t2 a12 t3)
5.0: (sync_actions a12)
6.0: (validate_payload t3 a11 t4)
7.0: (sync_actions a11)
8.0: (add_action a8)
9.0: (check_added_variables_model a8)
10.0: (move_in_model_move_automata a8)
11.0: (validate_payload t4 a0 t5)
12.0: (sync_actions a0)
13.0: (validate_payload t5 a1 t6)
14.0: (sync_actions a1)
15.0: (validate_payload t6 a2 t7)
16.0: (sync_actions a2)
17.0: (validate_payload t7 a9 t8)
18.0: (sync_actions a9)

Plan-Length:19
Metric (Search):2.0
Planning Time (msec): 122
Heuristic Time (msec): 3
Search Time (msec): 116
Expanded Nodes:139
States Evaluated:317
Number of Dead-Ends detected:0
Number of Duplicates detected:3
/usr/bin/time -v timeout 600 java -Xmx64g -jar ./enhsp3.jar -o ./domain_with_failure.pddl -f ./problems/BasePN-1And-del-1-d5/problem23.pddl -h blind -s WAStar
Domain parsed
Problem parsed
Grounding..
Grounding Time: 3217
UFX:true
|F|:9535
|X|:12
|A|:569
|P|:0
|E|:0
h(I):0.0
f(n) = 1.0 (Expanded Nodes: 4, Evaluated States: 12, Time: 0.02) Frontier Size: 8
f(n) = 2.0 (Expanded Nodes: 16, Evaluated States: 32, Time: 0.057) Frontier Size: 16
Problem Solved

Found Plan:
0.0: (validate_payload t0 a7 t1)
1.0: (sync_actions a7)
2.0: (add_action a10)
3.0: (check_added_variables_model a10)
4.0: (move_in_model_move_automata a10)
5.0: (validate_payload t1 a12 t2)
6.0: (sync_actions a12)
7.0: (validate_payload t2 a11 t3)
8.0: (sync_actions a11)
9.0: (validate_payload t3 a8 t4)
10.0: (sync_actions a8)
11.0: (validate_payload t4 a0 t5)
12.0: (sync_actions a0)
13.0: (validate_payload t5 a1 t6)
14.0: (sync_actions a1)
15.0: (validate_payload t6 a2 t7)
16.0: (sync_actions a2)
17.0: (validate_payload t7 a9 t8)
18.0: (sync_actions a9)

Plan-Length:19
Metric (Search):2.0
Planning Time (msec): 91
Heuristic Time (msec): 3
Search Time (msec): 79
Expanded Nodes:40
States Evaluated:84
Number of Dead-Ends detected:0
Number of Duplicates detected:1
/usr/bin/time -v timeout 600 java -Xmx64g -jar ./enhsp3.jar -o ./domain_with_failure.pddl -f ./problems/BasePN-1And-del-1-d5/problem24.pddl -h blind -s WAStar
Domain parsed
Problem parsed
Grounding..
Grounding Time: 3054
UFX:true
|F|:9535
|X|:11
|A|:569
|P|:0
|E|:0
h(I):0.0
f(n) = 1.0 (Expanded Nodes: 10, Evaluated States: 31, Time: 0.027) Frontier Size: 21
f(n) = 2.0 (Expanded Nodes: 70, Evaluated States: 168, Time: 0.087) Frontier Size: 98
Problem Solved

Found Plan:
0.0: (validate_payload t0 a7 t1)
1.0: (sync_actions a7)
2.0: (validate_payload t1 a10 t2)
3.0: (sync_actions a10)
4.0: (validate_payload t2 a12 t3)
5.0: (sync_actions a12)
6.0: (validate_payload t3 a11 t4)
7.0: (sync_actions a11)
8.0: (add_action a8)
9.0: (check_added_variables_model a8)
10.0: (move_in_model_move_automata a8)
11.0: (validate_payload t4 a0 t5)
12.0: (sync_actions a0)
13.0: (validate_payload t5 a1 t6)
14.0: (sync_actions a1)
15.0: (validate_payload t6 a2 t7)
16.0: (sync_actions a2)
17.0: (validate_payload t7 a9 t8)
18.0: (sync_actions a9)

Plan-Length:19
Metric (Search):2.0
Planning Time (msec): 137
Heuristic Time (msec): 4
Search Time (msec): 130
Expanded Nodes:139
States Evaluated:317
Number of Dead-Ends detected:0
Number of Duplicates detected:3
/usr/bin/time -v timeout 600 java -Xmx64g -jar ./enhsp3.jar -o ./domain_with_failure.pddl -f ./problems/BasePN-1And-del-1-d5/problem25.pddl -h blind -s WAStar
Domain parsed
Problem parsed
Grounding..
Grounding Time: 3207
UFX:true
|F|:9535
|X|:12
|A|:569
|P|:0
|E|:0
h(I):0.0
f(n) = 1.0 (Expanded Nodes: 8, Evaluated States: 29, Time: 0.03) Frontier Size: 21
f(n) = 2.0 (Expanded Nodes: 57, Evaluated States: 154, Time: 0.086) Frontier Size: 97
Problem Solved

Found Plan:
0.0: (validate_payload t0 a7 t1)
1.0: (sync_actions a7)
2.0: (validate_payload t1 a10 t2)
3.0: (sync_actions a10)
4.0: (validate_payload t2 a12 t3)
5.0: (sync_actions a12)
6.0: (add_action a11)
7.0: (check_added_variables_model a11)
8.0: (move_in_model_move_automata a11)
9.0: (validate_payload t3 a8 t4)
10.0: (sync_actions a8)
11.0: (validate_payload t4 a0 t5)
12.0: (sync_actions a0)
13.0: (validate_payload t5 a1 t6)
14.0: (sync_actions a1)
15.0: (validate_payload t6 a2 t7)
16.0: (sync_actions a2)
17.0: (validate_payload t7 a9 t8)
18.0: (sync_actions a9)

Plan-Length:19
Metric (Search):2.0
Planning Time (msec): 135
Heuristic Time (msec): 9
Search Time (msec): 127
Expanded Nodes:181
States Evaluated:389
Number of Dead-Ends detected:0
Number of Duplicates detected:2
/usr/bin/time -v timeout 600 java -Xmx64g -jar ./enhsp3.jar -o ./domain_with_failure.pddl -f ./problems/BasePN-1And-del-1-d5/problem26.pddl -h blind -s WAStar
Domain parsed
Problem parsed
Grounding..
Grounding Time: 3027
UFX:true
|F|:9535
|X|:12
|A|:569
|P|:0
|E|:0
h(I):0.0
f(n) = 1.0 (Expanded Nodes: 8, Evaluated States: 24, Time: 0.026) Frontier Size: 16
f(n) = 2.0 (Expanded Nodes: 54, Evaluated States: 122, Time: 0.083) Frontier Size: 68
Problem Solved

Found Plan:
0.0: (validate_payload t0 a7 t1)
1.0: (sync_actions a7)
2.0: (validate_payload t1 a10 t2)
3.0: (sync_actions a10)
4.0: (validate_payload t2 a12 t3)
5.0: (sync_actions a12)
6.0: (add_action a11)
7.0: (check_added_variables_model a11)
8.0: (move_in_model_move_automata a11)
9.0: (validate_payload t3 a8 t4)
10.0: (sync_actions a8)
11.0: (validate_payload t4 a1 t5)
12.0: (sync_actions a1)
13.0: (validate_payload t5 a2 t6)
14.0: (sync_actions a2)
15.0: (validate_payload t6 a0 t7)
16.0: (sync_actions a0)
17.0: (validate_payload t7 a9 t8)
18.0: (sync_actions a9)

Plan-Length:19
Metric (Search):2.0
Planning Time (msec): 124
Heuristic Time (msec): 8
Search Time (msec): 122
Expanded Nodes:128
States Evaluated:263
Number of Dead-Ends detected:0
Number of Duplicates detected:3
/usr/bin/time -v timeout 600 java -Xmx64g -jar ./enhsp3.jar -o ./domain_with_failure.pddl -f ./problems/BasePN-1And-del-1-d5/problem27.pddl -h blind -s WAStar
Domain parsed
Problem parsed
Grounding..
Grounding Time: 3208
UFX:true
|F|:9535
|X|:11
|A|:569
|P|:0
|E|:0
h(I):0.0
f(n) = 1.0 (Expanded Nodes: 16, Evaluated States: 42, Time: 0.037) Frontier Size: 26
f(n) = 2.0 (Expanded Nodes: 118, Evaluated States: 280, Time: 0.099) Frontier Size: 162
Problem Solved

Found Plan:
0.0: (validate_payload t0 a7 t1)
1.0: (sync_actions a7)
2.0: (validate_payload t1 a10 t2)
3.0: (sync_actions a10)
4.0: (validate_payload t2 a12 t3)
5.0: (sync_actions a12)
6.0: (validate_payload t3 a11 t4)
7.0: (sync_actions a11)
8.0: (validate_payload t4 a8 t5)
9.0: (sync_actions a8)
10.0: (validate_payload t5 a1 t6)
11.0: (sync_actions a1)
12.0: (add_action a0)
13.0: (check_added_variables_model a0)
14.0: (move_in_model_move_automata a0)
15.0: (validate_payload t6 a2 t7)
16.0: (sync_actions a2)
17.0: (validate_payload t7 a9 t8)
18.0: (sync_actions a9)

Plan-Length:19
Metric (Search):2.0
Planning Time (msec): 130
Heuristic Time (msec): 10
Search Time (msec): 124
Expanded Nodes:206
States Evaluated:435
Number of Dead-Ends detected:0
Number of Duplicates detected:5
/usr/bin/time -v timeout 600 java -Xmx64g -jar ./enhsp3.jar -o ./domain_with_failure.pddl -f ./problems/BasePN-1And-del-1-d5/problem28.pddl -h blind -s WAStar
Domain parsed
Problem parsed
Grounding..
Grounding Time: 3247
UFX:true
|F|:9535
|X|:12
|A|:569
|P|:0
|E|:0
h(I):0.0
f(n) = 1.0 (Expanded Nodes: 16, Evaluated States: 42, Time: 0.032) Frontier Size: 26
f(n) = 2.0 (Expanded Nodes: 118, Evaluated States: 280, Time: 0.095) Frontier Size: 162
Problem Solved

Found Plan:
0.0: (validate_payload t0 a7 t1)
1.0: (sync_actions a7)
2.0: (validate_payload t1 a10 t2)
3.0: (sync_actions a10)
4.0: (validate_payload t2 a12 t3)
5.0: (sync_actions a12)
6.0: (validate_payload t3 a11 t4)
7.0: (sync_actions a11)
8.0: (validate_payload t4 a8 t5)
9.0: (sync_actions a8)
10.0: (validate_payload t5 a1 t6)
11.0: (sync_actions a1)
12.0: (validate_payload t6 a0 t7)
13.0: (sync_actions a0)
14.0: (add_action a2)
15.0: (check_added_variables_model a2)
16.0: (move_in_model_move_automata a2)
17.0: (validate_payload t7 a9 t8)
18.0: (sync_actions a9)

Plan-Length:19
Metric (Search):2.0
Planning Time (msec): 156
Heuristic Time (msec): 6
Search Time (msec): 140
Expanded Nodes:291
States Evaluated:628
Number of Dead-Ends detected:0
Number of Duplicates detected:7
/usr/bin/time -v timeout 600 java -Xmx64g -jar ./enhsp3.jar -o ./domain_with_failure.pddl -f ./problems/BasePN-1And-del-1-d5/problem29.pddl -h blind -s WAStar
Domain parsed
Problem parsed
Grounding..
Grounding Time: 3301
UFX:true
|F|:9535
|X|:12
|A|:569
|P|:0
|E|:0
h(I):0.0
f(n) = 1.0 (Expanded Nodes: 6, Evaluated States: 20, Time: 0.024) Frontier Size: 14
f(n) = 2.0 (Expanded Nodes: 38, Evaluated States: 88, Time: 0.066) Frontier Size: 50
Problem Solved

Found Plan:
0.0: (validate_payload t0 a7 t1)
1.0: (sync_actions a7)
2.0: (validate_payload t1 a10 t2)
3.0: (sync_actions a10)
4.0: (add_action a12)
5.0: (check_added_variables_model a12)
6.0: (move_in_model_move_automata a12)
7.0: (validate_payload t2 a11 t3)
8.0: (sync_actions a11)
9.0: (validate_payload t3 a8 t4)
10.0: (sync_actions a8)
11.0: (validate_payload t4 a0 t5)
12.0: (sync_actions a0)
13.0: (validate_payload t5 a1 t6)
14.0: (sync_actions a1)
15.0: (validate_payload t6 a2 t7)
16.0: (sync_actions a2)
17.0: (validate_payload t7 a9 t8)
18.0: (sync_actions a9)

Plan-Length:19
Metric (Search):2.0
Planning Time (msec): 116
Heuristic Time (msec): 7
Search Time (msec): 106
Expanded Nodes:112
States Evaluated:218
Number of Dead-Ends detected:0
Number of Duplicates detected:2
/usr/bin/time -v timeout 600 java -Xmx64g -jar ./enhsp3.jar -o ./domain_with_failure.pddl -f ./problems/BasePN-1And-del-1-d5/problem30.pddl -h blind -s WAStar
Domain parsed
Problem parsed
Grounding..
Grounding Time: 3190
UFX:true
|F|:9535
|X|:11
|A|:569
|P|:0
|E|:0
h(I):0.0
f(n) = 1.0 (Expanded Nodes: 10, Evaluated States: 28, Time: 0.026) Frontier Size: 18
f(n) = 2.0 (Expanded Nodes: 72, Evaluated States: 166, Time: 0.083) Frontier Size: 94
Problem Solved

Found Plan:
0.0: (validate_payload t0 a7 t1)
1.0: (sync_actions a7)
2.0: (validate_payload t1 a10 t2)
3.0: (sync_actions a10)
4.0: (validate_payload t2 a12 t3)
5.0: (sync_actions a12)
6.0: (validate_payload t3 a11 t4)
7.0: (sync_actions a11)
8.0: (add_action a8)
9.0: (check_added_variables_model a8)
10.0: (move_in_model_move_automata a8)
11.0: (validate_payload t4 a1 t5)
12.0: (sync_actions a1)
13.0: (validate_payload t5 a0 t6)
14.0: (sync_actions a0)
15.0: (validate_payload t6 a2 t7)
16.0: (sync_actions a2)
17.0: (validate_payload t7 a9 t8)
18.0: (sync_actions a9)

Plan-Length:19
Metric (Search):2.0
Planning Time (msec): 150
Heuristic Time (msec): 5
Search Time (msec): 140
Expanded Nodes:224
States Evaluated:443
Number of Dead-Ends detected:0
Number of Duplicates detected:4
/usr/bin/time -v timeout 600 java -Xmx64g -jar ./enhsp3.jar -o ./domain_with_failure.pddl -f ./problems/BasePN-1And-del-1-d5/problem31.pddl -h blind -s WAStar
Domain parsed
Problem parsed
Grounding..
Grounding Time: 3246
UFX:true
|F|:9535
|X|:12
|A|:569
|P|:0
|E|:0
h(I):0.0
f(n) = 1.0 (Expanded Nodes: 6, Evaluated States: 21, Time: 0.023) Frontier Size: 15
f(n) = 2.0 (Expanded Nodes: 38, Evaluated States: 92, Time: 0.069) Frontier Size: 54
Problem Solved

Found Plan:
0.0: (validate_payload t0 a7 t1)
1.0: (sync_actions a7)
2.0: (validate_payload t1 a10 t2)
3.0: (sync_actions a10)
4.0: (add_action a12)
5.0: (check_added_variables_model a12)
6.0: (move_in_model_move_automata a12)
7.0: (validate_payload t2 a11 t3)
8.0: (sync_actions a11)
9.0: (validate_payload t3 a8 t4)
10.0: (sync_actions a8)
11.0: (validate_payload t4 a1 t5)
12.0: (sync_actions a1)
13.0: (validate_payload t5 a2 t6)
14.0: (sync_actions a2)
15.0: (validate_payload t6 a0 t7)
16.0: (sync_actions a0)
17.0: (validate_payload t7 a9 t8)
18.0: (sync_actions a9)

Plan-Length:19
Metric (Search):2.0
Planning Time (msec): 118
Heuristic Time (msec): 2
Search Time (msec): 112
Expanded Nodes:114
States Evaluated:236
Number of Dead-Ends detected:0
Number of Duplicates detected:1
/usr/bin/time -v timeout 600 java -Xmx64g -jar ./enhsp3.jar -o ./domain_with_failure.pddl -f ./problems/BasePN-1And-del-1-d5/problem32.pddl -h blind -s WAStar
Domain parsed
Problem parsed
Grounding..
Grounding Time: 3312
UFX:true
|F|:9535
|X|:12
|A|:569
|P|:0
|E|:0
h(I):0.0
f(n) = 1.0 (Expanded Nodes: 16, Evaluated States: 49, Time: 0.036) Frontier Size: 33
f(n) = 2.0 (Expanded Nodes: 138, Evaluated States: 344, Time: 0.109) Frontier Size: 206
Problem Solved

Found Plan:
0.0: (validate_payload t0 a7 t1)
1.0: (sync_actions a7)
2.0: (validate_payload t1 a10 t2)
3.0: (sync_actions a10)
4.0: (validate_payload t2 a12 t3)
5.0: (sync_actions a12)
6.0: (validate_payload t3 a11 t4)
7.0: (sync_actions a11)
8.0: (validate_payload t4 a8 t5)
9.0: (sync_actions a8)
10.0: (validate_payload t5 a1 t6)
11.0: (sync_actions a1)
12.0: (validate_payload t6 a0 t7)
13.0: (sync_actions a0)
14.0: (add_action a2)
15.0: (check_added_variables_model a2)
16.0: (move_in_model_move_automata a2)
17.0: (validate_payload t7 a9 t8)
18.0: (sync_actions a9)

Plan-Length:19
Metric (Search):2.0
Planning Time (msec): 179
Heuristic Time (msec): 6
Search Time (msec): 176
Expanded Nodes:329
States Evaluated:730
Number of Dead-Ends detected:0
Number of Duplicates detected:6
/usr/bin/time -v timeout 600 java -Xmx64g -jar ./enhsp3.jar -o ./domain_with_failure.pddl -f ./problems/BasePN-1And-del-1-d5/problem33.pddl -h blind -s WAStar
Domain parsed
Problem parsed
Grounding..
Grounding Time: 3099
UFX:true
|F|:9535
|X|:12
|A|:569
|P|:0
|E|:0
h(I):0.0
f(n) = 1.0 (Expanded Nodes: 18, Evaluated States: 51, Time: 0.036) Frontier Size: 33
f(n) = 2.0 (Expanded Nodes: 154, Evaluated States: 352, Time: 0.119) Frontier Size: 198
Problem Solved

Found Plan:
0.0: (validate_payload t0 a7 t1)
1.0: (sync_actions a7)
2.0: (validate_payload t1 a10 t2)
3.0: (sync_actions a10)
4.0: (validate_payload t2 a12 t3)
5.0: (sync_actions a12)
6.0: (validate_payload t3 a11 t4)
7.0: (sync_actions a11)
8.0: (validate_payload t4 a8 t5)
9.0: (sync_actions a8)
10.0: (validate_payload t5 a0 t6)
11.0: (sync_actions a0)
12.0: (validate_payload t6 a1 t7)
13.0: (sync_actions a1)
14.0: (validate_payload t7 a2 t8)
15.0: (sync_actions a2)
16.0: (add_action a9)
17.0: (check_added_variables_model a9)
18.0: (move_in_model_move_automata a9)

Plan-Length:19
Metric (Search):2.0
Planning Time (msec): 144
Heuristic Time (msec): 5
Search Time (msec): 140
Expanded Nodes:198
States Evaluated:429
Number of Dead-Ends detected:0
Number of Duplicates detected:1
/usr/bin/time -v timeout 600 java -Xmx64g -jar ./enhsp3.jar -o ./domain_with_failure.pddl -f ./problems/BasePN-1And-del-1-d5/problem34.pddl -h blind -s WAStar
Domain parsed
Problem parsed
Grounding..
Grounding Time: 3412
UFX:true
|F|:9535
|X|:12
|A|:569
|P|:0
|E|:0
h(I):0.0
f(n) = 1.0 (Expanded Nodes: 16, Evaluated States: 52, Time: 0.037) Frontier Size: 36
f(n) = 2.0 (Expanded Nodes: 159, Evaluated States: 422, Time: 0.118) Frontier Size: 263
Problem Solved

Found Plan:
0.0: (validate_payload t0 a7 t1)
1.0: (sync_actions a7)
2.0: (validate_payload t1 a10 t2)
3.0: (sync_actions a10)
4.0: (validate_payload t2 a12 t3)
5.0: (sync_actions a12)
6.0: (validate_payload t3 a11 t4)
7.0: (sync_actions a11)
8.0: (validate_payload t4 a8 t5)
9.0: (sync_actions a8)
10.0: (validate_payload t5 a1 t6)
11.0: (sync_actions a1)
12.0: (validate_payload t6 a2 t7)
13.0: (sync_actions a2)
14.0: (add_action a0)
15.0: (check_added_variables_model a0)
16.0: (move_in_model_move_automata a0)
17.0: (validate_payload t7 a9 t8)
18.0: (sync_actions a9)

Plan-Length:19
Metric (Search):2.0
Planning Time (msec): 167
Heuristic Time (msec): 9
Search Time (msec): 164
Expanded Nodes:309
States Evaluated:741
Number of Dead-Ends detected:0
Number of Duplicates detected:3
/usr/bin/time -v timeout 600 java -Xmx64g -jar ./enhsp3.jar -o ./domain_with_failure.pddl -f ./problems/BasePN-1And-del-1-d5/problem35.pddl -h blind -s WAStar
Domain parsed
Problem parsed
Grounding..
Grounding Time: 3218
UFX:true
|F|:9535
|X|:11
|A|:569
|P|:0
|E|:0
h(I):0.0
f(n) = 1.0 (Expanded Nodes: 16, Evaluated States: 41, Time: 0.033) Frontier Size: 25
f(n) = 2.0 (Expanded Nodes: 89, Evaluated States: 217, Time: 0.093) Frontier Size: 128
Problem Solved

Found Plan:
0.0: (validate_payload t0 a7 t1)
1.0: (sync_actions a7)
2.0: (validate_payload t1 a10 t2)
3.0: (sync_actions a10)
4.0: (validate_payload t2 a12 t3)
5.0: (sync_actions a12)
6.0: (validate_payload t3 a11 t4)
7.0: (sync_actions a11)
8.0: (validate_payload t4 a8 t5)
9.0: (sync_actions a8)
10.0: (validate_payload t5 a1 t6)
11.0: (sync_actions a1)
12.0: (add_action a2)
13.0: (check_added_variables_model a2)
14.0: (move_in_model_move_automata a2)
15.0: (validate_payload t6 a0 t7)
16.0: (sync_actions a0)
17.0: (validate_payload t7 a9 t8)
18.0: (sync_actions a9)

Plan-Length:19
Metric (Search):2.0
Planning Time (msec): 167
Heuristic Time (msec): 2
Search Time (msec): 162
Expanded Nodes:258
States Evaluated:587
Number of Dead-Ends detected:0
Number of Duplicates detected:7
/usr/bin/time -v timeout 600 java -Xmx64g -jar ./enhsp3.jar -o ./domain_with_failure.pddl -f ./problems/BasePN-1And-del-1-d5/problem36.pddl -h blind -s WAStar
Domain parsed
Problem parsed
Grounding..
Grounding Time: 3386
UFX:true
|F|:9535
|X|:12
|A|:569
|P|:0
|E|:0
h(I):0.0
f(n) = 1.0 (Expanded Nodes: 8, Evaluated States: 27, Time: 0.027) Frontier Size: 19
f(n) = 2.0 (Expanded Nodes: 57, Evaluated States: 146, Time: 0.082) Frontier Size: 89
Problem Solved

Found Plan:
0.0: (validate_payload t0 a7 t1)
1.0: (sync_actions a7)
2.0: (validate_payload t1 a10 t2)
3.0: (sync_actions a10)
4.0: (validate_payload t2 a12 t3)
5.0: (sync_actions a12)
6.0: (add_action a11)
7.0: (check_added_variables_model a11)
8.0: (move_in_model_move_automata a11)
9.0: (validate_payload t3 a8 t4)
10.0: (sync_actions a8)
11.0: (validate_payload t4 a1 t5)
12.0: (sync_actions a1)
13.0: (validate_payload t5 a2 t6)
14.0: (sync_actions a2)
15.0: (validate_payload t6 a0 t7)
16.0: (sync_actions a0)
17.0: (validate_payload t7 a9 t8)
18.0: (sync_actions a9)

Plan-Length:19
Metric (Search):2.0
Planning Time (msec): 126
Heuristic Time (msec): 10
Search Time (msec): 124
Expanded Nodes:145
States Evaluated:294
Number of Dead-Ends detected:0
Number of Duplicates detected:3
/usr/bin/time -v timeout 600 java -Xmx64g -jar ./enhsp3.jar -o ./domain_with_failure.pddl -f ./problems/BasePN-1And-del-1-d5/problem37.pddl -h blind -s WAStar
Domain parsed
Problem parsed
Grounding..
Grounding Time: 3116
UFX:true
|F|:9535
|X|:11
|A|:569
|P|:0
|E|:0
h(I):0.0
f(n) = 1.0 (Expanded Nodes: 16, Evaluated States: 41, Time: 0.034) Frontier Size: 25
f(n) = 2.0 (Expanded Nodes: 87, Evaluated States: 192, Time: 0.097) Frontier Size: 105
Problem Solved

Found Plan:
0.0: (validate_payload t0 a7 t1)
1.0: (sync_actions a7)
2.0: (validate_payload t1 a10 t2)
3.0: (sync_actions a10)
4.0: (validate_payload t2 a12 t3)
5.0: (sync_actions a12)
6.0: (validate_payload t3 a11 t4)
7.0: (sync_actions a11)
8.0: (validate_payload t4 a8 t5)
9.0: (sync_actions a8)
10.0: (add_action a0)
11.0: (check_added_variables_model a0)
12.0: (move_in_model_move_automata a0)
13.0: (validate_payload t5 a1 t6)
14.0: (sync_actions a1)
15.0: (validate_payload t6 a2 t7)
16.0: (sync_actions a2)
17.0: (validate_payload t7 a9 t8)
18.0: (sync_actions a9)

Plan-Length:19
Metric (Search):2.0
Planning Time (msec): 141
Heuristic Time (msec): 6
Search Time (msec): 138
Expanded Nodes:141
States Evaluated:294
Number of Dead-Ends detected:0
Number of Duplicates detected:4
/usr/bin/time -v timeout 600 java -Xmx64g -jar ./enhsp3.jar -o ./domain_with_failure.pddl -f ./problems/BasePN-1And-del-1-d5/problem38.pddl -h blind -s WAStar
Domain parsed
Problem parsed
Grounding..
Grounding Time: 2953
UFX:true
|F|:9535
|X|:12
|A|:569
|P|:0
|E|:0
h(I):0.0
f(n) = 1.0 (Expanded Nodes: 6, Evaluated States: 21, Time: 0.026) Frontier Size: 15
f(n) = 2.0 (Expanded Nodes: 38, Evaluated States: 92, Time: 0.071) Frontier Size: 54
Problem Solved

Found Plan:
0.0: (validate_payload t0 a7 t1)
1.0: (sync_actions a7)
2.0: (validate_payload t1 a10 t2)
3.0: (sync_actions a10)
4.0: (add_action a12)
5.0: (check_added_variables_model a12)
6.0: (move_in_model_move_automata a12)
7.0: (validate_payload t2 a11 t3)
8.0: (sync_actions a11)
9.0: (validate_payload t3 a8 t4)
10.0: (sync_actions a8)
11.0: (validate_payload t4 a0 t5)
12.0: (sync_actions a0)
13.0: (validate_payload t5 a1 t6)
14.0: (sync_actions a1)
15.0: (validate_payload t6 a2 t7)
16.0: (sync_actions a2)
17.0: (validate_payload t7 a9 t8)
18.0: (sync_actions a9)

Plan-Length:19
Metric (Search):2.0
Planning Time (msec): 119
Heuristic Time (msec): 6
Search Time (msec): 111
Expanded Nodes:114
States Evaluated:235
Number of Dead-Ends detected:0
Number of Duplicates detected:1
/usr/bin/time -v timeout 600 java -Xmx64g -jar ./enhsp3.jar -o ./domain_with_failure.pddl -f ./problems/BasePN-1And-del-1-d5/problem39.pddl -h blind -s WAStar
Domain parsed
Problem parsed
Grounding..
Grounding Time: 3207
UFX:true
|F|:9535
|X|:11
|A|:569
|P|:0
|E|:0
h(I):0.0
f(n) = 1.0 (Expanded Nodes: 18, Evaluated States: 50, Time: 0.032) Frontier Size: 32
f(n) = 2.0 (Expanded Nodes: 125, Evaluated States: 280, Time: 0.1) Frontier Size: 155
Problem Solved

Found Plan:
0.0: (validate_payload t0 a7 t1)
1.0: (sync_actions a7)
2.0: (validate_payload t1 a10 t2)
3.0: (sync_actions a10)
4.0: (validate_payload t2 a12 t3)
5.0: (sync_actions a12)
6.0: (validate_payload t3 a11 t4)
7.0: (sync_actions a11)
8.0: (validate_payload t4 a8 t5)
9.0: (sync_actions a8)
10.0: (validate_payload t5 a0 t6)
11.0: (sync_actions a0)
12.0: (validate_payload t6 a1 t7)
13.0: (sync_actions a1)
14.0: (validate_payload t7 a2 t8)
15.0: (sync_actions a2)
16.0: (add_action a9)
17.0: (check_added_variables_model a9)
18.0: (move_in_model_move_automata a9)

Plan-Length:19
Metric (Search):2.0
Planning Time (msec): 176
Heuristic Time (msec): 5
Search Time (msec): 171
Expanded Nodes:331
States Evaluated:684
Number of Dead-Ends detected:0
Number of Duplicates detected:6
/usr/bin/time -v timeout 600 java -Xmx64g -jar ./enhsp3.jar -o ./domain_with_failure.pddl -f ./problems/BasePN-1And-del-1-d5/problem40.pddl -h blind -s WAStar
Domain parsed
Problem parsed
Grounding..
Grounding Time: 3406
UFX:true
|F|:9535
|X|:12
|A|:569
|P|:0
|E|:0
h(I):0.0
f(n) = 1.0 (Expanded Nodes: 16, Evaluated States: 44, Time: 0.035) Frontier Size: 28
f(n) = 2.0 (Expanded Nodes: 96, Evaluated States: 217, Time: 0.102) Frontier Size: 121
Problem Solved

Found Plan:
0.0: (validate_payload t0 a7 t1)
1.0: (sync_actions a7)
2.0: (validate_payload t1 a10 t2)
3.0: (sync_actions a10)
4.0: (validate_payload t2 a12 t3)
5.0: (sync_actions a12)
6.0: (validate_payload t3 a11 t4)
7.0: (sync_actions a11)
8.0: (validate_payload t4 a8 t5)
9.0: (sync_actions a8)
10.0: (validate_payload t5 a1 t6)
11.0: (sync_actions a1)
12.0: (add_action a2)
13.0: (check_added_variables_model a2)
14.0: (move_in_model_move_automata a2)
15.0: (validate_payload t6 a0 t7)
16.0: (sync_actions a0)
17.0: (validate_payload t7 a9 t8)
18.0: (sync_actions a9)

Plan-Length:19
Metric (Search):2.0
Planning Time (msec): 135
Heuristic Time (msec): 7
Search Time (msec): 122
Expanded Nodes:124
States Evaluated:265
Number of Dead-Ends detected:0
Number of Duplicates detected:3
/usr/bin/time -v timeout 600 java -Xmx64g -jar ./enhsp3.jar -o ./domain_with_failure.pddl -f ./problems/BasePN-1And-del-1-d5/problem41.pddl -h blind -s WAStar
Domain parsed
Problem parsed
Grounding..
Grounding Time: 3339
UFX:true
|F|:9535
|X|:12
|A|:569
|P|:0
|E|:0
h(I):0.0
f(n) = 1.0 (Expanded Nodes: 16, Evaluated States: 42, Time: 0.03) Frontier Size: 26
f(n) = 2.0 (Expanded Nodes: 118, Evaluated States: 280, Time: 0.102) Frontier Size: 162
Problem Solved

Found Plan:
0.0: (validate_payload t0 a7 t1)
1.0: (sync_actions a7)
2.0: (validate_payload t1 a10 t2)
3.0: (sync_actions a10)
4.0: (validate_payload t2 a12 t3)
5.0: (sync_actions a12)
6.0: (validate_payload t3 a11 t4)
7.0: (sync_actions a11)
8.0: (validate_payload t4 a8 t5)
9.0: (sync_actions a8)
10.0: (validate_payload t5 a1 t6)
11.0: (sync_actions a1)
12.0: (validate_payload t6 a0 t7)
13.0: (sync_actions a0)
14.0: (add_action a2)
15.0: (check_added_variables_model a2)
16.0: (move_in_model_move_automata a2)
17.0: (validate_payload t7 a9 t8)
18.0: (sync_actions a9)

Plan-Length:19
Metric (Search):2.0
Planning Time (msec): 164
Heuristic Time (msec): 6
Search Time (msec): 151
Expanded Nodes:291
States Evaluated:628
Number of Dead-Ends detected:0
Number of Duplicates detected:7
/usr/bin/time -v timeout 600 java -Xmx64g -jar ./enhsp3.jar -o ./domain_with_failure.pddl -f ./problems/BasePN-1And-del-1-d5/problem42.pddl -h blind -s WAStar
Domain parsed
Problem parsed
Grounding..
Grounding Time: 3191
UFX:true
|F|:9535
|X|:12
|A|:569
|P|:0
|E|:0
h(I):0.0
f(n) = 1.0 (Expanded Nodes: 2, Evaluated States: 7, Time: 0.019) Frontier Size: 5
f(n) = 2.0 (Expanded Nodes: 6, Evaluated States: 7, Time: 0.049) Frontier Size: 1
Problem Solved

Found Plan:
0.0: (add_action a7)
1.0: (check_added_variables_model a7)
2.0: (move_in_model_move_automata a7)
3.0: (validate_payload t0 a10 t1)
4.0: (sync_actions a10)
5.0: (validate_payload t1 a12 t2)
6.0: (sync_actions a12)
7.0: (validate_payload t2 a11 t3)
8.0: (sync_actions a11)
9.0: (validate_payload t3 a8 t4)
10.0: (sync_actions a8)
11.0: (validate_payload t4 a0 t5)
12.0: (sync_actions a0)
13.0: (validate_payload t5 a1 t6)
14.0: (sync_actions a1)
15.0: (validate_payload t6 a2 t7)
16.0: (sync_actions a2)
17.0: (validate_payload t7 a9 t8)
18.0: (sync_actions a9)

Plan-Length:19
Metric (Search):2.0
Planning Time (msec): 81
Heuristic Time (msec): 2
Search Time (msec): 74
Expanded Nodes:25
States Evaluated:52
Number of Dead-Ends detected:0
Number of Duplicates detected:0
/usr/bin/time -v timeout 600 java -Xmx64g -jar ./enhsp3.jar -o ./domain_with_failure.pddl -f ./problems/BasePN-1And-del-1-d5/problem43.pddl -h blind -s WAStar
Domain parsed
Problem parsed
Grounding..
Grounding Time: 3260
UFX:true
|F|:9535
|X|:11
|A|:569
|P|:0
|E|:0
h(I):0.0
f(n) = 1.0 (Expanded Nodes: 10, Evaluated States: 28, Time: 0.027) Frontier Size: 18
f(n) = 2.0 (Expanded Nodes: 72, Evaluated States: 166, Time: 0.095) Frontier Size: 94
Problem Solved

Found Plan:
0.0: (validate_payload t0 a7 t1)
1.0: (sync_actions a7)
2.0: (validate_payload t1 a10 t2)
3.0: (sync_actions a10)
4.0: (validate_payload t2 a12 t3)
5.0: (sync_actions a12)
6.0: (validate_payload t3 a11 t4)
7.0: (sync_actions a11)
8.0: (add_action a8)
9.0: (check_added_variables_model a8)
10.0: (move_in_model_move_automata a8)
11.0: (validate_payload t4 a1 t5)
12.0: (sync_actions a1)
13.0: (validate_payload t5 a2 t6)
14.0: (sync_actions a2)
15.0: (validate_payload t6 a0 t7)
16.0: (sync_actions a0)
17.0: (validate_payload t7 a9 t8)
18.0: (sync_actions a9)

Plan-Length:19
Metric (Search):2.0
Planning Time (msec): 153
Heuristic Time (msec): 5
Search Time (msec): 141
Expanded Nodes:224
States Evaluated:443
Number of Dead-Ends detected:0
Number of Duplicates detected:4
/usr/bin/time -v timeout 600 java -Xmx64g -jar ./enhsp3.jar -o ./domain_with_failure.pddl -f ./problems/BasePN-1And-del-1-d5/problem44.pddl -h blind -s WAStar
Domain parsed
Problem parsed
Grounding..
Grounding Time: 3149
UFX:true
|F|:9535
|X|:12
|A|:569
|P|:0
|E|:0
h(I):0.0
f(n) = 1.0 (Expanded Nodes: 16, Evaluated States: 45, Time: 0.034) Frontier Size: 29
f(n) = 2.0 (Expanded Nodes: 139, Evaluated States: 342, Time: 0.112) Frontier Size: 203
Problem Solved

Found Plan:
0.0: (validate_payload t0 a7 t1)
1.0: (sync_actions a7)
2.0: (validate_payload t1 a10 t2)
3.0: (sync_actions a10)
4.0: (validate_payload t2 a12 t3)
5.0: (sync_actions a12)
6.0: (validate_payload t3 a11 t4)
7.0: (sync_actions a11)
8.0: (validate_payload t4 a8 t5)
9.0: (sync_actions a8)
10.0: (validate_payload t5 a1 t6)
11.0: (sync_actions a1)
12.0: (add_action a2)
13.0: (check_added_variables_model a2)
14.0: (move_in_model_move_automata a2)
15.0: (validate_payload t6 a0 t7)
16.0: (sync_actions a0)
17.0: (validate_payload t7 a9 t8)
18.0: (sync_actions a9)

Plan-Length:19
Metric (Search):2.0
Planning Time (msec): 203
Heuristic Time (msec): 2
Search Time (msec): 197
Expanded Nodes:398
States Evaluated:877
Number of Dead-Ends detected:0
Number of Duplicates detected:6
/usr/bin/time -v timeout 600 java -Xmx64g -jar ./enhsp3.jar -o ./domain_with_failure.pddl -f ./problems/BasePN-1And-del-1-d5/problem45.pddl -h blind -s WAStar
Domain parsed
Problem parsed
Grounding..
Grounding Time: 3468
UFX:true
|F|:9535
|X|:11
|A|:569
|P|:0
|E|:0
h(I):0.0
f(n) = 1.0 (Expanded Nodes: 16, Evaluated States: 41, Time: 0.037) Frontier Size: 25
f(n) = 2.0 (Expanded Nodes: 87, Evaluated States: 192, Time: 0.092) Frontier Size: 105
Problem Solved

Found Plan:
0.0: (validate_payload t0 a7 t1)
1.0: (sync_actions a7)
2.0: (validate_payload t1 a10 t2)
3.0: (sync_actions a10)
4.0: (validate_payload t2 a12 t3)
5.0: (sync_actions a12)
6.0: (validate_payload t3 a11 t4)
7.0: (sync_actions a11)
8.0: (validate_payload t4 a8 t5)
9.0: (sync_actions a8)
10.0: (validate_payload t5 a1 t6)
11.0: (sync_actions a1)
12.0: (add_action a2)
13.0: (check_added_variables_model a2)
14.0: (move_in_model_move_automata a2)
15.0: (validate_payload t6 a0 t7)
16.0: (sync_actions a0)
17.0: (validate_payload t7 a9 t8)
18.0: (sync_actions a9)

Plan-Length:19
Metric (Search):2.0
Planning Time (msec): 144
Heuristic Time (msec): 6
Search Time (msec): 131
Expanded Nodes:157
States Evaluated:322
Number of Dead-Ends detected:0
Number of Duplicates detected:6
/usr/bin/time -v timeout 600 java -Xmx64g -jar ./enhsp3.jar -o ./domain_with_failure.pddl -f ./problems/BasePN-1And-del-1-d5/problem46.pddl -h blind -s WAStar
Domain parsed
Problem parsed
Grounding..
Grounding Time: 3060
UFX:true
|F|:9535
|X|:12
|A|:569
|P|:0
|E|:0
h(I):0.0
f(n) = 1.0 (Expanded Nodes: 18, Evaluated States: 50, Time: 0.032) Frontier Size: 32
f(n) = 2.0 (Expanded Nodes: 178, Evaluated States: 411, Time: 0.111) Frontier Size: 233
Problem Solved

Found Plan:
0.0: (validate_payload t0 a7 t1)
1.0: (sync_actions a7)
2.0: (validate_payload t1 a10 t2)
3.0: (sync_actions a10)
4.0: (validate_payload t2 a12 t3)
5.0: (sync_actions a12)
6.0: (validate_payload t3 a11 t4)
7.0: (sync_actions a11)
8.0: (validate_payload t4 a8 t5)
9.0: (sync_actions a8)
10.0: (validate_payload t5 a0 t6)
11.0: (sync_actions a0)
12.0: (validate_payload t6 a1 t7)
13.0: (sync_actions a1)
14.0: (validate_payload t7 a2 t8)
15.0: (sync_actions a2)
16.0: (add_action a9)
17.0: (check_added_variables_model a9)
18.0: (move_in_model_move_automata a9)

Plan-Length:19
Metric (Search):2.0
Planning Time (msec): 173
Heuristic Time (msec): 5
Search Time (msec): 169
Expanded Nodes:345
States Evaluated:715
Number of Dead-Ends detected:0
Number of Duplicates detected:6
/usr/bin/time -v timeout 600 java -Xmx64g -jar ./enhsp3.jar -o ./domain_with_failure.pddl -f ./problems/BasePN-1And-del-1-d5/problem47.pddl -h blind -s WAStar
Domain parsed
Problem parsed
Grounding..
Grounding Time: 3212
UFX:true
|F|:9535
|X|:11
|A|:569
|P|:0
|E|:0
h(I):0.0
f(n) = 1.0 (Expanded Nodes: 6, Evaluated States: 20, Time: 0.026) Frontier Size: 14
f(n) = 2.0 (Expanded Nodes: 38, Evaluated States: 88, Time: 0.075) Frontier Size: 50
Problem Solved

Found Plan:
0.0: (validate_payload t0 a7 t1)
1.0: (sync_actions a7)
2.0: (validate_payload t1 a10 t2)
3.0: (sync_actions a10)
4.0: (add_action a12)
5.0: (check_added_variables_model a12)
6.0: (move_in_model_move_automata a12)
7.0: (validate_payload t2 a11 t3)
8.0: (sync_actions a11)
9.0: (validate_payload t3 a8 t4)
10.0: (sync_actions a8)
11.0: (validate_payload t4 a1 t5)
12.0: (sync_actions a1)
13.0: (validate_payload t5 a2 t6)
14.0: (sync_actions a2)
15.0: (validate_payload t6 a0 t7)
16.0: (sync_actions a0)
17.0: (validate_payload t7 a9 t8)
18.0: (sync_actions a9)

Plan-Length:19
Metric (Search):2.0
Planning Time (msec): 121
Heuristic Time (msec): 4
Search Time (msec): 114
Expanded Nodes:112
States Evaluated:219
Number of Dead-Ends detected:0
Number of Duplicates detected:2
/usr/bin/time -v timeout 600 java -Xmx64g -jar ./enhsp3.jar -o ./domain_with_failure.pddl -f ./problems/BasePN-1And-del-1-d5/problem48.pddl -h blind -s WAStar
Domain parsed
Problem parsed
Grounding..
Grounding Time: 3209
UFX:true
|F|:9535
|X|:13
|A|:569
|P|:0
|E|:0
h(I):0.0
f(n) = 1.0 (Expanded Nodes: 18, Evaluated States: 51, Time: 0.033) Frontier Size: 33
f(n) = 2.0 (Expanded Nodes: 170, Evaluated States: 416, Time: 0.119) Frontier Size: 246
Problem Solved

Found Plan:
0.0: (validate_payload t0 a7 t1)
1.0: (sync_actions a7)
2.0: (validate_payload t1 a10 t2)
3.0: (sync_actions a10)
4.0: (validate_payload t2 a12 t3)
5.0: (sync_actions a12)
6.0: (validate_payload t3 a11 t4)
7.0: (sync_actions a11)
8.0: (validate_payload t4 a8 t5)
9.0: (sync_actions a8)
10.0: (validate_payload t5 a1 t6)
11.0: (sync_actions a1)
12.0: (validate_payload t6 a2 t7)
13.0: (sync_actions a2)
14.0: (validate_payload t7 a0 t8)
15.0: (sync_actions a0)
16.0: (add_action a9)
17.0: (check_added_variables_model a9)
18.0: (move_in_model_move_automata a9)

Plan-Length:19
Metric (Search):2.0
Planning Time (msec): 143
Heuristic Time (msec): 10
Search Time (msec): 141
Expanded Nodes:212
States Evaluated:504
Number of Dead-Ends detected:0
Number of Duplicates detected:0
/usr/bin/time -v timeout 600 java -Xmx64g -jar ./enhsp3.jar -o ./domain_with_failure.pddl -f ./problems/BasePN-1And-del-1-d5/problem49.pddl -h blind -s WAStar
Domain parsed
Problem parsed
Grounding..
Grounding Time: 3217
UFX:true
|F|:9535
|X|:10
|A|:569
|P|:0
|E|:0
h(I):0.0
f(n) = 2.0 (Expanded Nodes: 2, Evaluated States: 3, Time: 0.018) Frontier Size: 1
Problem Solved

Found Plan:
0.0: (add_action a7)
1.0: (check_added_variables_model a7)
2.0: (move_in_model_move_automata a7)
3.0: (validate_payload t0 a10 t1)
4.0: (sync_actions a10)
5.0: (validate_payload t1 a12 t2)
6.0: (sync_actions a12)
7.0: (validate_payload t2 a11 t3)
8.0: (sync_actions a11)
9.0: (validate_payload t3 a8 t4)
10.0: (sync_actions a8)
11.0: (validate_payload t4 a0 t5)
12.0: (sync_actions a0)
13.0: (validate_payload t5 a1 t6)
14.0: (sync_actions a1)
15.0: (validate_payload t6 a2 t7)
16.0: (sync_actions a2)
17.0: (validate_payload t7 a9 t8)
18.0: (sync_actions a9)

Plan-Length:19
Metric (Search):2.0
Planning Time (msec): 72
Heuristic Time (msec): 8
Search Time (msec): 69
Expanded Nodes:21
States Evaluated:44
Number of Dead-Ends detected:0
Number of Duplicates detected:0
/usr/bin/time -v timeout 600 java -Xmx64g -jar ./enhsp3.jar -o ./domain_with_failure.pddl -f ./problems/BasePN-1And-del-1-d5/problem50.pddl -h blind -s WAStar
Domain parsed
Problem parsed
Grounding..
Grounding Time: 3022
UFX:true
|F|:9535
|X|:11
|A|:569
|P|:0
|E|:0
h(I):0.0
f(n) = 1.0 (Expanded Nodes: 4, Evaluated States: 12, Time: 0.03) Frontier Size: 8
f(n) = 2.0 (Expanded Nodes: 16, Evaluated States: 32, Time: 0.069) Frontier Size: 16
Problem Solved

Found Plan:
0.0: (validate_payload t0 a7 t1)
1.0: (sync_actions a7)
2.0: (add_action a10)
3.0: (check_added_variables_model a10)
4.0: (move_in_model_move_automata a10)
5.0: (validate_payload t1 a12 t2)
6.0: (sync_actions a12)
7.0: (validate_payload t2 a11 t3)
8.0: (sync_actions a11)
9.0: (validate_payload t3 a8 t4)
10.0: (sync_actions a8)
11.0: (validate_payload t4 a0 t5)
12.0: (sync_actions a0)
13.0: (validate_payload t5 a1 t6)
14.0: (sync_actions a1)
15.0: (validate_payload t6 a2 t7)
16.0: (sync_actions a2)
17.0: (validate_payload t7 a9 t8)
18.0: (sync_actions a9)

Plan-Length:19
Metric (Search):2.0
Planning Time (msec): 101
Heuristic Time (msec): 11
Search Time (msec): 98
Expanded Nodes:40
States Evaluated:81
Number of Dead-Ends detected:0
Number of Duplicates detected:1
/usr/bin/time -v timeout 600 java -Xmx64g -jar ./enhsp3.jar -o ./domain_with_failure.pddl -f ./problems/BasePN-1And-del-1-d5/problem51.pddl -h blind -s WAStar
Domain parsed
Problem parsed
Grounding..
Grounding Time: 3198
UFX:true
|F|:9535
|X|:12
|A|:569
|P|:0
|E|:0
h(I):0.0
f(n) = 1.0 (Expanded Nodes: 6, Evaluated States: 20, Time: 0.026) Frontier Size: 14
f(n) = 2.0 (Expanded Nodes: 38, Evaluated States: 88, Time: 0.074) Frontier Size: 50
Problem Solved

Found Plan:
0.0: (validate_payload t0 a7 t1)
1.0: (sync_actions a7)
2.0: (validate_payload t1 a10 t2)
3.0: (sync_actions a10)
4.0: (add_action a12)
5.0: (check_added_variables_model a12)
6.0: (move_in_model_move_automata a12)
7.0: (validate_payload t2 a11 t3)
8.0: (sync_actions a11)
9.0: (validate_payload t3 a8 t4)
10.0: (sync_actions a8)
11.0: (validate_payload t4 a1 t5)
12.0: (sync_actions a1)
13.0: (validate_payload t5 a2 t6)
14.0: (sync_actions a2)
15.0: (validate_payload t6 a0 t7)
16.0: (sync_actions a0)
17.0: (validate_payload t7 a9 t8)
18.0: (sync_actions a9)

Plan-Length:19
Metric (Search):2.0
Planning Time (msec): 121
Heuristic Time (msec): 8
Search Time (msec): 113
Expanded Nodes:112
States Evaluated:213
Number of Dead-Ends detected:0
Number of Duplicates detected:2
/usr/bin/time -v timeout 600 java -Xmx64g -jar ./enhsp3.jar -o ./domain_with_failure.pddl -f ./problems/BasePN-1And-del-1-d5/problem52.pddl -h blind -s WAStar
Domain parsed
Problem parsed
Grounding..
Grounding Time: 3168
UFX:true
|F|:9535
|X|:12
|A|:569
|P|:0
|E|:0
h(I):0.0
f(n) = 1.0 (Expanded Nodes: 16, Evaluated States: 51, Time: 0.034) Frontier Size: 35
f(n) = 2.0 (Expanded Nodes: 118, Evaluated States: 312, Time: 0.104) Frontier Size: 194
Problem Solved

Found Plan:
0.0: (validate_payload t0 a7 t1)
1.0: (sync_actions a7)
2.0: (validate_payload t1 a10 t2)
3.0: (sync_actions a10)
4.0: (validate_payload t2 a12 t3)
5.0: (sync_actions a12)
6.0: (validate_payload t3 a11 t4)
7.0: (sync_actions a11)
8.0: (validate_payload t4 a8 t5)
9.0: (sync_actions a8)
10.0: (validate_payload t5 a1 t6)
11.0: (sync_actions a1)
12.0: (add_action a2)
13.0: (check_added_variables_model a2)
14.0: (move_in_model_move_automata a2)
15.0: (validate_payload t6 a0 t7)
16.0: (sync_actions a0)
17.0: (validate_payload t7 a9 t8)
18.0: (sync_actions a9)

Plan-Length:19
Metric (Search):2.0
Planning Time (msec): 186
Heuristic Time (msec): 5
Search Time (msec): 176
Expanded Nodes:405
States Evaluated:890
Number of Dead-Ends detected:0
Number of Duplicates detected:6
/usr/bin/time -v timeout 600 java -Xmx64g -jar ./enhsp3.jar -o ./domain_with_failure.pddl -f ./problems/BasePN-1And-del-1-d5/problem53.pddl -h blind -s WAStar
Domain parsed
Problem parsed
Grounding..
Grounding Time: 3213
UFX:true
|F|:9535
|X|:12
|A|:569
|P|:0
|E|:0
h(I):0.0
f(n) = 1.0 (Expanded Nodes: 2, Evaluated States: 7, Time: 0.02) Frontier Size: 5
f(n) = 2.0 (Expanded Nodes: 6, Evaluated States: 7, Time: 0.053) Frontier Size: 1
Problem Solved

Found Plan:
0.0: (add_action a7)
1.0: (check_added_variables_model a7)
2.0: (move_in_model_move_automata a7)
3.0: (validate_payload t0 a10 t1)
4.0: (sync_actions a10)
5.0: (validate_payload t1 a12 t2)
6.0: (sync_actions a12)
7.0: (validate_payload t2 a11 t3)
8.0: (sync_actions a11)
9.0: (validate_payload t3 a8 t4)
10.0: (sync_actions a8)
11.0: (validate_payload t4 a0 t5)
12.0: (sync_actions a0)
13.0: (validate_payload t5 a1 t6)
14.0: (sync_actions a1)
15.0: (validate_payload t6 a2 t7)
16.0: (sync_actions a2)
17.0: (validate_payload t7 a9 t8)
18.0: (sync_actions a9)

Plan-Length:19
Metric (Search):2.0
Planning Time (msec): 81
Heuristic Time (msec): 6
Search Time (msec): 79
Expanded Nodes:25
States Evaluated:59
Number of Dead-Ends detected:0
Number of Duplicates detected:0
/usr/bin/time -v timeout 600 java -Xmx64g -jar ./enhsp3.jar -o ./domain_with_failure.pddl -f ./problems/BasePN-1And-del-1-d5/problem54.pddl -h blind -s WAStar
Domain parsed
Problem parsed
Grounding..
Grounding Time: 3157
UFX:true
|F|:9535
|X|:12
|A|:569
|P|:0
|E|:0
h(I):0.0
f(n) = 1.0 (Expanded Nodes: 2, Evaluated States: 7, Time: 0.016) Frontier Size: 5
f(n) = 2.0 (Expanded Nodes: 6, Evaluated States: 7, Time: 0.045) Frontier Size: 1
Problem Solved

Found Plan:
0.0: (add_action a7)
1.0: (check_added_variables_model a7)
2.0: (move_in_model_move_automata a7)
3.0: (validate_payload t0 a10 t1)
4.0: (sync_actions a10)
5.0: (validate_payload t1 a12 t2)
6.0: (sync_actions a12)
7.0: (validate_payload t2 a11 t3)
8.0: (sync_actions a11)
9.0: (validate_payload t3 a8 t4)
10.0: (sync_actions a8)
11.0: (validate_payload t4 a0 t5)
12.0: (sync_actions a0)
13.0: (validate_payload t5 a1 t6)
14.0: (sync_actions a1)
15.0: (validate_payload t6 a2 t7)
16.0: (sync_actions a2)
17.0: (validate_payload t7 a9 t8)
18.0: (sync_actions a9)

Plan-Length:19
Metric (Search):2.0
Planning Time (msec): 76
Heuristic Time (msec): 2
Search Time (msec): 70
Expanded Nodes:25
States Evaluated:62
Number of Dead-Ends detected:0
Number of Duplicates detected:0
/usr/bin/time -v timeout 600 java -Xmx64g -jar ./enhsp3.jar -o ./domain_with_failure.pddl -f ./problems/BasePN-1And-del-1-d5/problem55.pddl -h blind -s WAStar
Domain parsed
Problem parsed
Grounding..
Grounding Time: 3240
UFX:true
|F|:9535
|X|:11
|A|:569
|P|:0
|E|:0
h(I):0.0
f(n) = 1.0 (Expanded Nodes: 4, Evaluated States: 12, Time: 0.024) Frontier Size: 8
f(n) = 2.0 (Expanded Nodes: 16, Evaluated States: 32, Time: 0.061) Frontier Size: 16
Problem Solved

Found Plan:
0.0: (validate_payload t0 a7 t1)
1.0: (sync_actions a7)
2.0: (add_action a10)
3.0: (check_added_variables_model a10)
4.0: (move_in_model_move_automata a10)
5.0: (validate_payload t1 a12 t2)
6.0: (sync_actions a12)
7.0: (validate_payload t2 a11 t3)
8.0: (sync_actions a11)
9.0: (validate_payload t3 a8 t4)
10.0: (sync_actions a8)
11.0: (validate_payload t4 a1 t5)
12.0: (sync_actions a1)
13.0: (validate_payload t5 a2 t6)
14.0: (sync_actions a2)
15.0: (validate_payload t6 a0 t7)
16.0: (sync_actions a0)
17.0: (validate_payload t7 a9 t8)
18.0: (sync_actions a9)

Plan-Length:19
Metric (Search):2.0
Planning Time (msec): 91
Heuristic Time (msec): 2
Search Time (msec): 88
Expanded Nodes:40
States Evaluated:85
Number of Dead-Ends detected:0
Number of Duplicates detected:1
/usr/bin/time -v timeout 600 java -Xmx64g -jar ./enhsp3.jar -o ./domain_with_failure.pddl -f ./problems/BasePN-1And-del-1-d5/problem56.pddl -h blind -s WAStar
Domain parsed
Problem parsed
Grounding..
Grounding Time: 3256
UFX:true
|F|:9535
|X|:10
|A|:569
|P|:0
|E|:0
h(I):0.0
f(n) = 1.0 (Expanded Nodes: 12, Evaluated States: 32, Time: 0.031) Frontier Size: 20
f(n) = 2.0 (Expanded Nodes: 59, Evaluated States: 129, Time: 0.084) Frontier Size: 70
Problem Solved

Found Plan:
0.0: (validate_payload t0 a7 t1)
1.0: (sync_actions a7)
2.0: (validate_payload t1 a10 t2)
3.0: (sync_actions a10)
4.0: (validate_payload t2 a12 t3)
5.0: (sync_actions a12)
6.0: (validate_payload t3 a11 t4)
7.0: (sync_actions a11)
8.0: (validate_payload t4 a8 t5)
9.0: (sync_actions a8)
10.0: (add_action a1)
11.0: (check_added_variables_model a1)
12.0: (move_in_model_move_automata a1)
13.0: (validate_payload t5 a2 t6)
14.0: (sync_actions a2)
15.0: (validate_payload t6 a0 t7)
16.0: (sync_actions a0)
17.0: (validate_payload t7 a9 t8)
18.0: (sync_actions a9)

Plan-Length:19
Metric (Search):2.0
Planning Time (msec): 130
Heuristic Time (msec): 5
Search Time (msec): 123
Expanded Nodes:120
States Evaluated:239
Number of Dead-Ends detected:0
Number of Duplicates detected:3
/usr/bin/time -v timeout 600 java -Xmx64g -jar ./enhsp3.jar -o ./domain_with_failure.pddl -f ./problems/BasePN-1And-del-1-d5/problem57.pddl -h blind -s WAStar
Domain parsed
Problem parsed
Grounding..
Grounding Time: 3192
UFX:true
|F|:9535
|X|:12
|A|:569
|P|:0
|E|:0
h(I):0.0
f(n) = 1.0 (Expanded Nodes: 18, Evaluated States: 44, Time: 0.036) Frontier Size: 26
f(n) = 2.0 (Expanded Nodes: 101, Evaluated States: 216, Time: 0.1) Frontier Size: 115
Problem Solved

Found Plan:
0.0: (validate_payload t0 a7 t1)
1.0: (sync_actions a7)
2.0: (validate_payload t1 a10 t2)
3.0: (sync_actions a10)
4.0: (validate_payload t2 a12 t3)
5.0: (sync_actions a12)
6.0: (validate_payload t3 a11 t4)
7.0: (sync_actions a11)
8.0: (validate_payload t4 a8 t5)
9.0: (sync_actions a8)
10.0: (validate_payload t5 a1 t6)
11.0: (sync_actions a1)
12.0: (validate_payload t6 a2 t7)
13.0: (sync_actions a2)
14.0: (validate_payload t7 a0 t8)
15.0: (sync_actions a0)
16.0: (add_action a9)
17.0: (check_added_variables_model a9)
18.0: (move_in_model_move_automata a9)

Plan-Length:19
Metric (Search):2.0
Planning Time (msec): 138
Heuristic Time (msec): 6
Search Time (msec): 131
Expanded Nodes:159
States Evaluated:309
Number of Dead-Ends detected:0
Number of Duplicates detected:3
/usr/bin/time -v timeout 600 java -Xmx64g -jar ./enhsp3.jar -o ./domain_with_failure.pddl -f ./problems/BasePN-1And-del-1-d5/problem58.pddl -h blind -s WAStar
Domain parsed
Problem parsed
Grounding..
Grounding Time: 2977
UFX:true
|F|:9535
|X|:11
|A|:569
|P|:0
|E|:0
h(I):0.0
f(n) = 1.0 (Expanded Nodes: 12, Evaluated States: 39, Time: 0.03) Frontier Size: 27
f(n) = 2.0 (Expanded Nodes: 95, Evaluated States: 247, Time: 0.098) Frontier Size: 152
f(n) = 3.0 (Expanded Nodes: 322, Evaluated States: 729, Time: 0.158) Frontier Size: 407
Problem Solved

Found Plan:
0.0: (validate_payload t0 a7 t1)
1.0: (sync_actions a7)
2.0: (validate_payload t1 a10 t2)
3.0: (sync_actions a10)
4.0: (validate_payload t2 a12 t3)
5.0: (sync_actions a12)
6.0: (validate_payload t3 a11 t4)
7.0: (sync_actions a11)
8.0: (validate_payload t4 a8 t5)
9.0: (sync_actions a8)
10.0: (add_action a1)
11.0: (move_in_model_parameter a1 sDEC1_2 integer v0)
12.0: (check_added_variables_model a1)
13.0: (move_in_model_move_automata a1)
14.0: (validate_payload t5 a2 t6)
15.0: (sync_actions a2)
16.0: (validate_payload t6 a0 t7)
17.0: (sync_actions a0)
18.0: (validate_payload t7 a9 t8)
19.0: (sync_actions a9)

Plan-Length:20
Metric (Search):3.0
Planning Time (msec): 179
Heuristic Time (msec): 6
Search Time (msec): 176
Expanded Nodes:476
States Evaluated:1025
Number of Dead-Ends detected:0
Number of Duplicates detected:7
/usr/bin/time -v timeout 600 java -Xmx64g -jar ./enhsp3.jar -o ./domain_with_failure.pddl -f ./problems/BasePN-1And-del-1-d5/problem59.pddl -h blind -s WAStar
Domain parsed
Problem parsed
Grounding..
Grounding Time: 2965
UFX:true
|F|:9535
|X|:11
|A|:569
|P|:0
|E|:0
h(I):0.0
f(n) = 1.0 (Expanded Nodes: 12, Evaluated States: 36, Time: 0.041) Frontier Size: 24
f(n) = 2.0 (Expanded Nodes: 95, Evaluated States: 235, Time: 0.103) Frontier Size: 140
Problem Solved

Found Plan:
0.0: (validate_payload t0 a7 t1)
1.0: (sync_actions a7)
2.0: (validate_payload t1 a10 t2)
3.0: (sync_actions a10)
4.0: (validate_payload t2 a12 t3)
5.0: (sync_actions a12)
6.0: (validate_payload t3 a11 t4)
7.0: (sync_actions a11)
8.0: (validate_payload t4 a8 t5)
9.0: (sync_actions a8)
10.0: (add_action a1)
11.0: (check_added_variables_model a1)
12.0: (move_in_model_move_automata a1)
13.0: (validate_payload t5 a2 t6)
14.0: (sync_actions a2)
15.0: (validate_payload t6 a0 t7)
16.0: (sync_actions a0)
17.0: (validate_payload t7 a9 t8)
18.0: (sync_actions a9)

Plan-Length:19
Metric (Search):2.0
Planning Time (msec): 183
Heuristic Time (msec): 6
Search Time (msec): 181
Expanded Nodes:315
States Evaluated:687
Number of Dead-Ends detected:0
Number of Duplicates detected:5
/usr/bin/time -v timeout 600 java -Xmx64g -jar ./enhsp3.jar -o ./domain_with_failure.pddl -f ./problems/BasePN-1And-del-1-d5/problem60.pddl -h blind -s WAStar
Domain parsed
Problem parsed
Grounding..
Grounding Time: 3269
UFX:true
|F|:9535
|X|:12
|A|:569
|P|:0
|E|:0
h(I):0.0
f(n) = 1.0 (Expanded Nodes: 18, Evaluated States: 51, Time: 0.034) Frontier Size: 33
f(n) = 2.0 (Expanded Nodes: 131, Evaluated States: 308, Time: 0.104) Frontier Size: 177
Problem Solved

Found Plan:
0.0: (validate_payload t0 a7 t1)
1.0: (sync_actions a7)
2.0: (validate_payload t1 a10 t2)
3.0: (sync_actions a10)
4.0: (validate_payload t2 a12 t3)
5.0: (sync_actions a12)
6.0: (validate_payload t3 a11 t4)
7.0: (sync_actions a11)
8.0: (validate_payload t4 a8 t5)
9.0: (sync_actions a8)
10.0: (validate_payload t5 a1 t6)
11.0: (sync_actions a1)
12.0: (validate_payload t6 a0 t7)
13.0: (sync_actions a0)
14.0: (validate_payload t7 a2 t8)
15.0: (sync_actions a2)
16.0: (add_action a9)
17.0: (check_added_variables_model a9)
18.0: (move_in_model_move_automata a9)

Plan-Length:19
Metric (Search):2.0
Planning Time (msec): 191
Heuristic Time (msec): 7
Search Time (msec): 188
Expanded Nodes:360
States Evaluated:782
Number of Dead-Ends detected:0
Number of Duplicates detected:6
/usr/bin/time -v timeout 600 java -Xmx64g -jar ./enhsp3.jar -o ./domain_with_failure.pddl -f ./problems/BasePN-1And-del-1-d5/problem61.pddl -h blind -s WAStar
Domain parsed
Problem parsed
Grounding..
Grounding Time: 3379
UFX:true
|F|:9535
|X|:12
|A|:569
|P|:0
|E|:0
h(I):0.0
f(n) = 1.0 (Expanded Nodes: 2, Evaluated States: 7, Time: 0.017) Frontier Size: 5
f(n) = 2.0 (Expanded Nodes: 6, Evaluated States: 7, Time: 0.045) Frontier Size: 1
Problem Solved

Found Plan:
0.0: (add_action a7)
1.0: (check_added_variables_model a7)
2.0: (move_in_model_move_automata a7)
3.0: (validate_payload t0 a10 t1)
4.0: (sync_actions a10)
5.0: (validate_payload t1 a12 t2)
6.0: (sync_actions a12)
7.0: (validate_payload t2 a11 t3)
8.0: (sync_actions a11)
9.0: (validate_payload t3 a8 t4)
10.0: (sync_actions a8)
11.0: (validate_payload t4 a1 t5)
12.0: (sync_actions a1)
13.0: (validate_payload t5 a2 t6)
14.0: (sync_actions a2)
15.0: (validate_payload t6 a0 t7)
16.0: (sync_actions a0)
17.0: (validate_payload t7 a9 t8)
18.0: (sync_actions a9)

Plan-Length:19
Metric (Search):2.0
Planning Time (msec): 76
Heuristic Time (msec): 2
Search Time (msec): 66
Expanded Nodes:25
States Evaluated:60
Number of Dead-Ends detected:0
Number of Duplicates detected:0
/usr/bin/time -v timeout 600 java -Xmx64g -jar ./enhsp3.jar -o ./domain_with_failure.pddl -f ./problems/BasePN-1And-del-1-d5/problem62.pddl -h blind -s WAStar
Domain parsed
Problem parsed
Grounding..
Grounding Time: 3204
UFX:true
|F|:9535
|X|:13
|A|:569
|P|:0
|E|:0
h(I):0.0
f(n) = 1.0 (Expanded Nodes: 6, Evaluated States: 21, Time: 0.034) Frontier Size: 15
f(n) = 2.0 (Expanded Nodes: 38, Evaluated States: 92, Time: 0.089) Frontier Size: 54
Problem Solved

Found Plan:
0.0: (validate_payload t0 a7 t1)
1.0: (sync_actions a7)
2.0: (validate_payload t1 a10 t2)
3.0: (sync_actions a10)
4.0: (add_action a12)
5.0: (check_added_variables_model a12)
6.0: (move_in_model_move_automata a12)
7.0: (validate_payload t2 a11 t3)
8.0: (sync_actions a11)
9.0: (validate_payload t3 a8 t4)
10.0: (sync_actions a8)
11.0: (validate_payload t4 a1 t5)
12.0: (sync_actions a1)
13.0: (validate_payload t5 a0 t6)
14.0: (sync_actions a0)
15.0: (validate_payload t6 a2 t7)
16.0: (sync_actions a2)
17.0: (validate_payload t7 a9 t8)
18.0: (sync_actions a9)

Plan-Length:19
Metric (Search):2.0
Planning Time (msec): 123
Heuristic Time (msec): 11
Search Time (msec): 121
Expanded Nodes:114
States Evaluated:236
Number of Dead-Ends detected:0
Number of Duplicates detected:1
/usr/bin/time -v timeout 600 java -Xmx64g -jar ./enhsp3.jar -o ./domain_with_failure.pddl -f ./problems/BasePN-1And-del-1-d5/problem63.pddl -h blind -s WAStar
Domain parsed
Problem parsed
Grounding..
Grounding Time: 3154
UFX:true
|F|:9535
|X|:12
|A|:569
|P|:0
|E|:0
h(I):0.0
f(n) = 1.0 (Expanded Nodes: 2, Evaluated States: 7, Time: 0.018) Frontier Size: 5
f(n) = 2.0 (Expanded Nodes: 6, Evaluated States: 7, Time: 0.051) Frontier Size: 1
Problem Solved

Found Plan:
0.0: (add_action a7)
1.0: (check_added_variables_model a7)
2.0: (move_in_model_move_automata a7)
3.0: (validate_payload t0 a10 t1)
4.0: (sync_actions a10)
5.0: (validate_payload t1 a12 t2)
6.0: (sync_actions a12)
7.0: (validate_payload t2 a11 t3)
8.0: (sync_actions a11)
9.0: (validate_payload t3 a8 t4)
10.0: (sync_actions a8)
11.0: (validate_payload t4 a1 t5)
12.0: (sync_actions a1)
13.0: (validate_payload t5 a2 t6)
14.0: (sync_actions a2)
15.0: (validate_payload t6 a0 t7)
16.0: (sync_actions a0)
17.0: (validate_payload t7 a9 t8)
18.0: (sync_actions a9)

Plan-Length:19
Metric (Search):2.0
Planning Time (msec): 83
Heuristic Time (msec): 8
Search Time (msec): 76
Expanded Nodes:25
States Evaluated:63
Number of Dead-Ends detected:0
Number of Duplicates detected:0
/usr/bin/time -v timeout 600 java -Xmx64g -jar ./enhsp3.jar -o ./domain_with_failure.pddl -f ./problems/BasePN-1And-del-1-d5/problem64.pddl -h blind -s WAStar
Domain parsed
Problem parsed
Grounding..
Grounding Time: 3216
UFX:true
|F|:9535
|X|:12
|A|:569
|P|:0
|E|:0
h(I):0.0
f(n) = 1.0 (Expanded Nodes: 8, Evaluated States: 27, Time: 0.026) Frontier Size: 19
f(n) = 2.0 (Expanded Nodes: 57, Evaluated States: 146, Time: 0.078) Frontier Size: 89
Problem Solved

Found Plan:
0.0: (validate_payload t0 a7 t1)
1.0: (sync_actions a7)
2.0: (validate_payload t1 a10 t2)
3.0: (sync_actions a10)
4.0: (validate_payload t2 a12 t3)
5.0: (sync_actions a12)
6.0: (add_action a11)
7.0: (check_added_variables_model a11)
8.0: (move_in_model_move_automata a11)
9.0: (validate_payload t3 a8 t4)
10.0: (sync_actions a8)
11.0: (validate_payload t4 a1 t5)
12.0: (sync_actions a1)
13.0: (validate_payload t5 a0 t6)
14.0: (sync_actions a0)
15.0: (validate_payload t6 a2 t7)
16.0: (sync_actions a2)
17.0: (validate_payload t7 a9 t8)
18.0: (sync_actions a9)

Plan-Length:19
Metric (Search):2.0
Planning Time (msec): 129
Heuristic Time (msec): 2
Search Time (msec): 116
Expanded Nodes:145
States Evaluated:294
Number of Dead-Ends detected:0
Number of Duplicates detected:3
/usr/bin/time -v timeout 600 java -Xmx64g -jar ./enhsp3.jar -o ./domain_with_failure.pddl -f ./problems/BasePN-1And-del-1-d5/problem65.pddl -h blind -s WAStar
Domain parsed
Problem parsed
Grounding..
Grounding Time: 3396
UFX:true
|F|:9535
|X|:12
|A|:569
|P|:0
|E|:0
h(I):0.0
f(n) = 1.0 (Expanded Nodes: 10, Evaluated States: 28, Time: 0.032) Frontier Size: 18
f(n) = 2.0 (Expanded Nodes: 70, Evaluated States: 156, Time: 0.092) Frontier Size: 86
Problem Solved

Found Plan:
0.0: (validate_payload t0 a7 t1)
1.0: (sync_actions a7)
2.0: (validate_payload t1 a10 t2)
3.0: (sync_actions a10)
4.0: (validate_payload t2 a12 t3)
5.0: (sync_actions a12)
6.0: (validate_payload t3 a11 t4)
7.0: (sync_actions a11)
8.0: (add_action a8)
9.0: (check_added_variables_model a8)
10.0: (move_in_model_move_automata a8)
11.0: (validate_payload t4 a0 t5)
12.0: (sync_actions a0)
13.0: (validate_payload t5 a1 t6)
14.0: (sync_actions a1)
15.0: (validate_payload t6 a2 t7)
16.0: (sync_actions a2)
17.0: (validate_payload t7 a9 t8)
18.0: (sync_actions a9)

Plan-Length:19
Metric (Search):2.0
Planning Time (msec): 130
Heuristic Time (msec): 7
Search Time (msec): 125
Expanded Nodes:143
States Evaluated:291
Number of Dead-Ends detected:0
Number of Duplicates detected:4
/usr/bin/time -v timeout 600 java -Xmx64g -jar ./enhsp3.jar -o ./domain_with_failure.pddl -f ./problems/BasePN-1And-del-1-d5/problem66.pddl -h blind -s WAStar
Domain parsed
Problem parsed
Grounding..
Grounding Time: 3346
UFX:true
|F|:9535
|X|:12
|A|:569
|P|:0
|E|:0
h(I):0.0
f(n) = 1.0 (Expanded Nodes: 16, Evaluated States: 44, Time: 0.033) Frontier Size: 28
f(n) = 2.0 (Expanded Nodes: 96, Evaluated States: 217, Time: 0.093) Frontier Size: 121
Problem Solved

Found Plan:
0.0: (validate_payload t0 a7 t1)
1.0: (sync_actions a7)
2.0: (validate_payload t1 a10 t2)
3.0: (sync_actions a10)
4.0: (validate_payload t2 a12 t3)
5.0: (sync_actions a12)
6.0: (validate_payload t3 a11 t4)
7.0: (sync_actions a11)
8.0: (validate_payload t4 a8 t5)
9.0: (sync_actions a8)
10.0: (validate_payload t5 a1 t6)
11.0: (sync_actions a1)
12.0: (add_action a2)
13.0: (check_added_variables_model a2)
14.0: (move_in_model_move_automata a2)
15.0: (validate_payload t6 a0 t7)
16.0: (sync_actions a0)
17.0: (validate_payload t7 a9 t8)
18.0: (sync_actions a9)

Plan-Length:19
Metric (Search):2.0
Planning Time (msec): 126
Heuristic Time (msec): 7
Search Time (msec): 124
Expanded Nodes:124
States Evaluated:265
Number of Dead-Ends detected:0
Number of Duplicates detected:3
/usr/bin/time -v timeout 600 java -Xmx64g -jar ./enhsp3.jar -o ./domain_with_failure.pddl -f ./problems/BasePN-1And-del-1-d5/problem67.pddl -h blind -s WAStar
Domain parsed
Problem parsed
Grounding..
Grounding Time: 3327
UFX:true
|F|:9535
|X|:9
|A|:569
|P|:0
|E|:0
h(I):0.0
f(n) = 2.0 (Expanded Nodes: 14, Evaluated States: 29, Time: 0.028) Frontier Size: 15
Problem Solved

Found Plan:
0.0: (validate_payload t0 a7 t1)
1.0: (sync_actions a7)
2.0: (validate_payload t1 a10 t2)
3.0: (sync_actions a10)
4.0: (validate_payload t2 a12 t3)
5.0: (sync_actions a12)
6.0: (validate_payload t3 a11 t4)
7.0: (sync_actions a11)
8.0: (validate_payload t4 a8 t5)
9.0: (sync_actions a8)
10.0: (add_action a1)
11.0: (check_added_variables_model a1)
12.0: (move_in_model_move_automata a1)
13.0: (validate_payload t5 a0 t6)
14.0: (sync_actions a0)
15.0: (validate_payload t6 a2 t7)
16.0: (sync_actions a2)
17.0: (validate_payload t7 a9 t8)
18.0: (sync_actions a9)

Plan-Length:19
Metric (Search):2.0
Planning Time (msec): 100
Heuristic Time (msec): 4
Search Time (msec): 85
Expanded Nodes:52
States Evaluated:86
Number of Dead-Ends detected:0
Number of Duplicates detected:7
/usr/bin/time -v timeout 600 java -Xmx64g -jar ./enhsp3.jar -o ./domain_with_failure.pddl -f ./problems/BasePN-1And-del-1-d5/problem68.pddl -h blind -s WAStar
Domain parsed
Problem parsed
Grounding..
Grounding Time: 3209
UFX:true
|F|:9535
|X|:11
|A|:569
|P|:0
|E|:0
h(I):0.0
f(n) = 1.0 (Expanded Nodes: 8, Evaluated States: 27, Time: 0.024) Frontier Size: 19
f(n) = 2.0 (Expanded Nodes: 57, Evaluated States: 146, Time: 0.075) Frontier Size: 89
Problem Solved

Found Plan:
0.0: (validate_payload t0 a7 t1)
1.0: (sync_actions a7)
2.0: (validate_payload t1 a10 t2)
3.0: (sync_actions a10)
4.0: (validate_payload t2 a12 t3)
5.0: (sync_actions a12)
6.0: (add_action a11)
7.0: (check_added_variables_model a11)
8.0: (move_in_model_move_automata a11)
9.0: (validate_payload t3 a8 t4)
10.0: (sync_actions a8)
11.0: (validate_payload t4 a1 t5)
12.0: (sync_actions a1)
13.0: (validate_payload t5 a0 t6)
14.0: (sync_actions a0)
15.0: (validate_payload t6 a2 t7)
16.0: (sync_actions a2)
17.0: (validate_payload t7 a9 t8)
18.0: (sync_actions a9)

Plan-Length:19
Metric (Search):2.0
Planning Time (msec): 116
Heuristic Time (msec): 10
Search Time (msec): 113
Expanded Nodes:145
States Evaluated:294
Number of Dead-Ends detected:0
Number of Duplicates detected:3
/usr/bin/time -v timeout 600 java -Xmx64g -jar ./enhsp3.jar -o ./domain_with_failure.pddl -f ./problems/BasePN-1And-del-1-d5/problem69.pddl -h blind -s WAStar
Domain parsed
Problem parsed
Grounding..
Grounding Time: 3435
UFX:true
|F|:9535
|X|:11
|A|:569
|P|:0
|E|:0
h(I):0.0
f(n) = 1.0 (Expanded Nodes: 10, Evaluated States: 31, Time: 0.028) Frontier Size: 21
f(n) = 2.0 (Expanded Nodes: 70, Evaluated States: 168, Time: 0.091) Frontier Size: 98
Problem Solved

Found Plan:
0.0: (validate_payload t0 a7 t1)
1.0: (sync_actions a7)
2.0: (validate_payload t1 a10 t2)
3.0: (sync_actions a10)
4.0: (validate_payload t2 a12 t3)
5.0: (sync_actions a12)
6.0: (validate_payload t3 a11 t4)
7.0: (sync_actions a11)
8.0: (add_action a8)
9.0: (check_added_variables_model a8)
10.0: (move_in_model_move_automata a8)
11.0: (validate_payload t4 a0 t5)
12.0: (sync_actions a0)
13.0: (validate_payload t5 a1 t6)
14.0: (sync_actions a1)
15.0: (validate_payload t6 a2 t7)
16.0: (sync_actions a2)
17.0: (validate_payload t7 a9 t8)
18.0: (sync_actions a9)

Plan-Length:19
Metric (Search):2.0
Planning Time (msec): 129
Heuristic Time (msec): 2
Search Time (msec): 123
Expanded Nodes:139
States Evaluated:317
Number of Dead-Ends detected:0
Number of Duplicates detected:3
/usr/bin/time -v timeout 600 java -Xmx64g -jar ./enhsp3.jar -o ./domain_with_failure.pddl -f ./problems/BasePN-1And-del-1-d5/problem70.pddl -h blind -s WAStar
Domain parsed
Problem parsed
Grounding..
Grounding Time: 3031
UFX:true
|F|:9535
|X|:13
|A|:569
|P|:0
|E|:0
h(I):0.0
f(n) = 1.0 (Expanded Nodes: 6, Evaluated States: 21, Time: 0.025) Frontier Size: 15
f(n) = 2.0 (Expanded Nodes: 38, Evaluated States: 92, Time: 0.077) Frontier Size: 54
Problem Solved

Found Plan:
0.0: (validate_payload t0 a7 t1)
1.0: (sync_actions a7)
2.0: (validate_payload t1 a10 t2)
3.0: (sync_actions a10)
4.0: (add_action a12)
5.0: (check_added_variables_model a12)
6.0: (move_in_model_move_automata a12)
7.0: (validate_payload t2 a11 t3)
8.0: (sync_actions a11)
9.0: (validate_payload t3 a8 t4)
10.0: (sync_actions a8)
11.0: (validate_payload t4 a1 t5)
12.0: (sync_actions a1)
13.0: (validate_payload t5 a0 t6)
14.0: (sync_actions a0)
15.0: (validate_payload t6 a2 t7)
16.0: (sync_actions a2)
17.0: (validate_payload t7 a9 t8)
18.0: (sync_actions a9)

Plan-Length:19
Metric (Search):2.0
Planning Time (msec): 126
Heuristic Time (msec): 2
Search Time (msec): 117
Expanded Nodes:114
States Evaluated:236
Number of Dead-Ends detected:0
Number of Duplicates detected:1
/usr/bin/time -v timeout 600 java -Xmx64g -jar ./enhsp3.jar -o ./domain_with_failure.pddl -f ./problems/BasePN-1And-del-1-d5/problem71.pddl -h blind -s WAStar
Domain parsed
Problem parsed
Grounding..
Grounding Time: 3370
UFX:true
|F|:9535
|X|:11
|A|:569
|P|:0
|E|:0
h(I):0.0
f(n) = 2.0 (Expanded Nodes: 2, Evaluated States: 3, Time: 0.022) Frontier Size: 1
Problem Solved

Found Plan:
0.0: (add_action a7)
1.0: (check_added_variables_model a7)
2.0: (move_in_model_move_automata a7)
3.0: (validate_payload t0 a10 t1)
4.0: (sync_actions a10)
5.0: (validate_payload t1 a12 t2)
6.0: (sync_actions a12)
7.0: (validate_payload t2 a11 t3)
8.0: (sync_actions a11)
9.0: (validate_payload t3 a8 t4)
10.0: (sync_actions a8)
11.0: (validate_payload t4 a1 t5)
12.0: (sync_actions a1)
13.0: (validate_payload t5 a2 t6)
14.0: (sync_actions a2)
15.0: (validate_payload t6 a0 t7)
16.0: (sync_actions a0)
17.0: (validate_payload t7 a9 t8)
18.0: (sync_actions a9)

Plan-Length:19
Metric (Search):2.0
Planning Time (msec): 77
Heuristic Time (msec): 11
Search Time (msec): 69
Expanded Nodes:21
States Evaluated:48
Number of Dead-Ends detected:0
Number of Duplicates detected:0
/usr/bin/time -v timeout 600 java -Xmx64g -jar ./enhsp3.jar -o ./domain_with_failure.pddl -f ./problems/BasePN-1And-del-1-d5/problem72.pddl -h blind -s WAStar
Domain parsed
Problem parsed
Grounding..
Grounding Time: 3284
UFX:true
|F|:9535
|X|:12
|A|:569
|P|:0
|E|:0
h(I):0.0
f(n) = 1.0 (Expanded Nodes: 10, Evaluated States: 28, Time: 0.027) Frontier Size: 18
f(n) = 2.0 (Expanded Nodes: 72, Evaluated States: 166, Time: 0.085) Frontier Size: 94
Problem Solved

Found Plan:
0.0: (validate_payload t0 a7 t1)
1.0: (sync_actions a7)
2.0: (validate_payload t1 a10 t2)
3.0: (sync_actions a10)
4.0: (validate_payload t2 a12 t3)
5.0: (sync_actions a12)
6.0: (validate_payload t3 a11 t4)
7.0: (sync_actions a11)
8.0: (add_action a8)
9.0: (check_added_variables_model a8)
10.0: (move_in_model_move_automata a8)
11.0: (validate_payload t4 a1 t5)
12.0: (sync_actions a1)
13.0: (validate_payload t5 a2 t6)
14.0: (sync_actions a2)
15.0: (validate_payload t6 a0 t7)
16.0: (sync_actions a0)
17.0: (validate_payload t7 a9 t8)
18.0: (sync_actions a9)

Plan-Length:19
Metric (Search):2.0
Planning Time (msec): 147
Heuristic Time (msec): 6
Search Time (msec): 141
Expanded Nodes:224
States Evaluated:443
Number of Dead-Ends detected:0
Number of Duplicates detected:4
/usr/bin/time -v timeout 600 java -Xmx64g -jar ./enhsp3.jar -o ./domain_with_failure.pddl -f ./problems/BasePN-1And-del-1-d5/problem73.pddl -h blind -s WAStar
Domain parsed
Problem parsed
Grounding..
Grounding Time: 3171
UFX:true
|F|:9535
|X|:11
|A|:569
|P|:0
|E|:0
h(I):0.0
f(n) = 1.0 (Expanded Nodes: 10, Evaluated States: 28, Time: 0.029) Frontier Size: 18
f(n) = 2.0 (Expanded Nodes: 72, Evaluated States: 166, Time: 0.089) Frontier Size: 94
Problem Solved

Found Plan:
0.0: (validate_payload t0 a7 t1)
1.0: (sync_actions a7)
2.0: (validate_payload t1 a10 t2)
3.0: (sync_actions a10)
4.0: (validate_payload t2 a12 t3)
5.0: (sync_actions a12)
6.0: (validate_payload t3 a11 t4)
7.0: (sync_actions a11)
8.0: (add_action a8)
9.0: (check_added_variables_model a8)
10.0: (move_in_model_move_automata a8)
11.0: (validate_payload t4 a1 t5)
12.0: (sync_actions a1)
13.0: (validate_payload t5 a0 t6)
14.0: (sync_actions a0)
15.0: (validate_payload t6 a2 t7)
16.0: (sync_actions a2)
17.0: (validate_payload t7 a9 t8)
18.0: (sync_actions a9)

Plan-Length:19
Metric (Search):2.0
Planning Time (msec): 149
Heuristic Time (msec): 17
Search Time (msec): 146
Expanded Nodes:224
States Evaluated:443
Number of Dead-Ends detected:0
Number of Duplicates detected:4
/usr/bin/time -v timeout 600 java -Xmx64g -jar ./enhsp3.jar -o ./domain_with_failure.pddl -f ./problems/BasePN-1And-del-1-d5/problem74.pddl -h blind -s WAStar
Domain parsed
Problem parsed
Grounding..
Grounding Time: 3181
UFX:true
|F|:9535
|X|:12
|A|:569
|P|:0
|E|:0
h(I):0.0
f(n) = 1.0 (Expanded Nodes: 6, Evaluated States: 17, Time: 0.022) Frontier Size: 11
f(n) = 2.0 (Expanded Nodes: 18, Evaluated States: 35, Time: 0.056) Frontier Size: 17
Problem Solved

Found Plan:
0.0: (validate_payload t0 a7 t1)
1.0: (sync_actions a7)
2.0: (validate_payload t1 a10 t2)
3.0: (sync_actions a10)
4.0: (add_action a12)
5.0: (check_added_variables_model a12)
6.0: (move_in_model_move_automata a12)
7.0: (validate_payload t2 a11 t3)
8.0: (sync_actions a11)
9.0: (validate_payload t3 a8 t4)
10.0: (sync_actions a8)
11.0: (validate_payload t4 a0 t5)
12.0: (sync_actions a0)
13.0: (validate_payload t5 a1 t6)
14.0: (sync_actions a1)
15.0: (validate_payload t6 a2 t7)
16.0: (sync_actions a2)
17.0: (validate_payload t7 a9 t8)
18.0: (sync_actions a9)

Plan-Length:19
Metric (Search):2.0
Planning Time (msec): 95
Heuristic Time (msec): 5
Search Time (msec): 85
Expanded Nodes:46
States Evaluated:115
Number of Dead-Ends detected:0
Number of Duplicates detected:1
/usr/bin/time -v timeout 600 java -Xmx64g -jar ./enhsp3.jar -o ./domain_with_failure.pddl -f ./problems/BasePN-1And-del-1-d5/problem75.pddl -h blind -s WAStar
Domain parsed
Problem parsed
Grounding..
Grounding Time: 3278
UFX:true
|F|:9535
|X|:13
|A|:569
|P|:0
|E|:0
h(I):0.0
f(n) = 1.0 (Expanded Nodes: 16, Evaluated States: 51, Time: 0.036) Frontier Size: 35
f(n) = 2.0 (Expanded Nodes: 149, Evaluated States: 382, Time: 0.119) Frontier Size: 233
Problem Solved

Found Plan:
0.0: (validate_payload t0 a7 t1)
1.0: (sync_actions a7)
2.0: (validate_payload t1 a10 t2)
3.0: (sync_actions a10)
4.0: (validate_payload t2 a12 t3)
5.0: (sync_actions a12)
6.0: (validate_payload t3 a11 t4)
7.0: (sync_actions a11)
8.0: (validate_payload t4 a8 t5)
9.0: (sync_actions a8)
10.0: (validate_payload t5 a0 t6)
11.0: (sync_actions a0)
12.0: (validate_payload t6 a1 t7)
13.0: (sync_actions a1)
14.0: (add_action a2)
15.0: (check_added_variables_model a2)
16.0: (move_in_model_move_automata a2)
17.0: (validate_payload t7 a9 t8)
18.0: (sync_actions a9)

Plan-Length:19
Metric (Search):2.0
Planning Time (msec): 159
Heuristic Time (msec): 6
Search Time (msec): 154
Expanded Nodes:197
States Evaluated:484
Number of Dead-Ends detected:0
Number of Duplicates detected:2
/usr/bin/time -v timeout 600 java -Xmx64g -jar ./enhsp3.jar -o ./domain_with_failure.pddl -f ./problems/BasePN-1And-del-1-d5/problem76.pddl -h blind -s WAStar
Domain parsed
Problem parsed
Grounding..
Grounding Time: 3361
UFX:true
|F|:9535
|X|:13
|A|:569
|P|:0
|E|:0
h(I):0.0
f(n) = 1.0 (Expanded Nodes: 16, Evaluated States: 44, Time: 0.032) Frontier Size: 28
f(n) = 2.0 (Expanded Nodes: 139, Evaluated States: 336, Time: 0.102) Frontier Size: 197
Problem Solved

Found Plan:
0.0: (validate_payload t0 a7 t1)
1.0: (sync_actions a7)
2.0: (validate_payload t1 a10 t2)
3.0: (sync_actions a10)
4.0: (validate_payload t2 a12 t3)
5.0: (sync_actions a12)
6.0: (validate_payload t3 a11 t4)
7.0: (sync_actions a11)
8.0: (validate_payload t4 a8 t5)
9.0: (sync_actions a8)
10.0: (validate_payload t5 a0 t6)
11.0: (sync_actions a0)
12.0: (validate_payload t6 a1 t7)
13.0: (sync_actions a1)
14.0: (add_action a2)
15.0: (check_added_variables_model a2)
16.0: (move_in_model_move_automata a2)
17.0: (validate_payload t7 a9 t8)
18.0: (sync_actions a9)

Plan-Length:19
Metric (Search):2.0
Planning Time (msec): 198
Heuristic Time (msec): 13
Search Time (msec): 188
Expanded Nodes:471
States Evaluated:1023
Number of Dead-Ends detected:0
Number of Duplicates detected:7
/usr/bin/time -v timeout 600 java -Xmx64g -jar ./enhsp3.jar -o ./domain_with_failure.pddl -f ./problems/BasePN-1And-del-1-d5/problem77.pddl -h blind -s WAStar
Domain parsed
Problem parsed
Grounding..
Grounding Time: 3150
UFX:true
|F|:9535
|X|:12
|A|:569
|P|:0
|E|:0
h(I):0.0
f(n) = 1.0 (Expanded Nodes: 6, Evaluated States: 21, Time: 0.027) Frontier Size: 15
f(n) = 2.0 (Expanded Nodes: 38, Evaluated States: 92, Time: 0.075) Frontier Size: 54
Problem Solved

Found Plan:
0.0: (validate_payload t0 a7 t1)
1.0: (sync_actions a7)
2.0: (validate_payload t1 a10 t2)
3.0: (sync_actions a10)
4.0: (add_action a12)
5.0: (check_added_variables_model a12)
6.0: (move_in_model_move_automata a12)
7.0: (validate_payload t2 a11 t3)
8.0: (sync_actions a11)
9.0: (validate_payload t3 a8 t4)
10.0: (sync_actions a8)
11.0: (validate_payload t4 a1 t5)
12.0: (sync_actions a1)
13.0: (validate_payload t5 a0 t6)
14.0: (sync_actions a0)
15.0: (validate_payload t6 a2 t7)
16.0: (sync_actions a2)
17.0: (validate_payload t7 a9 t8)
18.0: (sync_actions a9)

Plan-Length:19
Metric (Search):2.0
Planning Time (msec): 127
Heuristic Time (msec): 4
Search Time (msec): 119
Expanded Nodes:114
States Evaluated:230
Number of Dead-Ends detected:0
Number of Duplicates detected:1
/usr/bin/time -v timeout 600 java -Xmx64g -jar ./enhsp3.jar -o ./domain_with_failure.pddl -f ./problems/BasePN-1And-del-1-d5/problem78.pddl -h blind -s WAStar
Domain parsed
Problem parsed
Grounding..
Grounding Time: 3512
UFX:true
|F|:9535
|X|:11
|A|:569
|P|:0
|E|:0
h(I):0.0
f(n) = 1.0 (Expanded Nodes: 10, Evaluated States: 28, Time: 0.031) Frontier Size: 18
f(n) = 2.0 (Expanded Nodes: 72, Evaluated States: 166, Time: 0.091) Frontier Size: 94
Problem Solved

Found Plan:
0.0: (validate_payload t0 a7 t1)
1.0: (sync_actions a7)
2.0: (validate_payload t1 a10 t2)
3.0: (sync_actions a10)
4.0: (validate_payload t2 a12 t3)
5.0: (sync_actions a12)
6.0: (validate_payload t3 a11 t4)
7.0: (sync_actions a11)
8.0: (add_action a8)
9.0: (check_added_variables_model a8)
10.0: (move_in_model_move_automata a8)
11.0: (validate_payload t4 a1 t5)
12.0: (sync_actions a1)
13.0: (validate_payload t5 a2 t6)
14.0: (sync_actions a2)
15.0: (validate_payload t6 a0 t7)
16.0: (sync_actions a0)
17.0: (validate_payload t7 a9 t8)
18.0: (sync_actions a9)

Plan-Length:19
Metric (Search):2.0
Planning Time (msec): 149
Heuristic Time (msec): 6
Search Time (msec): 143
Expanded Nodes:224
States Evaluated:443
Number of Dead-Ends detected:0
Number of Duplicates detected:4
/usr/bin/time -v timeout 600 java -Xmx64g -jar ./enhsp3.jar -o ./domain_with_failure.pddl -f ./problems/BasePN-1And-del-1-d5/problem79.pddl -h blind -s WAStar
Domain parsed
Problem parsed
Grounding..
Grounding Time: 3489
UFX:true
|F|:9535
|X|:10
|A|:569
|P|:0
|E|:0
h(I):0.0
f(n) = 1.0 (Expanded Nodes: 6, Evaluated States: 16, Time: 0.021) Frontier Size: 10
f(n) = 2.0 (Expanded Nodes: 18, Evaluated States: 34, Time: 0.054) Frontier Size: 16
Problem Solved

Found Plan:
0.0: (validate_payload t0 a7 t1)
1.0: (sync_actions a7)
2.0: (validate_payload t1 a10 t2)
3.0: (sync_actions a10)
4.0: (add_action a12)
5.0: (check_added_variables_model a12)
6.0: (move_in_model_move_automata a12)
7.0: (validate_payload t2 a11 t3)
8.0: (sync_actions a11)
9.0: (validate_payload t3 a8 t4)
10.0: (sync_actions a8)
11.0: (validate_payload t4 a1 t5)
12.0: (sync_actions a1)
13.0: (validate_payload t5 a2 t6)
14.0: (sync_actions a2)
15.0: (validate_payload t6 a0 t7)
16.0: (sync_actions a0)
17.0: (validate_payload t7 a9 t8)
18.0: (sync_actions a9)

Plan-Length:19
Metric (Search):2.0
Planning Time (msec): 85
Heuristic Time (msec): 6
Search Time (msec): 80
Expanded Nodes:44
States Evaluated:93
Number of Dead-Ends detected:0
Number of Duplicates detected:2
/usr/bin/time -v timeout 600 java -Xmx64g -jar ./enhsp3.jar -o ./domain_with_failure.pddl -f ./problems/BasePN-1And-del-1-d5/problem80.pddl -h blind -s WAStar
Domain parsed
Problem parsed
Grounding..
Grounding Time: 3242
UFX:true
|F|:9535
|X|:11
|A|:569
|P|:0
|E|:0
h(I):0.0
f(n) = 1.0 (Expanded Nodes: 4, Evaluated States: 12, Time: 0.025) Frontier Size: 8
f(n) = 2.0 (Expanded Nodes: 16, Evaluated States: 32, Time: 0.057) Frontier Size: 16
Problem Solved

Found Plan:
0.0: (validate_payload t0 a7 t1)
1.0: (sync_actions a7)
2.0: (add_action a10)
3.0: (check_added_variables_model a10)
4.0: (move_in_model_move_automata a10)
5.0: (validate_payload t1 a12 t2)
6.0: (sync_actions a12)
7.0: (validate_payload t2 a11 t3)
8.0: (sync_actions a11)
9.0: (validate_payload t3 a8 t4)
10.0: (sync_actions a8)
11.0: (validate_payload t4 a1 t5)
12.0: (sync_actions a1)
13.0: (validate_payload t5 a2 t6)
14.0: (sync_actions a2)
15.0: (validate_payload t6 a0 t7)
16.0: (sync_actions a0)
17.0: (validate_payload t7 a9 t8)
18.0: (sync_actions a9)

Plan-Length:19
Metric (Search):2.0
Planning Time (msec): 93
Heuristic Time (msec): 6
Search Time (msec): 87
Expanded Nodes:40
States Evaluated:85
Number of Dead-Ends detected:0
Number of Duplicates detected:1
/usr/bin/time -v timeout 600 java -Xmx64g -jar ./enhsp3.jar -o ./domain_with_failure.pddl -f ./problems/BasePN-1And-del-1-d5/problem81.pddl -h blind -s WAStar
Domain parsed
Problem parsed
Grounding..
Grounding Time: 3457
UFX:true
|F|:9535
|X|:12
|A|:569
|P|:0
|E|:0
h(I):0.0
f(n) = 1.0 (Expanded Nodes: 16, Evaluated States: 52, Time: 0.037) Frontier Size: 36
f(n) = 2.0 (Expanded Nodes: 159, Evaluated States: 422, Time: 0.118) Frontier Size: 263
Problem Solved

Found Plan:
0.0: (validate_payload t0 a7 t1)
1.0: (sync_actions a7)
2.0: (validate_payload t1 a10 t2)
3.0: (sync_actions a10)
4.0: (validate_payload t2 a12 t3)
5.0: (sync_actions a12)
6.0: (validate_payload t3 a11 t4)
7.0: (sync_actions a11)
8.0: (validate_payload t4 a8 t5)
9.0: (sync_actions a8)
10.0: (validate_payload t5 a1 t6)
11.0: (sync_actions a1)
12.0: (validate_payload t6 a2 t7)
13.0: (sync_actions a2)
14.0: (add_action a0)
15.0: (check_added_variables_model a0)
16.0: (move_in_model_move_automata a0)
17.0: (validate_payload t7 a9 t8)
18.0: (sync_actions a9)

Plan-Length:19
Metric (Search):2.0
Planning Time (msec): 177
Heuristic Time (msec): 7
Search Time (msec): 175
Expanded Nodes:309
States Evaluated:741
Number of Dead-Ends detected:0
Number of Duplicates detected:3
/usr/bin/time -v timeout 600 java -Xmx64g -jar ./enhsp3.jar -o ./domain_with_failure.pddl -f ./problems/BasePN-1And-del-1-d5/problem82.pddl -h blind -s WAStar
Domain parsed
Problem parsed
Grounding..
Grounding Time: 3174
UFX:true
|F|:9535
|X|:10
|A|:569
|P|:0
|E|:0
h(I):0.0
f(n) = 1.0 (Expanded Nodes: 8, Evaluated States: 22, Time: 0.023) Frontier Size: 14
f(n) = 2.0 (Expanded Nodes: 28, Evaluated States: 58, Time: 0.062) Frontier Size: 30
Problem Solved

Found Plan:
0.0: (validate_payload t0 a7 t1)
1.0: (sync_actions a7)
2.0: (validate_payload t1 a10 t2)
3.0: (sync_actions a10)
4.0: (validate_payload t2 a12 t3)
5.0: (sync_actions a12)
6.0: (add_action a11)
7.0: (check_added_variables_model a11)
8.0: (move_in_model_move_automata a11)
9.0: (validate_payload t3 a8 t4)
10.0: (sync_actions a8)
11.0: (validate_payload t4 a1 t5)
12.0: (sync_actions a1)
13.0: (validate_payload t5 a2 t6)
14.0: (sync_actions a2)
15.0: (validate_payload t6 a0 t7)
16.0: (sync_actions a0)
17.0: (validate_payload t7 a9 t8)
18.0: (sync_actions a9)

Plan-Length:19
Metric (Search):2.0
Planning Time (msec): 97
Heuristic Time (msec): 5
Search Time (msec): 93
Expanded Nodes:62
States Evaluated:143
Number of Dead-Ends detected:0
Number of Duplicates detected:2
/usr/bin/time -v timeout 600 java -Xmx64g -jar ./enhsp3.jar -o ./domain_with_failure.pddl -f ./problems/BasePN-1And-del-1-d5/problem83.pddl -h blind -s WAStar
Domain parsed
Problem parsed
Grounding..
Grounding Time: 3180
UFX:true
|F|:9535
|X|:12
|A|:569
|P|:0
|E|:0
h(I):0.0
f(n) = 1.0 (Expanded Nodes: 8, Evaluated States: 23, Time: 0.024) Frontier Size: 15
f(n) = 2.0 (Expanded Nodes: 31, Evaluated States: 71, Time: 0.07) Frontier Size: 40
Problem Solved

Found Plan:
0.0: (validate_payload t0 a7 t1)
1.0: (sync_actions a7)
2.0: (validate_payload t1 a10 t2)
3.0: (sync_actions a10)
4.0: (validate_payload t2 a12 t3)
5.0: (sync_actions a12)
6.0: (add_action a11)
7.0: (check_added_variables_model a11)
8.0: (move_in_model_move_automata a11)
9.0: (validate_payload t3 a8 t4)
10.0: (sync_actions a8)
11.0: (validate_payload t4 a1 t5)
12.0: (sync_actions a1)
13.0: (validate_payload t5 a2 t6)
14.0: (sync_actions a2)
15.0: (validate_payload t6 a0 t7)
16.0: (sync_actions a0)
17.0: (validate_payload t7 a9 t8)
18.0: (sync_actions a9)

Plan-Length:19
Metric (Search):2.0
Planning Time (msec): 106
Heuristic Time (msec): 6
Search Time (msec): 103
Expanded Nodes:71
States Evaluated:137
Number of Dead-Ends detected:0
Number of Duplicates detected:3
/usr/bin/time -v timeout 600 java -Xmx64g -jar ./enhsp3.jar -o ./domain_with_failure.pddl -f ./problems/BasePN-1And-del-1-d5/problem84.pddl -h blind -s WAStar
Domain parsed
Problem parsed
Grounding..
Grounding Time: 3186
UFX:true
|F|:9535
|X|:10
|A|:569
|P|:0
|E|:0
h(I):0.0
f(n) = 1.0 (Expanded Nodes: 12, Evaluated States: 29, Time: 0.029) Frontier Size: 17
f(n) = 2.0 (Expanded Nodes: 50, Evaluated States: 102, Time: 0.08) Frontier Size: 52
Problem Solved

Found Plan:
0.0: (validate_payload t0 a7 t1)
1.0: (sync_actions a7)
2.0: (validate_payload t1 a10 t2)
3.0: (sync_actions a10)
4.0: (validate_payload t2 a12 t3)
5.0: (sync_actions a12)
6.0: (validate_payload t3 a11 t4)
7.0: (sync_actions a11)
8.0: (validate_payload t4 a8 t5)
9.0: (sync_actions a8)
10.0: (add_action a1)
11.0: (check_added_variables_model a1)
12.0: (move_in_model_move_automata a1)
13.0: (validate_payload t5 a2 t6)
14.0: (sync_actions a2)
15.0: (validate_payload t6 a0 t7)
16.0: (sync_actions a0)
17.0: (validate_payload t7 a9 t8)
18.0: (sync_actions a9)

Plan-Length:19
Metric (Search):2.0
Planning Time (msec): 116
Heuristic Time (msec): 3
Search Time (msec): 109
Expanded Nodes:87
States Evaluated:165
Number of Dead-Ends detected:0
Number of Duplicates detected:5
/usr/bin/time -v timeout 600 java -Xmx64g -jar ./enhsp3.jar -o ./domain_with_failure.pddl -f ./problems/BasePN-1And-del-1-d5/problem85.pddl -h blind -s WAStar
Domain parsed
Problem parsed
Grounding..
Grounding Time: 3382
UFX:true
|F|:9535
|X|:12
|A|:569
|P|:0
|E|:0
h(I):0.0
f(n) = 1.0 (Expanded Nodes: 16, Evaluated States: 45, Time: 0.039) Frontier Size: 29
f(n) = 2.0 (Expanded Nodes: 139, Evaluated States: 346, Time: 0.118) Frontier Size: 207
Problem Solved

Found Plan:
0.0: (validate_payload t0 a7 t1)
1.0: (sync_actions a7)
2.0: (validate_payload t1 a10 t2)
3.0: (sync_actions a10)
4.0: (validate_payload t2 a12 t3)
5.0: (sync_actions a12)
6.0: (validate_payload t3 a11 t4)
7.0: (sync_actions a11)
8.0: (validate_payload t4 a8 t5)
9.0: (sync_actions a8)
10.0: (add_action a0)
11.0: (check_added_variables_model a0)
12.0: (move_in_model_move_automata a0)
13.0: (validate_payload t5 a1 t6)
14.0: (sync_actions a1)
15.0: (validate_payload t6 a2 t7)
16.0: (sync_actions a2)
17.0: (validate_payload t7 a9 t8)
18.0: (sync_actions a9)

Plan-Length:19
Metric (Search):2.0
Planning Time (msec): 218
Heuristic Time (msec): 6
Search Time (msec): 216
Expanded Nodes:416
States Evaluated:947
Number of Dead-Ends detected:0
Number of Duplicates detected:7
/usr/bin/time -v timeout 600 java -Xmx64g -jar ./enhsp3.jar -o ./domain_with_failure.pddl -f ./problems/BasePN-1And-del-1-d5/problem86.pddl -h blind -s WAStar
Domain parsed
Problem parsed
Grounding..
Grounding Time: 3137
UFX:true
|F|:9535
|X|:12
|A|:569
|P|:0
|E|:0
h(I):0.0
f(n) = 1.0 (Expanded Nodes: 16, Evaluated States: 52, Time: 0.033) Frontier Size: 36
f(n) = 2.0 (Expanded Nodes: 159, Evaluated States: 422, Time: 0.114) Frontier Size: 263
Problem Solved

Found Plan:
0.0: (validate_payload t0 a7 t1)
1.0: (sync_actions a7)
2.0: (validate_payload t1 a10 t2)
3.0: (sync_actions a10)
4.0: (validate_payload t2 a12 t3)
5.0: (sync_actions a12)
6.0: (validate_payload t3 a11 t4)
7.0: (sync_actions a11)
8.0: (validate_payload t4 a8 t5)
9.0: (sync_actions a8)
10.0: (validate_payload t5 a1 t6)
11.0: (sync_actions a1)
12.0: (validate_payload t6 a2 t7)
13.0: (sync_actions a2)
14.0: (add_action a0)
15.0: (check_added_variables_model a0)
16.0: (move_in_model_move_automata a0)
17.0: (validate_payload t7 a9 t8)
18.0: (sync_actions a9)

Plan-Length:19
Metric (Search):2.0
Planning Time (msec): 168
Heuristic Time (msec): 11
Search Time (msec): 162
Expanded Nodes:309
States Evaluated:741
Number of Dead-Ends detected:0
Number of Duplicates detected:3
/usr/bin/time -v timeout 600 java -Xmx64g -jar ./enhsp3.jar -o ./domain_with_failure.pddl -f ./problems/BasePN-1And-del-1-d5/problem87.pddl -h blind -s WAStar
Domain parsed
Problem parsed
Grounding..
Grounding Time: 3158
UFX:true
|F|:9535
|X|:13
|A|:569
|P|:0
|E|:0
h(I):0.0
f(n) = 1.0 (Expanded Nodes: 18, Evaluated States: 55, Time: 0.036) Frontier Size: 37
f(n) = 2.0 (Expanded Nodes: 187, Evaluated States: 467, Time: 0.13) Frontier Size: 280
Problem Solved

Found Plan:
0.0: (validate_payload t0 a7 t1)
1.0: (sync_actions a7)
2.0: (validate_payload t1 a10 t2)
3.0: (sync_actions a10)
4.0: (validate_payload t2 a12 t3)
5.0: (sync_actions a12)
6.0: (validate_payload t3 a11 t4)
7.0: (sync_actions a11)
8.0: (validate_payload t4 a8 t5)
9.0: (sync_actions a8)
10.0: (validate_payload t5 a1 t6)
11.0: (sync_actions a1)
12.0: (validate_payload t6 a0 t7)
13.0: (sync_actions a0)
14.0: (validate_payload t7 a2 t8)
15.0: (sync_actions a2)
16.0: (add_action a9)
17.0: (check_added_variables_model a9)
18.0: (move_in_model_move_automata a9)

Plan-Length:19
Metric (Search):2.0
Planning Time (msec): 218
Heuristic Time (msec): 2
Search Time (msec): 213
Expanded Nodes:425
States Evaluated:971
Number of Dead-Ends detected:0
Number of Duplicates detected:7
/usr/bin/time -v timeout 600 java -Xmx64g -jar ./enhsp3.jar -o ./domain_with_failure.pddl -f ./problems/BasePN-1And-del-1-d5/problem88.pddl -h blind -s WAStar
Domain parsed
Problem parsed
Grounding..
Grounding Time: 3210
UFX:true
|F|:9535
|X|:12
|A|:569
|P|:0
|E|:0
h(I):0.0
f(n) = 1.0 (Expanded Nodes: 18, Evaluated States: 54, Time: 0.043) Frontier Size: 36
f(n) = 2.0 (Expanded Nodes: 181, Evaluated States: 436, Time: 0.12) Frontier Size: 255
Problem Solved

Found Plan:
0.0: (validate_payload t0 a7 t1)
1.0: (sync_actions a7)
2.0: (validate_payload t1 a10 t2)
3.0: (sync_actions a10)
4.0: (validate_payload t2 a12 t3)
5.0: (sync_actions a12)
6.0: (validate_payload t3 a11 t4)
7.0: (sync_actions a11)
8.0: (validate_payload t4 a8 t5)
9.0: (sync_actions a8)
10.0: (validate_payload t5 a0 t6)
11.0: (sync_actions a0)
12.0: (validate_payload t6 a1 t7)
13.0: (sync_actions a1)
14.0: (validate_payload t7 a2 t8)
15.0: (sync_actions a2)
16.0: (add_action a9)
17.0: (check_added_variables_model a9)
18.0: (move_in_model_move_automata a9)

Plan-Length:19
Metric (Search):2.0
Planning Time (msec): 165
Heuristic Time (msec): 6
Search Time (msec): 148
Expanded Nodes:290
States Evaluated:653
Number of Dead-Ends detected:0
Number of Duplicates detected:4
/usr/bin/time -v timeout 600 java -Xmx64g -jar ./enhsp3.jar -o ./domain_with_failure.pddl -f ./problems/BasePN-1And-del-1-d5/problem89.pddl -h blind -s WAStar
Domain parsed
Problem parsed
Grounding..
Grounding Time: 3215
UFX:true
|F|:9535
|X|:11
|A|:569
|P|:0
|E|:0
h(I):0.0
f(n) = 1.0 (Expanded Nodes: 6, Evaluated States: 21, Time: 0.032) Frontier Size: 15
f(n) = 2.0 (Expanded Nodes: 38, Evaluated States: 92, Time: 0.081) Frontier Size: 54
Problem Solved

Found Plan:
0.0: (validate_payload t0 a7 t1)
1.0: (sync_actions a7)
2.0: (validate_payload t1 a10 t2)
3.0: (sync_actions a10)
4.0: (add_action a12)
5.0: (check_added_variables_model a12)
6.0: (move_in_model_move_automata a12)
7.0: (validate_payload t2 a11 t3)
8.0: (sync_actions a11)
9.0: (validate_payload t3 a8 t4)
10.0: (sync_actions a8)
11.0: (validate_payload t4 a1 t5)
12.0: (sync_actions a1)
13.0: (validate_payload t5 a2 t6)
14.0: (sync_actions a2)
15.0: (validate_payload t6 a0 t7)
16.0: (sync_actions a0)
17.0: (validate_payload t7 a9 t8)
18.0: (sync_actions a9)

Plan-Length:19
Metric (Search):2.0
Planning Time (msec): 124
Heuristic Time (msec): 6
Search Time (msec): 120
Expanded Nodes:114
States Evaluated:230
Number of Dead-Ends detected:0
Number of Duplicates detected:1
/usr/bin/time -v timeout 600 java -Xmx64g -jar ./enhsp3.jar -o ./domain_with_failure.pddl -f ./problems/BasePN-1And-del-1-d5/problem90.pddl -h blind -s WAStar
Domain parsed
Problem parsed
Grounding..
Grounding Time: 3157
UFX:true
|F|:9535
|X|:13
|A|:569
|P|:0
|E|:0
h(I):0.0
f(n) = 1.0 (Expanded Nodes: 18, Evaluated States: 58, Time: 0.041) Frontier Size: 40
f(n) = 2.0 (Expanded Nodes: 202, Evaluated States: 524, Time: 0.141) Frontier Size: 322
Problem Solved

Found Plan:
0.0: (validate_payload t0 a7 t1)
1.0: (sync_actions a7)
2.0: (validate_payload t1 a10 t2)
3.0: (sync_actions a10)
4.0: (validate_payload t2 a12 t3)
5.0: (sync_actions a12)
6.0: (validate_payload t3 a11 t4)
7.0: (sync_actions a11)
8.0: (validate_payload t4 a8 t5)
9.0: (sync_actions a8)
10.0: (validate_payload t5 a1 t6)
11.0: (sync_actions a1)
12.0: (validate_payload t6 a0 t7)
13.0: (sync_actions a0)
14.0: (validate_payload t7 a2 t8)
15.0: (sync_actions a2)
16.0: (add_action a9)
17.0: (check_added_variables_model a9)
18.0: (move_in_model_move_automata a9)

Plan-Length:19
Metric (Search):2.0
Planning Time (msec): 190
Heuristic Time (msec): 8
Search Time (msec): 188
Expanded Nodes:365
States Evaluated:871
Number of Dead-Ends detected:0
Number of Duplicates detected:2
/usr/bin/time -v timeout 600 java -Xmx64g -jar ./enhsp3.jar -o ./domain_with_failure.pddl -f ./problems/BasePN-1And-del-1-d5/problem91.pddl -h blind -s WAStar
Domain parsed
Problem parsed
Grounding..
Grounding Time: 3430
UFX:true
|F|:9535
|X|:12
|A|:569
|P|:0
|E|:0
h(I):0.0
f(n) = 1.0 (Expanded Nodes: 14, Evaluated States: 43, Time: 0.031) Frontier Size: 29
f(n) = 2.0 (Expanded Nodes: 117, Evaluated States: 294, Time: 0.117) Frontier Size: 177
f(n) = 3.0 (Expanded Nodes: 420, Evaluated States: 940, Time: 0.206) Frontier Size: 520
Problem Solved

Found Plan:
0.0: (validate_payload t0 a7 t1)
1.0: (sync_actions a7)
2.0: (change_value a10 integer v0)
3.0: (validate_payload t1 a10 t2)
4.0: (sync_actions a10)
5.0: (validate_payload t2 a12 t3)
6.0: (sync_actions a12)
7.0: (validate_payload t3 a11 t4)
8.0: (sync_actions a11)
9.0: (validate_payload t4 a8 t5)
10.0: (sync_actions a8)
11.0: (add_action a1)
12.0: (check_added_variables_model a1)
13.0: (move_in_model_move_automata a1)
14.0: (validate_payload t5 a0 t6)
15.0: (sync_actions a0)
16.0: (validate_payload t6 a2 t7)
17.0: (sync_actions a2)
18.0: (validate_payload t7 a9 t8)
19.0: (sync_actions a9)

Plan-Length:20
Metric (Search):3.0
Planning Time (msec): 230
Heuristic Time (msec): 9
Search Time (msec): 223
Expanded Nodes:516
States Evaluated:1153
Number of Dead-Ends detected:0
Number of Duplicates detected:9
/usr/bin/time -v timeout 600 java -Xmx64g -jar ./enhsp3.jar -o ./domain_with_failure.pddl -f ./problems/BasePN-1And-del-1-d5/problem92.pddl -h blind -s WAStar
Domain parsed
Problem parsed
Grounding..
Grounding Time: 3005
UFX:true
|F|:9535
|X|:12
|A|:569
|P|:0
|E|:0
h(I):0.0
f(n) = 1.0 (Expanded Nodes: 6, Evaluated States: 21, Time: 0.025) Frontier Size: 15
f(n) = 2.0 (Expanded Nodes: 38, Evaluated States: 92, Time: 0.07) Frontier Size: 54
Problem Solved

Found Plan:
0.0: (validate_payload t0 a7 t1)
1.0: (sync_actions a7)
2.0: (validate_payload t1 a10 t2)
3.0: (sync_actions a10)
4.0: (add_action a12)
5.0: (check_added_variables_model a12)
6.0: (move_in_model_move_automata a12)
7.0: (validate_payload t2 a11 t3)
8.0: (sync_actions a11)
9.0: (validate_payload t3 a8 t4)
10.0: (sync_actions a8)
11.0: (validate_payload t4 a0 t5)
12.0: (sync_actions a0)
13.0: (validate_payload t5 a1 t6)
14.0: (sync_actions a1)
15.0: (validate_payload t6 a2 t7)
16.0: (sync_actions a2)
17.0: (validate_payload t7 a9 t8)
18.0: (sync_actions a9)

Plan-Length:19
Metric (Search):2.0
Planning Time (msec): 119
Heuristic Time (msec): 2
Search Time (msec): 105
Expanded Nodes:114
States Evaluated:235
Number of Dead-Ends detected:0
Number of Duplicates detected:1
/usr/bin/time -v timeout 600 java -Xmx64g -jar ./enhsp3.jar -o ./domain_with_failure.pddl -f ./problems/BasePN-1And-del-1-d5/problem93.pddl -h blind -s WAStar
Domain parsed
Problem parsed
Grounding..
Grounding Time: 3240
UFX:true
|F|:9535
|X|:13
|A|:569
|P|:0
|E|:0
h(I):0.0
f(n) = 1.0 (Expanded Nodes: 8, Evaluated States: 27, Time: 0.038) Frontier Size: 19
f(n) = 2.0 (Expanded Nodes: 57, Evaluated States: 146, Time: 0.09) Frontier Size: 89
Problem Solved

Found Plan:
0.0: (validate_payload t0 a7 t1)
1.0: (sync_actions a7)
2.0: (validate_payload t1 a10 t2)
3.0: (sync_actions a10)
4.0: (validate_payload t2 a12 t3)
5.0: (sync_actions a12)
6.0: (add_action a11)
7.0: (check_added_variables_model a11)
8.0: (move_in_model_move_automata a11)
9.0: (validate_payload t3 a8 t4)
10.0: (sync_actions a8)
11.0: (validate_payload t4 a0 t5)
12.0: (sync_actions a0)
13.0: (validate_payload t5 a1 t6)
14.0: (sync_actions a1)
15.0: (validate_payload t6 a2 t7)
16.0: (sync_actions a2)
17.0: (validate_payload t7 a9 t8)
18.0: (sync_actions a9)

Plan-Length:19
Metric (Search):2.0
Planning Time (msec): 128
Heuristic Time (msec): 8
Search Time (msec): 124
Expanded Nodes:145
States Evaluated:293
Number of Dead-Ends detected:0
Number of Duplicates detected:3
/usr/bin/time -v timeout 600 java -Xmx64g -jar ./enhsp3.jar -o ./domain_with_failure.pddl -f ./problems/BasePN-1And-del-1-d5/problem94.pddl -h blind -s WAStar
Domain parsed
Problem parsed
Grounding..
Grounding Time: 3208
UFX:true
|F|:9535
|X|:12
|A|:569
|P|:0
|E|:0
h(I):0.0
f(n) = 1.0 (Expanded Nodes: 2, Evaluated States: 7, Time: 0.02) Frontier Size: 5
f(n) = 2.0 (Expanded Nodes: 6, Evaluated States: 7, Time: 0.048) Frontier Size: 1
Problem Solved

Found Plan:
0.0: (add_action a7)
1.0: (check_added_variables_model a7)
2.0: (move_in_model_move_automata a7)
3.0: (validate_payload t0 a10 t1)
4.0: (sync_actions a10)
5.0: (validate_payload t1 a12 t2)
6.0: (sync_actions a12)
7.0: (validate_payload t2 a11 t3)
8.0: (sync_actions a11)
9.0: (validate_payload t3 a8 t4)
10.0: (sync_actions a8)
11.0: (validate_payload t4 a1 t5)
12.0: (sync_actions a1)
13.0: (validate_payload t5 a2 t6)
14.0: (sync_actions a2)
15.0: (validate_payload t6 a0 t7)
16.0: (sync_actions a0)
17.0: (validate_payload t7 a9 t8)
18.0: (sync_actions a9)

Plan-Length:19
Metric (Search):2.0
Planning Time (msec): 79
Heuristic Time (msec): 8
Search Time (msec): 72
Expanded Nodes:25
States Evaluated:63
Number of Dead-Ends detected:0
Number of Duplicates detected:0
/usr/bin/time -v timeout 600 java -Xmx64g -jar ./enhsp3.jar -o ./domain_with_failure.pddl -f ./problems/BasePN-1And-del-1-d5/problem95.pddl -h blind -s WAStar
Domain parsed
Problem parsed
Grounding..
Grounding Time: 3188
UFX:true
|F|:9535
|X|:12
|A|:569
|P|:0
|E|:0
h(I):0.0
f(n) = 1.0 (Expanded Nodes: 4, Evaluated States: 12, Time: 0.031) Frontier Size: 8
f(n) = 2.0 (Expanded Nodes: 16, Evaluated States: 32, Time: 0.069) Frontier Size: 16
Problem Solved

Found Plan:
0.0: (validate_payload t0 a7 t1)
1.0: (sync_actions a7)
2.0: (add_action a10)
3.0: (check_added_variables_model a10)
4.0: (move_in_model_move_automata a10)
5.0: (validate_payload t1 a12 t2)
6.0: (sync_actions a12)
7.0: (validate_payload t2 a11 t3)
8.0: (sync_actions a11)
9.0: (validate_payload t3 a8 t4)
10.0: (sync_actions a8)
11.0: (validate_payload t4 a1 t5)
12.0: (sync_actions a1)
13.0: (validate_payload t5 a2 t6)
14.0: (sync_actions a2)
15.0: (validate_payload t6 a0 t7)
16.0: (sync_actions a0)
17.0: (validate_payload t7 a9 t8)
18.0: (sync_actions a9)

Plan-Length:19
Metric (Search):2.0
Planning Time (msec): 100
Heuristic Time (msec): 11
Search Time (msec): 95
Expanded Nodes:40
States Evaluated:88
Number of Dead-Ends detected:0
Number of Duplicates detected:1
/usr/bin/time -v timeout 600 java -Xmx64g -jar ./enhsp3.jar -o ./domain_with_failure.pddl -f ./problems/BasePN-1And-del-1-d5/problem96.pddl -h blind -s WAStar
Domain parsed
Problem parsed
Grounding..
Grounding Time: 3448
UFX:true
|F|:9535
|X|:11
|A|:569
|P|:0
|E|:0
h(I):0.0
f(n) = 1.0 (Expanded Nodes: 16, Evaluated States: 42, Time: 0.028) Frontier Size: 26
f(n) = 2.0 (Expanded Nodes: 118, Evaluated States: 280, Time: 0.093) Frontier Size: 162
Problem Solved

Found Plan:
0.0: (validate_payload t0 a7 t1)
1.0: (sync_actions a7)
2.0: (validate_payload t1 a10 t2)
3.0: (sync_actions a10)
4.0: (validate_payload t2 a12 t3)
5.0: (sync_actions a12)
6.0: (validate_payload t3 a11 t4)
7.0: (sync_actions a11)
8.0: (validate_payload t4 a8 t5)
9.0: (sync_actions a8)
10.0: (validate_payload t5 a1 t6)
11.0: (sync_actions a1)
12.0: (add_action a0)
13.0: (check_added_variables_model a0)
14.0: (move_in_model_move_automata a0)
15.0: (validate_payload t6 a2 t7)
16.0: (sync_actions a2)
17.0: (validate_payload t7 a9 t8)
18.0: (sync_actions a9)

Plan-Length:19
Metric (Search):2.0
Planning Time (msec): 143
Heuristic Time (msec): 3
Search Time (msec): 136
Expanded Nodes:206
States Evaluated:435
Number of Dead-Ends detected:0
Number of Duplicates detected:5
/usr/bin/time -v timeout 600 java -Xmx64g -jar ./enhsp3.jar -o ./domain_with_failure.pddl -f ./problems/BasePN-1And-del-1-d5/problem97.pddl -h blind -s WAStar
Domain parsed
Problem parsed
Grounding..
Grounding Time: 3193
UFX:true
|F|:9535
|X|:12
|A|:569
|P|:0
|E|:0
h(I):0.0
f(n) = 1.0 (Expanded Nodes: 6, Evaluated States: 21, Time: 0.025) Frontier Size: 15
f(n) = 2.0 (Expanded Nodes: 38, Evaluated States: 92, Time: 0.071) Frontier Size: 54
Problem Solved

Found Plan:
0.0: (validate_payload t0 a7 t1)
1.0: (sync_actions a7)
2.0: (validate_payload t1 a10 t2)
3.0: (sync_actions a10)
4.0: (add_action a12)
5.0: (check_added_variables_model a12)
6.0: (move_in_model_move_automata a12)
7.0: (validate_payload t2 a11 t3)
8.0: (sync_actions a11)
9.0: (validate_payload t3 a8 t4)
10.0: (sync_actions a8)
11.0: (validate_payload t4 a0 t5)
12.0: (sync_actions a0)
13.0: (validate_payload t5 a1 t6)
14.0: (sync_actions a1)
15.0: (validate_payload t6 a2 t7)
16.0: (sync_actions a2)
17.0: (validate_payload t7 a9 t8)
18.0: (sync_actions a9)

Plan-Length:19
Metric (Search):2.0
Planning Time (msec): 121
Heuristic Time (msec): 2
Search Time (msec): 111
Expanded Nodes:114
States Evaluated:235
Number of Dead-Ends detected:0
Number of Duplicates detected:1
/usr/bin/time -v timeout 600 java -Xmx64g -jar ./enhsp3.jar -o ./domain_with_failure.pddl -f ./problems/BasePN-1And-del-1-d5/problem98.pddl -h blind -s WAStar
Domain parsed
Problem parsed
Grounding..
Grounding Time: 3189
UFX:true
|F|:9535
|X|:12
|A|:569
|P|:0
|E|:0
h(I):0.0
f(n) = 1.0 (Expanded Nodes: 18, Evaluated States: 48, Time: 0.028) Frontier Size: 30
f(n) = 2.0 (Expanded Nodes: 161, Evaluated States: 375, Time: 0.104) Frontier Size: 214
Problem Solved

Found Plan:
0.0: (validate_payload t0 a7 t1)
1.0: (sync_actions a7)
2.0: (validate_payload t1 a10 t2)
3.0: (sync_actions a10)
4.0: (validate_payload t2 a12 t3)
5.0: (sync_actions a12)
6.0: (validate_payload t3 a11 t4)
7.0: (sync_actions a11)
8.0: (validate_payload t4 a8 t5)
9.0: (sync_actions a8)
10.0: (validate_payload t5 a1 t6)
11.0: (sync_actions a1)
12.0: (validate_payload t6 a0 t7)
13.0: (sync_actions a0)
14.0: (validate_payload t7 a2 t8)
15.0: (sync_actions a2)
16.0: (add_action a9)
17.0: (check_added_variables_model a9)
18.0: (move_in_model_move_automata a9)

Plan-Length:19
Metric (Search):2.0
Planning Time (msec): 195
Heuristic Time (msec): 5
Search Time (msec): 188
Expanded Nodes:472
States Evaluated:1009
Number of Dead-Ends detected:0
Number of Duplicates detected:10
/usr/bin/time -v timeout 600 java -Xmx64g -jar ./enhsp3.jar -o ./domain_with_failure.pddl -f ./problems/BasePN-1And-del-1-d5/problem99.pddl -h blind -s WAStar
Domain parsed
Problem parsed
Grounding..
Grounding Time: 2996
UFX:true
|F|:9535
|X|:11
|A|:569
|P|:0
|E|:0
h(I):0.0
f(n) = 1.0 (Expanded Nodes: 2, Evaluated States: 7, Time: 0.021) Frontier Size: 5
f(n) = 2.0 (Expanded Nodes: 6, Evaluated States: 7, Time: 0.052) Frontier Size: 1
Problem Solved

Found Plan:
0.0: (add_action a7)
1.0: (check_added_variables_model a7)
2.0: (move_in_model_move_automata a7)
3.0: (validate_payload t0 a10 t1)
4.0: (sync_actions a10)
5.0: (validate_payload t1 a12 t2)
6.0: (sync_actions a12)
7.0: (validate_payload t2 a11 t3)
8.0: (sync_actions a11)
9.0: (validate_payload t3 a8 t4)
10.0: (sync_actions a8)
11.0: (validate_payload t4 a0 t5)
12.0: (sync_actions a0)
13.0: (validate_payload t5 a1 t6)
14.0: (sync_actions a1)
15.0: (validate_payload t6 a2 t7)
16.0: (sync_actions a2)
17.0: (validate_payload t7 a9 t8)
18.0: (sync_actions a9)

Plan-Length:19
Metric (Search):2.0
Planning Time (msec): 80
Heuristic Time (msec): 6
Search Time (msec): 77
Expanded Nodes:25
States Evaluated:59
Number of Dead-Ends detected:0
Number of Duplicates detected:0
/usr/bin/time -v timeout 600 java -Xmx64g -jar ./enhsp3.jar -o ./domain_with_failure.pddl -f ./problems/BasePN-1And-del-1-d5/problem100.pddl -h blind -s WAStar
Domain parsed
Problem parsed
Grounding..
Grounding Time: 3307
UFX:true
|F|:9535
|X|:12
|A|:569
|P|:0
|E|:0
h(I):0.0
f(n) = 1.0 (Expanded Nodes: 16, Evaluated States: 45, Time: 0.031) Frontier Size: 29
f(n) = 2.0 (Expanded Nodes: 139, Evaluated States: 346, Time: 0.107) Frontier Size: 207
Problem Solved

Found Plan:
0.0: (validate_payload t0 a7 t1)
1.0: (sync_actions a7)
2.0: (validate_payload t1 a10 t2)
3.0: (sync_actions a10)
4.0: (validate_payload t2 a12 t3)
5.0: (sync_actions a12)
6.0: (validate_payload t3 a11 t4)
7.0: (sync_actions a11)
8.0: (validate_payload t4 a8 t5)
9.0: (sync_actions a8)
10.0: (validate_payload t5 a1 t6)
11.0: (sync_actions a1)
12.0: (validate_payload t6 a0 t7)
13.0: (sync_actions a0)
14.0: (add_action a2)
15.0: (check_added_variables_model a2)
16.0: (move_in_model_move_automata a2)
17.0: (validate_payload t7 a9 t8)
18.0: (sync_actions a9)

Plan-Length:19
Metric (Search):2.0
Planning Time (msec): 193
Heuristic Time (msec): 5
Search Time (msec): 181
Expanded Nodes:441
States Evaluated:999
Number of Dead-Ends detected:0
Number of Duplicates detected:5
