/usr/bin/time -v timeout 600 java -Xmx64g -jar ./enhsp3.jar -o ./domain_with_failure.pddl -f ./problems/BasePN-0And-del-5-d7/problem1.pddl -h blind -s WAStar
Domain parsed
Problem parsed
Grounding..
Grounding Time: 3217
UFX:true
|F|:10236
|X|:14
|A|:698
|P|:0
|E|:0
h(I):0.0
f(n) = 1.0 (Expanded Nodes: 2, Evaluated States: 8, Time: 0.02) Frontier Size: 6
f(n) = 2.0 (Expanded Nodes: 6, Evaluated States: 8, Time: 0.056) Frontier Size: 2
f(n) = 3.0 (Expanded Nodes: 12, Evaluated States: 26, Time: 0.067) Frontier Size: 14
f(n) = 4.0 (Expanded Nodes: 22, Evaluated States: 28, Time: 0.075) Frontier Size: 6
f(n) = 5.0 (Expanded Nodes: 36, Evaluated States: 61, Time: 0.093) Frontier Size: 25
f(n) = 6.0 (Expanded Nodes: 52, Evaluated States: 64, Time: 0.099) Frontier Size: 12
f(n) = 7.0 (Expanded Nodes: 80, Evaluated States: 125, Time: 0.117) Frontier Size: 45
f(n) = 8.0 (Expanded Nodes: 137, Evaluated States: 239, Time: 0.13) Frontier Size: 102
f(n) = 9.0 (Expanded Nodes: 287, Evaluated States: 523, Time: 0.179) Frontier Size: 236
f(n) = 10.0 (Expanded Nodes: 578, Evaluated States: 963, Time: 0.241) Frontier Size: 385
f(n) = 11.0 (Expanded Nodes: 1102, Evaluated States: 1689, Time: 0.344) Frontier Size: 587
Problem Solved

Found Plan:
0.0: (add_action a7)
1.0: (check_added_variables_model a7)
2.0: (move_in_model_move_automata a7)
3.0: (add_action a10)
4.0: (check_added_variables_model a10)
5.0: (move_in_model_move_automata a10)
6.0: (add_action a12)
7.0: (move_in_model_parameter a12 sDEC1_1 categorical c2)
8.0: (check_added_variables_model a12)
9.0: (move_in_model_move_automata a12)
10.0: (validate_payload t0 a11 t1)
11.0: (sync_actions a11)
12.0: (validate_payload t1 a8 t2)
13.0: (sync_actions a8)
14.0: (add_action a1)
15.0: (check_added_variables_model a1)
16.0: (move_in_model_move_automata a1)
17.0: (validate_payload t2 a2 t3)
18.0: (sync_actions a2)
19.0: (add_action a9)
20.0: (check_added_variables_model a9)
21.0: (move_in_model_move_automata a9)

Plan-Length:22
Metric (Search):11.0
Planning Time (msec): 421
Heuristic Time (msec): 2
Search Time (msec): 414
Expanded Nodes:1551
States Evaluated:2245
Number of Dead-Ends detected:0
Number of Duplicates detected:105
/usr/bin/time -v timeout 600 java -Xmx64g -jar ./enhsp3.jar -o ./domain_with_failure.pddl -f ./problems/BasePN-0And-del-5-d7/problem2.pddl -h blind -s WAStar
Domain parsed
Problem parsed
Grounding..
Grounding Time: 3243
UFX:true
|F|:10236
|X|:14
|A|:698
|P|:0
|E|:0
h(I):0.0
f(n) = 1.0 (Expanded Nodes: 4, Evaluated States: 9, Time: 0.026) Frontier Size: 5
f(n) = 2.0 (Expanded Nodes: 11, Evaluated States: 13, Time: 0.051) Frontier Size: 2
f(n) = 3.0 (Expanded Nodes: 18, Evaluated States: 32, Time: 0.069) Frontier Size: 14
f(n) = 4.0 (Expanded Nodes: 31, Evaluated States: 37, Time: 0.076) Frontier Size: 6
f(n) = 5.0 (Expanded Nodes: 50, Evaluated States: 82, Time: 0.093) Frontier Size: 32
f(n) = 6.0 (Expanded Nodes: 92, Evaluated States: 146, Time: 0.105) Frontier Size: 54
f(n) = 7.0 (Expanded Nodes: 164, Evaluated States: 275, Time: 0.133) Frontier Size: 111
f(n) = 8.0 (Expanded Nodes: 264, Evaluated States: 411, Time: 0.163) Frontier Size: 147
f(n) = 9.0 (Expanded Nodes: 461, Evaluated States: 699, Time: 0.208) Frontier Size: 238
f(n) = 10.0 (Expanded Nodes: 720, Evaluated States: 983, Time: 0.242) Frontier Size: 263
Problem Solved

Found Plan:
0.0: (add_action a7)
1.0: (check_added_variables_model a7)
2.0: (move_in_model_move_automata a7)
3.0: (add_action a10)
4.0: (check_added_variables_model a10)
5.0: (move_in_model_move_automata a10)
6.0: (validate_payload t0 a12 t1)
7.0: (sync_actions a12)
8.0: (validate_payload t1 a11 t2)
9.0: (sync_actions a11)
10.0: (add_action a8)
11.0: (check_added_variables_model a8)
12.0: (move_in_model_move_automata a8)
13.0: (validate_payload t2 a1 t3)
14.0: (sync_actions a1)
15.0: (add_action a2)
16.0: (check_added_variables_model a2)
17.0: (move_in_model_move_automata a2)
18.0: (add_action a9)
19.0: (check_added_variables_model a9)
20.0: (move_in_model_move_automata a9)

Plan-Length:21
Metric (Search):10.0
Planning Time (msec): 282
Heuristic Time (msec): 6
Search Time (msec): 279
Expanded Nodes:999
States Evaluated:1357
Number of Dead-Ends detected:0
Number of Duplicates detected:100
/usr/bin/time -v timeout 600 java -Xmx64g -jar ./enhsp3.jar -o ./domain_with_failure.pddl -f ./problems/BasePN-0And-del-5-d7/problem3.pddl -h blind -s WAStar
Domain parsed
Problem parsed
Grounding..
Grounding Time: 3458
UFX:true
|F|:10236
|X|:13
|A|:698
|P|:0
|E|:0
h(I):0.0
f(n) = 1.0 (Expanded Nodes: 4, Evaluated States: 9, Time: 0.022) Frontier Size: 5
f(n) = 2.0 (Expanded Nodes: 11, Evaluated States: 13, Time: 0.053) Frontier Size: 2
f(n) = 3.0 (Expanded Nodes: 18, Evaluated States: 28, Time: 0.068) Frontier Size: 10
f(n) = 4.0 (Expanded Nodes: 27, Evaluated States: 33, Time: 0.076) Frontier Size: 6
f(n) = 5.0 (Expanded Nodes: 46, Evaluated States: 70, Time: 0.094) Frontier Size: 24
f(n) = 6.0 (Expanded Nodes: 72, Evaluated States: 104, Time: 0.103) Frontier Size: 32
f(n) = 7.0 (Expanded Nodes: 108, Evaluated States: 159, Time: 0.122) Frontier Size: 51
f(n) = 8.0 (Expanded Nodes: 168, Evaluated States: 233, Time: 0.136) Frontier Size: 65
f(n) = 9.0 (Expanded Nodes: 233, Evaluated States: 307, Time: 0.162) Frontier Size: 74
f(n) = 10.0 (Expanded Nodes: 332, Evaluated States: 413, Time: 0.187) Frontier Size: 81
Problem Solved

Found Plan:
0.0: (add_action a7)
1.0: (check_added_variables_model a7)
2.0: (move_in_model_move_automata a7)
3.0: (add_action a10)
4.0: (check_added_variables_model a10)
5.0: (move_in_model_move_automata a10)
6.0: (validate_payload t0 a12 t1)
7.0: (sync_actions a12)
8.0: (validate_payload t1 a11 t2)
9.0: (sync_actions a11)
10.0: (add_action a8)
11.0: (check_added_variables_model a8)
12.0: (move_in_model_move_automata a8)
13.0: (validate_payload t2 a1 t3)
14.0: (sync_actions a1)
15.0: (add_action a2)
16.0: (check_added_variables_model a2)
17.0: (move_in_model_move_automata a2)
18.0: (add_action a9)
19.0: (check_added_variables_model a9)
20.0: (move_in_model_move_automata a9)

Plan-Length:21
Metric (Search):10.0
Planning Time (msec): 207
Heuristic Time (msec): 9
Search Time (msec): 205
Expanded Nodes:382
States Evaluated:462
Number of Dead-Ends detected:0
Number of Duplicates detected:68
/usr/bin/time -v timeout 600 java -Xmx64g -jar ./enhsp3.jar -o ./domain_with_failure.pddl -f ./problems/BasePN-0And-del-5-d7/problem4.pddl -h blind -s WAStar
Domain parsed
Problem parsed
Grounding..
Grounding Time: 3434
UFX:true
|F|:10236
|X|:14
|A|:698
|P|:0
|E|:0
h(I):0.0
f(n) = 1.0 (Expanded Nodes: 2, Evaluated States: 8, Time: 0.024) Frontier Size: 6
f(n) = 2.0 (Expanded Nodes: 6, Evaluated States: 8, Time: 0.053) Frontier Size: 2
f(n) = 3.0 (Expanded Nodes: 14, Evaluated States: 36, Time: 0.067) Frontier Size: 22
f(n) = 4.0 (Expanded Nodes: 37, Evaluated States: 72, Time: 0.087) Frontier Size: 35
f(n) = 5.0 (Expanded Nodes: 75, Evaluated States: 131, Time: 0.108) Frontier Size: 56
f(n) = 6.0 (Expanded Nodes: 149, Evaluated States: 274, Time: 0.134) Frontier Size: 125
f(n) = 7.0 (Expanded Nodes: 324, Evaluated States: 612, Time: 0.188) Frontier Size: 288
f(n) = 8.0 (Expanded Nodes: 666, Evaluated States: 1081, Time: 0.232) Frontier Size: 415
f(n) = 9.0 (Expanded Nodes: 1237, Evaluated States: 1826, Time: 0.297) Frontier Size: 589
f(n) = 10.0 (Expanded Nodes: 2080, Evaluated States: 2851, Time: 0.367) Frontier Size: 771
f(n) = 11.0 (Expanded Nodes: 3293, Evaluated States: 4543, Time: 0.453) Frontier Size: 1249
f(n) = 12.0 (Expanded Nodes: 5055, Evaluated States: 7041, Time: 0.587) Frontier Size: 1983
Problem Solved

Found Plan:
0.0: (add_action a7)
1.0: (check_added_variables_model a7)
2.0: (move_in_model_move_automata a7)
3.0: (validate_payload t0 a10 t1)
4.0: (sync_actions a10)
5.0: (add_action a12)
6.0: (move_in_model_parameter a12 sDEC1_1 categorical c2)
7.0: (check_added_variables_model a12)
8.0: (move_in_model_move_automata a12)
9.0: (validate_payload t1 a11 t2)
10.0: (sync_actions a11)
11.0: (add_action a8)
12.0: (check_added_variables_model a8)
13.0: (move_in_model_move_automata a8)
14.0: (add_action a1)
15.0: (move_in_model_parameter a1 sDEC2_2 integer v5)
16.0: (check_added_variables_model a1)
17.0: (move_in_model_move_automata a1)
18.0: (validate_payload t2 a2 t3)
19.0: (sync_actions a2)
20.0: (add_action a9)
21.0: (check_added_variables_model a9)
22.0: (move_in_model_move_automata a9)

Plan-Length:23
Metric (Search):12.0
Planning Time (msec): 592
Heuristic Time (msec): 6
Search Time (msec): 589
Expanded Nodes:5086
States Evaluated:7085
Number of Dead-Ends detected:0
Number of Duplicates detected:426
/usr/bin/time -v timeout 600 java -Xmx64g -jar ./enhsp3.jar -o ./domain_with_failure.pddl -f ./problems/BasePN-0And-del-5-d7/problem5.pddl -h blind -s WAStar
Domain parsed
Problem parsed
Grounding..
Grounding Time: 3232
UFX:true
|F|:10233
|X|:13
|A|:697
|P|:0
|E|:0
h(I):0.0
f(n) = 1.0 (Expanded Nodes: 2, Evaluated States: 8, Time: 0.02) Frontier Size: 6
f(n) = 2.0 (Expanded Nodes: 6, Evaluated States: 8, Time: 0.052) Frontier Size: 2
f(n) = 3.0 (Expanded Nodes: 14, Evaluated States: 35, Time: 0.064) Frontier Size: 21
f(n) = 4.0 (Expanded Nodes: 37, Evaluated States: 71, Time: 0.077) Frontier Size: 34
f(n) = 5.0 (Expanded Nodes: 73, Evaluated States: 118, Time: 0.096) Frontier Size: 45
f(n) = 6.0 (Expanded Nodes: 135, Evaluated States: 226, Time: 0.116) Frontier Size: 91
f(n) = 7.0 (Expanded Nodes: 270, Evaluated States: 440, Time: 0.164) Frontier Size: 170
f(n) = 8.0 (Expanded Nodes: 445, Evaluated States: 688, Time: 0.21) Frontier Size: 243
f(n) = 9.0 (Expanded Nodes: 789, Evaluated States: 1111, Time: 0.274) Frontier Size: 322
f(n) = 10.0 (Expanded Nodes: 1305, Evaluated States: 1636, Time: 0.33) Frontier Size: 331
f(n) = 11.0 (Expanded Nodes: 1850, Evaluated States: 2238, Time: 0.404) Frontier Size: 388
Problem Solved

Found Plan:
0.0: (add_action a7)
1.0: (check_added_variables_model a7)
2.0: (move_in_model_move_automata a7)
3.0: (validate_payload t0 a10 t1)
4.0: (sync_actions a10)
5.0: (add_action a12)
6.0: (move_in_model_parameter a12 sDEC1_1 categorical c2)
7.0: (check_added_variables_model a12)
8.0: (move_in_model_move_automata a12)
9.0: (validate_payload t1 a11 t2)
10.0: (sync_actions a11)
11.0: (add_action a8)
12.0: (check_added_variables_model a8)
13.0: (move_in_model_move_automata a8)
14.0: (add_action a0)
15.0: (check_added_variables_model a0)
16.0: (move_in_model_move_automata a0)
17.0: (add_action a9)
18.0: (check_added_variables_model a9)
19.0: (move_in_model_move_automata a9)

Plan-Length:20
Metric (Search):11.0
Planning Time (msec): 459
Heuristic Time (msec): 7
Search Time (msec): 456
Expanded Nodes:2372
States Evaluated:2872
Number of Dead-Ends detected:0
Number of Duplicates detected:178
/usr/bin/time -v timeout 600 java -Xmx64g -jar ./enhsp3.jar -o ./domain_with_failure.pddl -f ./problems/BasePN-0And-del-5-d7/problem6.pddl -h blind -s WAStar
Domain parsed
Problem parsed
Grounding..
Grounding Time: 3375
UFX:true
|F|:10236
|X|:13
|A|:698
|P|:0
|E|:0
h(I):0.0
f(n) = 1.0 (Expanded Nodes: 6, Evaluated States: 19, Time: 0.028) Frontier Size: 13
f(n) = 2.0 (Expanded Nodes: 33, Evaluated States: 67, Time: 0.071) Frontier Size: 34
f(n) = 3.0 (Expanded Nodes: 82, Evaluated States: 131, Time: 0.099) Frontier Size: 49
f(n) = 4.0 (Expanded Nodes: 171, Evaluated States: 276, Time: 0.141) Frontier Size: 105
f(n) = 5.0 (Expanded Nodes: 298, Evaluated States: 449, Time: 0.182) Frontier Size: 151
f(n) = 6.0 (Expanded Nodes: 470, Evaluated States: 665, Time: 0.222) Frontier Size: 195
f(n) = 7.0 (Expanded Nodes: 710, Evaluated States: 925, Time: 0.282) Frontier Size: 215
f(n) = 8.0 (Expanded Nodes: 986, Evaluated States: 1206, Time: 0.336) Frontier Size: 220
Problem Solved

Found Plan:
0.0: (validate_payload t0 a7 t1)
1.0: (sync_actions a7)
2.0: (add_action a10)
3.0: (check_added_variables_model a10)
4.0: (move_in_model_move_automata a10)
5.0: (validate_payload t1 a12 t2)
6.0: (sync_actions a12)
7.0: (validate_payload t2 a11 t3)
8.0: (sync_actions a11)
9.0: (add_action a8)
10.0: (check_added_variables_model a8)
11.0: (move_in_model_move_automata a8)
12.0: (add_action a0)
13.0: (check_added_variables_model a0)
14.0: (move_in_model_move_automata a0)
15.0: (add_action a9)
16.0: (check_added_variables_model a9)
17.0: (move_in_model_move_automata a9)

Plan-Length:18
Metric (Search):8.0
Planning Time (msec): 360
Heuristic Time (msec): 6
Search Time (msec): 354
Expanded Nodes:1084
States Evaluated:1296
Number of Dead-Ends detected:0
Number of Duplicates detected:151
/usr/bin/time -v timeout 600 java -Xmx64g -jar ./enhsp3.jar -o ./domain_with_failure.pddl -f ./problems/BasePN-0And-del-5-d7/problem7.pddl -h blind -s WAStar
Domain parsed
Problem parsed
Grounding..
Grounding Time: 3456
UFX:true
|F|:10236
|X|:14
|A|:698
|P|:0
|E|:0
h(I):0.0
f(n) = 1.0 (Expanded Nodes: 2, Evaluated States: 8, Time: 0.027) Frontier Size: 6
f(n) = 2.0 (Expanded Nodes: 6, Evaluated States: 8, Time: 0.052) Frontier Size: 2
f(n) = 3.0 (Expanded Nodes: 12, Evaluated States: 23, Time: 0.066) Frontier Size: 11
f(n) = 4.0 (Expanded Nodes: 19, Evaluated States: 25, Time: 0.069) Frontier Size: 6
f(n) = 5.0 (Expanded Nodes: 33, Evaluated States: 55, Time: 0.084) Frontier Size: 22
f(n) = 6.0 (Expanded Nodes: 46, Evaluated States: 58, Time: 0.086) Frontier Size: 12
f(n) = 7.0 (Expanded Nodes: 72, Evaluated States: 104, Time: 0.104) Frontier Size: 32
f(n) = 8.0 (Expanded Nodes: 100, Evaluated States: 142, Time: 0.112) Frontier Size: 42
f(n) = 9.0 (Expanded Nodes: 154, Evaluated States: 221, Time: 0.142) Frontier Size: 67
f(n) = 10.0 (Expanded Nodes: 231, Evaluated States: 366, Time: 0.164) Frontier Size: 135
f(n) = 11.0 (Expanded Nodes: 405, Evaluated States: 593, Time: 0.215) Frontier Size: 188
Problem Solved

Found Plan:
0.0: (add_action a7)
1.0: (check_added_variables_model a7)
2.0: (move_in_model_move_automata a7)
3.0: (add_action a10)
4.0: (check_added_variables_model a10)
5.0: (move_in_model_move_automata a10)
6.0: (add_action a12)
7.0: (move_in_model_parameter a12 sDEC1_1 categorical c2)
8.0: (check_added_variables_model a12)
9.0: (move_in_model_move_automata a12)
10.0: (validate_payload t0 a11 t1)
11.0: (sync_actions a11)
12.0: (add_action a8)
13.0: (check_added_variables_model a8)
14.0: (move_in_model_move_automata a8)
15.0: (validate_payload t1 a1 t2)
16.0: (sync_actions a1)
17.0: (validate_payload t2 a2 t3)
18.0: (sync_actions a2)
19.0: (add_action a9)
20.0: (check_added_variables_model a9)
21.0: (move_in_model_move_automata a9)

Plan-Length:22
Metric (Search):11.0
Planning Time (msec): 246
Heuristic Time (msec): 6
Search Time (msec): 239
Expanded Nodes:500
States Evaluated:709
Number of Dead-Ends detected:0
Number of Duplicates detected:43
/usr/bin/time -v timeout 600 java -Xmx64g -jar ./enhsp3.jar -o ./domain_with_failure.pddl -f ./problems/BasePN-0And-del-5-d7/problem8.pddl -h blind -s WAStar
Domain parsed
Problem parsed
Grounding..
Grounding Time: 3428
UFX:true
|F|:10236
|X|:14
|A|:698
|P|:0
|E|:0
h(I):0.0
f(n) = 1.0 (Expanded Nodes: 6, Evaluated States: 26, Time: 0.025) Frontier Size: 20
f(n) = 2.0 (Expanded Nodes: 42, Evaluated States: 126, Time: 0.078) Frontier Size: 84
f(n) = 3.0 (Expanded Nodes: 139, Evaluated States: 296, Time: 0.119) Frontier Size: 157
f(n) = 4.0 (Expanded Nodes: 312, Evaluated States: 555, Time: 0.165) Frontier Size: 243
f(n) = 5.0 (Expanded Nodes: 650, Evaluated States: 1127, Time: 0.222) Frontier Size: 477
f(n) = 6.0 (Expanded Nodes: 1255, Evaluated States: 2043, Time: 0.298) Frontier Size: 788
f(n) = 7.0 (Expanded Nodes: 2162, Evaluated States: 3261, Time: 0.4) Frontier Size: 1099
f(n) = 8.0 (Expanded Nodes: 3761, Evaluated States: 5097, Time: 0.507) Frontier Size: 1336
f(n) = 9.0 (Expanded Nodes: 5902, Evaluated States: 7323, Time: 0.664) Frontier Size: 1421
Problem Solved

Found Plan:
0.0: (validate_payload t0 a7 t1)
1.0: (sync_actions a7)
2.0: (validate_payload t1 a10 t2)
3.0: (sync_actions a10)
4.0: (add_action a12)
5.0: (move_in_model_parameter a12 sDEC1_1 categorical c2)
6.0: (check_added_variables_model a12)
7.0: (move_in_model_move_automata a12)
8.0: (validate_payload t2 a11 t3)
9.0: (sync_actions a11)
10.0: (add_action a8)
11.0: (check_added_variables_model a8)
12.0: (move_in_model_move_automata a8)
13.0: (add_action a0)
14.0: (check_added_variables_model a0)
15.0: (move_in_model_move_automata a0)
16.0: (add_action a9)
17.0: (check_added_variables_model a9)
18.0: (move_in_model_move_automata a9)

Plan-Length:19
Metric (Search):9.0
Planning Time (msec): 755
Heuristic Time (msec): 12
Search Time (msec): 747
Expanded Nodes:7323
States Evaluated:8877
Number of Dead-Ends detected:0
Number of Duplicates detected:471
/usr/bin/time -v timeout 600 java -Xmx64g -jar ./enhsp3.jar -o ./domain_with_failure.pddl -f ./problems/BasePN-0And-del-5-d7/problem9.pddl -h blind -s WAStar
Domain parsed
Problem parsed
Grounding..
Grounding Time: 3311
UFX:true
|F|:10233
|X|:12
|A|:697
|P|:0
|E|:0
h(I):0.0
f(n) = 2.0 (Expanded Nodes: 2, Evaluated States: 4, Time: 0.018) Frontier Size: 2
f(n) = 3.0 (Expanded Nodes: 10, Evaluated States: 27, Time: 0.065) Frontier Size: 17
f(n) = 4.0 (Expanded Nodes: 21, Evaluated States: 29, Time: 0.077) Frontier Size: 8
f(n) = 5.0 (Expanded Nodes: 41, Evaluated States: 68, Time: 0.091) Frontier Size: 27
f(n) = 6.0 (Expanded Nodes: 67, Evaluated States: 100, Time: 0.1) Frontier Size: 33
f(n) = 7.0 (Expanded Nodes: 114, Evaluated States: 166, Time: 0.119) Frontier Size: 52
f(n) = 8.0 (Expanded Nodes: 169, Evaluated States: 228, Time: 0.133) Frontier Size: 59
f(n) = 9.0 (Expanded Nodes: 261, Evaluated States: 327, Time: 0.151) Frontier Size: 66
f(n) = 10.0 (Expanded Nodes: 353, Evaluated States: 416, Time: 0.166) Frontier Size: 63
f(n) = 11.0 (Expanded Nodes: 442, Evaluated States: 506, Time: 0.176) Frontier Size: 64
Problem Solved

Found Plan:
0.0: (add_action a7)
1.0: (check_added_variables_model a7)
2.0: (move_in_model_move_automata a7)
3.0: (validate_payload t0 a10 t1)
4.0: (sync_actions a10)
5.0: (add_action a12)
6.0: (move_in_model_parameter a12 sDEC1_1 categorical c2)
7.0: (check_added_variables_model a12)
8.0: (move_in_model_move_automata a12)
9.0: (validate_payload t1 a11 t2)
10.0: (sync_actions a11)
11.0: (add_action a8)
12.0: (check_added_variables_model a8)
13.0: (move_in_model_move_automata a8)
14.0: (add_action a0)
15.0: (check_added_variables_model a0)
16.0: (move_in_model_move_automata a0)
17.0: (add_action a9)
18.0: (check_added_variables_model a9)
19.0: (move_in_model_move_automata a9)

Plan-Length:20
Metric (Search):11.0
Planning Time (msec): 202
Heuristic Time (msec): 7
Search Time (msec): 188
Expanded Nodes:530
States Evaluated:593
Number of Dead-Ends detected:0
Number of Duplicates detected:68
/usr/bin/time -v timeout 600 java -Xmx64g -jar ./enhsp3.jar -o ./domain_with_failure.pddl -f ./problems/BasePN-0And-del-5-d7/problem10.pddl -h blind -s WAStar
Domain parsed
Problem parsed
Grounding..
Grounding Time: 3398
UFX:true
|F|:10233
|X|:12
|A|:697
|P|:0
|E|:0
h(I):0.0
f(n) = 1.0 (Expanded Nodes: 2, Evaluated States: 7, Time: 0.021) Frontier Size: 5
f(n) = 2.0 (Expanded Nodes: 5, Evaluated States: 7, Time: 0.052) Frontier Size: 2
f(n) = 3.0 (Expanded Nodes: 11, Evaluated States: 21, Time: 0.061) Frontier Size: 10
f(n) = 4.0 (Expanded Nodes: 17, Evaluated States: 23, Time: 0.07) Frontier Size: 6
f(n) = 5.0 (Expanded Nodes: 31, Evaluated States: 50, Time: 0.085) Frontier Size: 19
f(n) = 6.0 (Expanded Nodes: 42, Evaluated States: 53, Time: 0.087) Frontier Size: 11
f(n) = 7.0 (Expanded Nodes: 65, Evaluated States: 89, Time: 0.103) Frontier Size: 24
f(n) = 8.0 (Expanded Nodes: 81, Evaluated States: 100, Time: 0.111) Frontier Size: 19
f(n) = 9.0 (Expanded Nodes: 113, Evaluated States: 139, Time: 0.121) Frontier Size: 26
f(n) = 10.0 (Expanded Nodes: 138, Evaluated States: 176, Time: 0.13) Frontier Size: 38
f(n) = 11.0 (Expanded Nodes: 182, Evaluated States: 239, Time: 0.147) Frontier Size: 57
Problem Solved

Found Plan:
0.0: (add_action a7)
1.0: (check_added_variables_model a7)
2.0: (move_in_model_move_automata a7)
3.0: (add_action a10)
4.0: (check_added_variables_model a10)
5.0: (move_in_model_move_automata a10)
6.0: (add_action a12)
7.0: (move_in_model_parameter a12 sDEC1_1 categorical c2)
8.0: (check_added_variables_model a12)
9.0: (move_in_model_move_automata a12)
10.0: (add_action a11)
11.0: (check_added_variables_model a11)
12.0: (move_in_model_move_automata a11)
13.0: (validate_payload t0 a8 t1)
14.0: (sync_actions a8)
15.0: (add_action a0)
16.0: (check_added_variables_model a0)
17.0: (move_in_model_move_automata a0)
18.0: (validate_payload t1 a9 t2)
19.0: (sync_actions a9)

Plan-Length:20
Metric (Search):11.0
Planning Time (msec): 154
Heuristic Time (msec): 11
Search Time (msec): 153
Expanded Nodes:214
States Evaluated:285
Number of Dead-Ends detected:0
Number of Duplicates detected:26
/usr/bin/time -v timeout 600 java -Xmx64g -jar ./enhsp3.jar -o ./domain_with_failure.pddl -f ./problems/BasePN-0And-del-5-d7/problem11.pddl -h blind -s WAStar
Domain parsed
Problem parsed
Grounding..
Grounding Time: 3435
UFX:true
|F|:10236
|X|:13
|A|:698
|P|:0
|E|:0
h(I):0.0
f(n) = 2.0 (Expanded Nodes: 2, Evaluated States: 4, Time: 0.025) Frontier Size: 2
f(n) = 3.0 (Expanded Nodes: 8, Evaluated States: 15, Time: 0.066) Frontier Size: 7
f(n) = 4.0 (Expanded Nodes: 11, Evaluated States: 17, Time: 0.068) Frontier Size: 6
f(n) = 5.0 (Expanded Nodes: 25, Evaluated States: 39, Time: 0.085) Frontier Size: 14
f(n) = 6.0 (Expanded Nodes: 30, Evaluated States: 42, Time: 0.09) Frontier Size: 12
f(n) = 7.0 (Expanded Nodes: 54, Evaluated States: 75, Time: 0.101) Frontier Size: 21
f(n) = 8.0 (Expanded Nodes: 64, Evaluated States: 83, Time: 0.109) Frontier Size: 19
f(n) = 9.0 (Expanded Nodes: 96, Evaluated States: 121, Time: 0.123) Frontier Size: 25
f(n) = 10.0 (Expanded Nodes: 113, Evaluated States: 134, Time: 0.134) Frontier Size: 21
f(n) = 11.0 (Expanded Nodes: 151, Evaluated States: 184, Time: 0.146) Frontier Size: 33
Problem Solved

Found Plan:
0.0: (add_action a7)
1.0: (check_added_variables_model a7)
2.0: (move_in_model_move_automata a7)
3.0: (add_action a10)
4.0: (check_added_variables_model a10)
5.0: (move_in_model_move_automata a10)
6.0: (add_action a12)
7.0: (move_in_model_parameter a12 sDEC1_1 categorical c2)
8.0: (check_added_variables_model a12)
9.0: (move_in_model_move_automata a12)
10.0: (add_action a11)
11.0: (check_added_variables_model a11)
12.0: (move_in_model_move_automata a11)
13.0: (add_action a8)
14.0: (check_added_variables_model a8)
15.0: (move_in_model_move_automata a8)
16.0: (validate_payload t0 a1 t1)
17.0: (sync_actions a1)
18.0: (validate_payload t1 a2 t2)
19.0: (sync_actions a2)
20.0: (validate_payload t2 a9 t3)
21.0: (sync_actions a9)

Plan-Length:22
Metric (Search):11.0
Planning Time (msec): 165
Heuristic Time (msec): 7
Search Time (msec): 154
Expanded Nodes:175
States Evaluated:210
Number of Dead-Ends detected:0
Number of Duplicates detected:34
/usr/bin/time -v timeout 600 java -Xmx64g -jar ./enhsp3.jar -o ./domain_with_failure.pddl -f ./problems/BasePN-0And-del-5-d7/problem12.pddl -h blind -s WAStar
Domain parsed
Problem parsed
Grounding..
Grounding Time: 3383
UFX:true
|F|:10236
|X|:11
|A|:698
|P|:0
|E|:0
h(I):0.0
f(n) = 2.0 (Expanded Nodes: 2, Evaluated States: 4, Time: 0.025) Frontier Size: 2
f(n) = 3.0 (Expanded Nodes: 10, Evaluated States: 19, Time: 0.076) Frontier Size: 9
f(n) = 4.0 (Expanded Nodes: 13, Evaluated States: 21, Time: 0.077) Frontier Size: 8
f(n) = 5.0 (Expanded Nodes: 33, Evaluated States: 55, Time: 0.1) Frontier Size: 22
f(n) = 6.0 (Expanded Nodes: 43, Evaluated States: 66, Time: 0.102) Frontier Size: 23
f(n) = 7.0 (Expanded Nodes: 81, Evaluated States: 118, Time: 0.131) Frontier Size: 37
f(n) = 8.0 (Expanded Nodes: 105, Evaluated States: 139, Time: 0.139) Frontier Size: 34
f(n) = 9.0 (Expanded Nodes: 160, Evaluated States: 204, Time: 0.164) Frontier Size: 44
Problem Solved

Found Plan:
0.0: (add_action a7)
1.0: (check_added_variables_model a7)
2.0: (move_in_model_move_automata a7)
3.0: (validate_payload t0 a10 t1)
4.0: (sync_actions a10)
5.0: (add_action a12)
6.0: (move_in_model_parameter a12 sDEC1_1 categorical c2)
7.0: (check_added_variables_model a12)
8.0: (move_in_model_move_automata a12)
9.0: (validate_payload t1 a11 t2)
10.0: (sync_actions a11)
11.0: (add_action a8)
12.0: (check_added_variables_model a8)
13.0: (move_in_model_move_automata a8)
14.0: (add_action a0)
15.0: (check_added_variables_model a0)
16.0: (move_in_model_move_automata a0)
17.0: (validate_payload t2 a9 t3)
18.0: (sync_actions a9)

Plan-Length:19
Metric (Search):9.0
Planning Time (msec): 174
Heuristic Time (msec): 8
Search Time (msec): 171
Expanded Nodes:197
States Evaluated:234
Number of Dead-Ends detected:0
Number of Duplicates detected:40
/usr/bin/time -v timeout 600 java -Xmx64g -jar ./enhsp3.jar -o ./domain_with_failure.pddl -f ./problems/BasePN-0And-del-5-d7/problem13.pddl -h blind -s WAStar
Domain parsed
Problem parsed
Grounding..
Grounding Time: 3397
UFX:true
|F|:10236
|X|:13
|A|:698
|P|:0
|E|:0
h(I):0.0
f(n) = 1.0 (Expanded Nodes: 2, Evaluated States: 8, Time: 0.021) Frontier Size: 6
f(n) = 2.0 (Expanded Nodes: 6, Evaluated States: 8, Time: 0.059) Frontier Size: 2
f(n) = 3.0 (Expanded Nodes: 12, Evaluated States: 23, Time: 0.075) Frontier Size: 11
f(n) = 4.0 (Expanded Nodes: 19, Evaluated States: 25, Time: 0.078) Frontier Size: 6
f(n) = 5.0 (Expanded Nodes: 33, Evaluated States: 55, Time: 0.096) Frontier Size: 22
f(n) = 6.0 (Expanded Nodes: 46, Evaluated States: 58, Time: 0.102) Frontier Size: 12
f(n) = 7.0 (Expanded Nodes: 72, Evaluated States: 104, Time: 0.121) Frontier Size: 32
f(n) = 8.0 (Expanded Nodes: 100, Evaluated States: 142, Time: 0.131) Frontier Size: 42
f(n) = 9.0 (Expanded Nodes: 154, Evaluated States: 221, Time: 0.153) Frontier Size: 67
f(n) = 10.0 (Expanded Nodes: 231, Evaluated States: 366, Time: 0.177) Frontier Size: 135
f(n) = 11.0 (Expanded Nodes: 405, Evaluated States: 593, Time: 0.238) Frontier Size: 188
Problem Solved

Found Plan:
0.0: (add_action a7)
1.0: (check_added_variables_model a7)
2.0: (move_in_model_move_automata a7)
3.0: (add_action a10)
4.0: (check_added_variables_model a10)
5.0: (move_in_model_move_automata a10)
6.0: (add_action a12)
7.0: (move_in_model_parameter a12 sDEC1_1 categorical c2)
8.0: (check_added_variables_model a12)
9.0: (move_in_model_move_automata a12)
10.0: (validate_payload t0 a11 t1)
11.0: (sync_actions a11)
12.0: (add_action a8)
13.0: (check_added_variables_model a8)
14.0: (move_in_model_move_automata a8)
15.0: (validate_payload t1 a1 t2)
16.0: (sync_actions a1)
17.0: (validate_payload t2 a2 t3)
18.0: (sync_actions a2)
19.0: (add_action a9)
20.0: (check_added_variables_model a9)
21.0: (move_in_model_move_automata a9)

Plan-Length:22
Metric (Search):11.0
Planning Time (msec): 264
Heuristic Time (msec): 7
Search Time (msec): 260
Expanded Nodes:500
States Evaluated:709
Number of Dead-Ends detected:0
Number of Duplicates detected:43
/usr/bin/time -v timeout 600 java -Xmx64g -jar ./enhsp3.jar -o ./domain_with_failure.pddl -f ./problems/BasePN-0And-del-5-d7/problem14.pddl -h blind -s WAStar
Domain parsed
Problem parsed
Grounding..
Grounding Time: 3373
UFX:true
|F|:10236
|X|:14
|A|:698
|P|:0
|E|:0
h(I):0.0
f(n) = 1.0 (Expanded Nodes: 4, Evaluated States: 18, Time: 0.02) Frontier Size: 14
f(n) = 2.0 (Expanded Nodes: 20, Evaluated States: 58, Time: 0.062) Frontier Size: 38
f(n) = 3.0 (Expanded Nodes: 51, Evaluated States: 103, Time: 0.09) Frontier Size: 52
f(n) = 4.0 (Expanded Nodes: 112, Evaluated States: 211, Time: 0.109) Frontier Size: 99
f(n) = 5.0 (Expanded Nodes: 203, Evaluated States: 312, Time: 0.137) Frontier Size: 109
f(n) = 6.0 (Expanded Nodes: 361, Evaluated States: 613, Time: 0.185) Frontier Size: 252
f(n) = 7.0 (Expanded Nodes: 664, Evaluated States: 1161, Time: 0.271) Frontier Size: 497
f(n) = 8.0 (Expanded Nodes: 1242, Evaluated States: 2092, Time: 0.381) Frontier Size: 850
f(n) = 9.0 (Expanded Nodes: 2261, Evaluated States: 3411, Time: 0.527) Frontier Size: 1150
f(n) = 10.0 (Expanded Nodes: 3929, Evaluated States: 5276, Time: 0.691) Frontier Size: 1347
Problem Solved

Found Plan:
0.0: (validate_payload t0 a7 t1)
1.0: (sync_actions a7)
2.0: (add_action a10)
3.0: (check_added_variables_model a10)
4.0: (move_in_model_move_automata a10)
5.0: (add_action a12)
6.0: (move_in_model_parameter a12 sDEC1_1 categorical c2)
7.0: (check_added_variables_model a12)
8.0: (move_in_model_move_automata a12)
9.0: (change_value a11 integer v5)
10.0: (validate_payload t1 a11 t2)
11.0: (sync_actions a11)
12.0: (validate_payload t2 a8 t3)
13.0: (sync_actions a8)
14.0: (add_action a0)
15.0: (check_added_variables_model a0)
16.0: (move_in_model_move_automata a0)
17.0: (add_action a9)
18.0: (check_added_variables_model a9)
19.0: (move_in_model_move_automata a9)

Plan-Length:20
Metric (Search):10.0
Planning Time (msec): 817
Heuristic Time (msec): 8
Search Time (msec): 811
Expanded Nodes:5154
States Evaluated:6411
Number of Dead-Ends detected:0
Number of Duplicates detected:332
/usr/bin/time -v timeout 600 java -Xmx64g -jar ./enhsp3.jar -o ./domain_with_failure.pddl -f ./problems/BasePN-0And-del-5-d7/problem15.pddl -h blind -s WAStar
Domain parsed
Problem parsed
Grounding..
Grounding Time: 3169
UFX:true
|F|:10236
|X|:13
|A|:698
|P|:0
|E|:0
h(I):0.0
f(n) = 1.0 (Expanded Nodes: 2, Evaluated States: 8, Time: 0.024) Frontier Size: 6
f(n) = 2.0 (Expanded Nodes: 6, Evaluated States: 8, Time: 0.053) Frontier Size: 2
f(n) = 3.0 (Expanded Nodes: 14, Evaluated States: 35, Time: 0.067) Frontier Size: 21
f(n) = 4.0 (Expanded Nodes: 37, Evaluated States: 71, Time: 0.083) Frontier Size: 34
f(n) = 5.0 (Expanded Nodes: 73, Evaluated States: 122, Time: 0.102) Frontier Size: 49
f(n) = 6.0 (Expanded Nodes: 139, Evaluated States: 252, Time: 0.125) Frontier Size: 113
f(n) = 7.0 (Expanded Nodes: 291, Evaluated States: 524, Time: 0.171) Frontier Size: 233
f(n) = 8.0 (Expanded Nodes: 528, Evaluated States: 923, Time: 0.204) Frontier Size: 395
f(n) = 9.0 (Expanded Nodes: 1031, Evaluated States: 1645, Time: 0.262) Frontier Size: 614
f(n) = 10.0 (Expanded Nodes: 1821, Evaluated States: 2625, Time: 0.332) Frontier Size: 804
f(n) = 11.0 (Expanded Nodes: 3022, Evaluated States: 4143, Time: 0.432) Frontier Size: 1120
f(n) = 12.0 (Expanded Nodes: 4625, Evaluated States: 6058, Time: 0.54) Frontier Size: 1426
Problem Solved

Found Plan:
0.0: (add_action a7)
1.0: (check_added_variables_model a7)
2.0: (move_in_model_move_automata a7)
3.0: (validate_payload t0 a10 t1)
4.0: (sync_actions a10)
5.0: (add_action a12)
6.0: (move_in_model_parameter a12 sDEC1_1 categorical c2)
7.0: (check_added_variables_model a12)
8.0: (move_in_model_move_automata a12)
9.0: (validate_payload t1 a11 t2)
10.0: (sync_actions a11)
11.0: (add_action a8)
12.0: (check_added_variables_model a8)
13.0: (move_in_model_move_automata a8)
14.0: (validate_payload t2 a1 t3)
15.0: (sync_actions a1)
16.0: (add_action a2)
17.0: (move_in_model_parameter a2 sDEC6_2 integer v15)
18.0: (check_added_variables_model a2)
19.0: (move_in_model_move_automata a2)
20.0: (add_action a9)
21.0: (check_added_variables_model a9)
22.0: (move_in_model_move_automata a9)

Plan-Length:23
Metric (Search):12.0
Planning Time (msec): 595
Heuristic Time (msec): 8
Search Time (msec): 589
Expanded Nodes:5160
States Evaluated:6624
Number of Dead-Ends detected:0
Number of Duplicates detected:467
/usr/bin/time -v timeout 600 java -Xmx64g -jar ./enhsp3.jar -o ./domain_with_failure.pddl -f ./problems/BasePN-0And-del-5-d7/problem16.pddl -h blind -s WAStar
Domain parsed
Problem parsed
Grounding..
Grounding Time: 3481
UFX:true
|F|:10236
|X|:13
|A|:698
|P|:0
|E|:0
h(I):0.0
f(n) = 1.0 (Expanded Nodes: 2, Evaluated States: 8, Time: 0.024) Frontier Size: 6
f(n) = 2.0 (Expanded Nodes: 6, Evaluated States: 8, Time: 0.053) Frontier Size: 2
f(n) = 3.0 (Expanded Nodes: 12, Evaluated States: 23, Time: 0.063) Frontier Size: 11
f(n) = 4.0 (Expanded Nodes: 19, Evaluated States: 25, Time: 0.069) Frontier Size: 6
f(n) = 5.0 (Expanded Nodes: 33, Evaluated States: 55, Time: 0.086) Frontier Size: 22
f(n) = 6.0 (Expanded Nodes: 46, Evaluated States: 58, Time: 0.088) Frontier Size: 12
f(n) = 7.0 (Expanded Nodes: 74, Evaluated States: 111, Time: 0.111) Frontier Size: 37
f(n) = 8.0 (Expanded Nodes: 117, Evaluated States: 173, Time: 0.128) Frontier Size: 56
f(n) = 9.0 (Expanded Nodes: 204, Evaluated States: 286, Time: 0.155) Frontier Size: 82
f(n) = 10.0 (Expanded Nodes: 303, Evaluated States: 414, Time: 0.181) Frontier Size: 111
f(n) = 11.0 (Expanded Nodes: 450, Evaluated States: 596, Time: 0.221) Frontier Size: 146
Problem Solved

Found Plan:
0.0: (add_action a7)
1.0: (check_added_variables_model a7)
2.0: (move_in_model_move_automata a7)
3.0: (add_action a10)
4.0: (check_added_variables_model a10)
5.0: (move_in_model_move_automata a10)
6.0: (add_action a12)
7.0: (move_in_model_parameter a12 sDEC1_1 categorical c2)
8.0: (check_added_variables_model a12)
9.0: (move_in_model_move_automata a12)
10.0: (validate_payload t0 a11 t1)
11.0: (sync_actions a11)
12.0: (add_action a8)
13.0: (check_added_variables_model a8)
14.0: (move_in_model_move_automata a8)
15.0: (add_action a1)
16.0: (check_added_variables_model a1)
17.0: (move_in_model_move_automata a1)
18.0: (validate_payload t1 a2 t2)
19.0: (sync_actions a2)
20.0: (validate_payload t2 a9 t3)
21.0: (sync_actions a9)

Plan-Length:22
Metric (Search):11.0
Planning Time (msec): 258
Heuristic Time (msec): 8
Search Time (msec): 255
Expanded Nodes:645
States Evaluated:874
Number of Dead-Ends detected:0
Number of Duplicates detected:66
/usr/bin/time -v timeout 600 java -Xmx64g -jar ./enhsp3.jar -o ./domain_with_failure.pddl -f ./problems/BasePN-0And-del-5-d7/problem17.pddl -h blind -s WAStar
Domain parsed
Problem parsed
Grounding..
Grounding Time: 3250
UFX:true
|F|:10236
|X|:13
|A|:698
|P|:0
|E|:0
h(I):0.0
f(n) = 1.0 (Expanded Nodes: 2, Evaluated States: 8, Time: 0.018) Frontier Size: 6
f(n) = 2.0 (Expanded Nodes: 6, Evaluated States: 8, Time: 0.049) Frontier Size: 2
f(n) = 3.0 (Expanded Nodes: 12, Evaluated States: 23, Time: 0.059) Frontier Size: 11
f(n) = 4.0 (Expanded Nodes: 19, Evaluated States: 25, Time: 0.067) Frontier Size: 6
f(n) = 5.0 (Expanded Nodes: 33, Evaluated States: 55, Time: 0.077) Frontier Size: 22
f(n) = 6.0 (Expanded Nodes: 46, Evaluated States: 58, Time: 0.087) Frontier Size: 12
f(n) = 7.0 (Expanded Nodes: 74, Evaluated States: 111, Time: 0.105) Frontier Size: 37
f(n) = 8.0 (Expanded Nodes: 117, Evaluated States: 173, Time: 0.115) Frontier Size: 56
f(n) = 9.0 (Expanded Nodes: 204, Evaluated States: 286, Time: 0.144) Frontier Size: 82
f(n) = 10.0 (Expanded Nodes: 303, Evaluated States: 414, Time: 0.17) Frontier Size: 111
f(n) = 11.0 (Expanded Nodes: 450, Evaluated States: 596, Time: 0.21) Frontier Size: 146
Problem Solved

Found Plan:
0.0: (add_action a7)
1.0: (check_added_variables_model a7)
2.0: (move_in_model_move_automata a7)
3.0: (add_action a10)
4.0: (check_added_variables_model a10)
5.0: (move_in_model_move_automata a10)
6.0: (add_action a12)
7.0: (move_in_model_parameter a12 sDEC1_1 categorical c2)
8.0: (check_added_variables_model a12)
9.0: (move_in_model_move_automata a12)
10.0: (validate_payload t0 a11 t1)
11.0: (sync_actions a11)
12.0: (add_action a8)
13.0: (check_added_variables_model a8)
14.0: (move_in_model_move_automata a8)
15.0: (add_action a1)
16.0: (check_added_variables_model a1)
17.0: (move_in_model_move_automata a1)
18.0: (validate_payload t1 a2 t2)
19.0: (sync_actions a2)
20.0: (validate_payload t2 a9 t3)
21.0: (sync_actions a9)

Plan-Length:22
Metric (Search):11.0
Planning Time (msec): 269
Heuristic Time (msec): 5
Search Time (msec): 257
Expanded Nodes:645
States Evaluated:874
Number of Dead-Ends detected:0
Number of Duplicates detected:66
/usr/bin/time -v timeout 600 java -Xmx64g -jar ./enhsp3.jar -o ./domain_with_failure.pddl -f ./problems/BasePN-0And-del-5-d7/problem18.pddl -h blind -s WAStar
Domain parsed
Problem parsed
Grounding..
Grounding Time: 3485
UFX:true
|F|:10236
|X|:11
|A|:698
|P|:0
|E|:0
h(I):0.0
f(n) = 2.0 (Expanded Nodes: 2, Evaluated States: 4, Time: 0.018) Frontier Size: 2
f(n) = 3.0 (Expanded Nodes: 8, Evaluated States: 15, Time: 0.057) Frontier Size: 7
f(n) = 4.0 (Expanded Nodes: 11, Evaluated States: 17, Time: 0.059) Frontier Size: 6
f(n) = 5.0 (Expanded Nodes: 25, Evaluated States: 39, Time: 0.073) Frontier Size: 14
f(n) = 6.0 (Expanded Nodes: 30, Evaluated States: 42, Time: 0.075) Frontier Size: 12
f(n) = 7.0 (Expanded Nodes: 56, Evaluated States: 80, Time: 0.095) Frontier Size: 24
f(n) = 8.0 (Expanded Nodes: 68, Evaluated States: 92, Time: 0.097) Frontier Size: 24
f(n) = 9.0 (Expanded Nodes: 106, Evaluated States: 140, Time: 0.114) Frontier Size: 34
f(n) = 10.0 (Expanded Nodes: 129, Evaluated States: 160, Time: 0.122) Frontier Size: 31
f(n) = 11.0 (Expanded Nodes: 178, Evaluated States: 222, Time: 0.14) Frontier Size: 44
Problem Solved

Found Plan:
0.0: (add_action a7)
1.0: (check_added_variables_model a7)
2.0: (move_in_model_move_automata a7)
3.0: (add_action a10)
4.0: (check_added_variables_model a10)
5.0: (move_in_model_move_automata a10)
6.0: (add_action a12)
7.0: (move_in_model_parameter a12 sDEC1_1 categorical c2)
8.0: (check_added_variables_model a12)
9.0: (move_in_model_move_automata a12)
10.0: (validate_payload t0 a11 t1)
11.0: (sync_actions a11)
12.0: (add_action a8)
13.0: (check_added_variables_model a8)
14.0: (move_in_model_move_automata a8)
15.0: (add_action a1)
16.0: (check_added_variables_model a1)
17.0: (move_in_model_move_automata a1)
18.0: (validate_payload t1 a2 t2)
19.0: (sync_actions a2)
20.0: (validate_payload t2 a9 t3)
21.0: (sync_actions a9)

Plan-Length:22
Metric (Search):11.0
Planning Time (msec): 154
Heuristic Time (msec): 8
Search Time (msec): 148
Expanded Nodes:213
States Evaluated:255
Number of Dead-Ends detected:0
Number of Duplicates detected:44
/usr/bin/time -v timeout 600 java -Xmx64g -jar ./enhsp3.jar -o ./domain_with_failure.pddl -f ./problems/BasePN-0And-del-5-d7/problem19.pddl -h blind -s WAStar
Domain parsed
Problem parsed
Grounding..
Grounding Time: 3256
UFX:true
|F|:10236
|X|:12
|A|:698
|P|:0
|E|:0
h(I):0.0
f(n) = 2.0 (Expanded Nodes: 4, Evaluated States: 10, Time: 0.023) Frontier Size: 6
f(n) = 3.0 (Expanded Nodes: 19, Evaluated States: 36, Time: 0.075) Frontier Size: 17
f(n) = 4.0 (Expanded Nodes: 25, Evaluated States: 40, Time: 0.078) Frontier Size: 15
f(n) = 5.0 (Expanded Nodes: 57, Evaluated States: 83, Time: 0.095) Frontier Size: 26
f(n) = 6.0 (Expanded Nodes: 69, Evaluated States: 92, Time: 0.103) Frontier Size: 23
f(n) = 7.0 (Expanded Nodes: 111, Evaluated States: 139, Time: 0.121) Frontier Size: 28
f(n) = 8.0 (Expanded Nodes: 133, Evaluated States: 156, Time: 0.129) Frontier Size: 23
f(n) = 9.0 (Expanded Nodes: 170, Evaluated States: 195, Time: 0.144) Frontier Size: 25
f(n) = 10.0 (Expanded Nodes: 196, Evaluated States: 215, Time: 0.147) Frontier Size: 19
f(n) = 11.0 (Expanded Nodes: 227, Evaluated States: 257, Time: 0.156) Frontier Size: 30
Problem Solved

Found Plan:
0.0: (validate_payload t0 a7 t1)
1.0: (sync_actions a7)
2.0: (add_action a10)
3.0: (check_added_variables_model a10)
4.0: (move_in_model_move_automata a10)
5.0: (add_action a12)
6.0: (move_in_model_parameter a12 sDEC1_1 categorical c2)
7.0: (check_added_variables_model a12)
8.0: (move_in_model_move_automata a12)
9.0: (add_action a11)
10.0: (check_added_variables_model a11)
11.0: (move_in_model_move_automata a11)
12.0: (add_action a8)
13.0: (check_added_variables_model a8)
14.0: (move_in_model_move_automata a8)
15.0: (add_action a1)
16.0: (check_added_variables_model a1)
17.0: (move_in_model_move_automata a1)
18.0: (validate_payload t1 a2 t2)
19.0: (sync_actions a2)
20.0: (validate_payload t2 a9 t3)
21.0: (sync_actions a9)

Plan-Length:22
Metric (Search):11.0
Planning Time (msec): 173
Heuristic Time (msec): 7
Search Time (msec): 169
Expanded Nodes:252
States Evaluated:285
Number of Dead-Ends detected:0
Number of Duplicates detected:55
/usr/bin/time -v timeout 600 java -Xmx64g -jar ./enhsp3.jar -o ./domain_with_failure.pddl -f ./problems/BasePN-0And-del-5-d7/problem20.pddl -h blind -s WAStar
Domain parsed
Problem parsed
Grounding..
Grounding Time: 3398
UFX:true
|F|:10236
|X|:13
|A|:698
|P|:0
|E|:0
h(I):0.0
f(n) = 1.0 (Expanded Nodes: 4, Evaluated States: 14, Time: 0.025) Frontier Size: 10
f(n) = 2.0 (Expanded Nodes: 16, Evaluated States: 38, Time: 0.063) Frontier Size: 22
f(n) = 3.0 (Expanded Nodes: 31, Evaluated States: 68, Time: 0.086) Frontier Size: 37
f(n) = 4.0 (Expanded Nodes: 77, Evaluated States: 136, Time: 0.105) Frontier Size: 59
f(n) = 5.0 (Expanded Nodes: 124, Evaluated States: 201, Time: 0.123) Frontier Size: 77
f(n) = 6.0 (Expanded Nodes: 220, Evaluated States: 317, Time: 0.144) Frontier Size: 97
f(n) = 7.0 (Expanded Nodes: 304, Evaluated States: 411, Time: 0.186) Frontier Size: 107
f(n) = 8.0 (Expanded Nodes: 443, Evaluated States: 551, Time: 0.22) Frontier Size: 108
f(n) = 9.0 (Expanded Nodes: 558, Evaluated States: 660, Time: 0.248) Frontier Size: 102
f(n) = 10.0 (Expanded Nodes: 690, Evaluated States: 803, Time: 0.282) Frontier Size: 113
f(n) = 11.0 (Expanded Nodes: 814, Evaluated States: 936, Time: 0.315) Frontier Size: 122
Problem Solved

Found Plan:
0.0: (validate_payload t0 a7 t1)
1.0: (sync_actions a7)
2.0: (add_action a10)
3.0: (check_added_variables_model a10)
4.0: (move_in_model_move_automata a10)
5.0: (add_action a12)
6.0: (move_in_model_parameter a12 sDEC1_1 categorical c2)
7.0: (check_added_variables_model a12)
8.0: (move_in_model_move_automata a12)
9.0: (add_action a11)
10.0: (check_added_variables_model a11)
11.0: (move_in_model_move_automata a11)
12.0: (add_action a8)
13.0: (check_added_variables_model a8)
14.0: (move_in_model_move_automata a8)
15.0: (validate_payload t1 a1 t2)
16.0: (sync_actions a1)
17.0: (add_action a2)
18.0: (check_added_variables_model a2)
19.0: (move_in_model_move_automata a2)
20.0: (validate_payload t2 a9 t3)
21.0: (sync_actions a9)

Plan-Length:22
Metric (Search):11.0
Planning Time (msec): 332
Heuristic Time (msec): 9
Search Time (msec): 325
Expanded Nodes:877
States Evaluated:1008
Number of Dead-Ends detected:0
Number of Duplicates detected:154
/usr/bin/time -v timeout 600 java -Xmx64g -jar ./enhsp3.jar -o ./domain_with_failure.pddl -f ./problems/BasePN-0And-del-5-d7/problem21.pddl -h blind -s WAStar
Domain parsed
Problem parsed
Grounding..
Grounding Time: 3466
UFX:true
|F|:10236
|X|:13
|A|:698
|P|:0
|E|:0
h(I):0.0
f(n) = 1.0 (Expanded Nodes: 2, Evaluated States: 8, Time: 0.025) Frontier Size: 6
f(n) = 2.0 (Expanded Nodes: 6, Evaluated States: 8, Time: 0.052) Frontier Size: 2
f(n) = 3.0 (Expanded Nodes: 12, Evaluated States: 23, Time: 0.068) Frontier Size: 11
f(n) = 4.0 (Expanded Nodes: 19, Evaluated States: 25, Time: 0.075) Frontier Size: 6
f(n) = 5.0 (Expanded Nodes: 33, Evaluated States: 55, Time: 0.087) Frontier Size: 22
f(n) = 6.0 (Expanded Nodes: 46, Evaluated States: 58, Time: 0.093) Frontier Size: 12
f(n) = 7.0 (Expanded Nodes: 72, Evaluated States: 104, Time: 0.107) Frontier Size: 32
f(n) = 8.0 (Expanded Nodes: 102, Evaluated States: 152, Time: 0.12) Frontier Size: 50
f(n) = 9.0 (Expanded Nodes: 174, Evaluated States: 244, Time: 0.152) Frontier Size: 70
f(n) = 10.0 (Expanded Nodes: 251, Evaluated States: 348, Time: 0.168) Frontier Size: 97
f(n) = 11.0 (Expanded Nodes: 374, Evaluated States: 494, Time: 0.216) Frontier Size: 120
Problem Solved

Found Plan:
0.0: (add_action a7)
1.0: (check_added_variables_model a7)
2.0: (move_in_model_move_automata a7)
3.0: (add_action a10)
4.0: (check_added_variables_model a10)
5.0: (move_in_model_move_automata a10)
6.0: (add_action a12)
7.0: (move_in_model_parameter a12 sDEC1_1 categorical c2)
8.0: (check_added_variables_model a12)
9.0: (move_in_model_move_automata a12)
10.0: (validate_payload t0 a11 t1)
11.0: (sync_actions a11)
12.0: (add_action a8)
13.0: (check_added_variables_model a8)
14.0: (move_in_model_move_automata a8)
15.0: (add_action a1)
16.0: (check_added_variables_model a1)
17.0: (move_in_model_move_automata a1)
18.0: (validate_payload t1 a2 t2)
19.0: (sync_actions a2)
20.0: (validate_payload t2 a9 t3)
21.0: (sync_actions a9)

Plan-Length:22
Metric (Search):11.0
Planning Time (msec): 246
Heuristic Time (msec): 6
Search Time (msec): 232
Expanded Nodes:472
States Evaluated:650
Number of Dead-Ends detected:0
Number of Duplicates detected:48
/usr/bin/time -v timeout 600 java -Xmx64g -jar ./enhsp3.jar -o ./domain_with_failure.pddl -f ./problems/BasePN-0And-del-5-d7/problem22.pddl -h blind -s WAStar
Domain parsed
Problem parsed
Grounding..
Grounding Time: 3234
UFX:true
|F|:10236
|X|:13
|A|:698
|P|:0
|E|:0
h(I):0.0
f(n) = 1.0 (Expanded Nodes: 2, Evaluated States: 7, Time: 0.019) Frontier Size: 5
f(n) = 2.0 (Expanded Nodes: 5, Evaluated States: 7, Time: 0.046) Frontier Size: 2
f(n) = 3.0 (Expanded Nodes: 11, Evaluated States: 21, Time: 0.056) Frontier Size: 10
f(n) = 4.0 (Expanded Nodes: 17, Evaluated States: 23, Time: 0.06) Frontier Size: 6
f(n) = 5.0 (Expanded Nodes: 31, Evaluated States: 51, Time: 0.075) Frontier Size: 20
f(n) = 6.0 (Expanded Nodes: 42, Evaluated States: 54, Time: 0.078) Frontier Size: 12
f(n) = 7.0 (Expanded Nodes: 66, Evaluated States: 93, Time: 0.088) Frontier Size: 27
f(n) = 8.0 (Expanded Nodes: 82, Evaluated States: 104, Time: 0.1) Frontier Size: 22
f(n) = 9.0 (Expanded Nodes: 121, Evaluated States: 156, Time: 0.114) Frontier Size: 35
f(n) = 10.0 (Expanded Nodes: 157, Evaluated States: 214, Time: 0.13) Frontier Size: 57
f(n) = 11.0 (Expanded Nodes: 221, Evaluated States: 306, Time: 0.155) Frontier Size: 85
Problem Solved

Found Plan:
0.0: (add_action a7)
1.0: (check_added_variables_model a7)
2.0: (move_in_model_move_automata a7)
3.0: (add_action a10)
4.0: (check_added_variables_model a10)
5.0: (move_in_model_move_automata a10)
6.0: (add_action a12)
7.0: (move_in_model_parameter a12 sDEC1_1 categorical c2)
8.0: (check_added_variables_model a12)
9.0: (move_in_model_move_automata a12)
10.0: (add_action a11)
11.0: (check_added_variables_model a11)
12.0: (move_in_model_move_automata a11)
13.0: (validate_payload t0 a8 t1)
14.0: (sync_actions a8)
15.0: (validate_payload t1 a1 t2)
16.0: (sync_actions a1)
17.0: (add_action a2)
18.0: (check_added_variables_model a2)
19.0: (move_in_model_move_automata a2)
20.0: (validate_payload t2 a9 t3)
21.0: (sync_actions a9)

Plan-Length:22
Metric (Search):11.0
Planning Time (msec): 174
Heuristic Time (msec): 4
Search Time (msec): 171
Expanded Nodes:280
States Evaluated:381
Number of Dead-Ends detected:0
Number of Duplicates detected:40
/usr/bin/time -v timeout 600 java -Xmx64g -jar ./enhsp3.jar -o ./domain_with_failure.pddl -f ./problems/BasePN-0And-del-5-d7/problem23.pddl -h blind -s WAStar
Domain parsed
Problem parsed
Grounding..
Grounding Time: 3320
UFX:true
|F|:10236
|X|:13
|A|:698
|P|:0
|E|:0
h(I):0.0
f(n) = 1.0 (Expanded Nodes: 4, Evaluated States: 9, Time: 0.026) Frontier Size: 5
f(n) = 2.0 (Expanded Nodes: 11, Evaluated States: 13, Time: 0.054) Frontier Size: 2
f(n) = 3.0 (Expanded Nodes: 18, Evaluated States: 28, Time: 0.069) Frontier Size: 10
f(n) = 4.0 (Expanded Nodes: 27, Evaluated States: 33, Time: 0.071) Frontier Size: 6
f(n) = 5.0 (Expanded Nodes: 44, Evaluated States: 66, Time: 0.09) Frontier Size: 22
f(n) = 6.0 (Expanded Nodes: 64, Evaluated States: 86, Time: 0.099) Frontier Size: 22
f(n) = 7.0 (Expanded Nodes: 94, Evaluated States: 133, Time: 0.111) Frontier Size: 39
f(n) = 8.0 (Expanded Nodes: 132, Evaluated States: 173, Time: 0.121) Frontier Size: 41
f(n) = 9.0 (Expanded Nodes: 180, Evaluated States: 232, Time: 0.14) Frontier Size: 52
f(n) = 10.0 (Expanded Nodes: 238, Evaluated States: 303, Time: 0.16) Frontier Size: 65
Problem Solved

Found Plan:
0.0: (add_action a7)
1.0: (check_added_variables_model a7)
2.0: (move_in_model_move_automata a7)
3.0: (add_action a10)
4.0: (check_added_variables_model a10)
5.0: (move_in_model_move_automata a10)
6.0: (validate_payload t0 a12 t1)
7.0: (sync_actions a12)
8.0: (add_action a11)
9.0: (check_added_variables_model a11)
10.0: (move_in_model_move_automata a11)
11.0: (add_action a8)
12.0: (check_added_variables_model a8)
13.0: (move_in_model_move_automata a8)
14.0: (validate_payload t1 a1 t2)
15.0: (sync_actions a1)
16.0: (add_action a2)
17.0: (check_added_variables_model a2)
18.0: (move_in_model_move_automata a2)
19.0: (validate_payload t2 a9 t3)
20.0: (sync_actions a9)

Plan-Length:21
Metric (Search):10.0
Planning Time (msec): 183
Heuristic Time (msec): 6
Search Time (msec): 181
Expanded Nodes:298
States Evaluated:370
Number of Dead-Ends detected:0
Number of Duplicates detected:47
/usr/bin/time -v timeout 600 java -Xmx64g -jar ./enhsp3.jar -o ./domain_with_failure.pddl -f ./problems/BasePN-0And-del-5-d7/problem24.pddl -h blind -s WAStar
Domain parsed
Problem parsed
Grounding..
Grounding Time: 3542
UFX:true
|F|:10236
|X|:14
|A|:698
|P|:0
|E|:0
h(I):0.0
f(n) = 1.0 (Expanded Nodes: 2, Evaluated States: 8, Time: 0.037) Frontier Size: 6
f(n) = 2.0 (Expanded Nodes: 6, Evaluated States: 8, Time: 0.066) Frontier Size: 2
f(n) = 3.0 (Expanded Nodes: 18, Evaluated States: 39, Time: 0.084) Frontier Size: 21
f(n) = 4.0 (Expanded Nodes: 59, Evaluated States: 117, Time: 0.11) Frontier Size: 58
f(n) = 5.0 (Expanded Nodes: 145, Evaluated States: 271, Time: 0.144) Frontier Size: 126
f(n) = 6.0 (Expanded Nodes: 301, Evaluated States: 463, Time: 0.187) Frontier Size: 162
f(n) = 7.0 (Expanded Nodes: 547, Evaluated States: 778, Time: 0.242) Frontier Size: 231
f(n) = 8.0 (Expanded Nodes: 839, Evaluated States: 1099, Time: 0.27) Frontier Size: 260
f(n) = 9.0 (Expanded Nodes: 1238, Evaluated States: 1598, Time: 0.318) Frontier Size: 360
f(n) = 10.0 (Expanded Nodes: 1719, Evaluated States: 2130, Time: 0.354) Frontier Size: 411
Problem Solved

Found Plan:
0.0: (add_action a7)
1.0: (check_added_variables_model a7)
2.0: (move_in_model_move_automata a7)
3.0: (validate_payload t0 a10 t1)
4.0: (sync_actions a10)
5.0: (validate_payload t1 a12 t2)
6.0: (sync_actions a12)
7.0: (add_action a11)
8.0: (check_added_variables_model a11)
9.0: (move_in_model_move_automata a11)
10.0: (add_action a8)
11.0: (check_added_variables_model a8)
12.0: (move_in_model_move_automata a8)
13.0: (validate_payload t2 a1 t3)
14.0: (sync_actions a1)
15.0: (add_action a2)
16.0: (check_added_variables_model a2)
17.0: (move_in_model_move_automata a2)
18.0: (add_action a9)
19.0: (check_added_variables_model a9)
20.0: (move_in_model_move_automata a9)

Plan-Length:21
Metric (Search):10.0
Planning Time (msec): 408
Heuristic Time (msec): 11
Search Time (msec): 406
Expanded Nodes:2293
States Evaluated:2865
Number of Dead-Ends detected:0
Number of Duplicates detected:252
/usr/bin/time -v timeout 600 java -Xmx64g -jar ./enhsp3.jar -o ./domain_with_failure.pddl -f ./problems/BasePN-0And-del-5-d7/problem25.pddl -h blind -s WAStar
Domain parsed
Problem parsed
Grounding..
Grounding Time: 3193
UFX:true
|F|:10236
|X|:14
|A|:698
|P|:0
|E|:0
h(I):0.0
f(n) = 1.0 (Expanded Nodes: 8, Evaluated States: 30, Time: 0.025) Frontier Size: 22
f(n) = 2.0 (Expanded Nodes: 63, Evaluated States: 166, Time: 0.087) Frontier Size: 103
f(n) = 3.0 (Expanded Nodes: 228, Evaluated States: 473, Time: 0.144) Frontier Size: 245
f(n) = 4.0 (Expanded Nodes: 541, Evaluated States: 967, Time: 0.216) Frontier Size: 426
f(n) = 5.0 (Expanded Nodes: 1125, Evaluated States: 1706, Time: 0.286) Frontier Size: 581
f(n) = 6.0 (Expanded Nodes: 2064, Evaluated States: 2768, Time: 0.354) Frontier Size: 704
f(n) = 7.0 (Expanded Nodes: 3095, Evaluated States: 3872, Time: 0.434) Frontier Size: 777
f(n) = 8.0 (Expanded Nodes: 4250, Evaluated States: 5094, Time: 0.506) Frontier Size: 844
f(n) = 9.0 (Expanded Nodes: 5468, Evaluated States: 6451, Time: 0.6) Frontier Size: 983
Problem Solved

Found Plan:
0.0: (validate_payload t0 a7 t1)
1.0: (sync_actions a7)
2.0: (change_value a10 integer v0)
3.0: (validate_payload t1 a10 t2)
4.0: (sync_actions a10)
5.0: (validate_payload t2 a12 t3)
6.0: (sync_actions a12)
7.0: (add_action a11)
8.0: (check_added_variables_model a11)
9.0: (move_in_model_move_automata a11)
10.0: (add_action a8)
11.0: (check_added_variables_model a8)
12.0: (move_in_model_move_automata a8)
13.0: (add_action a0)
14.0: (check_added_variables_model a0)
15.0: (move_in_model_move_automata a0)
16.0: (add_action a9)
17.0: (check_added_variables_model a9)
18.0: (move_in_model_move_automata a9)

Plan-Length:19
Metric (Search):9.0
Planning Time (msec): 613
Heuristic Time (msec): 9
Search Time (msec): 606
Expanded Nodes:5523
States Evaluated:6518
Number of Dead-Ends detected:0
Number of Duplicates detected:465
/usr/bin/time -v timeout 600 java -Xmx64g -jar ./enhsp3.jar -o ./domain_with_failure.pddl -f ./problems/BasePN-0And-del-5-d7/problem26.pddl -h blind -s WAStar
Domain parsed
Problem parsed
Grounding..
Grounding Time: 3291
UFX:true
|F|:10236
|X|:13
|A|:698
|P|:0
|E|:0
h(I):0.0
f(n) = 1.0 (Expanded Nodes: 2, Evaluated States: 8, Time: 0.02) Frontier Size: 6
f(n) = 2.0 (Expanded Nodes: 6, Evaluated States: 8, Time: 0.049) Frontier Size: 2
f(n) = 3.0 (Expanded Nodes: 14, Evaluated States: 35, Time: 0.065) Frontier Size: 21
f(n) = 4.0 (Expanded Nodes: 37, Evaluated States: 71, Time: 0.078) Frontier Size: 34
f(n) = 5.0 (Expanded Nodes: 73, Evaluated States: 121, Time: 0.096) Frontier Size: 48
f(n) = 6.0 (Expanded Nodes: 135, Evaluated States: 242, Time: 0.119) Frontier Size: 107
f(n) = 7.0 (Expanded Nodes: 273, Evaluated States: 488, Time: 0.163) Frontier Size: 215
f(n) = 8.0 (Expanded Nodes: 461, Evaluated States: 793, Time: 0.227) Frontier Size: 332
f(n) = 9.0 (Expanded Nodes: 844, Evaluated States: 1326, Time: 0.306) Frontier Size: 482
Problem Solved

Found Plan:
0.0: (add_action a7)
1.0: (check_added_variables_model a7)
2.0: (move_in_model_move_automata a7)
3.0: (validate_payload t0 a10 t1)
4.0: (sync_actions a10)
5.0: (add_action a12)
6.0: (move_in_model_parameter a12 sDEC1_1 categorical c2)
7.0: (check_added_variables_model a12)
8.0: (move_in_model_move_automata a12)
9.0: (validate_payload t1 a11 t2)
10.0: (sync_actions a11)
11.0: (add_action a8)
12.0: (check_added_variables_model a8)
13.0: (move_in_model_move_automata a8)
14.0: (add_action a0)
15.0: (check_added_variables_model a0)
16.0: (move_in_model_move_automata a0)
17.0: (validate_payload t2 a9 t3)
18.0: (sync_actions a9)

Plan-Length:19
Metric (Search):9.0
Planning Time (msec): 404
Heuristic Time (msec): 5
Search Time (msec): 401
Expanded Nodes:1448
States Evaluated:2020
Number of Dead-Ends detected:0
Number of Duplicates detected:84
/usr/bin/time -v timeout 600 java -Xmx64g -jar ./enhsp3.jar -o ./domain_with_failure.pddl -f ./problems/BasePN-0And-del-5-d7/problem27.pddl -h blind -s WAStar
Domain parsed
Problem parsed
Grounding..
Grounding Time: 3284
UFX:true
|F|:10236
|X|:14
|A|:698
|P|:0
|E|:0
h(I):0.0
f(n) = 1.0 (Expanded Nodes: 2, Evaluated States: 8, Time: 0.02) Frontier Size: 6
f(n) = 2.0 (Expanded Nodes: 6, Evaluated States: 8, Time: 0.054) Frontier Size: 2
f(n) = 3.0 (Expanded Nodes: 12, Evaluated States: 26, Time: 0.064) Frontier Size: 14
f(n) = 4.0 (Expanded Nodes: 22, Evaluated States: 28, Time: 0.072) Frontier Size: 6
f(n) = 5.0 (Expanded Nodes: 36, Evaluated States: 61, Time: 0.087) Frontier Size: 25
f(n) = 6.0 (Expanded Nodes: 52, Evaluated States: 64, Time: 0.091) Frontier Size: 12
f(n) = 7.0 (Expanded Nodes: 82, Evaluated States: 129, Time: 0.11) Frontier Size: 47
f(n) = 8.0 (Expanded Nodes: 151, Evaluated States: 262, Time: 0.13) Frontier Size: 111
f(n) = 9.0 (Expanded Nodes: 306, Evaluated States: 556, Time: 0.175) Frontier Size: 250
f(n) = 10.0 (Expanded Nodes: 548, Evaluated States: 933, Time: 0.209) Frontier Size: 385
f(n) = 11.0 (Expanded Nodes: 1029, Evaluated States: 1582, Time: 0.262) Frontier Size: 553
Problem Solved

Found Plan:
0.0: (add_action a7)
1.0: (check_added_variables_model a7)
2.0: (move_in_model_move_automata a7)
3.0: (add_action a10)
4.0: (check_added_variables_model a10)
5.0: (move_in_model_move_automata a10)
6.0: (add_action a12)
7.0: (move_in_model_parameter a12 sDEC1_1 categorical c2)
8.0: (check_added_variables_model a12)
9.0: (move_in_model_move_automata a12)
10.0: (validate_payload t0 a11 t1)
11.0: (sync_actions a11)
12.0: (validate_payload t1 a8 t2)
13.0: (sync_actions a8)
14.0: (validate_payload t2 a1 t3)
15.0: (sync_actions a1)
16.0: (add_action a2)
17.0: (check_added_variables_model a2)
18.0: (move_in_model_move_automata a2)
19.0: (add_action a9)
20.0: (check_added_variables_model a9)
21.0: (move_in_model_move_automata a9)

Plan-Length:22
Metric (Search):11.0
Planning Time (msec): 274
Heuristic Time (msec): 2
Search Time (msec): 269
Expanded Nodes:1088
States Evaluated:1659
Number of Dead-Ends detected:0
Number of Duplicates detected:81
/usr/bin/time -v timeout 600 java -Xmx64g -jar ./enhsp3.jar -o ./domain_with_failure.pddl -f ./problems/BasePN-0And-del-5-d7/problem28.pddl -h blind -s WAStar
Domain parsed
Problem parsed
Grounding..
Grounding Time: 3136
UFX:true
|F|:10236
|X|:13
|A|:698
|P|:0
|E|:0
h(I):0.0
f(n) = 1.0 (Expanded Nodes: 4, Evaluated States: 14, Time: 0.027) Frontier Size: 10
f(n) = 2.0 (Expanded Nodes: 16, Evaluated States: 38, Time: 0.063) Frontier Size: 22
f(n) = 3.0 (Expanded Nodes: 31, Evaluated States: 68, Time: 0.089) Frontier Size: 37
f(n) = 4.0 (Expanded Nodes: 77, Evaluated States: 136, Time: 0.107) Frontier Size: 59
f(n) = 5.0 (Expanded Nodes: 124, Evaluated States: 201, Time: 0.128) Frontier Size: 77
f(n) = 6.0 (Expanded Nodes: 220, Evaluated States: 317, Time: 0.158) Frontier Size: 97
f(n) = 7.0 (Expanded Nodes: 304, Evaluated States: 411, Time: 0.183) Frontier Size: 107
f(n) = 8.0 (Expanded Nodes: 443, Evaluated States: 551, Time: 0.214) Frontier Size: 108
f(n) = 9.0 (Expanded Nodes: 556, Evaluated States: 655, Time: 0.234) Frontier Size: 99
f(n) = 10.0 (Expanded Nodes: 680, Evaluated States: 779, Time: 0.25) Frontier Size: 99
f(n) = 11.0 (Expanded Nodes: 792, Evaluated States: 892, Time: 0.279) Frontier Size: 100
Problem Solved

Found Plan:
0.0: (validate_payload t0 a7 t1)
1.0: (sync_actions a7)
2.0: (add_action a10)
3.0: (check_added_variables_model a10)
4.0: (move_in_model_move_automata a10)
5.0: (add_action a12)
6.0: (move_in_model_parameter a12 sDEC1_1 categorical c2)
7.0: (check_added_variables_model a12)
8.0: (move_in_model_move_automata a12)
9.0: (add_action a11)
10.0: (check_added_variables_model a11)
11.0: (move_in_model_move_automata a11)
12.0: (add_action a8)
13.0: (check_added_variables_model a8)
14.0: (move_in_model_move_automata a8)
15.0: (add_action a1)
16.0: (check_added_variables_model a1)
17.0: (move_in_model_move_automata a1)
18.0: (validate_payload t1 a2 t2)
19.0: (sync_actions a2)
20.0: (validate_payload t2 a9 t3)
21.0: (sync_actions a9)

Plan-Length:22
Metric (Search):11.0
Planning Time (msec): 299
Heuristic Time (msec): 7
Search Time (msec): 293
Expanded Nodes:903
States Evaluated:1022
Number of Dead-Ends detected:0
Number of Duplicates detected:162
/usr/bin/time -v timeout 600 java -Xmx64g -jar ./enhsp3.jar -o ./domain_with_failure.pddl -f ./problems/BasePN-0And-del-5-d7/problem29.pddl -h blind -s WAStar
Domain parsed
Problem parsed
Grounding..
Grounding Time: 3389
UFX:true
|F|:10236
|X|:13
|A|:698
|P|:0
|E|:0
h(I):0.0
f(n) = 1.0 (Expanded Nodes: 6, Evaluated States: 22, Time: 0.027) Frontier Size: 16
f(n) = 2.0 (Expanded Nodes: 38, Evaluated States: 94, Time: 0.079) Frontier Size: 56
f(n) = 3.0 (Expanded Nodes: 105, Evaluated States: 204, Time: 0.116) Frontier Size: 99
f(n) = 4.0 (Expanded Nodes: 198, Evaluated States: 364, Time: 0.141) Frontier Size: 166
f(n) = 5.0 (Expanded Nodes: 381, Evaluated States: 617, Time: 0.204) Frontier Size: 236
f(n) = 6.0 (Expanded Nodes: 653, Evaluated States: 952, Time: 0.268) Frontier Size: 299
f(n) = 7.0 (Expanded Nodes: 995, Evaluated States: 1360, Time: 0.335) Frontier Size: 365
f(n) = 8.0 (Expanded Nodes: 1475, Evaluated States: 1823, Time: 0.409) Frontier Size: 348
f(n) = 9.0 (Expanded Nodes: 1920, Evaluated States: 2308, Time: 0.458) Frontier Size: 388
Problem Solved

Found Plan:
0.0: (validate_payload t0 a7 t1)
1.0: (sync_actions a7)
2.0: (validate_payload t1 a10 t2)
3.0: (sync_actions a10)
4.0: (add_action a12)
5.0: (move_in_model_parameter a12 sDEC1_1 categorical c2)
6.0: (check_added_variables_model a12)
7.0: (move_in_model_move_automata a12)
8.0: (add_action a11)
9.0: (check_added_variables_model a11)
10.0: (move_in_model_move_automata a11)
11.0: (add_action a8)
12.0: (check_added_variables_model a8)
13.0: (move_in_model_move_automata a8)
14.0: (add_action a0)
15.0: (check_added_variables_model a0)
16.0: (move_in_model_move_automata a0)
17.0: (validate_payload t2 a9 t3)
18.0: (sync_actions a9)

Plan-Length:19
Metric (Search):9.0
Planning Time (msec): 476
Heuristic Time (msec): 5
Search Time (msec): 470
Expanded Nodes:2063
States Evaluated:2460
Number of Dead-Ends detected:0
Number of Duplicates detected:234
/usr/bin/time -v timeout 600 java -Xmx64g -jar ./enhsp3.jar -o ./domain_with_failure.pddl -f ./problems/BasePN-0And-del-5-d7/problem30.pddl -h blind -s WAStar
Domain parsed
Problem parsed
Grounding..
Grounding Time: 3408
UFX:true
|F|:10236
|X|:13
|A|:698
|P|:0
|E|:0
h(I):0.0
f(n) = 2.0 (Expanded Nodes: 2, Evaluated States: 4, Time: 0.02) Frontier Size: 2
f(n) = 3.0 (Expanded Nodes: 8, Evaluated States: 15, Time: 0.061) Frontier Size: 7
f(n) = 4.0 (Expanded Nodes: 11, Evaluated States: 17, Time: 0.063) Frontier Size: 6
f(n) = 5.0 (Expanded Nodes: 25, Evaluated States: 39, Time: 0.08) Frontier Size: 14
f(n) = 6.0 (Expanded Nodes: 30, Evaluated States: 42, Time: 0.082) Frontier Size: 12
f(n) = 7.0 (Expanded Nodes: 54, Evaluated States: 75, Time: 0.097) Frontier Size: 21
f(n) = 8.0 (Expanded Nodes: 64, Evaluated States: 83, Time: 0.103) Frontier Size: 19
f(n) = 9.0 (Expanded Nodes: 96, Evaluated States: 121, Time: 0.116) Frontier Size: 25
f(n) = 10.0 (Expanded Nodes: 113, Evaluated States: 134, Time: 0.124) Frontier Size: 21
f(n) = 11.0 (Expanded Nodes: 151, Evaluated States: 184, Time: 0.15) Frontier Size: 33
Problem Solved

Found Plan:
0.0: (add_action a7)
1.0: (check_added_variables_model a7)
2.0: (move_in_model_move_automata a7)
3.0: (add_action a10)
4.0: (check_added_variables_model a10)
5.0: (move_in_model_move_automata a10)
6.0: (add_action a12)
7.0: (move_in_model_parameter a12 sDEC1_1 categorical c2)
8.0: (check_added_variables_model a12)
9.0: (move_in_model_move_automata a12)
10.0: (add_action a11)
11.0: (check_added_variables_model a11)
12.0: (move_in_model_move_automata a11)
13.0: (add_action a8)
14.0: (check_added_variables_model a8)
15.0: (move_in_model_move_automata a8)
16.0: (validate_payload t0 a1 t1)
17.0: (sync_actions a1)
18.0: (validate_payload t1 a2 t2)
19.0: (sync_actions a2)
20.0: (validate_payload t2 a9 t3)
21.0: (sync_actions a9)

Plan-Length:22
Metric (Search):11.0
Planning Time (msec): 160
Heuristic Time (msec): 5
Search Time (msec): 153
Expanded Nodes:175
States Evaluated:210
Number of Dead-Ends detected:0
Number of Duplicates detected:34
/usr/bin/time -v timeout 600 java -Xmx64g -jar ./enhsp3.jar -o ./domain_with_failure.pddl -f ./problems/BasePN-0And-del-5-d7/problem31.pddl -h blind -s WAStar
Domain parsed
Problem parsed
Grounding..
Grounding Time: 3446
UFX:true
|F|:10236
|X|:13
|A|:698
|P|:0
|E|:0
h(I):0.0
f(n) = 1.0 (Expanded Nodes: 4, Evaluated States: 14, Time: 0.026) Frontier Size: 10
f(n) = 2.0 (Expanded Nodes: 16, Evaluated States: 38, Time: 0.064) Frontier Size: 22
f(n) = 3.0 (Expanded Nodes: 31, Evaluated States: 68, Time: 0.087) Frontier Size: 37
f(n) = 4.0 (Expanded Nodes: 77, Evaluated States: 136, Time: 0.109) Frontier Size: 59
f(n) = 5.0 (Expanded Nodes: 124, Evaluated States: 201, Time: 0.131) Frontier Size: 77
f(n) = 6.0 (Expanded Nodes: 220, Evaluated States: 317, Time: 0.157) Frontier Size: 97
f(n) = 7.0 (Expanded Nodes: 308, Evaluated States: 421, Time: 0.183) Frontier Size: 113
f(n) = 8.0 (Expanded Nodes: 463, Evaluated States: 599, Time: 0.231) Frontier Size: 136
f(n) = 9.0 (Expanded Nodes: 606, Evaluated States: 755, Time: 0.258) Frontier Size: 149
f(n) = 10.0 (Expanded Nodes: 786, Evaluated States: 948, Time: 0.284) Frontier Size: 162
f(n) = 11.0 (Expanded Nodes: 969, Evaluated States: 1119, Time: 0.307) Frontier Size: 150
Problem Solved

Found Plan:
0.0: (validate_payload t0 a7 t1)
1.0: (sync_actions a7)
2.0: (add_action a10)
3.0: (check_added_variables_model a10)
4.0: (move_in_model_move_automata a10)
5.0: (add_action a12)
6.0: (move_in_model_parameter a12 sDEC1_1 categorical c2)
7.0: (check_added_variables_model a12)
8.0: (move_in_model_move_automata a12)
9.0: (add_action a11)
10.0: (check_added_variables_model a11)
11.0: (move_in_model_move_automata a11)
12.0: (validate_payload t1 a8 t2)
13.0: (sync_actions a8)
14.0: (validate_payload t2 a1 t3)
15.0: (sync_actions a1)
16.0: (add_action a2)
17.0: (check_added_variables_model a2)
18.0: (move_in_model_move_automata a2)
19.0: (add_action a9)
20.0: (check_added_variables_model a9)
21.0: (move_in_model_move_automata a9)

Plan-Length:22
Metric (Search):11.0
Planning Time (msec): 332
Heuristic Time (msec): 6
Search Time (msec): 325
Expanded Nodes:1156
States Evaluated:1278
Number of Dead-Ends detected:0
Number of Duplicates detected:227
/usr/bin/time -v timeout 600 java -Xmx64g -jar ./enhsp3.jar -o ./domain_with_failure.pddl -f ./problems/BasePN-0And-del-5-d7/problem32.pddl -h blind -s WAStar
Domain parsed
Problem parsed
Grounding..
Grounding Time: 3574
UFX:true
|F|:10236
|X|:13
|A|:698
|P|:0
|E|:0
h(I):0.0
f(n) = 1.0 (Expanded Nodes: 2, Evaluated States: 7, Time: 0.019) Frontier Size: 5
f(n) = 2.0 (Expanded Nodes: 5, Evaluated States: 7, Time: 0.051) Frontier Size: 2
f(n) = 3.0 (Expanded Nodes: 11, Evaluated States: 21, Time: 0.061) Frontier Size: 10
f(n) = 4.0 (Expanded Nodes: 17, Evaluated States: 23, Time: 0.068) Frontier Size: 6
f(n) = 5.0 (Expanded Nodes: 31, Evaluated States: 51, Time: 0.081) Frontier Size: 20
f(n) = 6.0 (Expanded Nodes: 42, Evaluated States: 54, Time: 0.083) Frontier Size: 12
f(n) = 7.0 (Expanded Nodes: 66, Evaluated States: 93, Time: 0.094) Frontier Size: 27
f(n) = 8.0 (Expanded Nodes: 82, Evaluated States: 104, Time: 0.105) Frontier Size: 22
f(n) = 9.0 (Expanded Nodes: 119, Evaluated States: 151, Time: 0.122) Frontier Size: 32
f(n) = 10.0 (Expanded Nodes: 147, Evaluated States: 190, Time: 0.132) Frontier Size: 43
f(n) = 11.0 (Expanded Nodes: 201, Evaluated States: 269, Time: 0.15) Frontier Size: 68
Problem Solved

Found Plan:
0.0: (add_action a7)
1.0: (check_added_variables_model a7)
2.0: (move_in_model_move_automata a7)
3.0: (add_action a10)
4.0: (check_added_variables_model a10)
5.0: (move_in_model_move_automata a10)
6.0: (add_action a12)
7.0: (move_in_model_parameter a12 sDEC1_1 categorical c2)
8.0: (check_added_variables_model a12)
9.0: (move_in_model_move_automata a12)
10.0: (add_action a11)
11.0: (check_added_variables_model a11)
12.0: (move_in_model_move_automata a11)
13.0: (validate_payload t0 a8 t1)
14.0: (sync_actions a8)
15.0: (add_action a1)
16.0: (check_added_variables_model a1)
17.0: (move_in_model_move_automata a1)
18.0: (validate_payload t1 a2 t2)
19.0: (sync_actions a2)
20.0: (validate_payload t2 a9 t3)
21.0: (sync_actions a9)

Plan-Length:22
Metric (Search):11.0
Planning Time (msec): 172
Heuristic Time (msec): 6
Search Time (msec): 160
Expanded Nodes:236
States Evaluated:322
Number of Dead-Ends detected:0
Number of Duplicates detected:30
/usr/bin/time -v timeout 600 java -Xmx64g -jar ./enhsp3.jar -o ./domain_with_failure.pddl -f ./problems/BasePN-0And-del-5-d7/problem33.pddl -h blind -s WAStar
Domain parsed
Problem parsed
Grounding..
Grounding Time: 3446
UFX:true
|F|:10236
|X|:13
|A|:698
|P|:0
|E|:0
h(I):0.0
f(n) = 1.0 (Expanded Nodes: 4, Evaluated States: 18, Time: 0.025) Frontier Size: 14
f(n) = 2.0 (Expanded Nodes: 20, Evaluated States: 58, Time: 0.066) Frontier Size: 38
f(n) = 3.0 (Expanded Nodes: 51, Evaluated States: 100, Time: 0.091) Frontier Size: 49
f(n) = 4.0 (Expanded Nodes: 109, Evaluated States: 196, Time: 0.116) Frontier Size: 87
f(n) = 5.0 (Expanded Nodes: 186, Evaluated States: 278, Time: 0.15) Frontier Size: 92
f(n) = 6.0 (Expanded Nodes: 310, Evaluated States: 467, Time: 0.185) Frontier Size: 157
f(n) = 7.0 (Expanded Nodes: 470, Evaluated States: 686, Time: 0.211) Frontier Size: 216
f(n) = 8.0 (Expanded Nodes: 705, Evaluated States: 983, Time: 0.236) Frontier Size: 278
f(n) = 9.0 (Expanded Nodes: 1002, Evaluated States: 1362, Time: 0.271) Frontier Size: 360
Problem Solved

Found Plan:
0.0: (validate_payload t0 a7 t1)
1.0: (sync_actions a7)
2.0: (add_action a10)
3.0: (check_added_variables_model a10)
4.0: (move_in_model_move_automata a10)
5.0: (add_action a12)
6.0: (move_in_model_parameter a12 sDEC1_1 categorical c2)
7.0: (check_added_variables_model a12)
8.0: (move_in_model_move_automata a12)
9.0: (validate_payload t1 a11 t2)
10.0: (sync_actions a11)
11.0: (add_action a8)
12.0: (check_added_variables_model a8)
13.0: (move_in_model_move_automata a8)
14.0: (add_action a0)
15.0: (check_added_variables_model a0)
16.0: (move_in_model_move_automata a0)
17.0: (validate_payload t2 a9 t3)
18.0: (sync_actions a9)

Plan-Length:19
Metric (Search):9.0
Planning Time (msec): 296
Heuristic Time (msec): 6
Search Time (msec): 293
Expanded Nodes:1207
States Evaluated:1529
Number of Dead-Ends detected:0
Number of Duplicates detected:123
/usr/bin/time -v timeout 600 java -Xmx64g -jar ./enhsp3.jar -o ./domain_with_failure.pddl -f ./problems/BasePN-0And-del-5-d7/problem34.pddl -h blind -s WAStar
Domain parsed
Problem parsed
Grounding..
Grounding Time: 3434
UFX:true
|F|:10236
|X|:12
|A|:698
|P|:0
|E|:0
h(I):0.0
f(n) = 1.0 (Expanded Nodes: 4, Evaluated States: 9, Time: 0.022) Frontier Size: 5
f(n) = 2.0 (Expanded Nodes: 11, Evaluated States: 13, Time: 0.057) Frontier Size: 2
f(n) = 3.0 (Expanded Nodes: 18, Evaluated States: 28, Time: 0.07) Frontier Size: 10
f(n) = 4.0 (Expanded Nodes: 27, Evaluated States: 33, Time: 0.073) Frontier Size: 6
f(n) = 5.0 (Expanded Nodes: 44, Evaluated States: 66, Time: 0.091) Frontier Size: 22
f(n) = 6.0 (Expanded Nodes: 64, Evaluated States: 86, Time: 0.101) Frontier Size: 22
f(n) = 7.0 (Expanded Nodes: 96, Evaluated States: 138, Time: 0.116) Frontier Size: 42
f(n) = 8.0 (Expanded Nodes: 140, Evaluated States: 195, Time: 0.132) Frontier Size: 55
Problem Solved

Found Plan:
0.0: (add_action a7)
1.0: (check_added_variables_model a7)
2.0: (move_in_model_move_automata a7)
3.0: (add_action a10)
4.0: (check_added_variables_model a10)
5.0: (move_in_model_move_automata a10)
6.0: (validate_payload t0 a12 t1)
7.0: (sync_actions a12)
8.0: (add_action a11)
9.0: (check_added_variables_model a11)
10.0: (move_in_model_move_automata a11)
11.0: (validate_payload t1 a8 t2)
12.0: (sync_actions a8)
13.0: (add_action a0)
14.0: (check_added_variables_model a0)
15.0: (move_in_model_move_automata a0)
16.0: (validate_payload t2 a9 t3)
17.0: (sync_actions a9)

Plan-Length:18
Metric (Search):8.0
Planning Time (msec): 154
Heuristic Time (msec): 3
Search Time (msec): 147
Expanded Nodes:177
States Evaluated:247
Number of Dead-Ends detected:0
Number of Duplicates detected:19
/usr/bin/time -v timeout 600 java -Xmx64g -jar ./enhsp3.jar -o ./domain_with_failure.pddl -f ./problems/BasePN-0And-del-5-d7/problem35.pddl -h blind -s WAStar
Domain parsed
Problem parsed
Grounding..
Grounding Time: 3512
UFX:true
|F|:10236
|X|:14
|A|:698
|P|:0
|E|:0
h(I):0.0
f(n) = 1.0 (Expanded Nodes: 2, Evaluated States: 8, Time: 0.028) Frontier Size: 6
f(n) = 2.0 (Expanded Nodes: 6, Evaluated States: 8, Time: 0.055) Frontier Size: 2
f(n) = 3.0 (Expanded Nodes: 14, Evaluated States: 34, Time: 0.074) Frontier Size: 20
f(n) = 4.0 (Expanded Nodes: 35, Evaluated States: 66, Time: 0.09) Frontier Size: 31
f(n) = 5.0 (Expanded Nodes: 67, Evaluated States: 117, Time: 0.097) Frontier Size: 50
f(n) = 6.0 (Expanded Nodes: 119, Evaluated States: 192, Time: 0.121) Frontier Size: 73
f(n) = 7.0 (Expanded Nodes: 205, Evaluated States: 316, Time: 0.137) Frontier Size: 111
f(n) = 8.0 (Expanded Nodes: 333, Evaluated States: 494, Time: 0.158) Frontier Size: 161
f(n) = 9.0 (Expanded Nodes: 538, Evaluated States: 800, Time: 0.201) Frontier Size: 262
f(n) = 10.0 (Expanded Nodes: 840, Evaluated States: 1272, Time: 0.223) Frontier Size: 432
f(n) = 11.0 (Expanded Nodes: 1410, Evaluated States: 2157, Time: 0.268) Frontier Size: 746
f(n) = 12.0 (Expanded Nodes: 2276, Evaluated States: 3404, Time: 0.337) Frontier Size: 1123
Problem Solved

Found Plan:
0.0: (add_action a7)
1.0: (check_added_variables_model a7)
2.0: (move_in_model_move_automata a7)
3.0: (validate_payload t0 a10 t1)
4.0: (sync_actions a10)
5.0: (add_action a12)
6.0: (move_in_model_parameter a12 sDEC1_1 categorical c2)
7.0: (check_added_variables_model a12)
8.0: (move_in_model_move_automata a12)
9.0: (add_action a11)
10.0: (check_added_variables_model a11)
11.0: (move_in_model_move_automata a11)
12.0: (validate_payload t1 a8 t2)
13.0: (sync_actions a8)
14.0: (add_action a1)
15.0: (move_in_model_parameter a1 sDEC2_2 integer v0)
16.0: (check_added_variables_model a1)
17.0: (move_in_model_move_automata a1)
18.0: (validate_payload t2 a2 t3)
19.0: (sync_actions a2)
20.0: (add_action a9)
21.0: (check_added_variables_model a9)
22.0: (move_in_model_move_automata a9)

Plan-Length:23
Metric (Search):12.0
Planning Time (msec): 352
Heuristic Time (msec): 11
Search Time (msec): 345
Expanded Nodes:2436
States Evaluated:3633
Number of Dead-Ends detected:0
Number of Duplicates detected:242
/usr/bin/time -v timeout 600 java -Xmx64g -jar ./enhsp3.jar -o ./domain_with_failure.pddl -f ./problems/BasePN-0And-del-5-d7/problem36.pddl -h blind -s WAStar
Domain parsed
Problem parsed
Grounding..
Grounding Time: 3344
UFX:true
|F|:10236
|X|:13
|A|:698
|P|:0
|E|:0
h(I):0.0
f(n) = 1.0 (Expanded Nodes: 4, Evaluated States: 9, Time: 0.024) Frontier Size: 5
f(n) = 2.0 (Expanded Nodes: 11, Evaluated States: 13, Time: 0.054) Frontier Size: 2
f(n) = 3.0 (Expanded Nodes: 18, Evaluated States: 28, Time: 0.069) Frontier Size: 10
f(n) = 4.0 (Expanded Nodes: 27, Evaluated States: 33, Time: 0.073) Frontier Size: 6
f(n) = 5.0 (Expanded Nodes: 44, Evaluated States: 66, Time: 0.084) Frontier Size: 22
f(n) = 6.0 (Expanded Nodes: 64, Evaluated States: 86, Time: 0.096) Frontier Size: 22
f(n) = 7.0 (Expanded Nodes: 94, Evaluated States: 133, Time: 0.115) Frontier Size: 39
f(n) = 8.0 (Expanded Nodes: 132, Evaluated States: 173, Time: 0.128) Frontier Size: 41
f(n) = 9.0 (Expanded Nodes: 178, Evaluated States: 228, Time: 0.143) Frontier Size: 50
f(n) = 10.0 (Expanded Nodes: 230, Evaluated States: 285, Time: 0.159) Frontier Size: 55
Problem Solved

Found Plan:
0.0: (add_action a7)
1.0: (check_added_variables_model a7)
2.0: (move_in_model_move_automata a7)
3.0: (add_action a10)
4.0: (check_added_variables_model a10)
5.0: (move_in_model_move_automata a10)
6.0: (validate_payload t0 a12 t1)
7.0: (sync_actions a12)
8.0: (add_action a11)
9.0: (check_added_variables_model a11)
10.0: (move_in_model_move_automata a11)
11.0: (add_action a8)
12.0: (check_added_variables_model a8)
13.0: (move_in_model_move_automata a8)
14.0: (add_action a1)
15.0: (check_added_variables_model a1)
16.0: (move_in_model_move_automata a1)
17.0: (validate_payload t1 a2 t2)
18.0: (sync_actions a2)
19.0: (validate_payload t2 a9 t3)
20.0: (sync_actions a9)

Plan-Length:21
Metric (Search):10.0
Planning Time (msec): 179
Heuristic Time (msec): 6
Search Time (msec): 176
Expanded Nodes:262
States Evaluated:327
Number of Dead-Ends detected:0
Number of Duplicates detected:40
/usr/bin/time -v timeout 600 java -Xmx64g -jar ./enhsp3.jar -o ./domain_with_failure.pddl -f ./problems/BasePN-0And-del-5-d7/problem37.pddl -h blind -s WAStar
Domain parsed
Problem parsed
Grounding..
Grounding Time: 3567
UFX:true
|F|:10236
|X|:14
|A|:698
|P|:0
|E|:0
h(I):0.0
f(n) = 1.0 (Expanded Nodes: 4, Evaluated States: 9, Time: 0.026) Frontier Size: 5
f(n) = 2.0 (Expanded Nodes: 11, Evaluated States: 13, Time: 0.051) Frontier Size: 2
f(n) = 3.0 (Expanded Nodes: 18, Evaluated States: 32, Time: 0.065) Frontier Size: 14
f(n) = 4.0 (Expanded Nodes: 31, Evaluated States: 37, Time: 0.076) Frontier Size: 6
f(n) = 5.0 (Expanded Nodes: 52, Evaluated States: 92, Time: 0.093) Frontier Size: 40
f(n) = 6.0 (Expanded Nodes: 120, Evaluated States: 221, Time: 0.117) Frontier Size: 101
f(n) = 7.0 (Expanded Nodes: 283, Evaluated States: 556, Time: 0.17) Frontier Size: 273
f(n) = 8.0 (Expanded Nodes: 554, Evaluated States: 965, Time: 0.223) Frontier Size: 411
Problem Solved

Found Plan:
0.0: (add_action a7)
1.0: (check_added_variables_model a7)
2.0: (move_in_model_move_automata a7)
3.0: (add_action a10)
4.0: (check_added_variables_model a10)
5.0: (move_in_model_move_automata a10)
6.0: (validate_payload t0 a12 t1)
7.0: (sync_actions a12)
8.0: (validate_payload t1 a11 t2)
9.0: (sync_actions a11)
10.0: (validate_payload t2 a8 t3)
11.0: (sync_actions a8)
12.0: (add_action a0)
13.0: (check_added_variables_model a0)
14.0: (move_in_model_move_automata a0)
15.0: (add_action a9)
16.0: (check_added_variables_model a9)
17.0: (move_in_model_move_automata a9)

Plan-Length:18
Metric (Search):8.0
Planning Time (msec): 280
Heuristic Time (msec): 4
Search Time (msec): 273
Expanded Nodes:984
States Evaluated:1554
Number of Dead-Ends detected:0
Number of Duplicates detected:31
/usr/bin/time -v timeout 600 java -Xmx64g -jar ./enhsp3.jar -o ./domain_with_failure.pddl -f ./problems/BasePN-0And-del-5-d7/problem38.pddl -h blind -s WAStar
Domain parsed
Problem parsed
Grounding..
Grounding Time: 3490
UFX:true
|F|:10236
|X|:14
|A|:698
|P|:0
|E|:0
h(I):0.0
f(n) = 1.0 (Expanded Nodes: 6, Evaluated States: 22, Time: 0.027) Frontier Size: 16
f(n) = 2.0 (Expanded Nodes: 42, Evaluated States: 106, Time: 0.078) Frontier Size: 64
f(n) = 3.0 (Expanded Nodes: 141, Evaluated States: 264, Time: 0.115) Frontier Size: 123
f(n) = 4.0 (Expanded Nodes: 296, Evaluated States: 470, Time: 0.16) Frontier Size: 174
f(n) = 5.0 (Expanded Nodes: 505, Evaluated States: 773, Time: 0.224) Frontier Size: 268
f(n) = 6.0 (Expanded Nodes: 859, Evaluated States: 1190, Time: 0.286) Frontier Size: 331
f(n) = 7.0 (Expanded Nodes: 1287, Evaluated States: 1686, Time: 0.352) Frontier Size: 399
f(n) = 8.0 (Expanded Nodes: 1853, Evaluated States: 2250, Time: 0.441) Frontier Size: 397
f(n) = 9.0 (Expanded Nodes: 2411, Evaluated States: 2898, Time: 0.508) Frontier Size: 487
f(n) = 10.0 (Expanded Nodes: 3083, Evaluated States: 3664, Time: 0.568) Frontier Size: 581
f(n) = 11.0 (Expanded Nodes: 3875, Evaluated States: 4643, Time: 0.633) Frontier Size: 767
Problem Solved

Found Plan:
0.0: (validate_payload t0 a7 t1)
1.0: (sync_actions a7)
2.0: (validate_payload t1 a10 t2)
3.0: (sync_actions a10)
4.0: (add_action a12)
5.0: (move_in_model_parameter a12 sDEC1_1 categorical c2)
6.0: (check_added_variables_model a12)
7.0: (move_in_model_move_automata a12)
8.0: (add_action a11)
9.0: (check_added_variables_model a11)
10.0: (move_in_model_move_automata a11)
11.0: (add_action a8)
12.0: (check_added_variables_model a8)
13.0: (move_in_model_move_automata a8)
14.0: (validate_payload t2 a1 t3)
15.0: (sync_actions a1)
16.0: (add_action a2)
17.0: (check_added_variables_model a2)
18.0: (move_in_model_move_automata a2)
19.0: (add_action a9)
20.0: (check_added_variables_model a9)
21.0: (move_in_model_move_automata a9)

Plan-Length:22
Metric (Search):11.0
Planning Time (msec): 695
Heuristic Time (msec): 7
Search Time (msec): 681
Expanded Nodes:4682
States Evaluated:5495
Number of Dead-Ends detected:0
Number of Duplicates detected:642
/usr/bin/time -v timeout 600 java -Xmx64g -jar ./enhsp3.jar -o ./domain_with_failure.pddl -f ./problems/BasePN-0And-del-5-d7/problem39.pddl -h blind -s WAStar
Domain parsed
Problem parsed
Grounding..
Grounding Time: 3323
UFX:true
|F|:10236
|X|:14
|A|:698
|P|:0
|E|:0
h(I):0.0
f(n) = 1.0 (Expanded Nodes: 2, Evaluated States: 8, Time: 0.021) Frontier Size: 6
f(n) = 2.0 (Expanded Nodes: 6, Evaluated States: 8, Time: 0.049) Frontier Size: 2
f(n) = 3.0 (Expanded Nodes: 20, Evaluated States: 46, Time: 0.073) Frontier Size: 26
f(n) = 4.0 (Expanded Nodes: 85, Evaluated States: 181, Time: 0.108) Frontier Size: 96
f(n) = 5.0 (Expanded Nodes: 256, Evaluated States: 520, Time: 0.168) Frontier Size: 264
f(n) = 6.0 (Expanded Nodes: 549, Evaluated States: 989, Time: 0.235) Frontier Size: 440
f(n) = 7.0 (Expanded Nodes: 1056, Evaluated States: 1697, Time: 0.311) Frontier Size: 641
f(n) = 8.0 (Expanded Nodes: 2061, Evaluated States: 2870, Time: 0.418) Frontier Size: 809
Problem Solved

Found Plan:
0.0: (add_action a7)
1.0: (check_added_variables_model a7)
2.0: (move_in_model_move_automata a7)
3.0: (validate_payload t0 a10 t1)
4.0: (sync_actions a10)
5.0: (validate_payload t1 a12 t2)
6.0: (sync_actions a12)
7.0: (validate_payload t2 a11 t3)
8.0: (sync_actions a11)
9.0: (add_action a8)
10.0: (check_added_variables_model a8)
11.0: (move_in_model_move_automata a8)
12.0: (add_action a0)
13.0: (check_added_variables_model a0)
14.0: (move_in_model_move_automata a0)
15.0: (add_action a9)
16.0: (check_added_variables_model a9)
17.0: (move_in_model_move_automata a9)

Plan-Length:18
Metric (Search):8.0
Planning Time (msec): 502
Heuristic Time (msec): 5
Search Time (msec): 499
Expanded Nodes:3064
States Evaluated:3851
Number of Dead-Ends detected:0
Number of Duplicates detected:116
/usr/bin/time -v timeout 600 java -Xmx64g -jar ./enhsp3.jar -o ./domain_with_failure.pddl -f ./problems/BasePN-0And-del-5-d7/problem40.pddl -h blind -s WAStar
Domain parsed
Problem parsed
Grounding..
Grounding Time: 3476
UFX:true
|F|:10236
|X|:12
|A|:698
|P|:0
|E|:0
h(I):0.0
f(n) = 1.0 (Expanded Nodes: 2, Evaluated States: 8, Time: 0.02) Frontier Size: 6
f(n) = 2.0 (Expanded Nodes: 6, Evaluated States: 8, Time: 0.048) Frontier Size: 2
f(n) = 3.0 (Expanded Nodes: 14, Evaluated States: 27, Time: 0.064) Frontier Size: 13
f(n) = 4.0 (Expanded Nodes: 29, Evaluated States: 47, Time: 0.073) Frontier Size: 18
f(n) = 5.0 (Expanded Nodes: 47, Evaluated States: 84, Time: 0.08) Frontier Size: 37
f(n) = 6.0 (Expanded Nodes: 83, Evaluated States: 137, Time: 0.1) Frontier Size: 54
f(n) = 7.0 (Expanded Nodes: 149, Evaluated States: 224, Time: 0.123) Frontier Size: 75
f(n) = 8.0 (Expanded Nodes: 229, Evaluated States: 350, Time: 0.154) Frontier Size: 121
f(n) = 9.0 (Expanded Nodes: 369, Evaluated States: 509, Time: 0.187) Frontier Size: 140
Problem Solved

Found Plan:
0.0: (add_action a7)
1.0: (check_added_variables_model a7)
2.0: (move_in_model_move_automata a7)
3.0: (validate_payload t0 a10 t1)
4.0: (sync_actions a10)
5.0: (add_action a12)
6.0: (move_in_model_parameter a12 sDEC1_1 categorical c2)
7.0: (check_added_variables_model a12)
8.0: (move_in_model_move_automata a12)
9.0: (add_action a11)
10.0: (check_added_variables_model a11)
11.0: (move_in_model_move_automata a11)
12.0: (validate_payload t1 a8 t2)
13.0: (sync_actions a8)
14.0: (add_action a0)
15.0: (check_added_variables_model a0)
16.0: (move_in_model_move_automata a0)
17.0: (validate_payload t2 a9 t3)
18.0: (sync_actions a9)

Plan-Length:19
Metric (Search):9.0
Planning Time (msec): 222
Heuristic Time (msec): 4
Search Time (msec): 211
Expanded Nodes:488
States Evaluated:669
Number of Dead-Ends detected:0
Number of Duplicates detected:54
/usr/bin/time -v timeout 600 java -Xmx64g -jar ./enhsp3.jar -o ./domain_with_failure.pddl -f ./problems/BasePN-0And-del-5-d7/problem41.pddl -h blind -s WAStar
Domain parsed
Problem parsed
Grounding..
Grounding Time: 3368
UFX:true
|F|:10236
|X|:13
|A|:698
|P|:0
|E|:0
h(I):0.0
f(n) = 1.0 (Expanded Nodes: 2, Evaluated States: 8, Time: 0.021) Frontier Size: 6
f(n) = 2.0 (Expanded Nodes: 6, Evaluated States: 8, Time: 0.051) Frontier Size: 2
f(n) = 3.0 (Expanded Nodes: 14, Evaluated States: 27, Time: 0.067) Frontier Size: 13
f(n) = 4.0 (Expanded Nodes: 29, Evaluated States: 47, Time: 0.078) Frontier Size: 18
f(n) = 5.0 (Expanded Nodes: 47, Evaluated States: 84, Time: 0.093) Frontier Size: 37
f(n) = 6.0 (Expanded Nodes: 85, Evaluated States: 147, Time: 0.11) Frontier Size: 62
f(n) = 7.0 (Expanded Nodes: 173, Evaluated States: 250, Time: 0.145) Frontier Size: 77
f(n) = 8.0 (Expanded Nodes: 265, Evaluated States: 415, Time: 0.169) Frontier Size: 150
f(n) = 9.0 (Expanded Nodes: 458, Evaluated States: 651, Time: 0.235) Frontier Size: 193
f(n) = 10.0 (Expanded Nodes: 697, Evaluated States: 975, Time: 0.277) Frontier Size: 278
f(n) = 11.0 (Expanded Nodes: 1087, Evaluated States: 1419, Time: 0.331) Frontier Size: 332
Problem Solved

Found Plan:
0.0: (add_action a7)
1.0: (check_added_variables_model a7)
2.0: (move_in_model_move_automata a7)
3.0: (validate_payload t0 a10 t1)
4.0: (sync_actions a10)
5.0: (add_action a12)
6.0: (move_in_model_parameter a12 sDEC1_1 categorical c2)
7.0: (check_added_variables_model a12)
8.0: (move_in_model_move_automata a12)
9.0: (add_action a11)
10.0: (check_added_variables_model a11)
11.0: (move_in_model_move_automata a11)
12.0: (validate_payload t1 a8 t2)
13.0: (sync_actions a8)
14.0: (validate_payload t2 a1 t3)
15.0: (sync_actions a1)
16.0: (add_action a2)
17.0: (check_added_variables_model a2)
18.0: (move_in_model_move_automata a2)
19.0: (add_action a9)
20.0: (check_added_variables_model a9)
21.0: (move_in_model_move_automata a9)

Plan-Length:22
Metric (Search):11.0
Planning Time (msec): 403
Heuristic Time (msec): 3
Search Time (msec): 396
Expanded Nodes:1552
States Evaluated:1881
Number of Dead-Ends detected:0
Number of Duplicates detected:203
/usr/bin/time -v timeout 600 java -Xmx64g -jar ./enhsp3.jar -o ./domain_with_failure.pddl -f ./problems/BasePN-0And-del-5-d7/problem42.pddl -h blind -s WAStar
Domain parsed
Problem parsed
Grounding..
Grounding Time: 3449
UFX:true
|F|:10236
|X|:14
|A|:698
|P|:0
|E|:0
h(I):0.0
f(n) = 1.0 (Expanded Nodes: 2, Evaluated States: 8, Time: 0.02) Frontier Size: 6
f(n) = 2.0 (Expanded Nodes: 6, Evaluated States: 8, Time: 0.049) Frontier Size: 2
f(n) = 3.0 (Expanded Nodes: 16, Evaluated States: 34, Time: 0.067) Frontier Size: 18
f(n) = 4.0 (Expanded Nodes: 45, Evaluated States: 72, Time: 0.083) Frontier Size: 27
f(n) = 5.0 (Expanded Nodes: 86, Evaluated States: 134, Time: 0.122) Frontier Size: 48
f(n) = 6.0 (Expanded Nodes: 144, Evaluated States: 214, Time: 0.135) Frontier Size: 70
f(n) = 7.0 (Expanded Nodes: 244, Evaluated States: 342, Time: 0.154) Frontier Size: 98
f(n) = 8.0 (Expanded Nodes: 365, Evaluated States: 488, Time: 0.182) Frontier Size: 123
f(n) = 9.0 (Expanded Nodes: 536, Evaluated States: 676, Time: 0.203) Frontier Size: 140
f(n) = 10.0 (Expanded Nodes: 741, Evaluated States: 953, Time: 0.23) Frontier Size: 212
f(n) = 11.0 (Expanded Nodes: 1022, Evaluated States: 1320, Time: 0.262) Frontier Size: 298
Problem Solved

Found Plan:
0.0: (add_action a7)
1.0: (check_added_variables_model a7)
2.0: (move_in_model_move_automata a7)
3.0: (validate_payload t0 a10 t1)
4.0: (sync_actions a10)
5.0: (add_action a12)
6.0: (move_in_model_parameter a12 sDEC1_1 categorical c2)
7.0: (check_added_variables_model a12)
8.0: (move_in_model_move_automata a12)
9.0: (add_action a11)
10.0: (check_added_variables_model a11)
11.0: (move_in_model_move_automata a11)
12.0: (add_action a8)
13.0: (check_added_variables_model a8)
14.0: (move_in_model_move_automata a8)
15.0: (validate_payload t1 a1 t2)
16.0: (sync_actions a1)
17.0: (validate_payload t2 a2 t3)
18.0: (sync_actions a2)
19.0: (add_action a9)
20.0: (check_added_variables_model a9)
21.0: (move_in_model_move_automata a9)

Plan-Length:22
Metric (Search):11.0
Planning Time (msec): 291
Heuristic Time (msec): 7
Search Time (msec): 285
Expanded Nodes:1272
States Evaluated:1654
Number of Dead-Ends detected:0
Number of Duplicates detected:151
/usr/bin/time -v timeout 600 java -Xmx64g -jar ./enhsp3.jar -o ./domain_with_failure.pddl -f ./problems/BasePN-0And-del-5-d7/problem43.pddl -h blind -s WAStar
Domain parsed
Problem parsed
Grounding..
Grounding Time: 3278
UFX:true
|F|:10236
|X|:13
|A|:698
|P|:0
|E|:0
h(I):0.0
f(n) = 1.0 (Expanded Nodes: 2, Evaluated States: 8, Time: 0.018) Frontier Size: 6
f(n) = 2.0 (Expanded Nodes: 6, Evaluated States: 8, Time: 0.048) Frontier Size: 2
f(n) = 3.0 (Expanded Nodes: 14, Evaluated States: 36, Time: 0.07) Frontier Size: 22
f(n) = 4.0 (Expanded Nodes: 37, Evaluated States: 72, Time: 0.081) Frontier Size: 35
f(n) = 5.0 (Expanded Nodes: 75, Evaluated States: 131, Time: 0.097) Frontier Size: 56
f(n) = 6.0 (Expanded Nodes: 147, Evaluated States: 264, Time: 0.116) Frontier Size: 117
f(n) = 7.0 (Expanded Nodes: 292, Evaluated States: 540, Time: 0.151) Frontier Size: 248
f(n) = 8.0 (Expanded Nodes: 524, Evaluated States: 899, Time: 0.185) Frontier Size: 375
f(n) = 9.0 (Expanded Nodes: 989, Evaluated States: 1537, Time: 0.23) Frontier Size: 548
f(n) = 10.0 (Expanded Nodes: 1732, Evaluated States: 2434, Time: 0.274) Frontier Size: 702
Problem Solved

Found Plan:
0.0: (add_action a7)
1.0: (check_added_variables_model a7)
2.0: (move_in_model_move_automata a7)
3.0: (change_value a10 integer v5)
4.0: (validate_payload t0 a10 t1)
5.0: (sync_actions a10)
6.0: (add_action a12)
7.0: (move_in_model_parameter a12 sDEC1_1 categorical c2)
8.0: (check_added_variables_model a12)
9.0: (move_in_model_move_automata a12)
10.0: (validate_payload t1 a11 t2)
11.0: (sync_actions a11)
12.0: (add_action a8)
13.0: (check_added_variables_model a8)
14.0: (move_in_model_move_automata a8)
15.0: (add_action a0)
16.0: (check_added_variables_model a0)
17.0: (move_in_model_move_automata a0)
18.0: (validate_payload t2 a9 t3)
19.0: (sync_actions a9)

Plan-Length:20
Metric (Search):10.0
Planning Time (msec): 294
Heuristic Time (msec): 5
Search Time (msec): 287
Expanded Nodes:1958
States Evaluated:2709
Number of Dead-Ends detected:0
Number of Duplicates detected:107
/usr/bin/time -v timeout 600 java -Xmx64g -jar ./enhsp3.jar -o ./domain_with_failure.pddl -f ./problems/BasePN-0And-del-5-d7/problem44.pddl -h blind -s WAStar
Domain parsed
Problem parsed
Grounding..
Grounding Time: 3537
UFX:true
|F|:10236
|X|:14
|A|:698
|P|:0
|E|:0
h(I):0.0
f(n) = 1.0 (Expanded Nodes: 4, Evaluated States: 9, Time: 0.024) Frontier Size: 5
f(n) = 2.0 (Expanded Nodes: 11, Evaluated States: 13, Time: 0.056) Frontier Size: 2
f(n) = 3.0 (Expanded Nodes: 18, Evaluated States: 28, Time: 0.065) Frontier Size: 10
f(n) = 4.0 (Expanded Nodes: 27, Evaluated States: 33, Time: 0.074) Frontier Size: 6
f(n) = 5.0 (Expanded Nodes: 44, Evaluated States: 66, Time: 0.093) Frontier Size: 22
f(n) = 6.0 (Expanded Nodes: 64, Evaluated States: 86, Time: 0.096) Frontier Size: 22
f(n) = 7.0 (Expanded Nodes: 94, Evaluated States: 133, Time: 0.107) Frontier Size: 39
f(n) = 8.0 (Expanded Nodes: 132, Evaluated States: 173, Time: 0.119) Frontier Size: 41
f(n) = 9.0 (Expanded Nodes: 182, Evaluated States: 235, Time: 0.135) Frontier Size: 53
f(n) = 10.0 (Expanded Nodes: 246, Evaluated States: 317, Time: 0.144) Frontier Size: 71
Problem Solved

Found Plan:
0.0: (add_action a7)
1.0: (check_added_variables_model a7)
2.0: (move_in_model_move_automata a7)
3.0: (add_action a10)
4.0: (check_added_variables_model a10)
5.0: (move_in_model_move_automata a10)
6.0: (validate_payload t0 a12 t1)
7.0: (sync_actions a12)
8.0: (add_action a11)
9.0: (check_added_variables_model a11)
10.0: (move_in_model_move_automata a11)
11.0: (add_action a8)
12.0: (check_added_variables_model a8)
13.0: (move_in_model_move_automata a8)
14.0: (validate_payload t1 a1 t2)
15.0: (sync_actions a1)
16.0: (validate_payload t2 a2 t3)
17.0: (sync_actions a2)
18.0: (add_action a9)
19.0: (check_added_variables_model a9)
20.0: (move_in_model_move_automata a9)

Plan-Length:21
Metric (Search):10.0
Planning Time (msec): 155
Heuristic Time (msec): 7
Search Time (msec): 150
Expanded Nodes:277
States Evaluated:341
Number of Dead-Ends detected:0
Number of Duplicates detected:41
/usr/bin/time -v timeout 600 java -Xmx64g -jar ./enhsp3.jar -o ./domain_with_failure.pddl -f ./problems/BasePN-0And-del-5-d7/problem45.pddl -h blind -s WAStar
Domain parsed
Problem parsed
Grounding..
Grounding Time: 3377
UFX:true
|F|:10233
|X|:13
|A|:697
|P|:0
|E|:0
h(I):0.0
f(n) = 1.0 (Expanded Nodes: 4, Evaluated States: 17, Time: 0.025) Frontier Size: 13
f(n) = 2.0 (Expanded Nodes: 19, Evaluated States: 53, Time: 0.067) Frontier Size: 34
f(n) = 3.0 (Expanded Nodes: 46, Evaluated States: 91, Time: 0.092) Frontier Size: 45
f(n) = 4.0 (Expanded Nodes: 101, Evaluated States: 176, Time: 0.114) Frontier Size: 75
f(n) = 5.0 (Expanded Nodes: 168, Evaluated States: 244, Time: 0.137) Frontier Size: 76
f(n) = 6.0 (Expanded Nodes: 269, Evaluated States: 365, Time: 0.155) Frontier Size: 96
f(n) = 7.0 (Expanded Nodes: 370, Evaluated States: 466, Time: 0.186) Frontier Size: 96
f(n) = 8.0 (Expanded Nodes: 503, Evaluated States: 608, Time: 0.215) Frontier Size: 105
f(n) = 9.0 (Expanded Nodes: 639, Evaluated States: 780, Time: 0.248) Frontier Size: 141
f(n) = 10.0 (Expanded Nodes: 811, Evaluated States: 982, Time: 0.281) Frontier Size: 171
f(n) = 11.0 (Expanded Nodes: 1034, Evaluated States: 1218, Time: 0.324) Frontier Size: 184
Problem Solved

Found Plan:
0.0: (validate_payload t0 a7 t1)
1.0: (sync_actions a7)
2.0: (add_action a10)
3.0: (check_added_variables_model a10)
4.0: (move_in_model_move_automata a10)
5.0: (add_action a12)
6.0: (move_in_model_parameter a12 sDEC1_1 categorical c2)
7.0: (check_added_variables_model a12)
8.0: (move_in_model_move_automata a12)
9.0: (add_action a11)
10.0: (check_added_variables_model a11)
11.0: (move_in_model_move_automata a11)
12.0: (validate_payload t1 a8 t2)
13.0: (sync_actions a8)
14.0: (add_action a0)
15.0: (check_added_variables_model a0)
16.0: (move_in_model_move_automata a0)
17.0: (add_action a9)
18.0: (check_added_variables_model a9)
19.0: (move_in_model_move_automata a9)

Plan-Length:20
Metric (Search):11.0
Planning Time (msec): 369
Heuristic Time (msec): 10
Search Time (msec): 362
Expanded Nodes:1282
States Evaluated:1457
Number of Dead-Ends detected:0
Number of Duplicates detected:150
/usr/bin/time -v timeout 600 java -Xmx64g -jar ./enhsp3.jar -o ./domain_with_failure.pddl -f ./problems/BasePN-0And-del-5-d7/problem46.pddl -h blind -s WAStar
Domain parsed
Problem parsed
Grounding..
Grounding Time: 3298
UFX:true
|F|:10236
|X|:13
|A|:698
|P|:0
|E|:0
h(I):0.0
f(n) = 1.0 (Expanded Nodes: 6, Evaluated States: 23, Time: 0.023) Frontier Size: 17
f(n) = 2.0 (Expanded Nodes: 38, Evaluated States: 98, Time: 0.075) Frontier Size: 60
f(n) = 3.0 (Expanded Nodes: 107, Evaluated States: 216, Time: 0.108) Frontier Size: 109
f(n) = 4.0 (Expanded Nodes: 216, Evaluated States: 407, Time: 0.141) Frontier Size: 191
f(n) = 5.0 (Expanded Nodes: 434, Evaluated States: 696, Time: 0.199) Frontier Size: 262
f(n) = 6.0 (Expanded Nodes: 743, Evaluated States: 1096, Time: 0.263) Frontier Size: 353
f(n) = 7.0 (Expanded Nodes: 1166, Evaluated States: 1585, Time: 0.351) Frontier Size: 419
f(n) = 8.0 (Expanded Nodes: 1724, Evaluated States: 2144, Time: 0.446) Frontier Size: 420
f(n) = 9.0 (Expanded Nodes: 2269, Evaluated States: 2734, Time: 0.509) Frontier Size: 465
f(n) = 10.0 (Expanded Nodes: 2907, Evaluated States: 3418, Time: 0.561) Frontier Size: 511
Problem Solved

Found Plan:
0.0: (validate_payload t0 a7 t1)
1.0: (sync_actions a7)
2.0: (change_value a10 integer v5)
3.0: (validate_payload t1 a10 t2)
4.0: (sync_actions a10)
5.0: (add_action a12)
6.0: (move_in_model_parameter a12 sDEC1_1 categorical c2)
7.0: (check_added_variables_model a12)
8.0: (move_in_model_move_automata a12)
9.0: (add_action a11)
10.0: (check_added_variables_model a11)
11.0: (move_in_model_move_automata a11)
12.0: (add_action a8)
13.0: (check_added_variables_model a8)
14.0: (move_in_model_move_automata a8)
15.0: (add_action a0)
16.0: (check_added_variables_model a0)
17.0: (move_in_model_move_automata a0)
18.0: (validate_payload t2 a9 t3)
19.0: (sync_actions a9)

Plan-Length:20
Metric (Search):10.0
Planning Time (msec): 603
Heuristic Time (msec): 2
Search Time (msec): 596
Expanded Nodes:3402
States Evaluated:4003
Number of Dead-Ends detected:0
Number of Duplicates detected:387
/usr/bin/time -v timeout 600 java -Xmx64g -jar ./enhsp3.jar -o ./domain_with_failure.pddl -f ./problems/BasePN-0And-del-5-d7/problem47.pddl -h blind -s WAStar
Domain parsed
Problem parsed
Grounding..
Grounding Time: 3405
UFX:true
|F|:10236
|X|:14
|A|:698
|P|:0
|E|:0
h(I):0.0
f(n) = 1.0 (Expanded Nodes: 4, Evaluated States: 9, Time: 0.023) Frontier Size: 5
f(n) = 2.0 (Expanded Nodes: 11, Evaluated States: 13, Time: 0.056) Frontier Size: 2
f(n) = 3.0 (Expanded Nodes: 18, Evaluated States: 32, Time: 0.068) Frontier Size: 14
f(n) = 4.0 (Expanded Nodes: 31, Evaluated States: 37, Time: 0.075) Frontier Size: 6
f(n) = 5.0 (Expanded Nodes: 50, Evaluated States: 82, Time: 0.085) Frontier Size: 32
f(n) = 6.0 (Expanded Nodes: 96, Evaluated States: 158, Time: 0.103) Frontier Size: 62
f(n) = 7.0 (Expanded Nodes: 198, Evaluated States: 332, Time: 0.145) Frontier Size: 134
f(n) = 8.0 (Expanded Nodes: 346, Evaluated States: 491, Time: 0.174) Frontier Size: 145
f(n) = 9.0 (Expanded Nodes: 540, Evaluated States: 773, Time: 0.239) Frontier Size: 233
f(n) = 10.0 (Expanded Nodes: 842, Evaluated States: 1102, Time: 0.27) Frontier Size: 260
Problem Solved

Found Plan:
0.0: (add_action a7)
1.0: (check_added_variables_model a7)
2.0: (move_in_model_move_automata a7)
3.0: (add_action a10)
4.0: (check_added_variables_model a10)
5.0: (move_in_model_move_automata a10)
6.0: (validate_payload t0 a12 t1)
7.0: (sync_actions a12)
8.0: (validate_payload t1 a11 t2)
9.0: (sync_actions a11)
10.0: (add_action a8)
11.0: (check_added_variables_model a8)
12.0: (move_in_model_move_automata a8)
13.0: (add_action a1)
14.0: (check_added_variables_model a1)
15.0: (move_in_model_move_automata a1)
16.0: (validate_payload t2 a2 t3)
17.0: (sync_actions a2)
18.0: (add_action a9)
19.0: (check_added_variables_model a9)
20.0: (move_in_model_move_automata a9)

Plan-Length:21
Metric (Search):10.0
Planning Time (msec): 280
Heuristic Time (msec): 6
Search Time (msec): 273
Expanded Nodes:888
States Evaluated:1155
Number of Dead-Ends detected:0
Number of Duplicates detected:86
/usr/bin/time -v timeout 600 java -Xmx64g -jar ./enhsp3.jar -o ./domain_with_failure.pddl -f ./problems/BasePN-0And-del-5-d7/problem48.pddl -h blind -s WAStar
Domain parsed
Problem parsed
Grounding..
Grounding Time: 3321
UFX:true
|F|:10236
|X|:14
|A|:698
|P|:0
|E|:0
h(I):0.0
f(n) = 1.0 (Expanded Nodes: 2, Evaluated States: 8, Time: 0.018) Frontier Size: 6
f(n) = 2.0 (Expanded Nodes: 6, Evaluated States: 8, Time: 0.057) Frontier Size: 2
f(n) = 3.0 (Expanded Nodes: 14, Evaluated States: 35, Time: 0.068) Frontier Size: 21
f(n) = 4.0 (Expanded Nodes: 37, Evaluated States: 71, Time: 0.085) Frontier Size: 34
f(n) = 5.0 (Expanded Nodes: 75, Evaluated States: 128, Time: 0.101) Frontier Size: 53
f(n) = 6.0 (Expanded Nodes: 161, Evaluated States: 302, Time: 0.135) Frontier Size: 141
f(n) = 7.0 (Expanded Nodes: 400, Evaluated States: 691, Time: 0.201) Frontier Size: 291
f(n) = 8.0 (Expanded Nodes: 780, Evaluated States: 1214, Time: 0.252) Frontier Size: 434
f(n) = 9.0 (Expanded Nodes: 1381, Evaluated States: 1985, Time: 0.317) Frontier Size: 604
f(n) = 10.0 (Expanded Nodes: 2236, Evaluated States: 3014, Time: 0.391) Frontier Size: 778
f(n) = 11.0 (Expanded Nodes: 3452, Evaluated States: 4615, Time: 0.477) Frontier Size: 1163
Problem Solved

Found Plan:
0.0: (add_action a7)
1.0: (check_added_variables_model a7)
2.0: (move_in_model_move_automata a7)
3.0: (validate_payload t0 a10 t1)
4.0: (sync_actions a10)
5.0: (add_action a12)
6.0: (move_in_model_parameter a12 sDEC1_1 categorical c2)
7.0: (check_added_variables_model a12)
8.0: (move_in_model_move_automata a12)
9.0: (validate_payload t1 a11 t2)
10.0: (sync_actions a11)
11.0: (add_action a8)
12.0: (check_added_variables_model a8)
13.0: (move_in_model_move_automata a8)
14.0: (add_action a1)
15.0: (check_added_variables_model a1)
16.0: (move_in_model_move_automata a1)
17.0: (validate_payload t2 a2 t3)
18.0: (sync_actions a2)
19.0: (add_action a9)
20.0: (check_added_variables_model a9)
21.0: (move_in_model_move_automata a9)

Plan-Length:22
Metric (Search):11.0
Planning Time (msec): 576
Heuristic Time (msec): 3
Search Time (msec): 568
Expanded Nodes:4590
States Evaluated:6258
Number of Dead-Ends detected:0
Number of Duplicates detected:390
/usr/bin/time -v timeout 600 java -Xmx64g -jar ./enhsp3.jar -o ./domain_with_failure.pddl -f ./problems/BasePN-0And-del-5-d7/problem49.pddl -h blind -s WAStar
Domain parsed
Problem parsed
Grounding..
Grounding Time: 3499
UFX:true
|F|:10236
|X|:13
|A|:698
|P|:0
|E|:0
h(I):0.0
f(n) = 1.0 (Expanded Nodes: 6, Evaluated States: 19, Time: 0.027) Frontier Size: 13
f(n) = 2.0 (Expanded Nodes: 33, Evaluated States: 67, Time: 0.073) Frontier Size: 34
f(n) = 3.0 (Expanded Nodes: 80, Evaluated States: 128, Time: 0.1) Frontier Size: 48
f(n) = 4.0 (Expanded Nodes: 157, Evaluated States: 253, Time: 0.126) Frontier Size: 96
f(n) = 5.0 (Expanded Nodes: 263, Evaluated States: 390, Time: 0.158) Frontier Size: 127
f(n) = 6.0 (Expanded Nodes: 413, Evaluated States: 582, Time: 0.191) Frontier Size: 169
f(n) = 7.0 (Expanded Nodes: 601, Evaluated States: 785, Time: 0.228) Frontier Size: 184
f(n) = 8.0 (Expanded Nodes: 817, Evaluated States: 1009, Time: 0.251) Frontier Size: 192
Problem Solved

Found Plan:
0.0: (validate_payload t0 a7 t1)
1.0: (sync_actions a7)
2.0: (add_action a10)
3.0: (check_added_variables_model a10)
4.0: (move_in_model_move_automata a10)
5.0: (validate_payload t1 a12 t2)
6.0: (sync_actions a12)
7.0: (add_action a11)
8.0: (check_added_variables_model a11)
9.0: (move_in_model_move_automata a11)
10.0: (add_action a8)
11.0: (check_added_variables_model a8)
12.0: (move_in_model_move_automata a8)
13.0: (add_action a0)
14.0: (check_added_variables_model a0)
15.0: (move_in_model_move_automata a0)
16.0: (validate_payload t2 a9 t3)
17.0: (sync_actions a9)

Plan-Length:18
Metric (Search):8.0
Planning Time (msec): 265
Heuristic Time (msec): 6
Search Time (msec): 259
Expanded Nodes:854
States Evaluated:1056
Number of Dead-Ends detected:0
Number of Duplicates detected:113
/usr/bin/time -v timeout 600 java -Xmx64g -jar ./enhsp3.jar -o ./domain_with_failure.pddl -f ./problems/BasePN-0And-del-5-d7/problem50.pddl -h blind -s WAStar
Domain parsed
Problem parsed
Grounding..
Grounding Time: 3412
UFX:true
|F|:10236
|X|:13
|A|:698
|P|:0
|E|:0
h(I):0.0
f(n) = 1.0 (Expanded Nodes: 6, Evaluated States: 23, Time: 0.029) Frontier Size: 17
f(n) = 2.0 (Expanded Nodes: 38, Evaluated States: 98, Time: 0.076) Frontier Size: 60
f(n) = 3.0 (Expanded Nodes: 107, Evaluated States: 216, Time: 0.114) Frontier Size: 109
f(n) = 4.0 (Expanded Nodes: 216, Evaluated States: 407, Time: 0.147) Frontier Size: 191
f(n) = 5.0 (Expanded Nodes: 436, Evaluated States: 701, Time: 0.203) Frontier Size: 265
f(n) = 6.0 (Expanded Nodes: 761, Evaluated States: 1140, Time: 0.277) Frontier Size: 379
f(n) = 7.0 (Expanded Nodes: 1230, Evaluated States: 1732, Time: 0.353) Frontier Size: 502
f(n) = 8.0 (Expanded Nodes: 1888, Evaluated States: 2462, Time: 0.424) Frontier Size: 574
f(n) = 9.0 (Expanded Nodes: 2669, Evaluated States: 3387, Time: 0.495) Frontier Size: 718
f(n) = 10.0 (Expanded Nodes: 3655, Evaluated States: 4467, Time: 0.553) Frontier Size: 812
Problem Solved

Found Plan:
0.0: (validate_payload t0 a7 t1)
1.0: (sync_actions a7)
2.0: (change_value a10 integer v0)
3.0: (validate_payload t1 a10 t2)
4.0: (sync_actions a10)
5.0: (add_action a12)
6.0: (move_in_model_parameter a12 sDEC1_1 categorical c2)
7.0: (check_added_variables_model a12)
8.0: (move_in_model_move_automata a12)
9.0: (add_action a11)
10.0: (check_added_variables_model a11)
11.0: (move_in_model_move_automata a11)
12.0: (validate_payload t2 a8 t3)
13.0: (sync_actions a8)
14.0: (add_action a0)
15.0: (check_added_variables_model a0)
16.0: (move_in_model_move_automata a0)
17.0: (add_action a9)
18.0: (check_added_variables_model a9)
19.0: (move_in_model_move_automata a9)

Plan-Length:20
Metric (Search):10.0
Planning Time (msec): 557
Heuristic Time (msec): 7
Search Time (msec): 554
Expanded Nodes:3681
States Evaluated:4504
Number of Dead-Ends detected:0
Number of Duplicates detected:423
/usr/bin/time -v timeout 600 java -Xmx64g -jar ./enhsp3.jar -o ./domain_with_failure.pddl -f ./problems/BasePN-0And-del-5-d7/problem51.pddl -h blind -s WAStar
Domain parsed
Problem parsed
Grounding..
Grounding Time: 3256
UFX:true
|F|:10236
|X|:13
|A|:698
|P|:0
|E|:0
h(I):0.0
f(n) = 1.0 (Expanded Nodes: 2, Evaluated States: 8, Time: 0.02) Frontier Size: 6
f(n) = 2.0 (Expanded Nodes: 6, Evaluated States: 8, Time: 0.047) Frontier Size: 2
f(n) = 3.0 (Expanded Nodes: 14, Evaluated States: 36, Time: 0.064) Frontier Size: 22
f(n) = 4.0 (Expanded Nodes: 37, Evaluated States: 72, Time: 0.082) Frontier Size: 35
f(n) = 5.0 (Expanded Nodes: 75, Evaluated States: 132, Time: 0.099) Frontier Size: 57
f(n) = 6.0 (Expanded Nodes: 147, Evaluated States: 270, Time: 0.126) Frontier Size: 123
f(n) = 7.0 (Expanded Nodes: 294, Evaluated States: 558, Time: 0.169) Frontier Size: 264
f(n) = 8.0 (Expanded Nodes: 548, Evaluated States: 965, Time: 0.235) Frontier Size: 417
f(n) = 9.0 (Expanded Nodes: 1080, Evaluated States: 1688, Time: 0.328) Frontier Size: 608
f(n) = 10.0 (Expanded Nodes: 1909, Evaluated States: 2710, Time: 0.412) Frontier Size: 801
f(n) = 11.0 (Expanded Nodes: 3064, Evaluated States: 4202, Time: 0.524) Frontier Size: 1138
Problem Solved

Found Plan:
0.0: (add_action a7)
1.0: (check_added_variables_model a7)
2.0: (move_in_model_move_automata a7)
3.0: (change_value a10 integer v5)
4.0: (validate_payload t0 a10 t1)
5.0: (sync_actions a10)
6.0: (add_action a12)
7.0: (move_in_model_parameter a12 sDEC1_1 categorical c2)
8.0: (check_added_variables_model a12)
9.0: (move_in_model_move_automata a12)
10.0: (change_value a11 integer v5)
11.0: (validate_payload t1 a11 t2)
12.0: (sync_actions a11)
13.0: (add_action a8)
14.0: (check_added_variables_model a8)
15.0: (move_in_model_move_automata a8)
16.0: (add_action a0)
17.0: (check_added_variables_model a0)
18.0: (move_in_model_move_automata a0)
19.0: (validate_payload t2 a9 t3)
20.0: (sync_actions a9)

Plan-Length:21
Metric (Search):11.0
Planning Time (msec): 557
Heuristic Time (msec): 7
Search Time (msec): 554
Expanded Nodes:3558
States Evaluated:4777
Number of Dead-Ends detected:0
Number of Duplicates detected:203
/usr/bin/time -v timeout 600 java -Xmx64g -jar ./enhsp3.jar -o ./domain_with_failure.pddl -f ./problems/BasePN-0And-del-5-d7/problem52.pddl -h blind -s WAStar
Domain parsed
Problem parsed
Grounding..
Grounding Time: 3430
UFX:true
|F|:10236
|X|:14
|A|:698
|P|:0
|E|:0
h(I):0.0
f(n) = 1.0 (Expanded Nodes: 2, Evaluated States: 8, Time: 0.019) Frontier Size: 6
f(n) = 2.0 (Expanded Nodes: 6, Evaluated States: 8, Time: 0.049) Frontier Size: 2
f(n) = 3.0 (Expanded Nodes: 14, Evaluated States: 35, Time: 0.068) Frontier Size: 21
f(n) = 4.0 (Expanded Nodes: 37, Evaluated States: 71, Time: 0.081) Frontier Size: 34
f(n) = 5.0 (Expanded Nodes: 75, Evaluated States: 135, Time: 0.099) Frontier Size: 60
f(n) = 6.0 (Expanded Nodes: 170, Evaluated States: 356, Time: 0.131) Frontier Size: 186
f(n) = 7.0 (Expanded Nodes: 457, Evaluated States: 952, Time: 0.215) Frontier Size: 495
f(n) = 8.0 (Expanded Nodes: 1003, Evaluated States: 1918, Time: 0.274) Frontier Size: 915
f(n) = 9.0 (Expanded Nodes: 2073, Evaluated States: 3464, Time: 0.395) Frontier Size: 1391
Problem Solved

Found Plan:
0.0: (add_action a7)
1.0: (check_added_variables_model a7)
2.0: (move_in_model_move_automata a7)
3.0: (validate_payload t0 a10 t1)
4.0: (sync_actions a10)
5.0: (add_action a12)
6.0: (move_in_model_parameter a12 sDEC1_1 categorical c2)
7.0: (check_added_variables_model a12)
8.0: (move_in_model_move_automata a12)
9.0: (validate_payload t1 a11 t2)
10.0: (sync_actions a11)
11.0: (validate_payload t2 a8 t3)
12.0: (sync_actions a8)
13.0: (add_action a0)
14.0: (check_added_variables_model a0)
15.0: (move_in_model_move_automata a0)
16.0: (add_action a9)
17.0: (check_added_variables_model a9)
18.0: (move_in_model_move_automata a9)

Plan-Length:19
Metric (Search):9.0
Planning Time (msec): 440
Heuristic Time (msec): 6
Search Time (msec): 434
Expanded Nodes:2750
States Evaluated:4210
Number of Dead-Ends detected:0
Number of Duplicates detected:122
/usr/bin/time -v timeout 600 java -Xmx64g -jar ./enhsp3.jar -o ./domain_with_failure.pddl -f ./problems/BasePN-0And-del-5-d7/problem53.pddl -h blind -s WAStar
Domain parsed
Problem parsed
Grounding..
Grounding Time: 3459
UFX:true
|F|:10236
|X|:13
|A|:698
|P|:0
|E|:0
h(I):0.0
f(n) = 1.0 (Expanded Nodes: 4, Evaluated States: 9, Time: 0.026) Frontier Size: 5
f(n) = 2.0 (Expanded Nodes: 11, Evaluated States: 13, Time: 0.056) Frontier Size: 2
f(n) = 3.0 (Expanded Nodes: 18, Evaluated States: 28, Time: 0.07) Frontier Size: 10
f(n) = 4.0 (Expanded Nodes: 27, Evaluated States: 33, Time: 0.073) Frontier Size: 6
f(n) = 5.0 (Expanded Nodes: 44, Evaluated States: 66, Time: 0.091) Frontier Size: 22
f(n) = 6.0 (Expanded Nodes: 64, Evaluated States: 86, Time: 0.099) Frontier Size: 22
f(n) = 7.0 (Expanded Nodes: 94, Evaluated States: 133, Time: 0.116) Frontier Size: 39
f(n) = 8.0 (Expanded Nodes: 132, Evaluated States: 173, Time: 0.125) Frontier Size: 41
f(n) = 9.0 (Expanded Nodes: 178, Evaluated States: 228, Time: 0.136) Frontier Size: 50
f(n) = 10.0 (Expanded Nodes: 230, Evaluated States: 285, Time: 0.145) Frontier Size: 55
Problem Solved

Found Plan:
0.0: (add_action a7)
1.0: (check_added_variables_model a7)
2.0: (move_in_model_move_automata a7)
3.0: (add_action a10)
4.0: (check_added_variables_model a10)
5.0: (move_in_model_move_automata a10)
6.0: (validate_payload t0 a12 t1)
7.0: (sync_actions a12)
8.0: (add_action a11)
9.0: (check_added_variables_model a11)
10.0: (move_in_model_move_automata a11)
11.0: (add_action a8)
12.0: (check_added_variables_model a8)
13.0: (move_in_model_move_automata a8)
14.0: (add_action a1)
15.0: (check_added_variables_model a1)
16.0: (move_in_model_move_automata a1)
17.0: (validate_payload t1 a2 t2)
18.0: (sync_actions a2)
19.0: (validate_payload t2 a9 t3)
20.0: (sync_actions a9)

Plan-Length:21
Metric (Search):10.0
Planning Time (msec): 157
Heuristic Time (msec): 4
Search Time (msec): 155
Expanded Nodes:262
States Evaluated:327
Number of Dead-Ends detected:0
Number of Duplicates detected:40
/usr/bin/time -v timeout 600 java -Xmx64g -jar ./enhsp3.jar -o ./domain_with_failure.pddl -f ./problems/BasePN-0And-del-5-d7/problem54.pddl -h blind -s WAStar
Domain parsed
Problem parsed
Grounding..
Grounding Time: 3325
UFX:true
|F|:10233
|X|:11
|A|:697
|P|:0
|E|:0
h(I):0.0
f(n) = 2.0 (Expanded Nodes: 2, Evaluated States: 4, Time: 0.024) Frontier Size: 2
f(n) = 3.0 (Expanded Nodes: 8, Evaluated States: 15, Time: 0.067) Frontier Size: 7
f(n) = 4.0 (Expanded Nodes: 11, Evaluated States: 17, Time: 0.076) Frontier Size: 6
f(n) = 5.0 (Expanded Nodes: 25, Evaluated States: 38, Time: 0.093) Frontier Size: 13
f(n) = 6.0 (Expanded Nodes: 30, Evaluated States: 41, Time: 0.094) Frontier Size: 11
f(n) = 7.0 (Expanded Nodes: 57, Evaluated States: 81, Time: 0.112) Frontier Size: 24
f(n) = 8.0 (Expanded Nodes: 71, Evaluated States: 97, Time: 0.12) Frontier Size: 26
f(n) = 9.0 (Expanded Nodes: 112, Evaluated States: 145, Time: 0.14) Frontier Size: 33
f(n) = 10.0 (Expanded Nodes: 140, Evaluated States: 168, Time: 0.149) Frontier Size: 28
f(n) = 11.0 (Expanded Nodes: 184, Evaluated States: 212, Time: 0.164) Frontier Size: 28
Problem Solved

Found Plan:
0.0: (add_action a7)
1.0: (check_added_variables_model a7)
2.0: (move_in_model_move_automata a7)
3.0: (add_action a10)
4.0: (check_added_variables_model a10)
5.0: (move_in_model_move_automata a10)
6.0: (add_action a12)
7.0: (move_in_model_parameter a12 sDEC1_1 categorical c2)
8.0: (check_added_variables_model a12)
9.0: (move_in_model_move_automata a12)
10.0: (validate_payload t0 a11 t1)
11.0: (sync_actions a11)
12.0: (validate_payload t1 a8 t2)
13.0: (sync_actions a8)
14.0: (add_action a0)
15.0: (check_added_variables_model a0)
16.0: (move_in_model_move_automata a0)
17.0: (add_action a9)
18.0: (check_added_variables_model a9)
19.0: (move_in_model_move_automata a9)

Plan-Length:20
Metric (Search):11.0
Planning Time (msec): 167
Heuristic Time (msec): 12
Search Time (msec): 165
Expanded Nodes:189
States Evaluated:216
Number of Dead-Ends detected:0
Number of Duplicates detected:36
/usr/bin/time -v timeout 600 java -Xmx64g -jar ./enhsp3.jar -o ./domain_with_failure.pddl -f ./problems/BasePN-0And-del-5-d7/problem55.pddl -h blind -s WAStar
Domain parsed
Problem parsed
Grounding..
Grounding Time: 3296
UFX:true
|F|:10236
|X|:13
|A|:698
|P|:0
|E|:0
h(I):0.0
f(n) = 1.0 (Expanded Nodes: 4, Evaluated States: 9, Time: 0.022) Frontier Size: 5
f(n) = 2.0 (Expanded Nodes: 11, Evaluated States: 13, Time: 0.06) Frontier Size: 2
f(n) = 3.0 (Expanded Nodes: 18, Evaluated States: 28, Time: 0.072) Frontier Size: 10
f(n) = 4.0 (Expanded Nodes: 27, Evaluated States: 33, Time: 0.08) Frontier Size: 6
f(n) = 5.0 (Expanded Nodes: 44, Evaluated States: 66, Time: 0.096) Frontier Size: 22
f(n) = 6.0 (Expanded Nodes: 64, Evaluated States: 86, Time: 0.105) Frontier Size: 22
f(n) = 7.0 (Expanded Nodes: 96, Evaluated States: 138, Time: 0.122) Frontier Size: 42
f(n) = 8.0 (Expanded Nodes: 140, Evaluated States: 195, Time: 0.14) Frontier Size: 55
f(n) = 9.0 (Expanded Nodes: 195, Evaluated States: 261, Time: 0.161) Frontier Size: 66
f(n) = 10.0 (Expanded Nodes: 278, Evaluated States: 363, Time: 0.179) Frontier Size: 85
Problem Solved

Found Plan:
0.0: (add_action a7)
1.0: (check_added_variables_model a7)
2.0: (move_in_model_move_automata a7)
3.0: (add_action a10)
4.0: (check_added_variables_model a10)
5.0: (move_in_model_move_automata a10)
6.0: (validate_payload t0 a12 t1)
7.0: (sync_actions a12)
8.0: (add_action a11)
9.0: (check_added_variables_model a11)
10.0: (move_in_model_move_automata a11)
11.0: (validate_payload t1 a8 t2)
12.0: (sync_actions a8)
13.0: (add_action a1)
14.0: (check_added_variables_model a1)
15.0: (move_in_model_move_automata a1)
16.0: (validate_payload t2 a2 t3)
17.0: (sync_actions a2)
18.0: (add_action a9)
19.0: (check_added_variables_model a9)
20.0: (move_in_model_move_automata a9)

Plan-Length:21
Metric (Search):10.0
Planning Time (msec): 191
Heuristic Time (msec): 6
Search Time (msec): 188
Expanded Nodes:314
States Evaluated:397
Number of Dead-Ends detected:0
Number of Duplicates detected:52
/usr/bin/time -v timeout 600 java -Xmx64g -jar ./enhsp3.jar -o ./domain_with_failure.pddl -f ./problems/BasePN-0And-del-5-d7/problem56.pddl -h blind -s WAStar
Domain parsed
Problem parsed
Grounding..
Grounding Time: 3455
UFX:true
|F|:10236
|X|:14
|A|:698
|P|:0
|E|:0
h(I):0.0
f(n) = 1.0 (Expanded Nodes: 6, Evaluated States: 19, Time: 0.025) Frontier Size: 13
f(n) = 2.0 (Expanded Nodes: 33, Evaluated States: 67, Time: 0.075) Frontier Size: 34
f(n) = 3.0 (Expanded Nodes: 80, Evaluated States: 128, Time: 0.1) Frontier Size: 48
f(n) = 4.0 (Expanded Nodes: 157, Evaluated States: 253, Time: 0.125) Frontier Size: 96
f(n) = 5.0 (Expanded Nodes: 263, Evaluated States: 390, Time: 0.158) Frontier Size: 127
f(n) = 6.0 (Expanded Nodes: 413, Evaluated States: 582, Time: 0.178) Frontier Size: 169
f(n) = 7.0 (Expanded Nodes: 601, Evaluated States: 785, Time: 0.203) Frontier Size: 184
f(n) = 8.0 (Expanded Nodes: 817, Evaluated States: 1009, Time: 0.225) Frontier Size: 192
f(n) = 9.0 (Expanded Nodes: 1049, Evaluated States: 1248, Time: 0.253) Frontier Size: 199
f(n) = 10.0 (Expanded Nodes: 1292, Evaluated States: 1506, Time: 0.274) Frontier Size: 214
Problem Solved

Found Plan:
0.0: (validate_payload t0 a7 t1)
1.0: (sync_actions a7)
2.0: (add_action a10)
3.0: (check_added_variables_model a10)
4.0: (move_in_model_move_automata a10)
5.0: (validate_payload t1 a12 t2)
6.0: (sync_actions a12)
7.0: (add_action a11)
8.0: (check_added_variables_model a11)
9.0: (move_in_model_move_automata a11)
10.0: (add_action a8)
11.0: (check_added_variables_model a8)
12.0: (move_in_model_move_automata a8)
13.0: (add_action a1)
14.0: (check_added_variables_model a1)
15.0: (move_in_model_move_automata a1)
16.0: (validate_payload t2 a2 t3)
17.0: (sync_actions a2)
18.0: (add_action a9)
19.0: (check_added_variables_model a9)
20.0: (move_in_model_move_automata a9)

Plan-Length:21
Metric (Search):10.0
Planning Time (msec): 289
Heuristic Time (msec): 7
Search Time (msec): 276
Expanded Nodes:1308
States Evaluated:1532
Number of Dead-Ends detected:0
Number of Duplicates detected:199
/usr/bin/time -v timeout 600 java -Xmx64g -jar ./enhsp3.jar -o ./domain_with_failure.pddl -f ./problems/BasePN-0And-del-5-d7/problem57.pddl -h blind -s WAStar
Domain parsed
Problem parsed
Grounding..
Grounding Time: 3402
UFX:true
|F|:10236
|X|:13
|A|:698
|P|:0
|E|:0
h(I):0.0
f(n) = 1.0 (Expanded Nodes: 4, Evaluated States: 14, Time: 0.022) Frontier Size: 10
f(n) = 2.0 (Expanded Nodes: 16, Evaluated States: 38, Time: 0.059) Frontier Size: 22
f(n) = 3.0 (Expanded Nodes: 31, Evaluated States: 68, Time: 0.077) Frontier Size: 37
f(n) = 4.0 (Expanded Nodes: 77, Evaluated States: 136, Time: 0.101) Frontier Size: 59
f(n) = 5.0 (Expanded Nodes: 124, Evaluated States: 201, Time: 0.117) Frontier Size: 77
f(n) = 6.0 (Expanded Nodes: 220, Evaluated States: 317, Time: 0.145) Frontier Size: 97
f(n) = 7.0 (Expanded Nodes: 304, Evaluated States: 411, Time: 0.171) Frontier Size: 107
f(n) = 8.0 (Expanded Nodes: 443, Evaluated States: 551, Time: 0.203) Frontier Size: 108
f(n) = 9.0 (Expanded Nodes: 556, Evaluated States: 655, Time: 0.237) Frontier Size: 99
f(n) = 10.0 (Expanded Nodes: 680, Evaluated States: 779, Time: 0.271) Frontier Size: 99
f(n) = 11.0 (Expanded Nodes: 792, Evaluated States: 892, Time: 0.298) Frontier Size: 100
Problem Solved

Found Plan:
0.0: (validate_payload t0 a7 t1)
1.0: (sync_actions a7)
2.0: (add_action a10)
3.0: (check_added_variables_model a10)
4.0: (move_in_model_move_automata a10)
5.0: (add_action a12)
6.0: (move_in_model_parameter a12 sDEC1_1 categorical c2)
7.0: (check_added_variables_model a12)
8.0: (move_in_model_move_automata a12)
9.0: (add_action a11)
10.0: (check_added_variables_model a11)
11.0: (move_in_model_move_automata a11)
12.0: (add_action a8)
13.0: (check_added_variables_model a8)
14.0: (move_in_model_move_automata a8)
15.0: (add_action a1)
16.0: (check_added_variables_model a1)
17.0: (move_in_model_move_automata a1)
18.0: (validate_payload t1 a2 t2)
19.0: (sync_actions a2)
20.0: (validate_payload t2 a9 t3)
21.0: (sync_actions a9)

Plan-Length:22
Metric (Search):11.0
Planning Time (msec): 321
Heuristic Time (msec): 7
Search Time (msec): 319
Expanded Nodes:903
States Evaluated:1022
Number of Dead-Ends detected:0
Number of Duplicates detected:162
/usr/bin/time -v timeout 600 java -Xmx64g -jar ./enhsp3.jar -o ./domain_with_failure.pddl -f ./problems/BasePN-0And-del-5-d7/problem58.pddl -h blind -s WAStar
Domain parsed
Problem parsed
Grounding..
Grounding Time: 3383
UFX:true
|F|:10236
|X|:13
|A|:698
|P|:0
|E|:0
h(I):0.0
f(n) = 1.0 (Expanded Nodes: 6, Evaluated States: 22, Time: 0.03) Frontier Size: 16
f(n) = 2.0 (Expanded Nodes: 38, Evaluated States: 94, Time: 0.082) Frontier Size: 56
f(n) = 3.0 (Expanded Nodes: 105, Evaluated States: 204, Time: 0.118) Frontier Size: 99
f(n) = 4.0 (Expanded Nodes: 198, Evaluated States: 364, Time: 0.137) Frontier Size: 166
f(n) = 5.0 (Expanded Nodes: 381, Evaluated States: 617, Time: 0.179) Frontier Size: 236
f(n) = 6.0 (Expanded Nodes: 653, Evaluated States: 952, Time: 0.209) Frontier Size: 299
f(n) = 7.0 (Expanded Nodes: 995, Evaluated States: 1360, Time: 0.261) Frontier Size: 365
f(n) = 8.0 (Expanded Nodes: 1475, Evaluated States: 1823, Time: 0.309) Frontier Size: 348
f(n) = 9.0 (Expanded Nodes: 1920, Evaluated States: 2308, Time: 0.355) Frontier Size: 388
Problem Solved

Found Plan:
0.0: (validate_payload t0 a7 t1)
1.0: (sync_actions a7)
2.0: (validate_payload t1 a10 t2)
3.0: (sync_actions a10)
4.0: (add_action a12)
5.0: (move_in_model_parameter a12 sDEC1_1 categorical c2)
6.0: (check_added_variables_model a12)
7.0: (move_in_model_move_automata a12)
8.0: (add_action a11)
9.0: (check_added_variables_model a11)
10.0: (move_in_model_move_automata a11)
11.0: (add_action a8)
12.0: (check_added_variables_model a8)
13.0: (move_in_model_move_automata a8)
14.0: (add_action a0)
15.0: (check_added_variables_model a0)
16.0: (move_in_model_move_automata a0)
17.0: (validate_payload t2 a9 t3)
18.0: (sync_actions a9)

Plan-Length:19
Metric (Search):9.0
Planning Time (msec): 372
Heuristic Time (msec): 6
Search Time (msec): 369
Expanded Nodes:2063
States Evaluated:2460
Number of Dead-Ends detected:0
Number of Duplicates detected:234
/usr/bin/time -v timeout 600 java -Xmx64g -jar ./enhsp3.jar -o ./domain_with_failure.pddl -f ./problems/BasePN-0And-del-5-d7/problem59.pddl -h blind -s WAStar
Domain parsed
Problem parsed
Grounding..
Grounding Time: 3519
UFX:true
|F|:10236
|X|:11
|A|:698
|P|:0
|E|:0
h(I):0.0
f(n) = 2.0 (Expanded Nodes: 4, Evaluated States: 10, Time: 0.025) Frontier Size: 6
f(n) = 3.0 (Expanded Nodes: 19, Evaluated States: 36, Time: 0.081) Frontier Size: 17
f(n) = 4.0 (Expanded Nodes: 25, Evaluated States: 40, Time: 0.083) Frontier Size: 15
f(n) = 5.0 (Expanded Nodes: 61, Evaluated States: 93, Time: 0.107) Frontier Size: 32
f(n) = 6.0 (Expanded Nodes: 77, Evaluated States: 110, Time: 0.116) Frontier Size: 33
f(n) = 7.0 (Expanded Nodes: 133, Evaluated States: 175, Time: 0.142) Frontier Size: 42
f(n) = 8.0 (Expanded Nodes: 169, Evaluated States: 204, Time: 0.153) Frontier Size: 35
f(n) = 9.0 (Expanded Nodes: 226, Evaluated States: 260, Time: 0.173) Frontier Size: 34
Problem Solved

Found Plan:
0.0: (validate_payload t0 a7 t1)
1.0: (sync_actions a7)
2.0: (add_action a10)
3.0: (check_added_variables_model a10)
4.0: (move_in_model_move_automata a10)
5.0: (add_action a12)
6.0: (move_in_model_parameter a12 sDEC1_1 categorical c2)
7.0: (check_added_variables_model a12)
8.0: (move_in_model_move_automata a12)
9.0: (validate_payload t1 a11 t2)
10.0: (sync_actions a11)
11.0: (validate_payload t2 a8 t3)
12.0: (sync_actions a8)
13.0: (add_action a0)
14.0: (check_added_variables_model a0)
15.0: (move_in_model_move_automata a0)
16.0: (add_action a9)
17.0: (check_added_variables_model a9)
18.0: (move_in_model_move_automata a9)

Plan-Length:19
Metric (Search):9.0
Planning Time (msec): 185
Heuristic Time (msec): 6
Search Time (msec): 182
Expanded Nodes:252
States Evaluated:278
Number of Dead-Ends detected:0
Number of Duplicates detected:56
/usr/bin/time -v timeout 600 java -Xmx64g -jar ./enhsp3.jar -o ./domain_with_failure.pddl -f ./problems/BasePN-0And-del-5-d7/problem60.pddl -h blind -s WAStar
Domain parsed
Problem parsed
Grounding..
Grounding Time: 3369
UFX:true
|F|:10236
|X|:13
|A|:698
|P|:0
|E|:0
h(I):0.0
f(n) = 1.0 (Expanded Nodes: 6, Evaluated States: 22, Time: 0.028) Frontier Size: 16
f(n) = 2.0 (Expanded Nodes: 38, Evaluated States: 94, Time: 0.078) Frontier Size: 56
f(n) = 3.0 (Expanded Nodes: 105, Evaluated States: 204, Time: 0.107) Frontier Size: 99
f(n) = 4.0 (Expanded Nodes: 198, Evaluated States: 364, Time: 0.127) Frontier Size: 166
f(n) = 5.0 (Expanded Nodes: 383, Evaluated States: 622, Time: 0.16) Frontier Size: 239
f(n) = 6.0 (Expanded Nodes: 671, Evaluated States: 996, Time: 0.201) Frontier Size: 325
f(n) = 7.0 (Expanded Nodes: 1059, Evaluated States: 1501, Time: 0.236) Frontier Size: 442
f(n) = 8.0 (Expanded Nodes: 1627, Evaluated States: 2093, Time: 0.275) Frontier Size: 466
f(n) = 9.0 (Expanded Nodes: 2254, Evaluated States: 2812, Time: 0.319) Frontier Size: 558
Problem Solved

Found Plan:
0.0: (validate_payload t0 a7 t1)
1.0: (sync_actions a7)
2.0: (validate_payload t1 a10 t2)
3.0: (sync_actions a10)
4.0: (add_action a12)
5.0: (move_in_model_parameter a12 sDEC1_1 categorical c2)
6.0: (check_added_variables_model a12)
7.0: (move_in_model_move_automata a12)
8.0: (add_action a11)
9.0: (check_added_variables_model a11)
10.0: (move_in_model_move_automata a11)
11.0: (validate_payload t2 a8 t3)
12.0: (sync_actions a8)
13.0: (add_action a0)
14.0: (check_added_variables_model a0)
15.0: (move_in_model_move_automata a0)
16.0: (add_action a9)
17.0: (check_added_variables_model a9)
18.0: (move_in_model_move_automata a9)

Plan-Length:19
Metric (Search):9.0
Planning Time (msec): 332
Heuristic Time (msec): 3
Search Time (msec): 325
Expanded Nodes:2338
States Evaluated:2890
Number of Dead-Ends detected:0
Number of Duplicates detected:259
/usr/bin/time -v timeout 600 java -Xmx64g -jar ./enhsp3.jar -o ./domain_with_failure.pddl -f ./problems/BasePN-0And-del-5-d7/problem61.pddl -h blind -s WAStar
Domain parsed
Problem parsed
Grounding..
Grounding Time: 3426
UFX:true
|F|:10236
|X|:13
|A|:698
|P|:0
|E|:0
h(I):0.0
f(n) = 1.0 (Expanded Nodes: 2, Evaluated States: 7, Time: 0.022) Frontier Size: 5
f(n) = 2.0 (Expanded Nodes: 5, Evaluated States: 7, Time: 0.05) Frontier Size: 2
f(n) = 3.0 (Expanded Nodes: 11, Evaluated States: 21, Time: 0.063) Frontier Size: 10
f(n) = 4.0 (Expanded Nodes: 17, Evaluated States: 23, Time: 0.066) Frontier Size: 6
f(n) = 5.0 (Expanded Nodes: 31, Evaluated States: 51, Time: 0.083) Frontier Size: 20
f(n) = 6.0 (Expanded Nodes: 42, Evaluated States: 54, Time: 0.087) Frontier Size: 12
f(n) = 7.0 (Expanded Nodes: 66, Evaluated States: 93, Time: 0.099) Frontier Size: 27
f(n) = 8.0 (Expanded Nodes: 82, Evaluated States: 104, Time: 0.106) Frontier Size: 22
f(n) = 9.0 (Expanded Nodes: 121, Evaluated States: 156, Time: 0.124) Frontier Size: 35
f(n) = 10.0 (Expanded Nodes: 157, Evaluated States: 214, Time: 0.134) Frontier Size: 57
f(n) = 11.0 (Expanded Nodes: 221, Evaluated States: 307, Time: 0.16) Frontier Size: 86
Problem Solved

Found Plan:
0.0: (add_action a7)
1.0: (check_added_variables_model a7)
2.0: (move_in_model_move_automata a7)
3.0: (add_action a10)
4.0: (check_added_variables_model a10)
5.0: (move_in_model_move_automata a10)
6.0: (add_action a12)
7.0: (move_in_model_parameter a12 sDEC1_1 categorical c2)
8.0: (check_added_variables_model a12)
9.0: (move_in_model_move_automata a12)
10.0: (add_action a11)
11.0: (check_added_variables_model a11)
12.0: (move_in_model_move_automata a11)
13.0: (validate_payload t0 a8 t1)
14.0: (sync_actions a8)
15.0: (validate_payload t1 a1 t2)
16.0: (sync_actions a1)
17.0: (add_action a2)
18.0: (check_added_variables_model a2)
19.0: (move_in_model_move_automata a2)
20.0: (validate_payload t2 a9 t3)
21.0: (sync_actions a9)

Plan-Length:22
Metric (Search):11.0
Planning Time (msec): 196
Heuristic Time (msec): 5
Search Time (msec): 189
Expanded Nodes:286
States Evaluated:387
Number of Dead-Ends detected:0
Number of Duplicates detected:37
/usr/bin/time -v timeout 600 java -Xmx64g -jar ./enhsp3.jar -o ./domain_with_failure.pddl -f ./problems/BasePN-0And-del-5-d7/problem62.pddl -h blind -s WAStar
Domain parsed
Problem parsed
Grounding..
Grounding Time: 3248
UFX:true
|F|:10236
|X|:13
|A|:698
|P|:0
|E|:0
h(I):0.0
f(n) = 1.0 (Expanded Nodes: 4, Evaluated States: 9, Time: 0.024) Frontier Size: 5
f(n) = 2.0 (Expanded Nodes: 11, Evaluated States: 13, Time: 0.061) Frontier Size: 2
f(n) = 3.0 (Expanded Nodes: 18, Evaluated States: 32, Time: 0.076) Frontier Size: 14
f(n) = 4.0 (Expanded Nodes: 31, Evaluated States: 37, Time: 0.084) Frontier Size: 6
f(n) = 5.0 (Expanded Nodes: 50, Evaluated States: 82, Time: 0.101) Frontier Size: 32
f(n) = 6.0 (Expanded Nodes: 92, Evaluated States: 146, Time: 0.119) Frontier Size: 54
f(n) = 7.0 (Expanded Nodes: 162, Evaluated States: 272, Time: 0.146) Frontier Size: 110
f(n) = 8.0 (Expanded Nodes: 248, Evaluated States: 385, Time: 0.171) Frontier Size: 137
Problem Solved

Found Plan:
0.0: (add_action a7)
1.0: (check_added_variables_model a7)
2.0: (move_in_model_move_automata a7)
3.0: (add_action a10)
4.0: (check_added_variables_model a10)
5.0: (move_in_model_move_automata a10)
6.0: (validate_payload t0 a12 t1)
7.0: (sync_actions a12)
8.0: (validate_payload t1 a11 t2)
9.0: (sync_actions a11)
10.0: (add_action a8)
11.0: (check_added_variables_model a8)
12.0: (move_in_model_move_automata a8)
13.0: (add_action a0)
14.0: (check_added_variables_model a0)
15.0: (move_in_model_move_automata a0)
16.0: (validate_payload t2 a9 t3)
17.0: (sync_actions a9)

Plan-Length:18
Metric (Search):8.0
Planning Time (msec): 213
Heuristic Time (msec): 5
Search Time (msec): 206
Expanded Nodes:361
States Evaluated:549
Number of Dead-Ends detected:0
Number of Duplicates detected:27
/usr/bin/time -v timeout 600 java -Xmx64g -jar ./enhsp3.jar -o ./domain_with_failure.pddl -f ./problems/BasePN-0And-del-5-d7/problem63.pddl -h blind -s WAStar
Domain parsed
Problem parsed
Grounding..
Grounding Time: 3441
UFX:true
|F|:10233
|X|:12
|A|:697
|P|:0
|E|:0
h(I):0.0
f(n) = 1.0 (Expanded Nodes: 4, Evaluated States: 14, Time: 0.019) Frontier Size: 10
f(n) = 2.0 (Expanded Nodes: 16, Evaluated States: 38, Time: 0.07) Frontier Size: 22
f(n) = 3.0 (Expanded Nodes: 31, Evaluated States: 67, Time: 0.089) Frontier Size: 36
f(n) = 4.0 (Expanded Nodes: 77, Evaluated States: 131, Time: 0.111) Frontier Size: 54
f(n) = 5.0 (Expanded Nodes: 123, Evaluated States: 190, Time: 0.129) Frontier Size: 67
f(n) = 6.0 (Expanded Nodes: 215, Evaluated States: 287, Time: 0.152) Frontier Size: 72
f(n) = 7.0 (Expanded Nodes: 290, Evaluated States: 368, Time: 0.166) Frontier Size: 78
f(n) = 8.0 (Expanded Nodes: 394, Evaluated States: 464, Time: 0.179) Frontier Size: 70
f(n) = 9.0 (Expanded Nodes: 478, Evaluated States: 538, Time: 0.196) Frontier Size: 60
f(n) = 10.0 (Expanded Nodes: 555, Evaluated States: 614, Time: 0.206) Frontier Size: 59
f(n) = 11.0 (Expanded Nodes: 629, Evaluated States: 691, Time: 0.218) Frontier Size: 62
Problem Solved

Found Plan:
0.0: (validate_payload t0 a7 t1)
1.0: (sync_actions a7)
2.0: (add_action a10)
3.0: (check_added_variables_model a10)
4.0: (move_in_model_move_automata a10)
5.0: (add_action a12)
6.0: (move_in_model_parameter a12 sDEC1_1 categorical c2)
7.0: (check_added_variables_model a12)
8.0: (move_in_model_move_automata a12)
9.0: (add_action a11)
10.0: (check_added_variables_model a11)
11.0: (move_in_model_move_automata a11)
12.0: (add_action a8)
13.0: (check_added_variables_model a8)
14.0: (move_in_model_move_automata a8)
15.0: (add_action a0)
16.0: (check_added_variables_model a0)
17.0: (move_in_model_move_automata a0)
18.0: (validate_payload t1 a9 t2)
19.0: (sync_actions a9)

Plan-Length:20
Metric (Search):11.0
Planning Time (msec): 232
Heuristic Time (msec): 3
Search Time (msec): 226
Expanded Nodes:691
States Evaluated:777
Number of Dead-Ends detected:0
Number of Duplicates detected:113
/usr/bin/time -v timeout 600 java -Xmx64g -jar ./enhsp3.jar -o ./domain_with_failure.pddl -f ./problems/BasePN-0And-del-5-d7/problem64.pddl -h blind -s WAStar
Domain parsed
Problem parsed
Grounding..
Grounding Time: 3438
UFX:true
|F|:10236
|X|:14
|A|:698
|P|:0
|E|:0
h(I):0.0
f(n) = 1.0 (Expanded Nodes: 2, Evaluated States: 8, Time: 0.018) Frontier Size: 6
f(n) = 2.0 (Expanded Nodes: 6, Evaluated States: 8, Time: 0.049) Frontier Size: 2
f(n) = 3.0 (Expanded Nodes: 12, Evaluated States: 23, Time: 0.06) Frontier Size: 11
f(n) = 4.0 (Expanded Nodes: 19, Evaluated States: 25, Time: 0.062) Frontier Size: 6
f(n) = 5.0 (Expanded Nodes: 33, Evaluated States: 55, Time: 0.079) Frontier Size: 22
f(n) = 6.0 (Expanded Nodes: 46, Evaluated States: 58, Time: 0.081) Frontier Size: 12
f(n) = 7.0 (Expanded Nodes: 72, Evaluated States: 104, Time: 0.097) Frontier Size: 32
f(n) = 8.0 (Expanded Nodes: 100, Evaluated States: 142, Time: 0.111) Frontier Size: 42
f(n) = 9.0 (Expanded Nodes: 154, Evaluated States: 221, Time: 0.145) Frontier Size: 67
f(n) = 10.0 (Expanded Nodes: 233, Evaluated States: 366, Time: 0.159) Frontier Size: 133
f(n) = 11.0 (Expanded Nodes: 409, Evaluated States: 594, Time: 0.211) Frontier Size: 185
Problem Solved

Found Plan:
0.0: (add_action a7)
1.0: (check_added_variables_model a7)
2.0: (move_in_model_move_automata a7)
3.0: (add_action a10)
4.0: (check_added_variables_model a10)
5.0: (move_in_model_move_automata a10)
6.0: (add_action a12)
7.0: (move_in_model_parameter a12 sDEC1_1 categorical c2)
8.0: (check_added_variables_model a12)
9.0: (move_in_model_move_automata a12)
10.0: (validate_payload t0 a11 t1)
11.0: (sync_actions a11)
12.0: (add_action a8)
13.0: (check_added_variables_model a8)
14.0: (move_in_model_move_automata a8)
15.0: (validate_payload t1 a1 t2)
16.0: (sync_actions a1)
17.0: (validate_payload t2 a2 t3)
18.0: (sync_actions a2)
19.0: (add_action a9)
20.0: (check_added_variables_model a9)
21.0: (move_in_model_move_automata a9)

Plan-Length:22
Metric (Search):11.0
Planning Time (msec): 236
Heuristic Time (msec): 5
Search Time (msec): 231
Expanded Nodes:516
States Evaluated:726
Number of Dead-Ends detected:0
Number of Duplicates detected:48
/usr/bin/time -v timeout 600 java -Xmx64g -jar ./enhsp3.jar -o ./domain_with_failure.pddl -f ./problems/BasePN-0And-del-5-d7/problem65.pddl -h blind -s WAStar
Domain parsed
Problem parsed
Grounding..
Grounding Time: 3480
UFX:true
|F|:10236
|X|:14
|A|:698
|P|:0
|E|:0
h(I):0.0
f(n) = 1.0 (Expanded Nodes: 2, Evaluated States: 8, Time: 0.02) Frontier Size: 6
f(n) = 2.0 (Expanded Nodes: 6, Evaluated States: 8, Time: 0.057) Frontier Size: 2
f(n) = 3.0 (Expanded Nodes: 14, Evaluated States: 35, Time: 0.071) Frontier Size: 21
f(n) = 4.0 (Expanded Nodes: 37, Evaluated States: 71, Time: 0.087) Frontier Size: 34
f(n) = 5.0 (Expanded Nodes: 73, Evaluated States: 122, Time: 0.11) Frontier Size: 49
f(n) = 6.0 (Expanded Nodes: 139, Evaluated States: 268, Time: 0.127) Frontier Size: 129
f(n) = 7.0 (Expanded Nodes: 331, Evaluated States: 604, Time: 0.203) Frontier Size: 273
f(n) = 8.0 (Expanded Nodes: 668, Evaluated States: 1111, Time: 0.271) Frontier Size: 443
f(n) = 9.0 (Expanded Nodes: 1291, Evaluated States: 1973, Time: 0.367) Frontier Size: 682
f(n) = 10.0 (Expanded Nodes: 2221, Evaluated States: 3193, Time: 0.5) Frontier Size: 972
f(n) = 11.0 (Expanded Nodes: 3614, Evaluated States: 5058, Time: 0.607) Frontier Size: 1443
f(n) = 12.0 (Expanded Nodes: 5813, Evaluated States: 7893, Time: 0.765) Frontier Size: 2073
Problem Solved

Found Plan:
0.0: (add_action a7)
1.0: (check_added_variables_model a7)
2.0: (move_in_model_move_automata a7)
3.0: (validate_payload t0 a10 t1)
4.0: (sync_actions a10)
5.0: (add_action a12)
6.0: (move_in_model_parameter a12 sDEC1_1 categorical c2)
7.0: (check_added_variables_model a12)
8.0: (move_in_model_move_automata a12)
9.0: (validate_payload t1 a11 t2)
10.0: (sync_actions a11)
11.0: (add_action a8)
12.0: (check_added_variables_model a8)
13.0: (move_in_model_move_automata a8)
14.0: (validate_payload t2 a1 t3)
15.0: (sync_actions a1)
16.0: (add_action a2)
17.0: (move_in_model_parameter a2 sDEC6_2 integer v15)
18.0: (check_added_variables_model a2)
19.0: (move_in_model_move_automata a2)
20.0: (add_action a9)
21.0: (check_added_variables_model a9)
22.0: (move_in_model_move_automata a9)

Plan-Length:23
Metric (Search):12.0
Planning Time (msec): 773
Heuristic Time (msec): 8
Search Time (msec): 770
Expanded Nodes:5839
States Evaluated:7913
Number of Dead-Ends detected:0
Number of Duplicates detected:470
/usr/bin/time -v timeout 600 java -Xmx64g -jar ./enhsp3.jar -o ./domain_with_failure.pddl -f ./problems/BasePN-0And-del-5-d7/problem66.pddl -h blind -s WAStar
Domain parsed
Problem parsed
Grounding..
Grounding Time: 3347
UFX:true
|F|:10236
|X|:13
|A|:698
|P|:0
|E|:0
h(I):0.0
f(n) = 1.0 (Expanded Nodes: 2, Evaluated States: 7, Time: 0.018) Frontier Size: 5
f(n) = 2.0 (Expanded Nodes: 5, Evaluated States: 7, Time: 0.05) Frontier Size: 2
f(n) = 3.0 (Expanded Nodes: 11, Evaluated States: 21, Time: 0.061) Frontier Size: 10
f(n) = 4.0 (Expanded Nodes: 17, Evaluated States: 23, Time: 0.072) Frontier Size: 6
f(n) = 5.0 (Expanded Nodes: 31, Evaluated States: 51, Time: 0.082) Frontier Size: 20
f(n) = 6.0 (Expanded Nodes: 42, Evaluated States: 54, Time: 0.089) Frontier Size: 12
f(n) = 7.0 (Expanded Nodes: 66, Evaluated States: 93, Time: 0.101) Frontier Size: 27
f(n) = 8.0 (Expanded Nodes: 82, Evaluated States: 104, Time: 0.105) Frontier Size: 22
f(n) = 9.0 (Expanded Nodes: 123, Evaluated States: 160, Time: 0.122) Frontier Size: 37
f(n) = 10.0 (Expanded Nodes: 167, Evaluated States: 233, Time: 0.137) Frontier Size: 66
f(n) = 11.0 (Expanded Nodes: 240, Evaluated States: 335, Time: 0.161) Frontier Size: 95
Problem Solved

Found Plan:
0.0: (add_action a7)
1.0: (check_added_variables_model a7)
2.0: (move_in_model_move_automata a7)
3.0: (add_action a10)
4.0: (check_added_variables_model a10)
5.0: (move_in_model_move_automata a10)
6.0: (add_action a12)
7.0: (move_in_model_parameter a12 sDEC1_1 categorical c2)
8.0: (check_added_variables_model a12)
9.0: (move_in_model_move_automata a12)
10.0: (add_action a11)
11.0: (check_added_variables_model a11)
12.0: (move_in_model_move_automata a11)
13.0: (validate_payload t0 a8 t1)
14.0: (sync_actions a8)
15.0: (validate_payload t1 a1 t2)
16.0: (sync_actions a1)
17.0: (validate_payload t2 a2 t3)
18.0: (sync_actions a2)
19.0: (add_action a9)
20.0: (check_added_variables_model a9)
21.0: (move_in_model_move_automata a9)

Plan-Length:22
Metric (Search):11.0
Planning Time (msec): 188
Heuristic Time (msec): 2
Search Time (msec): 178
Expanded Nodes:308
States Evaluated:409
Number of Dead-Ends detected:0
Number of Duplicates detected:44
/usr/bin/time -v timeout 600 java -Xmx64g -jar ./enhsp3.jar -o ./domain_with_failure.pddl -f ./problems/BasePN-0And-del-5-d7/problem67.pddl -h blind -s WAStar
Domain parsed
Problem parsed
Grounding..
Grounding Time: 3245
UFX:true
|F|:10236
|X|:14
|A|:698
|P|:0
|E|:0
h(I):0.0
f(n) = 1.0 (Expanded Nodes: 6, Evaluated States: 19, Time: 0.027) Frontier Size: 13
f(n) = 2.0 (Expanded Nodes: 33, Evaluated States: 67, Time: 0.067) Frontier Size: 34
f(n) = 3.0 (Expanded Nodes: 80, Evaluated States: 134, Time: 0.096) Frontier Size: 54
f(n) = 4.0 (Expanded Nodes: 163, Evaluated States: 289, Time: 0.121) Frontier Size: 126
f(n) = 5.0 (Expanded Nodes: 301, Evaluated States: 469, Time: 0.152) Frontier Size: 168
f(n) = 6.0 (Expanded Nodes: 508, Evaluated States: 738, Time: 0.177) Frontier Size: 230
f(n) = 7.0 (Expanded Nodes: 795, Evaluated States: 1105, Time: 0.229) Frontier Size: 310
f(n) = 8.0 (Expanded Nodes: 1162, Evaluated States: 1553, Time: 0.267) Frontier Size: 391
Problem Solved

Found Plan:
0.0: (validate_payload t0 a7 t1)
1.0: (sync_actions a7)
2.0: (add_action a10)
3.0: (check_added_variables_model a10)
4.0: (move_in_model_move_automata a10)
5.0: (validate_payload t1 a12 t2)
6.0: (sync_actions a12)
7.0: (add_action a11)
8.0: (check_added_variables_model a11)
9.0: (move_in_model_move_automata a11)
10.0: (validate_payload t2 a8 t3)
11.0: (sync_actions a8)
12.0: (add_action a0)
13.0: (check_added_variables_model a0)
14.0: (move_in_model_move_automata a0)
15.0: (add_action a9)
16.0: (check_added_variables_model a9)
17.0: (move_in_model_move_automata a9)

Plan-Length:18
Metric (Search):8.0
Planning Time (msec): 307
Heuristic Time (msec): 5
Search Time (msec): 301
Expanded Nodes:1532
States Evaluated:1931
Number of Dead-Ends detected:0
Number of Duplicates detected:162
/usr/bin/time -v timeout 600 java -Xmx64g -jar ./enhsp3.jar -o ./domain_with_failure.pddl -f ./problems/BasePN-0And-del-5-d7/problem68.pddl -h blind -s WAStar
Domain parsed
Problem parsed
Grounding..
Grounding Time: 3271
UFX:true
|F|:10236
|X|:13
|A|:698
|P|:0
|E|:0
h(I):0.0
f(n) = 1.0 (Expanded Nodes: 4, Evaluated States: 14, Time: 0.026) Frontier Size: 10
f(n) = 2.0 (Expanded Nodes: 16, Evaluated States: 38, Time: 0.061) Frontier Size: 22
f(n) = 3.0 (Expanded Nodes: 31, Evaluated States: 68, Time: 0.086) Frontier Size: 37
f(n) = 4.0 (Expanded Nodes: 77, Evaluated States: 136, Time: 0.106) Frontier Size: 59
f(n) = 5.0 (Expanded Nodes: 124, Evaluated States: 201, Time: 0.125) Frontier Size: 77
f(n) = 6.0 (Expanded Nodes: 220, Evaluated States: 317, Time: 0.152) Frontier Size: 97
f(n) = 7.0 (Expanded Nodes: 304, Evaluated States: 411, Time: 0.178) Frontier Size: 107
f(n) = 8.0 (Expanded Nodes: 443, Evaluated States: 551, Time: 0.223) Frontier Size: 108
f(n) = 9.0 (Expanded Nodes: 558, Evaluated States: 660, Time: 0.235) Frontier Size: 102
f(n) = 10.0 (Expanded Nodes: 690, Evaluated States: 803, Time: 0.253) Frontier Size: 113
f(n) = 11.0 (Expanded Nodes: 814, Evaluated States: 936, Time: 0.272) Frontier Size: 122
Problem Solved

Found Plan:
0.0: (validate_payload t0 a7 t1)
1.0: (sync_actions a7)
2.0: (add_action a10)
3.0: (check_added_variables_model a10)
4.0: (move_in_model_move_automata a10)
5.0: (add_action a12)
6.0: (move_in_model_parameter a12 sDEC1_1 categorical c2)
7.0: (check_added_variables_model a12)
8.0: (move_in_model_move_automata a12)
9.0: (add_action a11)
10.0: (check_added_variables_model a11)
11.0: (move_in_model_move_automata a11)
12.0: (add_action a8)
13.0: (check_added_variables_model a8)
14.0: (move_in_model_move_automata a8)
15.0: (validate_payload t1 a1 t2)
16.0: (sync_actions a1)
17.0: (add_action a2)
18.0: (check_added_variables_model a2)
19.0: (move_in_model_move_automata a2)
20.0: (validate_payload t2 a9 t3)
21.0: (sync_actions a9)

Plan-Length:22
Metric (Search):11.0
Planning Time (msec): 283
Heuristic Time (msec): 6
Search Time (msec): 279
Expanded Nodes:877
States Evaluated:1008
Number of Dead-Ends detected:0
Number of Duplicates detected:154
/usr/bin/time -v timeout 600 java -Xmx64g -jar ./enhsp3.jar -o ./domain_with_failure.pddl -f ./problems/BasePN-0And-del-5-d7/problem69.pddl -h blind -s WAStar
Domain parsed
Problem parsed
Grounding..
Grounding Time: 3185
UFX:true
|F|:10236
|X|:14
|A|:698
|P|:0
|E|:0
h(I):0.0
f(n) = 1.0 (Expanded Nodes: 2, Evaluated States: 8, Time: 0.019) Frontier Size: 6
f(n) = 2.0 (Expanded Nodes: 6, Evaluated States: 8, Time: 0.047) Frontier Size: 2
f(n) = 3.0 (Expanded Nodes: 12, Evaluated States: 26, Time: 0.063) Frontier Size: 14
f(n) = 4.0 (Expanded Nodes: 22, Evaluated States: 28, Time: 0.071) Frontier Size: 6
f(n) = 5.0 (Expanded Nodes: 36, Evaluated States: 61, Time: 0.077) Frontier Size: 25
f(n) = 6.0 (Expanded Nodes: 52, Evaluated States: 64, Time: 0.084) Frontier Size: 12
f(n) = 7.0 (Expanded Nodes: 82, Evaluated States: 129, Time: 0.095) Frontier Size: 47
f(n) = 8.0 (Expanded Nodes: 151, Evaluated States: 262, Time: 0.112) Frontier Size: 111
f(n) = 9.0 (Expanded Nodes: 306, Evaluated States: 556, Time: 0.15) Frontier Size: 250
f(n) = 10.0 (Expanded Nodes: 548, Evaluated States: 933, Time: 0.185) Frontier Size: 385
f(n) = 11.0 (Expanded Nodes: 1029, Evaluated States: 1582, Time: 0.23) Frontier Size: 553
Problem Solved

Found Plan:
0.0: (add_action a7)
1.0: (check_added_variables_model a7)
2.0: (move_in_model_move_automata a7)
3.0: (add_action a10)
4.0: (check_added_variables_model a10)
5.0: (move_in_model_move_automata a10)
6.0: (add_action a12)
7.0: (move_in_model_parameter a12 sDEC1_1 categorical c2)
8.0: (check_added_variables_model a12)
9.0: (move_in_model_move_automata a12)
10.0: (validate_payload t0 a11 t1)
11.0: (sync_actions a11)
12.0: (validate_payload t1 a8 t2)
13.0: (sync_actions a8)
14.0: (validate_payload t2 a1 t3)
15.0: (sync_actions a1)
16.0: (add_action a2)
17.0: (check_added_variables_model a2)
18.0: (move_in_model_move_automata a2)
19.0: (add_action a9)
20.0: (check_added_variables_model a9)
21.0: (move_in_model_move_automata a9)

Plan-Length:22
Metric (Search):11.0
Planning Time (msec): 244
Heuristic Time (msec): 6
Search Time (msec): 236
Expanded Nodes:1088
States Evaluated:1659
Number of Dead-Ends detected:0
Number of Duplicates detected:81
/usr/bin/time -v timeout 600 java -Xmx64g -jar ./enhsp3.jar -o ./domain_with_failure.pddl -f ./problems/BasePN-0And-del-5-d7/problem70.pddl -h blind -s WAStar
Domain parsed
Problem parsed
Grounding..
Grounding Time: 3465
UFX:true
|F|:10236
|X|:14
|A|:698
|P|:0
|E|:0
h(I):0.0
f(n) = 1.0 (Expanded Nodes: 4, Evaluated States: 18, Time: 0.021) Frontier Size: 14
f(n) = 2.0 (Expanded Nodes: 20, Evaluated States: 58, Time: 0.06) Frontier Size: 38
f(n) = 3.0 (Expanded Nodes: 51, Evaluated States: 103, Time: 0.085) Frontier Size: 52
f(n) = 4.0 (Expanded Nodes: 112, Evaluated States: 211, Time: 0.105) Frontier Size: 99
f(n) = 5.0 (Expanded Nodes: 203, Evaluated States: 310, Time: 0.128) Frontier Size: 107
f(n) = 6.0 (Expanded Nodes: 361, Evaluated States: 600, Time: 0.158) Frontier Size: 239
f(n) = 7.0 (Expanded Nodes: 660, Evaluated States: 1116, Time: 0.221) Frontier Size: 456
f(n) = 8.0 (Expanded Nodes: 1194, Evaluated States: 1950, Time: 0.28) Frontier Size: 756
f(n) = 9.0 (Expanded Nodes: 2052, Evaluated States: 3050, Time: 0.343) Frontier Size: 998
Problem Solved

Found Plan:
0.0: (validate_payload t0 a7 t1)
1.0: (sync_actions a7)
2.0: (add_action a10)
3.0: (check_added_variables_model a10)
4.0: (move_in_model_move_automata a10)
5.0: (add_action a12)
6.0: (move_in_model_parameter a12 sDEC1_1 categorical c2)
7.0: (check_added_variables_model a12)
8.0: (move_in_model_move_automata a12)
9.0: (validate_payload t1 a11 t2)
10.0: (sync_actions a11)
11.0: (validate_payload t2 a8 t3)
12.0: (sync_actions a8)
13.0: (add_action a0)
14.0: (check_added_variables_model a0)
15.0: (move_in_model_move_automata a0)
16.0: (add_action a9)
17.0: (check_added_variables_model a9)
18.0: (move_in_model_move_automata a9)

Plan-Length:19
Metric (Search):9.0
Planning Time (msec): 394
Heuristic Time (msec): 5
Search Time (msec): 391
Expanded Nodes:2646
States Evaluated:3755
Number of Dead-Ends detected:0
Number of Duplicates detected:185
/usr/bin/time -v timeout 600 java -Xmx64g -jar ./enhsp3.jar -o ./domain_with_failure.pddl -f ./problems/BasePN-0And-del-5-d7/problem71.pddl -h blind -s WAStar
Domain parsed
Problem parsed
Grounding..
Grounding Time: 3427
UFX:true
|F|:10236
|X|:14
|A|:698
|P|:0
|E|:0
h(I):0.0
f(n) = 1.0 (Expanded Nodes: 6, Evaluated States: 26, Time: 0.033) Frontier Size: 20
f(n) = 2.0 (Expanded Nodes: 42, Evaluated States: 126, Time: 0.09) Frontier Size: 84
f(n) = 3.0 (Expanded Nodes: 139, Evaluated States: 296, Time: 0.122) Frontier Size: 157
f(n) = 4.0 (Expanded Nodes: 312, Evaluated States: 555, Time: 0.149) Frontier Size: 243
f(n) = 5.0 (Expanded Nodes: 650, Evaluated States: 1127, Time: 0.214) Frontier Size: 477
f(n) = 6.0 (Expanded Nodes: 1255, Evaluated States: 2043, Time: 0.276) Frontier Size: 788
f(n) = 7.0 (Expanded Nodes: 2162, Evaluated States: 3261, Time: 0.348) Frontier Size: 1099
f(n) = 8.0 (Expanded Nodes: 3761, Evaluated States: 5097, Time: 0.453) Frontier Size: 1336
f(n) = 9.0 (Expanded Nodes: 5902, Evaluated States: 7323, Time: 0.589) Frontier Size: 1421
Problem Solved

Found Plan:
0.0: (validate_payload t0 a7 t1)
1.0: (sync_actions a7)
2.0: (validate_payload t1 a10 t2)
3.0: (sync_actions a10)
4.0: (add_action a12)
5.0: (move_in_model_parameter a12 sDEC1_1 categorical c2)
6.0: (check_added_variables_model a12)
7.0: (move_in_model_move_automata a12)
8.0: (validate_payload t2 a11 t3)
9.0: (sync_actions a11)
10.0: (add_action a8)
11.0: (check_added_variables_model a8)
12.0: (move_in_model_move_automata a8)
13.0: (add_action a0)
14.0: (check_added_variables_model a0)
15.0: (move_in_model_move_automata a0)
16.0: (add_action a9)
17.0: (check_added_variables_model a9)
18.0: (move_in_model_move_automata a9)

Plan-Length:19
Metric (Search):9.0
Planning Time (msec): 688
Heuristic Time (msec): 5
Search Time (msec): 686
Expanded Nodes:7323
States Evaluated:8877
Number of Dead-Ends detected:0
Number of Duplicates detected:471
/usr/bin/time -v timeout 600 java -Xmx64g -jar ./enhsp3.jar -o ./domain_with_failure.pddl -f ./problems/BasePN-0And-del-5-d7/problem72.pddl -h blind -s WAStar
Domain parsed
Problem parsed
Grounding..
Grounding Time: 3390
UFX:true
|F|:10236
|X|:14
|A|:698
|P|:0
|E|:0
h(I):0.0
f(n) = 1.0 (Expanded Nodes: 6, Evaluated States: 26, Time: 0.026) Frontier Size: 20
f(n) = 2.0 (Expanded Nodes: 42, Evaluated States: 126, Time: 0.078) Frontier Size: 84
f(n) = 3.0 (Expanded Nodes: 139, Evaluated States: 296, Time: 0.122) Frontier Size: 157
f(n) = 4.0 (Expanded Nodes: 312, Evaluated States: 555, Time: 0.166) Frontier Size: 243
f(n) = 5.0 (Expanded Nodes: 650, Evaluated States: 1127, Time: 0.248) Frontier Size: 477
f(n) = 6.0 (Expanded Nodes: 1255, Evaluated States: 2043, Time: 0.361) Frontier Size: 788
f(n) = 7.0 (Expanded Nodes: 2162, Evaluated States: 3261, Time: 0.505) Frontier Size: 1099
f(n) = 8.0 (Expanded Nodes: 3761, Evaluated States: 5097, Time: 0.624) Frontier Size: 1336
f(n) = 9.0 (Expanded Nodes: 5902, Evaluated States: 7323, Time: 0.778) Frontier Size: 1421
Problem Solved

Found Plan:
0.0: (validate_payload t0 a7 t1)
1.0: (sync_actions a7)
2.0: (validate_payload t1 a10 t2)
3.0: (sync_actions a10)
4.0: (add_action a12)
5.0: (move_in_model_parameter a12 sDEC1_1 categorical c2)
6.0: (check_added_variables_model a12)
7.0: (move_in_model_move_automata a12)
8.0: (validate_payload t2 a11 t3)
9.0: (sync_actions a11)
10.0: (add_action a8)
11.0: (check_added_variables_model a8)
12.0: (move_in_model_move_automata a8)
13.0: (add_action a0)
14.0: (check_added_variables_model a0)
15.0: (move_in_model_move_automata a0)
16.0: (add_action a9)
17.0: (check_added_variables_model a9)
18.0: (move_in_model_move_automata a9)

Plan-Length:19
Metric (Search):9.0
Planning Time (msec): 872
Heuristic Time (msec): 2
Search Time (msec): 867
Expanded Nodes:7323
States Evaluated:8877
Number of Dead-Ends detected:0
Number of Duplicates detected:471
/usr/bin/time -v timeout 600 java -Xmx64g -jar ./enhsp3.jar -o ./domain_with_failure.pddl -f ./problems/BasePN-0And-del-5-d7/problem73.pddl -h blind -s WAStar
Domain parsed
Problem parsed
Grounding..
Grounding Time: 3354
UFX:true
|F|:10236
|X|:13
|A|:698
|P|:0
|E|:0
h(I):0.0
f(n) = 1.0 (Expanded Nodes: 2, Evaluated States: 8, Time: 0.021) Frontier Size: 6
f(n) = 2.0 (Expanded Nodes: 6, Evaluated States: 8, Time: 0.047) Frontier Size: 2
f(n) = 3.0 (Expanded Nodes: 16, Evaluated States: 34, Time: 0.064) Frontier Size: 18
f(n) = 4.0 (Expanded Nodes: 45, Evaluated States: 72, Time: 0.079) Frontier Size: 27
f(n) = 5.0 (Expanded Nodes: 86, Evaluated States: 134, Time: 0.098) Frontier Size: 48
f(n) = 6.0 (Expanded Nodes: 144, Evaluated States: 214, Time: 0.121) Frontier Size: 70
f(n) = 7.0 (Expanded Nodes: 244, Evaluated States: 342, Time: 0.147) Frontier Size: 98
f(n) = 8.0 (Expanded Nodes: 365, Evaluated States: 488, Time: 0.181) Frontier Size: 123
f(n) = 9.0 (Expanded Nodes: 536, Evaluated States: 676, Time: 0.221) Frontier Size: 140
f(n) = 10.0 (Expanded Nodes: 741, Evaluated States: 953, Time: 0.248) Frontier Size: 212
f(n) = 11.0 (Expanded Nodes: 1022, Evaluated States: 1320, Time: 0.281) Frontier Size: 298
Problem Solved

Found Plan:
0.0: (add_action a7)
1.0: (check_added_variables_model a7)
2.0: (move_in_model_move_automata a7)
3.0: (validate_payload t0 a10 t1)
4.0: (sync_actions a10)
5.0: (add_action a12)
6.0: (move_in_model_parameter a12 sDEC1_1 categorical c2)
7.0: (check_added_variables_model a12)
8.0: (move_in_model_move_automata a12)
9.0: (add_action a11)
10.0: (check_added_variables_model a11)
11.0: (move_in_model_move_automata a11)
12.0: (add_action a8)
13.0: (check_added_variables_model a8)
14.0: (move_in_model_move_automata a8)
15.0: (validate_payload t1 a1 t2)
16.0: (sync_actions a1)
17.0: (validate_payload t2 a2 t3)
18.0: (sync_actions a2)
19.0: (add_action a9)
20.0: (check_added_variables_model a9)
21.0: (move_in_model_move_automata a9)

Plan-Length:22
Metric (Search):11.0
Planning Time (msec): 327
Heuristic Time (msec): 6
Search Time (msec): 304
Expanded Nodes:1272
States Evaluated:1654
Number of Dead-Ends detected:0
Number of Duplicates detected:151
/usr/bin/time -v timeout 600 java -Xmx64g -jar ./enhsp3.jar -o ./domain_with_failure.pddl -f ./problems/BasePN-0And-del-5-d7/problem74.pddl -h blind -s WAStar
Domain parsed
Problem parsed
Grounding..
Grounding Time: 3352
UFX:true
|F|:10236
|X|:14
|A|:698
|P|:0
|E|:0
h(I):0.0
f(n) = 1.0 (Expanded Nodes: 2, Evaluated States: 8, Time: 0.017) Frontier Size: 6
f(n) = 2.0 (Expanded Nodes: 6, Evaluated States: 8, Time: 0.041) Frontier Size: 2
f(n) = 3.0 (Expanded Nodes: 18, Evaluated States: 39, Time: 0.065) Frontier Size: 21
f(n) = 4.0 (Expanded Nodes: 57, Evaluated States: 107, Time: 0.089) Frontier Size: 50
f(n) = 5.0 (Expanded Nodes: 117, Evaluated States: 219, Time: 0.11) Frontier Size: 102
f(n) = 6.0 (Expanded Nodes: 209, Evaluated States: 355, Time: 0.137) Frontier Size: 146
f(n) = 7.0 (Expanded Nodes: 411, Evaluated States: 617, Time: 0.174) Frontier Size: 206
f(n) = 8.0 (Expanded Nodes: 639, Evaluated States: 871, Time: 0.218) Frontier Size: 232
f(n) = 9.0 (Expanded Nodes: 971, Evaluated States: 1251, Time: 0.254) Frontier Size: 280
f(n) = 10.0 (Expanded Nodes: 1339, Evaluated States: 1634, Time: 0.285) Frontier Size: 295
Problem Solved

Found Plan:
0.0: (add_action a7)
1.0: (check_added_variables_model a7)
2.0: (move_in_model_move_automata a7)
3.0: (validate_payload t0 a10 t1)
4.0: (sync_actions a10)
5.0: (validate_payload t1 a12 t2)
6.0: (sync_actions a12)
7.0: (add_action a11)
8.0: (check_added_variables_model a11)
9.0: (move_in_model_move_automata a11)
10.0: (add_action a8)
11.0: (check_added_variables_model a8)
12.0: (move_in_model_move_automata a8)
13.0: (add_action a1)
14.0: (check_added_variables_model a1)
15.0: (move_in_model_move_automata a1)
16.0: (validate_payload t2 a2 t3)
17.0: (sync_actions a2)
18.0: (add_action a9)
19.0: (check_added_variables_model a9)
20.0: (move_in_model_move_automata a9)

Plan-Length:21
Metric (Search):10.0
Planning Time (msec): 309
Heuristic Time (msec): 2
Search Time (msec): 303
Expanded Nodes:1542
States Evaluated:1877
Number of Dead-Ends detected:0
Number of Duplicates detected:165
/usr/bin/time -v timeout 600 java -Xmx64g -jar ./enhsp3.jar -o ./domain_with_failure.pddl -f ./problems/BasePN-0And-del-5-d7/problem75.pddl -h blind -s WAStar
Domain parsed
Problem parsed
Grounding..
Grounding Time: 3362
UFX:true
|F|:10236
|X|:13
|A|:698
|P|:0
|E|:0
h(I):0.0
f(n) = 1.0 (Expanded Nodes: 6, Evaluated States: 19, Time: 0.028) Frontier Size: 13
f(n) = 2.0 (Expanded Nodes: 33, Evaluated States: 67, Time: 0.074) Frontier Size: 34
f(n) = 3.0 (Expanded Nodes: 80, Evaluated States: 128, Time: 0.103) Frontier Size: 48
f(n) = 4.0 (Expanded Nodes: 157, Evaluated States: 253, Time: 0.135) Frontier Size: 96
f(n) = 5.0 (Expanded Nodes: 263, Evaluated States: 390, Time: 0.17) Frontier Size: 127
f(n) = 6.0 (Expanded Nodes: 413, Evaluated States: 582, Time: 0.204) Frontier Size: 169
f(n) = 7.0 (Expanded Nodes: 601, Evaluated States: 785, Time: 0.256) Frontier Size: 184
f(n) = 8.0 (Expanded Nodes: 817, Evaluated States: 1009, Time: 0.279) Frontier Size: 192
Problem Solved

Found Plan:
0.0: (validate_payload t0 a7 t1)
1.0: (sync_actions a7)
2.0: (add_action a10)
3.0: (check_added_variables_model a10)
4.0: (move_in_model_move_automata a10)
5.0: (validate_payload t1 a12 t2)
6.0: (sync_actions a12)
7.0: (add_action a11)
8.0: (check_added_variables_model a11)
9.0: (move_in_model_move_automata a11)
10.0: (add_action a8)
11.0: (check_added_variables_model a8)
12.0: (move_in_model_move_automata a8)
13.0: (add_action a0)
14.0: (check_added_variables_model a0)
15.0: (move_in_model_move_automata a0)
16.0: (validate_payload t2 a9 t3)
17.0: (sync_actions a9)

Plan-Length:18
Metric (Search):8.0
Planning Time (msec): 289
Heuristic Time (msec): 9
Search Time (msec): 286
Expanded Nodes:854
States Evaluated:1056
Number of Dead-Ends detected:0
Number of Duplicates detected:113
/usr/bin/time -v timeout 600 java -Xmx64g -jar ./enhsp3.jar -o ./domain_with_failure.pddl -f ./problems/BasePN-0And-del-5-d7/problem76.pddl -h blind -s WAStar
Domain parsed
Problem parsed
Grounding..
Grounding Time: 3406
UFX:true
|F|:10236
|X|:14
|A|:698
|P|:0
|E|:0
h(I):0.0
f(n) = 1.0 (Expanded Nodes: 2, Evaluated States: 8, Time: 0.019) Frontier Size: 6
f(n) = 2.0 (Expanded Nodes: 6, Evaluated States: 8, Time: 0.049) Frontier Size: 2
f(n) = 3.0 (Expanded Nodes: 14, Evaluated States: 33, Time: 0.063) Frontier Size: 19
f(n) = 4.0 (Expanded Nodes: 35, Evaluated States: 65, Time: 0.077) Frontier Size: 30
f(n) = 5.0 (Expanded Nodes: 65, Evaluated States: 108, Time: 0.092) Frontier Size: 43
f(n) = 6.0 (Expanded Nodes: 107, Evaluated States: 176, Time: 0.103) Frontier Size: 69
f(n) = 7.0 (Expanded Nodes: 188, Evaluated States: 281, Time: 0.122) Frontier Size: 93
f(n) = 8.0 (Expanded Nodes: 292, Evaluated States: 440, Time: 0.151) Frontier Size: 148
f(n) = 9.0 (Expanded Nodes: 477, Evaluated States: 705, Time: 0.183) Frontier Size: 228
f(n) = 10.0 (Expanded Nodes: 722, Evaluated States: 1073, Time: 0.214) Frontier Size: 351
f(n) = 11.0 (Expanded Nodes: 1170, Evaluated States: 1716, Time: 0.264) Frontier Size: 545
Problem Solved

Found Plan:
0.0: (add_action a7)
1.0: (check_added_variables_model a7)
2.0: (move_in_model_move_automata a7)
3.0: (validate_payload t0 a10 t1)
4.0: (sync_actions a10)
5.0: (add_action a12)
6.0: (move_in_model_parameter a12 sDEC1_1 categorical c2)
7.0: (check_added_variables_model a12)
8.0: (move_in_model_move_automata a12)
9.0: (add_action a11)
10.0: (check_added_variables_model a11)
11.0: (move_in_model_move_automata a11)
12.0: (validate_payload t1 a8 t2)
13.0: (sync_actions a8)
14.0: (add_action a1)
15.0: (check_added_variables_model a1)
16.0: (move_in_model_move_automata a1)
17.0: (validate_payload t2 a2 t3)
18.0: (sync_actions a2)
19.0: (add_action a9)
20.0: (check_added_variables_model a9)
21.0: (move_in_model_move_automata a9)

Plan-Length:22
Metric (Search):11.0
Planning Time (msec): 272
Heuristic Time (msec): 1
Search Time (msec): 265
Expanded Nodes:1187
States Evaluated:1744
Number of Dead-Ends detected:0
Number of Duplicates detected:112
/usr/bin/time -v timeout 600 java -Xmx64g -jar ./enhsp3.jar -o ./domain_with_failure.pddl -f ./problems/BasePN-0And-del-5-d7/problem77.pddl -h blind -s WAStar
Domain parsed
Problem parsed
Grounding..
Grounding Time: 3398
UFX:true
|F|:10236
|X|:14
|A|:698
|P|:0
|E|:0
h(I):0.0
f(n) = 1.0 (Expanded Nodes: 6, Evaluated States: 19, Time: 0.023) Frontier Size: 13
f(n) = 2.0 (Expanded Nodes: 33, Evaluated States: 67, Time: 0.062) Frontier Size: 34
f(n) = 3.0 (Expanded Nodes: 80, Evaluated States: 134, Time: 0.089) Frontier Size: 54
f(n) = 4.0 (Expanded Nodes: 163, Evaluated States: 289, Time: 0.108) Frontier Size: 126
f(n) = 5.0 (Expanded Nodes: 301, Evaluated States: 469, Time: 0.135) Frontier Size: 168
f(n) = 6.0 (Expanded Nodes: 508, Evaluated States: 738, Time: 0.172) Frontier Size: 230
f(n) = 7.0 (Expanded Nodes: 795, Evaluated States: 1106, Time: 0.209) Frontier Size: 311
f(n) = 8.0 (Expanded Nodes: 1162, Evaluated States: 1560, Time: 0.238) Frontier Size: 398
Problem Solved

Found Plan:
0.0: (validate_payload t0 a7 t1)
1.0: (sync_actions a7)
2.0: (add_action a10)
3.0: (check_added_variables_model a10)
4.0: (move_in_model_move_automata a10)
5.0: (validate_payload t1 a12 t2)
6.0: (sync_actions a12)
7.0: (add_action a11)
8.0: (check_added_variables_model a11)
9.0: (move_in_model_move_automata a11)
10.0: (validate_payload t2 a8 t3)
11.0: (sync_actions a8)
12.0: (add_action a0)
13.0: (check_added_variables_model a0)
14.0: (move_in_model_move_automata a0)
15.0: (add_action a9)
16.0: (check_added_variables_model a9)
17.0: (move_in_model_move_automata a9)

Plan-Length:18
Metric (Search):8.0
Planning Time (msec): 268
Heuristic Time (msec): 4
Search Time (msec): 264
Expanded Nodes:1531
States Evaluated:1948
Number of Dead-Ends detected:0
Number of Duplicates detected:140
/usr/bin/time -v timeout 600 java -Xmx64g -jar ./enhsp3.jar -o ./domain_with_failure.pddl -f ./problems/BasePN-0And-del-5-d7/problem78.pddl -h blind -s WAStar
Domain parsed
Problem parsed
Grounding..
Grounding Time: 3411
UFX:true
|F|:10236
|X|:13
|A|:698
|P|:0
|E|:0
h(I):0.0
f(n) = 1.0 (Expanded Nodes: 2, Evaluated States: 8, Time: 0.024) Frontier Size: 6
f(n) = 2.0 (Expanded Nodes: 6, Evaluated States: 8, Time: 0.052) Frontier Size: 2
f(n) = 3.0 (Expanded Nodes: 14, Evaluated States: 27, Time: 0.068) Frontier Size: 13
f(n) = 4.0 (Expanded Nodes: 29, Evaluated States: 47, Time: 0.077) Frontier Size: 18
f(n) = 5.0 (Expanded Nodes: 47, Evaluated States: 84, Time: 0.095) Frontier Size: 37
f(n) = 6.0 (Expanded Nodes: 83, Evaluated States: 137, Time: 0.105) Frontier Size: 54
f(n) = 7.0 (Expanded Nodes: 147, Evaluated States: 218, Time: 0.152) Frontier Size: 71
f(n) = 8.0 (Expanded Nodes: 217, Evaluated States: 315, Time: 0.17) Frontier Size: 98
f(n) = 9.0 (Expanded Nodes: 338, Evaluated States: 437, Time: 0.204) Frontier Size: 99
f(n) = 10.0 (Expanded Nodes: 453, Evaluated States: 580, Time: 0.231) Frontier Size: 127
f(n) = 11.0 (Expanded Nodes: 618, Evaluated States: 743, Time: 0.26) Frontier Size: 125
Problem Solved

Found Plan:
0.0: (add_action a7)
1.0: (check_added_variables_model a7)
2.0: (move_in_model_move_automata a7)
3.0: (validate_payload t0 a10 t1)
4.0: (sync_actions a10)
5.0: (add_action a12)
6.0: (move_in_model_parameter a12 sDEC1_1 categorical c2)
7.0: (check_added_variables_model a12)
8.0: (move_in_model_move_automata a12)
9.0: (add_action a11)
10.0: (check_added_variables_model a11)
11.0: (move_in_model_move_automata a11)
12.0: (add_action a8)
13.0: (check_added_variables_model a8)
14.0: (move_in_model_move_automata a8)
15.0: (add_action a1)
16.0: (check_added_variables_model a1)
17.0: (move_in_model_move_automata a1)
18.0: (validate_payload t1 a2 t2)
19.0: (sync_actions a2)
20.0: (validate_payload t2 a9 t3)
21.0: (sync_actions a9)

Plan-Length:22
Metric (Search):11.0
Planning Time (msec): 275
Heuristic Time (msec): 12
Search Time (msec): 272
Expanded Nodes:661
States Evaluated:806
Number of Dead-Ends detected:0
Number of Duplicates detected:85
/usr/bin/time -v timeout 600 java -Xmx64g -jar ./enhsp3.jar -o ./domain_with_failure.pddl -f ./problems/BasePN-0And-del-5-d7/problem79.pddl -h blind -s WAStar
Domain parsed
Problem parsed
Grounding..
Grounding Time: 3357
UFX:true
|F|:10236
|X|:13
|A|:698
|P|:0
|E|:0
h(I):0.0
f(n) = 1.0 (Expanded Nodes: 4, Evaluated States: 9, Time: 0.024) Frontier Size: 5
f(n) = 2.0 (Expanded Nodes: 11, Evaluated States: 13, Time: 0.061) Frontier Size: 2
f(n) = 3.0 (Expanded Nodes: 18, Evaluated States: 28, Time: 0.077) Frontier Size: 10
f(n) = 4.0 (Expanded Nodes: 27, Evaluated States: 33, Time: 0.083) Frontier Size: 6
f(n) = 5.0 (Expanded Nodes: 44, Evaluated States: 66, Time: 0.094) Frontier Size: 22
f(n) = 6.0 (Expanded Nodes: 64, Evaluated States: 86, Time: 0.102) Frontier Size: 22
f(n) = 7.0 (Expanded Nodes: 94, Evaluated States: 133, Time: 0.12) Frontier Size: 39
f(n) = 8.0 (Expanded Nodes: 132, Evaluated States: 173, Time: 0.131) Frontier Size: 41
f(n) = 9.0 (Expanded Nodes: 180, Evaluated States: 232, Time: 0.149) Frontier Size: 52
f(n) = 10.0 (Expanded Nodes: 238, Evaluated States: 303, Time: 0.163) Frontier Size: 65
Problem Solved

Found Plan:
0.0: (add_action a7)
1.0: (check_added_variables_model a7)
2.0: (move_in_model_move_automata a7)
3.0: (add_action a10)
4.0: (check_added_variables_model a10)
5.0: (move_in_model_move_automata a10)
6.0: (validate_payload t0 a12 t1)
7.0: (sync_actions a12)
8.0: (add_action a11)
9.0: (check_added_variables_model a11)
10.0: (move_in_model_move_automata a11)
11.0: (add_action a8)
12.0: (check_added_variables_model a8)
13.0: (move_in_model_move_automata a8)
14.0: (validate_payload t1 a1 t2)
15.0: (sync_actions a1)
16.0: (add_action a2)
17.0: (check_added_variables_model a2)
18.0: (move_in_model_move_automata a2)
19.0: (validate_payload t2 a9 t3)
20.0: (sync_actions a9)

Plan-Length:21
Metric (Search):10.0
Planning Time (msec): 187
Heuristic Time (msec): 7
Search Time (msec): 181
Expanded Nodes:298
States Evaluated:370
Number of Dead-Ends detected:0
Number of Duplicates detected:47
/usr/bin/time -v timeout 600 java -Xmx64g -jar ./enhsp3.jar -o ./domain_with_failure.pddl -f ./problems/BasePN-0And-del-5-d7/problem80.pddl -h blind -s WAStar
Domain parsed
Problem parsed
Grounding..
Grounding Time: 3453
UFX:true
|F|:10236
|X|:13
|A|:698
|P|:0
|E|:0
h(I):0.0
f(n) = 1.0 (Expanded Nodes: 6, Evaluated States: 19, Time: 0.023) Frontier Size: 13
f(n) = 2.0 (Expanded Nodes: 33, Evaluated States: 67, Time: 0.068) Frontier Size: 34
f(n) = 3.0 (Expanded Nodes: 80, Evaluated States: 128, Time: 0.097) Frontier Size: 48
f(n) = 4.0 (Expanded Nodes: 157, Evaluated States: 253, Time: 0.123) Frontier Size: 96
f(n) = 5.0 (Expanded Nodes: 263, Evaluated States: 390, Time: 0.154) Frontier Size: 127
f(n) = 6.0 (Expanded Nodes: 413, Evaluated States: 582, Time: 0.198) Frontier Size: 169
f(n) = 7.0 (Expanded Nodes: 601, Evaluated States: 785, Time: 0.246) Frontier Size: 184
f(n) = 8.0 (Expanded Nodes: 817, Evaluated States: 1009, Time: 0.279) Frontier Size: 192
Problem Solved

Found Plan:
0.0: (validate_payload t0 a7 t1)
1.0: (sync_actions a7)
2.0: (add_action a10)
3.0: (check_added_variables_model a10)
4.0: (move_in_model_move_automata a10)
5.0: (validate_payload t1 a12 t2)
6.0: (sync_actions a12)
7.0: (add_action a11)
8.0: (check_added_variables_model a11)
9.0: (move_in_model_move_automata a11)
10.0: (add_action a8)
11.0: (check_added_variables_model a8)
12.0: (move_in_model_move_automata a8)
13.0: (add_action a0)
14.0: (check_added_variables_model a0)
15.0: (move_in_model_move_automata a0)
16.0: (validate_payload t2 a9 t3)
17.0: (sync_actions a9)

Plan-Length:18
Metric (Search):8.0
Planning Time (msec): 290
Heuristic Time (msec): 6
Search Time (msec): 285
Expanded Nodes:854
States Evaluated:1056
Number of Dead-Ends detected:0
Number of Duplicates detected:113
/usr/bin/time -v timeout 600 java -Xmx64g -jar ./enhsp3.jar -o ./domain_with_failure.pddl -f ./problems/BasePN-0And-del-5-d7/problem81.pddl -h blind -s WAStar
Domain parsed
Problem parsed
Grounding..
Grounding Time: 3451
UFX:true
|F|:10236
|X|:14
|A|:698
|P|:0
|E|:0
h(I):0.0
f(n) = 1.0 (Expanded Nodes: 6, Evaluated States: 26, Time: 0.035) Frontier Size: 20
f(n) = 2.0 (Expanded Nodes: 42, Evaluated States: 126, Time: 0.086) Frontier Size: 84
f(n) = 3.0 (Expanded Nodes: 139, Evaluated States: 296, Time: 0.127) Frontier Size: 157
f(n) = 4.0 (Expanded Nodes: 312, Evaluated States: 555, Time: 0.161) Frontier Size: 243
f(n) = 5.0 (Expanded Nodes: 650, Evaluated States: 1127, Time: 0.218) Frontier Size: 477
f(n) = 6.0 (Expanded Nodes: 1255, Evaluated States: 2043, Time: 0.283) Frontier Size: 788
f(n) = 7.0 (Expanded Nodes: 2162, Evaluated States: 3261, Time: 0.39) Frontier Size: 1099
f(n) = 8.0 (Expanded Nodes: 3761, Evaluated States: 5097, Time: 0.503) Frontier Size: 1336
f(n) = 9.0 (Expanded Nodes: 5902, Evaluated States: 7323, Time: 0.66) Frontier Size: 1421
Problem Solved

Found Plan:
0.0: (validate_payload t0 a7 t1)
1.0: (sync_actions a7)
2.0: (validate_payload t1 a10 t2)
3.0: (sync_actions a10)
4.0: (add_action a12)
5.0: (move_in_model_parameter a12 sDEC1_1 categorical c2)
6.0: (check_added_variables_model a12)
7.0: (move_in_model_move_automata a12)
8.0: (validate_payload t2 a11 t3)
9.0: (sync_actions a11)
10.0: (add_action a8)
11.0: (check_added_variables_model a8)
12.0: (move_in_model_move_automata a8)
13.0: (add_action a0)
14.0: (check_added_variables_model a0)
15.0: (move_in_model_move_automata a0)
16.0: (add_action a9)
17.0: (check_added_variables_model a9)
18.0: (move_in_model_move_automata a9)

Plan-Length:19
Metric (Search):9.0
Planning Time (msec): 758
Heuristic Time (msec): 20
Search Time (msec): 752
Expanded Nodes:7323
States Evaluated:8877
Number of Dead-Ends detected:0
Number of Duplicates detected:471
/usr/bin/time -v timeout 600 java -Xmx64g -jar ./enhsp3.jar -o ./domain_with_failure.pddl -f ./problems/BasePN-0And-del-5-d7/problem82.pddl -h blind -s WAStar
Domain parsed
Problem parsed
Grounding..
Grounding Time: 3297
UFX:true
|F|:10236
|X|:13
|A|:698
|P|:0
|E|:0
h(I):0.0
f(n) = 1.0 (Expanded Nodes: 4, Evaluated States: 14, Time: 0.031) Frontier Size: 10
f(n) = 2.0 (Expanded Nodes: 16, Evaluated States: 38, Time: 0.068) Frontier Size: 22
f(n) = 3.0 (Expanded Nodes: 31, Evaluated States: 68, Time: 0.09) Frontier Size: 37
f(n) = 4.0 (Expanded Nodes: 77, Evaluated States: 136, Time: 0.114) Frontier Size: 59
f(n) = 5.0 (Expanded Nodes: 124, Evaluated States: 201, Time: 0.13) Frontier Size: 77
f(n) = 6.0 (Expanded Nodes: 220, Evaluated States: 317, Time: 0.149) Frontier Size: 97
f(n) = 7.0 (Expanded Nodes: 308, Evaluated States: 421, Time: 0.164) Frontier Size: 113
f(n) = 8.0 (Expanded Nodes: 463, Evaluated States: 599, Time: 0.187) Frontier Size: 136
f(n) = 9.0 (Expanded Nodes: 606, Evaluated States: 755, Time: 0.207) Frontier Size: 149
f(n) = 10.0 (Expanded Nodes: 786, Evaluated States: 948, Time: 0.237) Frontier Size: 162
f(n) = 11.0 (Expanded Nodes: 969, Evaluated States: 1119, Time: 0.253) Frontier Size: 150
Problem Solved

Found Plan:
0.0: (validate_payload t0 a7 t1)
1.0: (sync_actions a7)
2.0: (add_action a10)
3.0: (check_added_variables_model a10)
4.0: (move_in_model_move_automata a10)
5.0: (add_action a12)
6.0: (move_in_model_parameter a12 sDEC1_1 categorical c2)
7.0: (check_added_variables_model a12)
8.0: (move_in_model_move_automata a12)
9.0: (add_action a11)
10.0: (check_added_variables_model a11)
11.0: (move_in_model_move_automata a11)
12.0: (validate_payload t1 a8 t2)
13.0: (sync_actions a8)
14.0: (validate_payload t2 a1 t3)
15.0: (sync_actions a1)
16.0: (add_action a2)
17.0: (check_added_variables_model a2)
18.0: (move_in_model_move_automata a2)
19.0: (add_action a9)
20.0: (check_added_variables_model a9)
21.0: (move_in_model_move_automata a9)

Plan-Length:22
Metric (Search):11.0
Planning Time (msec): 286
Heuristic Time (msec): 10
Search Time (msec): 277
Expanded Nodes:1156
States Evaluated:1278
Number of Dead-Ends detected:0
Number of Duplicates detected:227
/usr/bin/time -v timeout 600 java -Xmx64g -jar ./enhsp3.jar -o ./domain_with_failure.pddl -f ./problems/BasePN-0And-del-5-d7/problem83.pddl -h blind -s WAStar
Domain parsed
Problem parsed
Grounding..
Grounding Time: 3321
UFX:true
|F|:10236
|X|:13
|A|:698
|P|:0
|E|:0
h(I):0.0
f(n) = 1.0 (Expanded Nodes: 2, Evaluated States: 8, Time: 0.019) Frontier Size: 6
f(n) = 2.0 (Expanded Nodes: 6, Evaluated States: 8, Time: 0.049) Frontier Size: 2
f(n) = 3.0 (Expanded Nodes: 14, Evaluated States: 27, Time: 0.061) Frontier Size: 13
f(n) = 4.0 (Expanded Nodes: 31, Evaluated States: 57, Time: 0.076) Frontier Size: 26
f(n) = 5.0 (Expanded Nodes: 69, Evaluated States: 106, Time: 0.099) Frontier Size: 37
f(n) = 6.0 (Expanded Nodes: 107, Evaluated States: 169, Time: 0.112) Frontier Size: 62
f(n) = 7.0 (Expanded Nodes: 189, Evaluated States: 268, Time: 0.141) Frontier Size: 79
f(n) = 8.0 (Expanded Nodes: 281, Evaluated States: 387, Time: 0.168) Frontier Size: 106
f(n) = 9.0 (Expanded Nodes: 422, Evaluated States: 532, Time: 0.203) Frontier Size: 110
f(n) = 10.0 (Expanded Nodes: 563, Evaluated States: 717, Time: 0.231) Frontier Size: 154
f(n) = 11.0 (Expanded Nodes: 764, Evaluated States: 954, Time: 0.28) Frontier Size: 190
Problem Solved

Found Plan:
0.0: (add_action a7)
1.0: (check_added_variables_model a7)
2.0: (move_in_model_move_automata a7)
3.0: (validate_payload t0 a10 t1)
4.0: (sync_actions a10)
5.0: (add_action a12)
6.0: (move_in_model_parameter a12 sDEC1_1 categorical c2)
7.0: (check_added_variables_model a12)
8.0: (move_in_model_move_automata a12)
9.0: (add_action a11)
10.0: (check_added_variables_model a11)
11.0: (move_in_model_move_automata a11)
12.0: (add_action a8)
13.0: (check_added_variables_model a8)
14.0: (move_in_model_move_automata a8)
15.0: (validate_payload t1 a1 t2)
16.0: (sync_actions a1)
17.0: (add_action a2)
18.0: (check_added_variables_model a2)
19.0: (move_in_model_move_automata a2)
20.0: (validate_payload t2 a9 t3)
21.0: (sync_actions a9)

Plan-Length:22
Metric (Search):11.0
Planning Time (msec): 303
Heuristic Time (msec): 6
Search Time (msec): 296
Expanded Nodes:849
States Evaluated:1062
Number of Dead-Ends detected:0
Number of Duplicates detected:100
/usr/bin/time -v timeout 600 java -Xmx64g -jar ./enhsp3.jar -o ./domain_with_failure.pddl -f ./problems/BasePN-0And-del-5-d7/problem84.pddl -h blind -s WAStar
Domain parsed
Problem parsed
Grounding..
Grounding Time: 3413
UFX:true
|F|:10236
|X|:13
|A|:698
|P|:0
|E|:0
h(I):0.0
f(n) = 1.0 (Expanded Nodes: 4, Evaluated States: 14, Time: 0.028) Frontier Size: 10
f(n) = 2.0 (Expanded Nodes: 16, Evaluated States: 38, Time: 0.062) Frontier Size: 22
f(n) = 3.0 (Expanded Nodes: 31, Evaluated States: 68, Time: 0.08) Frontier Size: 37
f(n) = 4.0 (Expanded Nodes: 77, Evaluated States: 136, Time: 0.106) Frontier Size: 59
f(n) = 5.0 (Expanded Nodes: 124, Evaluated States: 201, Time: 0.124) Frontier Size: 77
f(n) = 6.0 (Expanded Nodes: 220, Evaluated States: 317, Time: 0.15) Frontier Size: 97
f(n) = 7.0 (Expanded Nodes: 308, Evaluated States: 421, Time: 0.176) Frontier Size: 113
f(n) = 8.0 (Expanded Nodes: 463, Evaluated States: 599, Time: 0.212) Frontier Size: 136
f(n) = 9.0 (Expanded Nodes: 606, Evaluated States: 755, Time: 0.244) Frontier Size: 149
f(n) = 10.0 (Expanded Nodes: 786, Evaluated States: 948, Time: 0.299) Frontier Size: 162
f(n) = 11.0 (Expanded Nodes: 969, Evaluated States: 1119, Time: 0.327) Frontier Size: 150
Problem Solved

Found Plan:
0.0: (validate_payload t0 a7 t1)
1.0: (sync_actions a7)
2.0: (add_action a10)
3.0: (check_added_variables_model a10)
4.0: (move_in_model_move_automata a10)
5.0: (add_action a12)
6.0: (move_in_model_parameter a12 sDEC1_1 categorical c2)
7.0: (check_added_variables_model a12)
8.0: (move_in_model_move_automata a12)
9.0: (add_action a11)
10.0: (check_added_variables_model a11)
11.0: (move_in_model_move_automata a11)
12.0: (validate_payload t1 a8 t2)
13.0: (sync_actions a8)
14.0: (validate_payload t2 a1 t3)
15.0: (sync_actions a1)
16.0: (add_action a2)
17.0: (check_added_variables_model a2)
18.0: (move_in_model_move_automata a2)
19.0: (add_action a9)
20.0: (check_added_variables_model a9)
21.0: (move_in_model_move_automata a9)

Plan-Length:22
Metric (Search):11.0
Planning Time (msec): 359
Heuristic Time (msec): 11
Search Time (msec): 355
Expanded Nodes:1156
States Evaluated:1278
Number of Dead-Ends detected:0
Number of Duplicates detected:227
/usr/bin/time -v timeout 600 java -Xmx64g -jar ./enhsp3.jar -o ./domain_with_failure.pddl -f ./problems/BasePN-0And-del-5-d7/problem85.pddl -h blind -s WAStar
Domain parsed
Problem parsed
Grounding..
Grounding Time: 3336
UFX:true
|F|:10236
|X|:14
|A|:698
|P|:0
|E|:0
h(I):0.0
f(n) = 1.0 (Expanded Nodes: 4, Evaluated States: 18, Time: 0.024) Frontier Size: 14
f(n) = 2.0 (Expanded Nodes: 20, Evaluated States: 58, Time: 0.072) Frontier Size: 38
f(n) = 3.0 (Expanded Nodes: 51, Evaluated States: 100, Time: 0.098) Frontier Size: 49
f(n) = 4.0 (Expanded Nodes: 109, Evaluated States: 196, Time: 0.119) Frontier Size: 87
f(n) = 5.0 (Expanded Nodes: 186, Evaluated States: 278, Time: 0.139) Frontier Size: 92
f(n) = 6.0 (Expanded Nodes: 312, Evaluated States: 477, Time: 0.168) Frontier Size: 165
f(n) = 7.0 (Expanded Nodes: 500, Evaluated States: 748, Time: 0.211) Frontier Size: 248
f(n) = 8.0 (Expanded Nodes: 823, Evaluated States: 1133, Time: 0.25) Frontier Size: 310
f(n) = 9.0 (Expanded Nodes: 1204, Evaluated States: 1596, Time: 0.289) Frontier Size: 392
f(n) = 10.0 (Expanded Nodes: 1720, Evaluated States: 2177, Time: 0.329) Frontier Size: 457
f(n) = 11.0 (Expanded Nodes: 2369, Evaluated States: 2975, Time: 0.374) Frontier Size: 606
Problem Solved

Found Plan:
0.0: (validate_payload t0 a7 t1)
1.0: (sync_actions a7)
2.0: (add_action a10)
3.0: (check_added_variables_model a10)
4.0: (move_in_model_move_automata a10)
5.0: (add_action a12)
6.0: (move_in_model_parameter a12 sDEC1_1 categorical c2)
7.0: (check_added_variables_model a12)
8.0: (move_in_model_move_automata a12)
9.0: (validate_payload t1 a11 t2)
10.0: (sync_actions a11)
11.0: (add_action a8)
12.0: (check_added_variables_model a8)
13.0: (move_in_model_move_automata a8)
14.0: (add_action a1)
15.0: (check_added_variables_model a1)
16.0: (move_in_model_move_automata a1)
17.0: (validate_payload t2 a2 t3)
18.0: (sync_actions a2)
19.0: (add_action a9)
20.0: (check_added_variables_model a9)
21.0: (move_in_model_move_automata a9)

Plan-Length:22
Metric (Search):11.0
Planning Time (msec): 410
Heuristic Time (msec): 9
Search Time (msec): 404
Expanded Nodes:2704
States Evaluated:3301
Number of Dead-Ends detected:0
Number of Duplicates detected:308
/usr/bin/time -v timeout 600 java -Xmx64g -jar ./enhsp3.jar -o ./domain_with_failure.pddl -f ./problems/BasePN-0And-del-5-d7/problem86.pddl -h blind -s WAStar
Domain parsed
Problem parsed
Grounding..
Grounding Time: 3525
UFX:true
|F|:10236
|X|:13
|A|:698
|P|:0
|E|:0
h(I):0.0
f(n) = 1.0 (Expanded Nodes: 4, Evaluated States: 9, Time: 0.018) Frontier Size: 5
f(n) = 2.0 (Expanded Nodes: 11, Evaluated States: 13, Time: 0.049) Frontier Size: 2
f(n) = 3.0 (Expanded Nodes: 18, Evaluated States: 31, Time: 0.059) Frontier Size: 13
f(n) = 4.0 (Expanded Nodes: 30, Evaluated States: 36, Time: 0.072) Frontier Size: 6
f(n) = 5.0 (Expanded Nodes: 47, Evaluated States: 75, Time: 0.083) Frontier Size: 28
f(n) = 6.0 (Expanded Nodes: 73, Evaluated States: 104, Time: 0.099) Frontier Size: 31
f(n) = 7.0 (Expanded Nodes: 114, Evaluated States: 165, Time: 0.111) Frontier Size: 51
f(n) = 8.0 (Expanded Nodes: 173, Evaluated States: 246, Time: 0.135) Frontier Size: 73
Problem Solved

Found Plan:
0.0: (add_action a7)
1.0: (check_added_variables_model a7)
2.0: (move_in_model_move_automata a7)
3.0: (add_action a10)
4.0: (check_added_variables_model a10)
5.0: (move_in_model_move_automata a10)
6.0: (validate_payload t0 a12 t1)
7.0: (sync_actions a12)
8.0: (add_action a11)
9.0: (check_added_variables_model a11)
10.0: (move_in_model_move_automata a11)
11.0: (validate_payload t1 a8 t2)
12.0: (sync_actions a8)
13.0: (add_action a0)
14.0: (check_added_variables_model a0)
15.0: (move_in_model_move_automata a0)
16.0: (validate_payload t2 a9 t3)
17.0: (sync_actions a9)

Plan-Length:18
Metric (Search):8.0
Planning Time (msec): 165
Heuristic Time (msec): 2
Search Time (msec): 154
Expanded Nodes:240
States Evaluated:349
Number of Dead-Ends detected:0
Number of Duplicates detected:25
/usr/bin/time -v timeout 600 java -Xmx64g -jar ./enhsp3.jar -o ./domain_with_failure.pddl -f ./problems/BasePN-0And-del-5-d7/problem87.pddl -h blind -s WAStar
Domain parsed
Problem parsed
Grounding..
Grounding Time: 3427
UFX:true
|F|:10236
|X|:13
|A|:698
|P|:0
|E|:0
h(I):0.0
f(n) = 1.0 (Expanded Nodes: 4, Evaluated States: 14, Time: 0.024) Frontier Size: 10
f(n) = 2.0 (Expanded Nodes: 16, Evaluated States: 38, Time: 0.06) Frontier Size: 22
f(n) = 3.0 (Expanded Nodes: 31, Evaluated States: 68, Time: 0.084) Frontier Size: 37
f(n) = 4.0 (Expanded Nodes: 77, Evaluated States: 136, Time: 0.106) Frontier Size: 59
f(n) = 5.0 (Expanded Nodes: 124, Evaluated States: 201, Time: 0.127) Frontier Size: 77
f(n) = 6.0 (Expanded Nodes: 220, Evaluated States: 317, Time: 0.153) Frontier Size: 97
f(n) = 7.0 (Expanded Nodes: 304, Evaluated States: 411, Time: 0.183) Frontier Size: 107
f(n) = 8.0 (Expanded Nodes: 443, Evaluated States: 551, Time: 0.222) Frontier Size: 108
f(n) = 9.0 (Expanded Nodes: 560, Evaluated States: 664, Time: 0.251) Frontier Size: 104
f(n) = 10.0 (Expanded Nodes: 700, Evaluated States: 822, Time: 0.293) Frontier Size: 122
f(n) = 11.0 (Expanded Nodes: 835, Evaluated States: 969, Time: 0.319) Frontier Size: 134
Problem Solved

Found Plan:
0.0: (validate_payload t0 a7 t1)
1.0: (sync_actions a7)
2.0: (add_action a10)
3.0: (check_added_variables_model a10)
4.0: (move_in_model_move_automata a10)
5.0: (add_action a12)
6.0: (move_in_model_parameter a12 sDEC1_1 categorical c2)
7.0: (check_added_variables_model a12)
8.0: (move_in_model_move_automata a12)
9.0: (add_action a11)
10.0: (check_added_variables_model a11)
11.0: (move_in_model_move_automata a11)
12.0: (add_action a8)
13.0: (check_added_variables_model a8)
14.0: (move_in_model_move_automata a8)
15.0: (validate_payload t1 a1 t2)
16.0: (sync_actions a1)
17.0: (validate_payload t2 a2 t3)
18.0: (sync_actions a2)
19.0: (add_action a9)
20.0: (check_added_variables_model a9)
21.0: (move_in_model_move_automata a9)

Plan-Length:22
Metric (Search):11.0
Planning Time (msec): 337
Heuristic Time (msec): 6
Search Time (msec): 331
Expanded Nodes:915
States Evaluated:1047
Number of Dead-Ends detected:0
Number of Duplicates detected:163
/usr/bin/time -v timeout 600 java -Xmx64g -jar ./enhsp3.jar -o ./domain_with_failure.pddl -f ./problems/BasePN-0And-del-5-d7/problem88.pddl -h blind -s WAStar
Domain parsed
Problem parsed
Grounding..
Grounding Time: 3387
UFX:true
|F|:10236
|X|:13
|A|:698
|P|:0
|E|:0
h(I):0.0
f(n) = 2.0 (Expanded Nodes: 2, Evaluated States: 4, Time: 0.025) Frontier Size: 2
f(n) = 3.0 (Expanded Nodes: 10, Evaluated States: 27, Time: 0.067) Frontier Size: 17
f(n) = 4.0 (Expanded Nodes: 21, Evaluated States: 29, Time: 0.077) Frontier Size: 8
f(n) = 5.0 (Expanded Nodes: 43, Evaluated States: 78, Time: 0.097) Frontier Size: 35
f(n) = 6.0 (Expanded Nodes: 85, Evaluated States: 140, Time: 0.11) Frontier Size: 55
f(n) = 7.0 (Expanded Nodes: 172, Evaluated States: 261, Time: 0.133) Frontier Size: 89
f(n) = 8.0 (Expanded Nodes: 276, Evaluated States: 386, Time: 0.151) Frontier Size: 110
f(n) = 9.0 (Expanded Nodes: 429, Evaluated States: 571, Time: 0.177) Frontier Size: 142
f(n) = 10.0 (Expanded Nodes: 628, Evaluated States: 815, Time: 0.213) Frontier Size: 187
f(n) = 11.0 (Expanded Nodes: 888, Evaluated States: 1115, Time: 0.245) Frontier Size: 227
Problem Solved

Found Plan:
0.0: (add_action a7)
1.0: (check_added_variables_model a7)
2.0: (move_in_model_move_automata a7)
3.0: (validate_payload t0 a10 t1)
4.0: (sync_actions a10)
5.0: (add_action a12)
6.0: (move_in_model_parameter a12 sDEC1_1 categorical c2)
7.0: (check_added_variables_model a12)
8.0: (move_in_model_move_automata a12)
9.0: (validate_payload t1 a11 t2)
10.0: (sync_actions a11)
11.0: (add_action a8)
12.0: (check_added_variables_model a8)
13.0: (move_in_model_move_automata a8)
14.0: (add_action a1)
15.0: (check_added_variables_model a1)
16.0: (move_in_model_move_automata a1)
17.0: (validate_payload t2 a2 t3)
18.0: (sync_actions a2)
19.0: (add_action a9)
20.0: (check_added_variables_model a9)
21.0: (move_in_model_move_automata a9)

Plan-Length:22
Metric (Search):11.0
Planning Time (msec): 255
Heuristic Time (msec): 14
Search Time (msec): 247
Expanded Nodes:914
States Evaluated:1151
Number of Dead-Ends detected:0
Number of Duplicates detected:104
/usr/bin/time -v timeout 600 java -Xmx64g -jar ./enhsp3.jar -o ./domain_with_failure.pddl -f ./problems/BasePN-0And-del-5-d7/problem89.pddl -h blind -s WAStar
Domain parsed
Problem parsed
Grounding..
Grounding Time: 3440
UFX:true
|F|:10233
|X|:13
|A|:697
|P|:0
|E|:0
h(I):0.0
f(n) = 1.0 (Expanded Nodes: 6, Evaluated States: 19, Time: 0.029) Frontier Size: 13
f(n) = 2.0 (Expanded Nodes: 33, Evaluated States: 67, Time: 0.076) Frontier Size: 34
f(n) = 3.0 (Expanded Nodes: 80, Evaluated States: 126, Time: 0.104) Frontier Size: 46
f(n) = 4.0 (Expanded Nodes: 157, Evaluated States: 241, Time: 0.126) Frontier Size: 84
f(n) = 5.0 (Expanded Nodes: 261, Evaluated States: 361, Time: 0.157) Frontier Size: 100
f(n) = 6.0 (Expanded Nodes: 401, Evaluated States: 520, Time: 0.189) Frontier Size: 119
f(n) = 7.0 (Expanded Nodes: 568, Evaluated States: 683, Time: 0.229) Frontier Size: 115
f(n) = 8.0 (Expanded Nodes: 727, Evaluated States: 839, Time: 0.262) Frontier Size: 112
f(n) = 9.0 (Expanded Nodes: 880, Evaluated States: 992, Time: 0.293) Frontier Size: 112
f(n) = 10.0 (Expanded Nodes: 1024, Evaluated States: 1136, Time: 0.32) Frontier Size: 112
Problem Solved

Found Plan:
0.0: (validate_payload t0 a7 t1)
1.0: (sync_actions a7)
2.0: (add_action a10)
3.0: (check_added_variables_model a10)
4.0: (move_in_model_move_automata a10)
5.0: (validate_payload t1 a12 t2)
6.0: (sync_actions a12)
7.0: (add_action a11)
8.0: (check_added_variables_model a11)
9.0: (move_in_model_move_automata a11)
10.0: (add_action a8)
11.0: (check_added_variables_model a8)
12.0: (move_in_model_move_automata a8)
13.0: (add_action a0)
14.0: (check_added_variables_model a0)
15.0: (move_in_model_move_automata a0)
16.0: (add_action a9)
17.0: (check_added_variables_model a9)
18.0: (move_in_model_move_automata a9)

Plan-Length:19
Metric (Search):10.0
Planning Time (msec): 328
Heuristic Time (msec): 6
Search Time (msec): 326
Expanded Nodes:1061
States Evaluated:1176
Number of Dead-Ends detected:0
Number of Duplicates detected:148
/usr/bin/time -v timeout 600 java -Xmx64g -jar ./enhsp3.jar -o ./domain_with_failure.pddl -f ./problems/BasePN-0And-del-5-d7/problem90.pddl -h blind -s WAStar
Domain parsed
Problem parsed
Grounding..
Grounding Time: 3513
UFX:true
|F|:10236
|X|:14
|A|:698
|P|:0
|E|:0
h(I):0.0
f(n) = 1.0 (Expanded Nodes: 4, Evaluated States: 9, Time: 0.02) Frontier Size: 5
f(n) = 2.0 (Expanded Nodes: 11, Evaluated States: 13, Time: 0.047) Frontier Size: 2
f(n) = 3.0 (Expanded Nodes: 18, Evaluated States: 31, Time: 0.063) Frontier Size: 13
f(n) = 4.0 (Expanded Nodes: 30, Evaluated States: 36, Time: 0.072) Frontier Size: 6
f(n) = 5.0 (Expanded Nodes: 47, Evaluated States: 75, Time: 0.083) Frontier Size: 28
f(n) = 6.0 (Expanded Nodes: 73, Evaluated States: 104, Time: 0.098) Frontier Size: 31
f(n) = 7.0 (Expanded Nodes: 116, Evaluated States: 168, Time: 0.114) Frontier Size: 52
f(n) = 8.0 (Expanded Nodes: 187, Evaluated States: 269, Time: 0.136) Frontier Size: 82
f(n) = 9.0 (Expanded Nodes: 288, Evaluated States: 428, Time: 0.169) Frontier Size: 140
f(n) = 10.0 (Expanded Nodes: 417, Evaluated States: 578, Time: 0.201) Frontier Size: 161
Problem Solved

Found Plan:
0.0: (add_action a7)
1.0: (check_added_variables_model a7)
2.0: (move_in_model_move_automata a7)
3.0: (add_action a10)
4.0: (check_added_variables_model a10)
5.0: (move_in_model_move_automata a10)
6.0: (validate_payload t0 a12 t1)
7.0: (sync_actions a12)
8.0: (add_action a11)
9.0: (check_added_variables_model a11)
10.0: (move_in_model_move_automata a11)
11.0: (validate_payload t1 a8 t2)
12.0: (sync_actions a8)
13.0: (validate_payload t2 a1 t3)
14.0: (sync_actions a1)
15.0: (add_action a2)
16.0: (check_added_variables_model a2)
17.0: (move_in_model_move_automata a2)
18.0: (add_action a9)
19.0: (check_added_variables_model a9)
20.0: (move_in_model_move_automata a9)

Plan-Length:21
Metric (Search):10.0
Planning Time (msec): 221
Heuristic Time (msec): 5
Search Time (msec): 210
Expanded Nodes:461
States Evaluated:634
Number of Dead-Ends detected:0
Number of Duplicates detected:53
/usr/bin/time -v timeout 600 java -Xmx64g -jar ./enhsp3.jar -o ./domain_with_failure.pddl -f ./problems/BasePN-0And-del-5-d7/problem91.pddl -h blind -s WAStar
Domain parsed
Problem parsed
Grounding..
Grounding Time: 3327
UFX:true
|F|:10236
|X|:14
|A|:698
|P|:0
|E|:0
h(I):0.0
f(n) = 1.0 (Expanded Nodes: 2, Evaluated States: 8, Time: 0.017) Frontier Size: 6
f(n) = 2.0 (Expanded Nodes: 6, Evaluated States: 8, Time: 0.05) Frontier Size: 2
f(n) = 3.0 (Expanded Nodes: 14, Evaluated States: 34, Time: 0.063) Frontier Size: 20
f(n) = 4.0 (Expanded Nodes: 35, Evaluated States: 66, Time: 0.08) Frontier Size: 31
f(n) = 5.0 (Expanded Nodes: 67, Evaluated States: 117, Time: 0.097) Frontier Size: 50
f(n) = 6.0 (Expanded Nodes: 119, Evaluated States: 192, Time: 0.115) Frontier Size: 73
f(n) = 7.0 (Expanded Nodes: 205, Evaluated States: 316, Time: 0.142) Frontier Size: 111
f(n) = 8.0 (Expanded Nodes: 333, Evaluated States: 494, Time: 0.168) Frontier Size: 161
f(n) = 9.0 (Expanded Nodes: 538, Evaluated States: 800, Time: 0.208) Frontier Size: 262
f(n) = 10.0 (Expanded Nodes: 840, Evaluated States: 1272, Time: 0.246) Frontier Size: 432
f(n) = 11.0 (Expanded Nodes: 1410, Evaluated States: 2157, Time: 0.303) Frontier Size: 746
f(n) = 12.0 (Expanded Nodes: 2276, Evaluated States: 3404, Time: 0.392) Frontier Size: 1123
Problem Solved

Found Plan:
0.0: (add_action a7)
1.0: (check_added_variables_model a7)
2.0: (move_in_model_move_automata a7)
3.0: (validate_payload t0 a10 t1)
4.0: (sync_actions a10)
5.0: (add_action a12)
6.0: (move_in_model_parameter a12 sDEC1_1 categorical c2)
7.0: (check_added_variables_model a12)
8.0: (move_in_model_move_automata a12)
9.0: (add_action a11)
10.0: (check_added_variables_model a11)
11.0: (move_in_model_move_automata a11)
12.0: (validate_payload t1 a8 t2)
13.0: (sync_actions a8)
14.0: (add_action a1)
15.0: (move_in_model_parameter a1 sDEC2_2 integer v0)
16.0: (check_added_variables_model a1)
17.0: (move_in_model_move_automata a1)
18.0: (validate_payload t2 a2 t3)
19.0: (sync_actions a2)
20.0: (add_action a9)
21.0: (check_added_variables_model a9)
22.0: (move_in_model_move_automata a9)

Plan-Length:23
Metric (Search):12.0
Planning Time (msec): 411
Heuristic Time (msec): 1
Search Time (msec): 404
Expanded Nodes:2436
States Evaluated:3633
Number of Dead-Ends detected:0
Number of Duplicates detected:242
/usr/bin/time -v timeout 600 java -Xmx64g -jar ./enhsp3.jar -o ./domain_with_failure.pddl -f ./problems/BasePN-0And-del-5-d7/problem92.pddl -h blind -s WAStar
Domain parsed
Problem parsed
Grounding..
Grounding Time: 3346
UFX:true
|F|:10236
|X|:13
|A|:698
|P|:0
|E|:0
h(I):0.0
f(n) = 1.0 (Expanded Nodes: 4, Evaluated States: 9, Time: 0.024) Frontier Size: 5
f(n) = 2.0 (Expanded Nodes: 11, Evaluated States: 13, Time: 0.054) Frontier Size: 2
f(n) = 3.0 (Expanded Nodes: 18, Evaluated States: 32, Time: 0.069) Frontier Size: 14
f(n) = 4.0 (Expanded Nodes: 31, Evaluated States: 37, Time: 0.078) Frontier Size: 6
f(n) = 5.0 (Expanded Nodes: 50, Evaluated States: 82, Time: 0.089) Frontier Size: 32
f(n) = 6.0 (Expanded Nodes: 92, Evaluated States: 146, Time: 0.111) Frontier Size: 54
f(n) = 7.0 (Expanded Nodes: 162, Evaluated States: 272, Time: 0.133) Frontier Size: 110
f(n) = 8.0 (Expanded Nodes: 248, Evaluated States: 385, Time: 0.161) Frontier Size: 137
Problem Solved

Found Plan:
0.0: (add_action a7)
1.0: (check_added_variables_model a7)
2.0: (move_in_model_move_automata a7)
3.0: (add_action a10)
4.0: (check_added_variables_model a10)
5.0: (move_in_model_move_automata a10)
6.0: (validate_payload t0 a12 t1)
7.0: (sync_actions a12)
8.0: (validate_payload t1 a11 t2)
9.0: (sync_actions a11)
10.0: (add_action a8)
11.0: (check_added_variables_model a8)
12.0: (move_in_model_move_automata a8)
13.0: (add_action a0)
14.0: (check_added_variables_model a0)
15.0: (move_in_model_move_automata a0)
16.0: (validate_payload t2 a9 t3)
17.0: (sync_actions a9)

Plan-Length:18
Metric (Search):8.0
Planning Time (msec): 207
Heuristic Time (msec): 6
Search Time (msec): 201
Expanded Nodes:361
States Evaluated:549
Number of Dead-Ends detected:0
Number of Duplicates detected:27
/usr/bin/time -v timeout 600 java -Xmx64g -jar ./enhsp3.jar -o ./domain_with_failure.pddl -f ./problems/BasePN-0And-del-5-d7/problem93.pddl -h blind -s WAStar
Domain parsed
Problem parsed
Grounding..
Grounding Time: 3434
UFX:true
|F|:10236
|X|:13
|A|:698
|P|:0
|E|:0
h(I):0.0
f(n) = 1.0 (Expanded Nodes: 2, Evaluated States: 8, Time: 0.024) Frontier Size: 6
f(n) = 2.0 (Expanded Nodes: 6, Evaluated States: 8, Time: 0.061) Frontier Size: 2
f(n) = 3.0 (Expanded Nodes: 14, Evaluated States: 28, Time: 0.077) Frontier Size: 14
f(n) = 4.0 (Expanded Nodes: 29, Evaluated States: 48, Time: 0.087) Frontier Size: 19
f(n) = 5.0 (Expanded Nodes: 51, Evaluated States: 99, Time: 0.104) Frontier Size: 48
f(n) = 6.0 (Expanded Nodes: 111, Evaluated States: 177, Time: 0.129) Frontier Size: 66
f(n) = 7.0 (Expanded Nodes: 205, Evaluated States: 305, Time: 0.157) Frontier Size: 100
f(n) = 8.0 (Expanded Nodes: 340, Evaluated States: 519, Time: 0.196) Frontier Size: 179
f(n) = 9.0 (Expanded Nodes: 580, Evaluated States: 829, Time: 0.247) Frontier Size: 249
f(n) = 10.0 (Expanded Nodes: 915, Evaluated States: 1277, Time: 0.284) Frontier Size: 362
f(n) = 11.0 (Expanded Nodes: 1434, Evaluated States: 1876, Time: 0.339) Frontier Size: 442
Problem Solved

Found Plan:
0.0: (add_action a7)
1.0: (check_added_variables_model a7)
2.0: (move_in_model_move_automata a7)
3.0: (validate_payload t0 a10 t1)
4.0: (sync_actions a10)
5.0: (add_action a12)
6.0: (move_in_model_parameter a12 sDEC1_1 categorical c2)
7.0: (check_added_variables_model a12)
8.0: (move_in_model_move_automata a12)
9.0: (add_action a11)
10.0: (check_added_variables_model a11)
11.0: (move_in_model_move_automata a11)
12.0: (validate_payload t1 a8 t2)
13.0: (sync_actions a8)
14.0: (validate_payload t2 a1 t3)
15.0: (sync_actions a1)
16.0: (add_action a2)
17.0: (check_added_variables_model a2)
18.0: (move_in_model_move_automata a2)
19.0: (add_action a9)
20.0: (check_added_variables_model a9)
21.0: (move_in_model_move_automata a9)

Plan-Length:22
Metric (Search):11.0
Planning Time (msec): 372
Heuristic Time (msec): 7
Search Time (msec): 366
Expanded Nodes:1634
States Evaluated:2089
Number of Dead-Ends detected:0
Number of Duplicates detected:195
/usr/bin/time -v timeout 600 java -Xmx64g -jar ./enhsp3.jar -o ./domain_with_failure.pddl -f ./problems/BasePN-0And-del-5-d7/problem94.pddl -h blind -s WAStar
Domain parsed
Problem parsed
Grounding..
Grounding Time: 3356
UFX:true
|F|:10236
|X|:13
|A|:698
|P|:0
|E|:0
h(I):0.0
f(n) = 1.0 (Expanded Nodes: 2, Evaluated States: 8, Time: 0.019) Frontier Size: 6
f(n) = 2.0 (Expanded Nodes: 6, Evaluated States: 8, Time: 0.048) Frontier Size: 2
f(n) = 3.0 (Expanded Nodes: 14, Evaluated States: 28, Time: 0.064) Frontier Size: 14
f(n) = 4.0 (Expanded Nodes: 29, Evaluated States: 48, Time: 0.074) Frontier Size: 19
f(n) = 5.0 (Expanded Nodes: 51, Evaluated States: 99, Time: 0.091) Frontier Size: 48
f(n) = 6.0 (Expanded Nodes: 111, Evaluated States: 177, Time: 0.116) Frontier Size: 66
f(n) = 7.0 (Expanded Nodes: 205, Evaluated States: 305, Time: 0.144) Frontier Size: 100
f(n) = 8.0 (Expanded Nodes: 340, Evaluated States: 519, Time: 0.175) Frontier Size: 179
f(n) = 9.0 (Expanded Nodes: 580, Evaluated States: 829, Time: 0.215) Frontier Size: 249
f(n) = 10.0 (Expanded Nodes: 915, Evaluated States: 1277, Time: 0.252) Frontier Size: 362
f(n) = 11.0 (Expanded Nodes: 1434, Evaluated States: 1876, Time: 0.329) Frontier Size: 442
Problem Solved

Found Plan:
0.0: (add_action a7)
1.0: (check_added_variables_model a7)
2.0: (move_in_model_move_automata a7)
3.0: (validate_payload t0 a10 t1)
4.0: (sync_actions a10)
5.0: (add_action a12)
6.0: (move_in_model_parameter a12 sDEC1_1 categorical c2)
7.0: (check_added_variables_model a12)
8.0: (move_in_model_move_automata a12)
9.0: (add_action a11)
10.0: (check_added_variables_model a11)
11.0: (move_in_model_move_automata a11)
12.0: (validate_payload t1 a8 t2)
13.0: (sync_actions a8)
14.0: (validate_payload t2 a1 t3)
15.0: (sync_actions a1)
16.0: (add_action a2)
17.0: (check_added_variables_model a2)
18.0: (move_in_model_move_automata a2)
19.0: (add_action a9)
20.0: (check_added_variables_model a9)
21.0: (move_in_model_move_automata a9)

Plan-Length:22
Metric (Search):11.0
Planning Time (msec): 358
Heuristic Time (msec): 3
Search Time (msec): 352
Expanded Nodes:1634
States Evaluated:2089
Number of Dead-Ends detected:0
Number of Duplicates detected:195
/usr/bin/time -v timeout 600 java -Xmx64g -jar ./enhsp3.jar -o ./domain_with_failure.pddl -f ./problems/BasePN-0And-del-5-d7/problem95.pddl -h blind -s WAStar
Domain parsed
Problem parsed
Grounding..
Grounding Time: 3582
UFX:true
|F|:10236
|X|:14
|A|:698
|P|:0
|E|:0
h(I):0.0
f(n) = 1.0 (Expanded Nodes: 2, Evaluated States: 8, Time: 0.018) Frontier Size: 6
f(n) = 2.0 (Expanded Nodes: 6, Evaluated States: 8, Time: 0.048) Frontier Size: 2
f(n) = 3.0 (Expanded Nodes: 16, Evaluated States: 34, Time: 0.068) Frontier Size: 18
f(n) = 4.0 (Expanded Nodes: 45, Evaluated States: 72, Time: 0.087) Frontier Size: 27
f(n) = 5.0 (Expanded Nodes: 86, Evaluated States: 134, Time: 0.1) Frontier Size: 48
f(n) = 6.0 (Expanded Nodes: 144, Evaluated States: 214, Time: 0.11) Frontier Size: 70
f(n) = 7.0 (Expanded Nodes: 244, Evaluated States: 342, Time: 0.139) Frontier Size: 98
f(n) = 8.0 (Expanded Nodes: 365, Evaluated States: 488, Time: 0.158) Frontier Size: 123
f(n) = 9.0 (Expanded Nodes: 536, Evaluated States: 676, Time: 0.179) Frontier Size: 140
f(n) = 10.0 (Expanded Nodes: 741, Evaluated States: 953, Time: 0.195) Frontier Size: 212
f(n) = 11.0 (Expanded Nodes: 1022, Evaluated States: 1320, Time: 0.216) Frontier Size: 298
Problem Solved

Found Plan:
0.0: (add_action a7)
1.0: (check_added_variables_model a7)
2.0: (move_in_model_move_automata a7)
3.0: (validate_payload t0 a10 t1)
4.0: (sync_actions a10)
5.0: (add_action a12)
6.0: (move_in_model_parameter a12 sDEC1_1 categorical c2)
7.0: (check_added_variables_model a12)
8.0: (move_in_model_move_automata a12)
9.0: (add_action a11)
10.0: (check_added_variables_model a11)
11.0: (move_in_model_move_automata a11)
12.0: (add_action a8)
13.0: (check_added_variables_model a8)
14.0: (move_in_model_move_automata a8)
15.0: (validate_payload t1 a1 t2)
16.0: (sync_actions a1)
17.0: (validate_payload t2 a2 t3)
18.0: (sync_actions a2)
19.0: (add_action a9)
20.0: (check_added_variables_model a9)
21.0: (move_in_model_move_automata a9)

Plan-Length:22
Metric (Search):11.0
Planning Time (msec): 245
Heuristic Time (msec): 3
Search Time (msec): 238
Expanded Nodes:1272
States Evaluated:1654
Number of Dead-Ends detected:0
Number of Duplicates detected:151
/usr/bin/time -v timeout 600 java -Xmx64g -jar ./enhsp3.jar -o ./domain_with_failure.pddl -f ./problems/BasePN-0And-del-5-d7/problem96.pddl -h blind -s WAStar
Domain parsed
Problem parsed
Grounding..
Grounding Time: 3440
UFX:true
|F|:10236
|X|:13
|A|:698
|P|:0
|E|:0
h(I):0.0
f(n) = 1.0 (Expanded Nodes: 2, Evaluated States: 8, Time: 0.02) Frontier Size: 6
f(n) = 2.0 (Expanded Nodes: 6, Evaluated States: 8, Time: 0.054) Frontier Size: 2
f(n) = 3.0 (Expanded Nodes: 18, Evaluated States: 39, Time: 0.073) Frontier Size: 21
f(n) = 4.0 (Expanded Nodes: 59, Evaluated States: 109, Time: 0.097) Frontier Size: 50
f(n) = 5.0 (Expanded Nodes: 125, Evaluated States: 227, Time: 0.121) Frontier Size: 102
f(n) = 6.0 (Expanded Nodes: 221, Evaluated States: 367, Time: 0.146) Frontier Size: 146
f(n) = 7.0 (Expanded Nodes: 431, Evaluated States: 638, Time: 0.208) Frontier Size: 207
f(n) = 8.0 (Expanded Nodes: 675, Evaluated States: 919, Time: 0.258) Frontier Size: 244
f(n) = 9.0 (Expanded Nodes: 1034, Evaluated States: 1349, Time: 0.303) Frontier Size: 315
f(n) = 10.0 (Expanded Nodes: 1423, Evaluated States: 1744, Time: 0.342) Frontier Size: 321
Problem Solved

Found Plan:
0.0: (add_action a7)
1.0: (check_added_variables_model a7)
2.0: (move_in_model_move_automata a7)
3.0: (validate_payload t0 a10 t1)
4.0: (sync_actions a10)
5.0: (validate_payload t1 a12 t2)
6.0: (sync_actions a12)
7.0: (add_action a11)
8.0: (check_added_variables_model a11)
9.0: (move_in_model_move_automata a11)
10.0: (add_action a8)
11.0: (check_added_variables_model a8)
12.0: (move_in_model_move_automata a8)
13.0: (validate_payload t2 a1 t3)
14.0: (sync_actions a1)
15.0: (add_action a2)
16.0: (check_added_variables_model a2)
17.0: (move_in_model_move_automata a2)
18.0: (add_action a9)
19.0: (check_added_variables_model a9)
20.0: (move_in_model_move_automata a9)

Plan-Length:21
Metric (Search):10.0
Planning Time (msec): 354
Heuristic Time (msec): 2
Search Time (msec): 348
Expanded Nodes:1458
States Evaluated:1792
Number of Dead-Ends detected:0
Number of Duplicates detected:147
/usr/bin/time -v timeout 600 java -Xmx64g -jar ./enhsp3.jar -o ./domain_with_failure.pddl -f ./problems/BasePN-0And-del-5-d7/problem97.pddl -h blind -s WAStar
Domain parsed
Problem parsed
Grounding..
Grounding Time: 3259
UFX:true
|F|:10236
|X|:14
|A|:698
|P|:0
|E|:0
h(I):0.0
f(n) = 1.0 (Expanded Nodes: 2, Evaluated States: 8, Time: 0.023) Frontier Size: 6
f(n) = 2.0 (Expanded Nodes: 6, Evaluated States: 8, Time: 0.056) Frontier Size: 2
f(n) = 3.0 (Expanded Nodes: 18, Evaluated States: 42, Time: 0.081) Frontier Size: 24
f(n) = 4.0 (Expanded Nodes: 60, Evaluated States: 131, Time: 0.103) Frontier Size: 71
f(n) = 5.0 (Expanded Nodes: 143, Evaluated States: 292, Time: 0.132) Frontier Size: 149
f(n) = 6.0 (Expanded Nodes: 300, Evaluated States: 503, Time: 0.178) Frontier Size: 203
f(n) = 7.0 (Expanded Nodes: 607, Evaluated States: 961, Time: 0.236) Frontier Size: 354
f(n) = 8.0 (Expanded Nodes: 1016, Evaluated States: 1492, Time: 0.288) Frontier Size: 476
Problem Solved

Found Plan:
0.0: (add_action a7)
1.0: (check_added_variables_model a7)
2.0: (move_in_model_move_automata a7)
3.0: (validate_payload t0 a10 t1)
4.0: (sync_actions a10)
5.0: (validate_payload t1 a12 t2)
6.0: (sync_actions a12)
7.0: (add_action a11)
8.0: (check_added_variables_model a11)
9.0: (move_in_model_move_automata a11)
10.0: (validate_payload t2 a8 t3)
11.0: (sync_actions a8)
12.0: (add_action a0)
13.0: (check_added_variables_model a0)
14.0: (move_in_model_move_automata a0)
15.0: (add_action a9)
16.0: (check_added_variables_model a9)
17.0: (move_in_model_move_automata a9)

Plan-Length:18
Metric (Search):8.0
Planning Time (msec): 361
Heuristic Time (msec): 5
Search Time (msec): 356
Expanded Nodes:1614
States Evaluated:2237
Number of Dead-Ends detected:0
Number of Duplicates detected:104
/usr/bin/time -v timeout 600 java -Xmx64g -jar ./enhsp3.jar -o ./domain_with_failure.pddl -f ./problems/BasePN-0And-del-5-d7/problem98.pddl -h blind -s WAStar
Domain parsed
Problem parsed
Grounding..
Grounding Time: 3459
UFX:true
|F|:10236
|X|:14
|A|:698
|P|:0
|E|:0
h(I):0.0
f(n) = 1.0 (Expanded Nodes: 6, Evaluated States: 22, Time: 0.025) Frontier Size: 16
f(n) = 2.0 (Expanded Nodes: 40, Evaluated States: 104, Time: 0.081) Frontier Size: 64
f(n) = 3.0 (Expanded Nodes: 133, Evaluated States: 256, Time: 0.125) Frontier Size: 123
f(n) = 4.0 (Expanded Nodes: 288, Evaluated States: 462, Time: 0.148) Frontier Size: 174
f(n) = 5.0 (Expanded Nodes: 495, Evaluated States: 763, Time: 0.178) Frontier Size: 268
f(n) = 6.0 (Expanded Nodes: 843, Evaluated States: 1174, Time: 0.223) Frontier Size: 331
f(n) = 7.0 (Expanded Nodes: 1271, Evaluated States: 1670, Time: 0.271) Frontier Size: 399
f(n) = 8.0 (Expanded Nodes: 1837, Evaluated States: 2236, Time: 0.315) Frontier Size: 399
f(n) = 9.0 (Expanded Nodes: 2395, Evaluated States: 2892, Time: 0.36) Frontier Size: 497
f(n) = 10.0 (Expanded Nodes: 3071, Evaluated States: 3675, Time: 0.411) Frontier Size: 604
f(n) = 11.0 (Expanded Nodes: 3891, Evaluated States: 4693, Time: 0.466) Frontier Size: 801
Problem Solved

Found Plan:
0.0: (validate_payload t0 a7 t1)
1.0: (sync_actions a7)
2.0: (validate_payload t1 a10 t2)
3.0: (sync_actions a10)
4.0: (add_action a12)
5.0: (move_in_model_parameter a12 sDEC1_1 categorical c2)
6.0: (check_added_variables_model a12)
7.0: (move_in_model_move_automata a12)
8.0: (add_action a11)
9.0: (check_added_variables_model a11)
10.0: (move_in_model_move_automata a11)
11.0: (add_action a8)
12.0: (check_added_variables_model a8)
13.0: (move_in_model_move_automata a8)
14.0: (validate_payload t2 a1 t3)
15.0: (sync_actions a1)
16.0: (add_action a2)
17.0: (check_added_variables_model a2)
18.0: (move_in_model_move_automata a2)
19.0: (add_action a9)
20.0: (check_added_variables_model a9)
21.0: (move_in_model_move_automata a9)

Plan-Length:22
Metric (Search):11.0
Planning Time (msec): 487
Heuristic Time (msec): 2
Search Time (msec): 477
Expanded Nodes:4060
States Evaluated:4922
Number of Dead-Ends detected:0
Number of Duplicates detected:503
/usr/bin/time -v timeout 600 java -Xmx64g -jar ./enhsp3.jar -o ./domain_with_failure.pddl -f ./problems/BasePN-0And-del-5-d7/problem99.pddl -h blind -s WAStar
Domain parsed
Problem parsed
Grounding..
Grounding Time: 3407
UFX:true
|F|:10236
|X|:13
|A|:698
|P|:0
|E|:0
h(I):0.0
f(n) = 1.0 (Expanded Nodes: 4, Evaluated States: 9, Time: 0.024) Frontier Size: 5
f(n) = 2.0 (Expanded Nodes: 11, Evaluated States: 13, Time: 0.055) Frontier Size: 2
f(n) = 3.0 (Expanded Nodes: 18, Evaluated States: 28, Time: 0.065) Frontier Size: 10
f(n) = 4.0 (Expanded Nodes: 27, Evaluated States: 33, Time: 0.074) Frontier Size: 6
f(n) = 5.0 (Expanded Nodes: 44, Evaluated States: 66, Time: 0.085) Frontier Size: 22
f(n) = 6.0 (Expanded Nodes: 64, Evaluated States: 86, Time: 0.09) Frontier Size: 22
f(n) = 7.0 (Expanded Nodes: 96, Evaluated States: 138, Time: 0.109) Frontier Size: 42
f(n) = 8.0 (Expanded Nodes: 140, Evaluated States: 195, Time: 0.126) Frontier Size: 55
f(n) = 9.0 (Expanded Nodes: 195, Evaluated States: 261, Time: 0.144) Frontier Size: 66
f(n) = 10.0 (Expanded Nodes: 278, Evaluated States: 363, Time: 0.162) Frontier Size: 85
Problem Solved

Found Plan:
0.0: (add_action a7)
1.0: (check_added_variables_model a7)
2.0: (move_in_model_move_automata a7)
3.0: (add_action a10)
4.0: (check_added_variables_model a10)
5.0: (move_in_model_move_automata a10)
6.0: (validate_payload t0 a12 t1)
7.0: (sync_actions a12)
8.0: (add_action a11)
9.0: (check_added_variables_model a11)
10.0: (move_in_model_move_automata a11)
11.0: (validate_payload t1 a8 t2)
12.0: (sync_actions a8)
13.0: (add_action a1)
14.0: (check_added_variables_model a1)
15.0: (move_in_model_move_automata a1)
16.0: (validate_payload t2 a2 t3)
17.0: (sync_actions a2)
18.0: (add_action a9)
19.0: (check_added_variables_model a9)
20.0: (move_in_model_move_automata a9)

Plan-Length:21
Metric (Search):10.0
Planning Time (msec): 179
Heuristic Time (msec): 8
Search Time (msec): 177
Expanded Nodes:314
States Evaluated:397
Number of Dead-Ends detected:0
Number of Duplicates detected:52
/usr/bin/time -v timeout 600 java -Xmx64g -jar ./enhsp3.jar -o ./domain_with_failure.pddl -f ./problems/BasePN-0And-del-5-d7/problem100.pddl -h blind -s WAStar
Domain parsed
Problem parsed
Grounding..
Grounding Time: 3332
UFX:true
|F|:10233
|X|:11
|A|:697
|P|:0
|E|:0
h(I):0.0
f(n) = 2.0 (Expanded Nodes: 2, Evaluated States: 4, Time: 0.019) Frontier Size: 2
f(n) = 3.0 (Expanded Nodes: 10, Evaluated States: 19, Time: 0.067) Frontier Size: 9
f(n) = 4.0 (Expanded Nodes: 13, Evaluated States: 21, Time: 0.07) Frontier Size: 8
f(n) = 5.0 (Expanded Nodes: 31, Evaluated States: 48, Time: 0.088) Frontier Size: 17
f(n) = 6.0 (Expanded Nodes: 39, Evaluated States: 55, Time: 0.09) Frontier Size: 16
f(n) = 7.0 (Expanded Nodes: 69, Evaluated States: 93, Time: 0.112) Frontier Size: 24
f(n) = 8.0 (Expanded Nodes: 87, Evaluated States: 107, Time: 0.121) Frontier Size: 20
f(n) = 9.0 (Expanded Nodes: 122, Evaluated States: 147, Time: 0.136) Frontier Size: 25
f(n) = 10.0 (Expanded Nodes: 145, Evaluated States: 166, Time: 0.145) Frontier Size: 21
f(n) = 11.0 (Expanded Nodes: 179, Evaluated States: 204, Time: 0.157) Frontier Size: 25
Problem Solved

Found Plan:
0.0: (add_action a7)
1.0: (check_added_variables_model a7)
2.0: (move_in_model_move_automata a7)
3.0: (validate_payload t0 a10 t1)
4.0: (sync_actions a10)
5.0: (add_action a12)
6.0: (move_in_model_parameter a12 sDEC1_1 categorical c2)
7.0: (check_added_variables_model a12)
8.0: (move_in_model_move_automata a12)
9.0: (add_action a11)
10.0: (check_added_variables_model a11)
11.0: (move_in_model_move_automata a11)
12.0: (add_action a8)
13.0: (check_added_variables_model a8)
14.0: (move_in_model_move_automata a8)
15.0: (validate_payload t1 a0 t2)
16.0: (sync_actions a0)
17.0: (add_action a9)
18.0: (check_added_variables_model a9)
19.0: (move_in_model_move_automata a9)

Plan-Length:20
Metric (Search):11.0
Planning Time (msec): 166
Heuristic Time (msec): 9
Search Time (msec): 159
Expanded Nodes:198
States Evaluated:219
Number of Dead-Ends detected:0
Number of Duplicates detected:42
