/usr/bin/time -v timeout 600 java -Xmx64g -jar ./enhsp3.jar -o ./domain_with_failure.pddl -f ./problems/BasePN-0And-del-3-d5/problem1.pddl -h blind -s WAStar
Domain parsed
Problem parsed
Grounding..
Grounding Time: 2477
UFX:true
|F|:7534
|X|:9
|A|:473
|P|:0
|E|:0
h(I):0.0
f(n) = 2.0 (Expanded Nodes: 2, Evaluated States: 3, Time: 0.017) Frontier Size: 1
f(n) = 4.0 (Expanded Nodes: 6, Evaluated States: 10, Time: 0.056) Frontier Size: 4
f(n) = 5.0 (Expanded Nodes: 22, Evaluated States: 44, Time: 0.073) Frontier Size: 22
f(n) = 6.0 (Expanded Nodes: 34, Evaluated States: 59, Time: 0.082) Frontier Size: 25
Problem Solved

Found Plan:
0.0: (add_action a7)
1.0: (check_added_variables_model a7)
2.0: (move_in_model_move_automata a7)
3.0: (add_action a10)
4.0: (check_added_variables_model a10)
5.0: (move_in_model_move_automata a10)
6.0: (validate_payload t0 a12 t1)
7.0: (sync_actions a12)
8.0: (validate_payload t1 a11 t2)
9.0: (sync_actions a11)
10.0: (validate_payload t2 a8 t3)
11.0: (sync_actions a8)
12.0: (add_action a1)
13.0: (check_added_variables_model a1)
14.0: (move_in_model_move_automata a1)
15.0: (validate_payload t3 a2 t4)
16.0: (sync_actions a2)
17.0: (validate_payload t4 a9 t5)
18.0: (sync_actions a9)

Plan-Length:19
Metric (Search):6.0
Planning Time (msec): 105
Heuristic Time (msec): 3
Search Time (msec): 93
Expanded Nodes:60
States Evaluated:98
Number of Dead-Ends detected:0
Number of Duplicates detected:6
/usr/bin/time -v timeout 600 java -Xmx64g -jar ./enhsp3.jar -o ./domain_with_failure.pddl -f ./problems/BasePN-0And-del-3-d5/problem2.pddl -h blind -s WAStar
Domain parsed
Problem parsed
Grounding..
Grounding Time: 2512
UFX:true
|F|:7534
|X|:9
|A|:473
|P|:0
|E|:0
h(I):0.0
f(n) = 2.0 (Expanded Nodes: 4, Evaluated States: 8, Time: 0.023) Frontier Size: 4
f(n) = 3.0 (Expanded Nodes: 17, Evaluated States: 36, Time: 0.067) Frontier Size: 19
f(n) = 4.0 (Expanded Nodes: 23, Evaluated States: 36, Time: 0.068) Frontier Size: 13
f(n) = 5.0 (Expanded Nodes: 53, Evaluated States: 87, Time: 0.087) Frontier Size: 34
f(n) = 6.0 (Expanded Nodes: 71, Evaluated States: 102, Time: 0.094) Frontier Size: 31
Problem Solved

Found Plan:
0.0: (validate_payload t0 a7 t1)
1.0: (sync_actions a7)
2.0: (add_action a10)
3.0: (check_added_variables_model a10)
4.0: (move_in_model_move_automata a10)
5.0: (validate_payload t1 a12 t2)
6.0: (sync_actions a12)
7.0: (add_action a11)
8.0: (check_added_variables_model a11)
9.0: (move_in_model_move_automata a11)
10.0: (validate_payload t2 a8 t3)
11.0: (sync_actions a8)
12.0: (add_action a1)
13.0: (check_added_variables_model a1)
14.0: (move_in_model_move_automata a1)
15.0: (validate_payload t3 a2 t4)
16.0: (sync_actions a2)
17.0: (validate_payload t4 a9 t5)
18.0: (sync_actions a9)

Plan-Length:19
Metric (Search):6.0
Planning Time (msec): 107
Heuristic Time (msec): 5
Search Time (msec): 104
Expanded Nodes:95
States Evaluated:138
Number of Dead-Ends detected:0
Number of Duplicates detected:12
/usr/bin/time -v timeout 600 java -Xmx64g -jar ./enhsp3.jar -o ./domain_with_failure.pddl -f ./problems/BasePN-0And-del-3-d5/problem3.pddl -h blind -s WAStar
Domain parsed
Problem parsed
Grounding..
Grounding Time: 2431
UFX:true
|F|:7534
|X|:11
|A|:473
|P|:0
|E|:0
h(I):0.0
f(n) = 1.0 (Expanded Nodes: 6, Evaluated States: 21, Time: 0.027) Frontier Size: 15
f(n) = 2.0 (Expanded Nodes: 38, Evaluated States: 92, Time: 0.068) Frontier Size: 54
f(n) = 3.0 (Expanded Nodes: 107, Evaluated States: 217, Time: 0.103) Frontier Size: 110
f(n) = 4.0 (Expanded Nodes: 239, Evaluated States: 501, Time: 0.134) Frontier Size: 262
f(n) = 5.0 (Expanded Nodes: 562, Evaluated States: 1053, Time: 0.186) Frontier Size: 491
f(n) = 6.0 (Expanded Nodes: 1098, Evaluated States: 1860, Time: 0.235) Frontier Size: 762
f(n) = 7.0 (Expanded Nodes: 2027, Evaluated States: 3284, Time: 0.331) Frontier Size: 1256
Problem Solved

Found Plan:
0.0: (validate_payload t0 a7 t1)
1.0: (sync_actions a7)
2.0: (validate_payload t1 a10 t2)
3.0: (sync_actions a10)
4.0: (add_action a12)
5.0: (check_added_variables_model a12)
6.0: (move_in_model_move_automata a12)
7.0: (validate_payload t2 a11 t3)
8.0: (sync_actions a11)
9.0: (validate_payload t3 a8 t4)
10.0: (sync_actions a8)
11.0: (add_action a1)
12.0: (move_in_model_parameter a1 sDEC1_2 integer v0)
13.0: (check_added_variables_model a1)
14.0: (move_in_model_move_automata a1)
15.0: (validate_payload t4 a2 t5)
16.0: (sync_actions a2)
17.0: (add_action a9)
18.0: (check_added_variables_model a9)
19.0: (move_in_model_move_automata a9)

Plan-Length:20
Metric (Search):7.0
Planning Time (msec): 367
Heuristic Time (msec): 2
Search Time (msec): 360
Expanded Nodes:2390
States Evaluated:3783
Number of Dead-Ends detected:0
Number of Duplicates detected:149
/usr/bin/time -v timeout 600 java -Xmx64g -jar ./enhsp3.jar -o ./domain_with_failure.pddl -f ./problems/BasePN-0And-del-3-d5/problem4.pddl -h blind -s WAStar
Domain parsed
Problem parsed
Grounding..
Grounding Time: 2505
UFX:true
|F|:7534
|X|:10
|A|:473
|P|:0
|E|:0
h(I):0.0
f(n) = 1.0 (Expanded Nodes: 4, Evaluated States: 12, Time: 0.026) Frontier Size: 8
f(n) = 2.0 (Expanded Nodes: 16, Evaluated States: 32, Time: 0.063) Frontier Size: 16
f(n) = 3.0 (Expanded Nodes: 33, Evaluated States: 70, Time: 0.087) Frontier Size: 37
f(n) = 4.0 (Expanded Nodes: 92, Evaluated States: 181, Time: 0.107) Frontier Size: 89
f(n) = 5.0 (Expanded Nodes: 163, Evaluated States: 300, Time: 0.135) Frontier Size: 137
f(n) = 6.0 (Expanded Nodes: 318, Evaluated States: 513, Time: 0.153) Frontier Size: 195
Problem Solved

Found Plan:
0.0: (validate_payload t0 a7 t1)
1.0: (sync_actions a7)
2.0: (add_action a10)
3.0: (check_added_variables_model a10)
4.0: (move_in_model_move_automata a10)
5.0: (validate_payload t1 a12 t2)
6.0: (sync_actions a12)
7.0: (validate_payload t2 a11 t3)
8.0: (sync_actions a11)
9.0: (validate_payload t3 a8 t4)
10.0: (sync_actions a8)
11.0: (add_action a1)
12.0: (check_added_variables_model a1)
13.0: (move_in_model_move_automata a1)
14.0: (validate_payload t4 a2 t5)
15.0: (sync_actions a2)
16.0: (add_action a9)
17.0: (check_added_variables_model a9)
18.0: (move_in_model_move_automata a9)

Plan-Length:19
Metric (Search):6.0
Planning Time (msec): 187
Heuristic Time (msec): 3
Search Time (msec): 181
Expanded Nodes:466
States Evaluated:671
Number of Dead-Ends detected:0
Number of Duplicates detected:47
/usr/bin/time -v timeout 600 java -Xmx64g -jar ./enhsp3.jar -o ./domain_with_failure.pddl -f ./problems/BasePN-0And-del-3-d5/problem5.pddl -h blind -s WAStar
Domain parsed
Problem parsed
Grounding..
Grounding Time: 2490
UFX:true
|F|:7531
|X|:10
|A|:472
|P|:0
|E|:0
h(I):0.0
f(n) = 1.0 (Expanded Nodes: 10, Evaluated States: 27, Time: 0.028) Frontier Size: 17
f(n) = 2.0 (Expanded Nodes: 70, Evaluated States: 148, Time: 0.082) Frontier Size: 78
f(n) = 3.0 (Expanded Nodes: 188, Evaluated States: 352, Time: 0.121) Frontier Size: 164
f(n) = 4.0 (Expanded Nodes: 321, Evaluated States: 554, Time: 0.151) Frontier Size: 233
f(n) = 5.0 (Expanded Nodes: 620, Evaluated States: 927, Time: 0.206) Frontier Size: 307
f(n) = 6.0 (Expanded Nodes: 1011, Evaluated States: 1298, Time: 0.241) Frontier Size: 287
Problem Solved

Found Plan:
0.0: (validate_payload t0 a7 t1)
1.0: (sync_actions a7)
2.0: (validate_payload t1 a10 t2)
3.0: (sync_actions a10)
4.0: (validate_payload t2 a12 t3)
5.0: (sync_actions a12)
6.0: (validate_payload t3 a11 t4)
7.0: (sync_actions a11)
8.0: (add_action a8)
9.0: (check_added_variables_model a8)
10.0: (move_in_model_move_automata a8)
11.0: (add_action a0)
12.0: (check_added_variables_model a0)
13.0: (move_in_model_move_automata a0)
14.0: (add_action a9)
15.0: (check_added_variables_model a9)
16.0: (move_in_model_move_automata a9)

Plan-Length:17
Metric (Search):6.0
Planning Time (msec): 273
Heuristic Time (msec): 5
Search Time (msec): 266
Expanded Nodes:1249
States Evaluated:1569
Number of Dead-Ends detected:0
Number of Duplicates detected:144
/usr/bin/time -v timeout 600 java -Xmx64g -jar ./enhsp3.jar -o ./domain_with_failure.pddl -f ./problems/BasePN-0And-del-3-d5/problem6.pddl -h blind -s WAStar
Domain parsed
Problem parsed
Grounding..
Grounding Time: 2586
UFX:true
|F|:7534
|X|:10
|A|:473
|P|:0
|E|:0
h(I):0.0
f(n) = 2.0 (Expanded Nodes: 2, Evaluated States: 3, Time: 0.018) Frontier Size: 1
f(n) = 3.0 (Expanded Nodes: 10, Evaluated States: 21, Time: 0.06) Frontier Size: 11
f(n) = 4.0 (Expanded Nodes: 13, Evaluated States: 21, Time: 0.06) Frontier Size: 8
f(n) = 5.0 (Expanded Nodes: 37, Evaluated States: 67, Time: 0.079) Frontier Size: 30
f(n) = 6.0 (Expanded Nodes: 64, Evaluated States: 103, Time: 0.092) Frontier Size: 39
Problem Solved

Found Plan:
0.0: (add_action a7)
1.0: (check_added_variables_model a7)
2.0: (move_in_model_move_automata a7)
3.0: (validate_payload t0 a10 t1)
4.0: (sync_actions a10)
5.0: (validate_payload t1 a12 t2)
6.0: (sync_actions a12)
7.0: (add_action a11)
8.0: (check_added_variables_model a11)
9.0: (move_in_model_move_automata a11)
10.0: (validate_payload t2 a8 t3)
11.0: (sync_actions a8)
12.0: (validate_payload t3 a1 t4)
13.0: (sync_actions a1)
14.0: (validate_payload t4 a2 t5)
15.0: (sync_actions a2)
16.0: (add_action a9)
17.0: (check_added_variables_model a9)
18.0: (move_in_model_move_automata a9)

Plan-Length:19
Metric (Search):6.0
Planning Time (msec): 104
Heuristic Time (msec): 7
Search Time (msec): 98
Expanded Nodes:83
States Evaluated:128
Number of Dead-Ends detected:0
Number of Duplicates detected:7
/usr/bin/time -v timeout 600 java -Xmx64g -jar ./enhsp3.jar -o ./domain_with_failure.pddl -f ./problems/BasePN-0And-del-3-d5/problem7.pddl -h blind -s WAStar
Domain parsed
Problem parsed
Grounding..
Grounding Time: 2615
UFX:true
|F|:7534
|X|:9
|A|:473
|P|:0
|E|:0
h(I):0.0
f(n) = 1.0 (Expanded Nodes: 2, Evaluated States: 7, Time: 0.016) Frontier Size: 5
f(n) = 2.0 (Expanded Nodes: 6, Evaluated States: 7, Time: 0.048) Frontier Size: 1
f(n) = 3.0 (Expanded Nodes: 16, Evaluated States: 30, Time: 0.061) Frontier Size: 14
f(n) = 4.0 (Expanded Nodes: 44, Evaluated States: 84, Time: 0.078) Frontier Size: 40
f(n) = 5.0 (Expanded Nodes: 66, Evaluated States: 123, Time: 0.092) Frontier Size: 57
f(n) = 6.0 (Expanded Nodes: 134, Evaluated States: 231, Time: 0.108) Frontier Size: 97
Problem Solved

Found Plan:
0.0: (add_action a7)
1.0: (check_added_variables_model a7)
2.0: (move_in_model_move_automata a7)
3.0: (validate_payload t0 a10 t1)
4.0: (sync_actions a10)
5.0: (validate_payload t1 a12 t2)
6.0: (sync_actions a12)
7.0: (validate_payload t2 a11 t3)
8.0: (sync_actions a11)
9.0: (add_action a8)
10.0: (check_added_variables_model a8)
11.0: (move_in_model_move_automata a8)
12.0: (add_action a1)
13.0: (check_added_variables_model a1)
14.0: (move_in_model_move_automata a1)
15.0: (validate_payload t3 a2 t4)
16.0: (sync_actions a2)
17.0: (validate_payload t4 a9 t5)
18.0: (sync_actions a9)

Plan-Length:19
Metric (Search):6.0
Planning Time (msec): 135
Heuristic Time (msec): 2
Search Time (msec): 128
Expanded Nodes:229
States Evaluated:322
Number of Dead-Ends detected:0
Number of Duplicates detected:22
/usr/bin/time -v timeout 600 java -Xmx64g -jar ./enhsp3.jar -o ./domain_with_failure.pddl -f ./problems/BasePN-0And-del-3-d5/problem8.pddl -h blind -s WAStar
Domain parsed
Problem parsed
Grounding..
Grounding Time: 2454
UFX:true
|F|:7534
|X|:10
|A|:473
|P|:0
|E|:0
h(I):0.0
f(n) = 1.0 (Expanded Nodes: 4, Evaluated States: 12, Time: 0.025) Frontier Size: 8
f(n) = 2.0 (Expanded Nodes: 16, Evaluated States: 32, Time: 0.053) Frontier Size: 16
f(n) = 3.0 (Expanded Nodes: 27, Evaluated States: 54, Time: 0.069) Frontier Size: 27
f(n) = 4.0 (Expanded Nodes: 59, Evaluated States: 102, Time: 0.083) Frontier Size: 43
f(n) = 5.0 (Expanded Nodes: 92, Evaluated States: 157, Time: 0.094) Frontier Size: 65
f(n) = 6.0 (Expanded Nodes: 178, Evaluated States: 273, Time: 0.118) Frontier Size: 95
Problem Solved

Found Plan:
0.0: (validate_payload t0 a7 t1)
1.0: (sync_actions a7)
2.0: (add_action a10)
3.0: (check_added_variables_model a10)
4.0: (move_in_model_move_automata a10)
5.0: (add_action a12)
6.0: (check_added_variables_model a12)
7.0: (move_in_model_move_automata a12)
8.0: (validate_payload t1 a11 t2)
9.0: (sync_actions a11)
10.0: (validate_payload t2 a8 t3)
11.0: (sync_actions a8)
12.0: (validate_payload t3 a1 t4)
13.0: (sync_actions a1)
14.0: (add_action a2)
15.0: (check_added_variables_model a2)
16.0: (move_in_model_move_automata a2)
17.0: (validate_payload t4 a9 t5)
18.0: (sync_actions a9)

Plan-Length:19
Metric (Search):6.0
Planning Time (msec): 134
Heuristic Time (msec): 6
Search Time (msec): 127
Expanded Nodes:221
States Evaluated:326
Number of Dead-Ends detected:0
Number of Duplicates detected:27
/usr/bin/time -v timeout 600 java -Xmx64g -jar ./enhsp3.jar -o ./domain_with_failure.pddl -f ./problems/BasePN-0And-del-3-d5/problem9.pddl -h blind -s WAStar
Domain parsed
Problem parsed
Grounding..
Grounding Time: 2537
UFX:true
|F|:7531
|X|:8
|A|:472
|P|:0
|E|:0
h(I):0.0
f(n) = 2.0 (Expanded Nodes: 2, Evaluated States: 3, Time: 0.016) Frontier Size: 1
f(n) = 4.0 (Expanded Nodes: 8, Evaluated States: 14, Time: 0.052) Frontier Size: 6
f(n) = 6.0 (Expanded Nodes: 26, Evaluated States: 43, Time: 0.07) Frontier Size: 17
Problem Solved

Found Plan:
0.0: (add_action a7)
1.0: (check_added_variables_model a7)
2.0: (move_in_model_move_automata a7)
3.0: (validate_payload t0 a10 t1)
4.0: (sync_actions a10)
5.0: (add_action a12)
6.0: (check_added_variables_model a12)
7.0: (move_in_model_move_automata a12)
8.0: (validate_payload t1 a11 t2)
9.0: (sync_actions a11)
10.0: (validate_payload t2 a8 t3)
11.0: (sync_actions a8)
12.0: (add_action a0)
13.0: (check_added_variables_model a0)
14.0: (move_in_model_move_automata a0)
15.0: (validate_payload t3 a9 t4)
16.0: (sync_actions a9)

Plan-Length:17
Metric (Search):6.0
Planning Time (msec): 84
Heuristic Time (msec): 2
Search Time (msec): 78
Expanded Nodes:42
States Evaluated:65
Number of Dead-Ends detected:0
Number of Duplicates detected:4
/usr/bin/time -v timeout 600 java -Xmx64g -jar ./enhsp3.jar -o ./domain_with_failure.pddl -f ./problems/BasePN-0And-del-3-d5/problem10.pddl -h blind -s WAStar
Domain parsed
Problem parsed
Grounding..
Grounding Time: 2440
UFX:true
|F|:7531
|X|:10
|A|:472
|P|:0
|E|:0
h(I):0.0
f(n) = 1.0 (Expanded Nodes: 6, Evaluated States: 19, Time: 0.022) Frontier Size: 13
f(n) = 2.0 (Expanded Nodes: 21, Evaluated States: 49, Time: 0.061) Frontier Size: 28
f(n) = 3.0 (Expanded Nodes: 48, Evaluated States: 90, Time: 0.082) Frontier Size: 42
f(n) = 4.0 (Expanded Nodes: 86, Evaluated States: 140, Time: 0.094) Frontier Size: 54
f(n) = 5.0 (Expanded Nodes: 150, Evaluated States: 208, Time: 0.117) Frontier Size: 58
f(n) = 6.0 (Expanded Nodes: 217, Evaluated States: 313, Time: 0.126) Frontier Size: 96
Problem Solved

Found Plan:
0.0: (validate_payload t0 a7 t1)
1.0: (sync_actions a7)
2.0: (validate_payload t1 a10 t2)
3.0: (sync_actions a10)
4.0: (add_action a12)
5.0: (check_added_variables_model a12)
6.0: (move_in_model_move_automata a12)
7.0: (add_action a11)
8.0: (check_added_variables_model a11)
9.0: (move_in_model_move_automata a11)
10.0: (validate_payload t2 a8 t3)
11.0: (sync_actions a8)
12.0: (add_action a0)
13.0: (check_added_variables_model a0)
14.0: (move_in_model_move_automata a0)
15.0: (validate_payload t3 a9 t4)
16.0: (sync_actions a9)

Plan-Length:17
Metric (Search):6.0
Planning Time (msec): 147
Heuristic Time (msec): 7
Search Time (msec): 141
Expanded Nodes:270
States Evaluated:372
Number of Dead-Ends detected:0
Number of Duplicates detected:20
/usr/bin/time -v timeout 600 java -Xmx64g -jar ./enhsp3.jar -o ./domain_with_failure.pddl -f ./problems/BasePN-0And-del-3-d5/problem11.pddl -h blind -s WAStar
Domain parsed
Problem parsed
Grounding..
Grounding Time: 2610
UFX:true
|F|:7534
|X|:11
|A|:473
|P|:0
|E|:0
h(I):0.0
f(n) = 1.0 (Expanded Nodes: 8, Evaluated States: 27, Time: 0.027) Frontier Size: 19
f(n) = 2.0 (Expanded Nodes: 57, Evaluated States: 146, Time: 0.077) Frontier Size: 89
f(n) = 3.0 (Expanded Nodes: 171, Evaluated States: 353, Time: 0.117) Frontier Size: 182
f(n) = 4.0 (Expanded Nodes: 341, Evaluated States: 623, Time: 0.144) Frontier Size: 282
f(n) = 5.0 (Expanded Nodes: 685, Evaluated States: 1184, Time: 0.192) Frontier Size: 499
f(n) = 6.0 (Expanded Nodes: 1228, Evaluated States: 1851, Time: 0.238) Frontier Size: 623
Problem Solved

Found Plan:
0.0: (validate_payload t0 a7 t1)
1.0: (sync_actions a7)
2.0: (validate_payload t1 a10 t2)
3.0: (sync_actions a10)
4.0: (validate_payload t2 a12 t3)
5.0: (sync_actions a12)
6.0: (add_action a11)
7.0: (check_added_variables_model a11)
8.0: (move_in_model_move_automata a11)
9.0: (validate_payload t3 a8 t4)
10.0: (sync_actions a8)
11.0: (add_action a1)
12.0: (check_added_variables_model a1)
13.0: (move_in_model_move_automata a1)
14.0: (validate_payload t4 a2 t5)
15.0: (sync_actions a2)
16.0: (add_action a9)
17.0: (check_added_variables_model a9)
18.0: (move_in_model_move_automata a9)

Plan-Length:19
Metric (Search):6.0
Planning Time (msec): 275
Heuristic Time (msec): 10
Search Time (msec): 266
Expanded Nodes:1606
States Evaluated:2312
Number of Dead-Ends detected:0
Number of Duplicates detected:121
/usr/bin/time -v timeout 600 java -Xmx64g -jar ./enhsp3.jar -o ./domain_with_failure.pddl -f ./problems/BasePN-0And-del-3-d5/problem12.pddl -h blind -s WAStar
Domain parsed
Problem parsed
Grounding..
Grounding Time: 2488
UFX:true
|F|:7534
|X|:8
|A|:473
|P|:0
|E|:0
h(I):0.0
f(n) = 2.0 (Expanded Nodes: 2, Evaluated States: 3, Time: 0.024) Frontier Size: 1
f(n) = 4.0 (Expanded Nodes: 8, Evaluated States: 14, Time: 0.059) Frontier Size: 6
f(n) = 6.0 (Expanded Nodes: 26, Evaluated States: 43, Time: 0.077) Frontier Size: 17
Problem Solved

Found Plan:
0.0: (add_action a7)
1.0: (check_added_variables_model a7)
2.0: (move_in_model_move_automata a7)
3.0: (validate_payload t0 a10 t1)
4.0: (sync_actions a10)
5.0: (add_action a12)
6.0: (check_added_variables_model a12)
7.0: (move_in_model_move_automata a12)
8.0: (validate_payload t1 a11 t2)
9.0: (sync_actions a11)
10.0: (validate_payload t2 a8 t3)
11.0: (sync_actions a8)
12.0: (add_action a1)
13.0: (check_added_variables_model a1)
14.0: (move_in_model_move_automata a1)
15.0: (validate_payload t3 a2 t4)
16.0: (sync_actions a2)
17.0: (validate_payload t4 a9 t5)
18.0: (sync_actions a9)

Plan-Length:19
Metric (Search):6.0
Planning Time (msec): 93
Heuristic Time (msec): 9
Search Time (msec): 92
Expanded Nodes:45
States Evaluated:73
Number of Dead-Ends detected:0
Number of Duplicates detected:4
/usr/bin/time -v timeout 600 java -Xmx64g -jar ./enhsp3.jar -o ./domain_with_failure.pddl -f ./problems/BasePN-0And-del-3-d5/problem13.pddl -h blind -s WAStar
Domain parsed
Problem parsed
Grounding..
Grounding Time: 2439
UFX:true
|F|:7534
|X|:9
|A|:473
|P|:0
|E|:0
h(I):0.0
f(n) = 1.0 (Expanded Nodes: 4, Evaluated States: 12, Time: 0.023) Frontier Size: 8
f(n) = 2.0 (Expanded Nodes: 16, Evaluated States: 32, Time: 0.053) Frontier Size: 16
f(n) = 3.0 (Expanded Nodes: 27, Evaluated States: 54, Time: 0.066) Frontier Size: 27
f(n) = 4.0 (Expanded Nodes: 59, Evaluated States: 102, Time: 0.087) Frontier Size: 43
f(n) = 5.0 (Expanded Nodes: 86, Evaluated States: 144, Time: 0.091) Frontier Size: 58
f(n) = 6.0 (Expanded Nodes: 154, Evaluated States: 221, Time: 0.112) Frontier Size: 67
Problem Solved

Found Plan:
0.0: (validate_payload t0 a7 t1)
1.0: (sync_actions a7)
2.0: (add_action a3)
3.0: (check_added_variables_model a3)
4.0: (move_in_model_move_automata a3)
5.0: (add_action a4)
6.0: (check_added_variables_model a4)
7.0: (move_in_model_move_automata a4)
8.0: (add_action a6)
9.0: (check_added_variables_model a6)
10.0: (move_in_model_move_automata a6)
11.0: (validate_payload t1 a8 t2)
12.0: (sync_actions a8)
13.0: (validate_payload t2 a1 t3)
14.0: (sync_actions a1)
15.0: (validate_payload t3 a2 t4)
16.0: (sync_actions a2)
17.0: (validate_payload t4 a9 t5)
18.0: (sync_actions a9)

Plan-Length:19
Metric (Search):6.0
Planning Time (msec): 128
Heuristic Time (msec): 1
Search Time (msec): 121
Expanded Nodes:197
States Evaluated:283
Number of Dead-Ends detected:0
Number of Duplicates detected:26
/usr/bin/time -v timeout 600 java -Xmx64g -jar ./enhsp3.jar -o ./domain_with_failure.pddl -f ./problems/BasePN-0And-del-3-d5/problem14.pddl -h blind -s WAStar
Domain parsed
Problem parsed
Grounding..
Grounding Time: 2456
UFX:true
|F|:7534
|X|:11
|A|:473
|P|:0
|E|:0
h(I):0.0
f(n) = 1.0 (Expanded Nodes: 4, Evaluated States: 12, Time: 0.026) Frontier Size: 8
f(n) = 2.0 (Expanded Nodes: 16, Evaluated States: 32, Time: 0.055) Frontier Size: 16
f(n) = 3.0 (Expanded Nodes: 29, Evaluated States: 64, Time: 0.073) Frontier Size: 35
f(n) = 4.0 (Expanded Nodes: 73, Evaluated States: 145, Time: 0.097) Frontier Size: 72
f(n) = 5.0 (Expanded Nodes: 131, Evaluated States: 216, Time: 0.111) Frontier Size: 85
f(n) = 6.0 (Expanded Nodes: 259, Evaluated States: 410, Time: 0.13) Frontier Size: 151
Problem Solved

Found Plan:
0.0: (validate_payload t0 a7 t1)
1.0: (sync_actions a7)
2.0: (add_action a10)
3.0: (check_added_variables_model a10)
4.0: (move_in_model_move_automata a10)
5.0: (validate_payload t1 a12 t2)
6.0: (sync_actions a12)
7.0: (add_action a11)
8.0: (check_added_variables_model a11)
9.0: (move_in_model_move_automata a11)
10.0: (validate_payload t2 a8 t3)
11.0: (sync_actions a8)
12.0: (validate_payload t3 a1 t4)
13.0: (sync_actions a1)
14.0: (validate_payload t4 a2 t5)
15.0: (sync_actions a2)
16.0: (add_action a9)
17.0: (check_added_variables_model a9)
18.0: (move_in_model_move_automata a9)

Plan-Length:19
Metric (Search):6.0
Planning Time (msec): 142
Heuristic Time (msec): 9
Search Time (msec): 136
Expanded Nodes:276
States Evaluated:431
Number of Dead-Ends detected:0
Number of Duplicates detected:22
/usr/bin/time -v timeout 600 java -Xmx64g -jar ./enhsp3.jar -o ./domain_with_failure.pddl -f ./problems/BasePN-0And-del-3-d5/problem15.pddl -h blind -s WAStar
Domain parsed
Problem parsed
Grounding..
Grounding Time: 2522
UFX:true
|F|:7534
|X|:9
|A|:473
|P|:0
|E|:0
h(I):0.0
f(n) = 1.0 (Expanded Nodes: 2, Evaluated States: 7, Time: 0.017) Frontier Size: 5
f(n) = 2.0 (Expanded Nodes: 6, Evaluated States: 7, Time: 0.047) Frontier Size: 1
f(n) = 3.0 (Expanded Nodes: 12, Evaluated States: 22, Time: 0.062) Frontier Size: 10
f(n) = 4.0 (Expanded Nodes: 24, Evaluated States: 40, Time: 0.064) Frontier Size: 16
f(n) = 5.0 (Expanded Nodes: 40, Evaluated States: 72, Time: 0.08) Frontier Size: 32
f(n) = 6.0 (Expanded Nodes: 80, Evaluated States: 132, Time: 0.095) Frontier Size: 52
Problem Solved

Found Plan:
0.0: (add_action a7)
1.0: (check_added_variables_model a7)
2.0: (move_in_model_move_automata a7)
3.0: (validate_payload t0 a10 t1)
4.0: (sync_actions a10)
5.0: (add_action a12)
6.0: (check_added_variables_model a12)
7.0: (move_in_model_move_automata a12)
8.0: (validate_payload t1 a11 t2)
9.0: (sync_actions a11)
10.0: (add_action a8)
11.0: (check_added_variables_model a8)
12.0: (move_in_model_move_automata a8)
13.0: (validate_payload t2 a1 t3)
14.0: (sync_actions a1)
15.0: (validate_payload t3 a2 t4)
16.0: (sync_actions a2)
17.0: (validate_payload t4 a9 t5)
18.0: (sync_actions a9)

Plan-Length:19
Metric (Search):6.0
Planning Time (msec): 119
Heuristic Time (msec): 2
Search Time (msec): 114
Expanded Nodes:128
States Evaluated:190
Number of Dead-Ends detected:0
Number of Duplicates detected:7
/usr/bin/time -v timeout 600 java -Xmx64g -jar ./enhsp3.jar -o ./domain_with_failure.pddl -f ./problems/BasePN-0And-del-3-d5/problem16.pddl -h blind -s WAStar
Domain parsed
Problem parsed
Grounding..
Grounding Time: 2509
UFX:true
|F|:7534
|X|:11
|A|:473
|P|:0
|E|:0
h(I):0.0
f(n) = 1.0 (Expanded Nodes: 2, Evaluated States: 7, Time: 0.016) Frontier Size: 5
f(n) = 2.0 (Expanded Nodes: 6, Evaluated States: 7, Time: 0.05) Frontier Size: 1
f(n) = 3.0 (Expanded Nodes: 20, Evaluated States: 41, Time: 0.072) Frontier Size: 21
f(n) = 4.0 (Expanded Nodes: 79, Evaluated States: 171, Time: 0.092) Frontier Size: 92
f(n) = 5.0 (Expanded Nodes: 195, Evaluated States: 375, Time: 0.123) Frontier Size: 180
f(n) = 6.0 (Expanded Nodes: 421, Evaluated States: 723, Time: 0.155) Frontier Size: 302
Problem Solved

Found Plan:
0.0: (add_action a7)
1.0: (check_added_variables_model a7)
2.0: (move_in_model_move_automata a7)
3.0: (validate_payload t0 a10 t1)
4.0: (sync_actions a10)
5.0: (validate_payload t1 a12 t2)
6.0: (sync_actions a12)
7.0: (validate_payload t2 a11 t3)
8.0: (sync_actions a11)
9.0: (validate_payload t3 a8 t4)
10.0: (sync_actions a8)
11.0: (validate_payload t4 a1 t5)
12.0: (sync_actions a1)
13.0: (add_action a2)
14.0: (check_added_variables_model a2)
15.0: (move_in_model_move_automata a2)
16.0: (add_action a9)
17.0: (check_added_variables_model a9)
18.0: (move_in_model_move_automata a9)

Plan-Length:19
Metric (Search):6.0
Planning Time (msec): 204
Heuristic Time (msec): 2
Search Time (msec): 194
Expanded Nodes:681
States Evaluated:1063
Number of Dead-Ends detected:0
Number of Duplicates detected:45
/usr/bin/time -v timeout 600 java -Xmx64g -jar ./enhsp3.jar -o ./domain_with_failure.pddl -f ./problems/BasePN-0And-del-3-d5/problem17.pddl -h blind -s WAStar
Domain parsed
Problem parsed
Grounding..
Grounding Time: 2542
UFX:true
|F|:7534
|X|:9
|A|:473
|P|:0
|E|:0
h(I):0.0
f(n) = 2.0 (Expanded Nodes: 2, Evaluated States: 3, Time: 0.017) Frontier Size: 1
f(n) = 4.0 (Expanded Nodes: 6, Evaluated States: 10, Time: 0.053) Frontier Size: 4
f(n) = 6.0 (Expanded Nodes: 20, Evaluated States: 33, Time: 0.063) Frontier Size: 13
Problem Solved

Found Plan:
0.0: (add_action a7)
1.0: (check_added_variables_model a7)
2.0: (move_in_model_move_automata a7)
3.0: (add_action a10)
4.0: (check_added_variables_model a10)
5.0: (move_in_model_move_automata a10)
6.0: (validate_payload t0 a12 t1)
7.0: (sync_actions a12)
8.0: (validate_payload t1 a11 t2)
9.0: (sync_actions a11)
10.0: (add_action a8)
11.0: (check_added_variables_model a8)
12.0: (move_in_model_move_automata a8)
13.0: (validate_payload t2 a1 t3)
14.0: (sync_actions a1)
15.0: (validate_payload t3 a2 t4)
16.0: (sync_actions a2)
17.0: (validate_payload t4 a9 t5)
18.0: (sync_actions a9)

Plan-Length:19
Metric (Search):6.0
Planning Time (msec): 93
Heuristic Time (msec): 2
Search Time (msec): 81
Expanded Nodes:51
States Evaluated:76
Number of Dead-Ends detected:0
Number of Duplicates detected:7
/usr/bin/time -v timeout 600 java -Xmx64g -jar ./enhsp3.jar -o ./domain_with_failure.pddl -f ./problems/BasePN-0And-del-3-d5/problem18.pddl -h blind -s WAStar
Domain parsed
Problem parsed
Grounding..
Grounding Time: 2610
UFX:true
|F|:7534
|X|:11
|A|:473
|P|:0
|E|:0
h(I):0.0
f(n) = 1.0 (Expanded Nodes: 12, Evaluated States: 35, Time: 0.033) Frontier Size: 23
f(n) = 2.0 (Expanded Nodes: 95, Evaluated States: 224, Time: 0.1) Frontier Size: 129
f(n) = 3.0 (Expanded Nodes: 307, Evaluated States: 622, Time: 0.152) Frontier Size: 315
f(n) = 4.0 (Expanded Nodes: 621, Evaluated States: 1098, Time: 0.195) Frontier Size: 477
Problem Solved

Found Plan:
0.0: (validate_payload t0 a7 t1)
1.0: (sync_actions a7)
2.0: (validate_payload t1 a10 t2)
3.0: (sync_actions a10)
4.0: (validate_payload t2 a12 t3)
5.0: (sync_actions a12)
6.0: (validate_payload t3 a11 t4)
7.0: (sync_actions a11)
8.0: (validate_payload t4 a8 t5)
9.0: (sync_actions a8)
10.0: (add_action a0)
11.0: (check_added_variables_model a0)
12.0: (move_in_model_move_automata a0)
13.0: (add_action a9)
14.0: (check_added_variables_model a9)
15.0: (move_in_model_move_automata a9)

Plan-Length:16
Metric (Search):4.0
Planning Time (msec): 220
Heuristic Time (msec): 11
Search Time (msec): 217
Expanded Nodes:813
States Evaluated:1454
Number of Dead-Ends detected:0
Number of Duplicates detected:53
/usr/bin/time -v timeout 600 java -Xmx64g -jar ./enhsp3.jar -o ./domain_with_failure.pddl -f ./problems/BasePN-0And-del-3-d5/problem19.pddl -h blind -s WAStar
Domain parsed
Problem parsed
Grounding..
Grounding Time: 2524
UFX:true
|F|:7534
|X|:9
|A|:473
|P|:0
|E|:0
h(I):0.0
f(n) = 2.0 (Expanded Nodes: 2, Evaluated States: 3, Time: 0.012) Frontier Size: 1
f(n) = 4.0 (Expanded Nodes: 6, Evaluated States: 10, Time: 0.053) Frontier Size: 4
f(n) = 5.0 (Expanded Nodes: 26, Evaluated States: 51, Time: 0.063) Frontier Size: 25
f(n) = 6.0 (Expanded Nodes: 50, Evaluated States: 87, Time: 0.08) Frontier Size: 37
Problem Solved

Found Plan:
0.0: (add_action a7)
1.0: (check_added_variables_model a7)
2.0: (move_in_model_move_automata a7)
3.0: (add_action a10)
4.0: (check_added_variables_model a10)
5.0: (move_in_model_move_automata a10)
6.0: (validate_payload t0 a12 t1)
7.0: (sync_actions a12)
8.0: (validate_payload t1 a11 t2)
9.0: (sync_actions a11)
10.0: (validate_payload t2 a8 t3)
11.0: (sync_actions a8)
12.0: (validate_payload t3 a1 t4)
13.0: (sync_actions a1)
14.0: (validate_payload t4 a2 t5)
15.0: (sync_actions a2)
16.0: (add_action a9)
17.0: (check_added_variables_model a9)
18.0: (move_in_model_move_automata a9)

Plan-Length:19
Metric (Search):6.0
Planning Time (msec): 97
Heuristic Time (msec): 2
Search Time (msec): 95
Expanded Nodes:85
States Evaluated:137
Number of Dead-Ends detected:0
Number of Duplicates detected:7
/usr/bin/time -v timeout 600 java -Xmx64g -jar ./enhsp3.jar -o ./domain_with_failure.pddl -f ./problems/BasePN-0And-del-3-d5/problem20.pddl -h blind -s WAStar
Domain parsed
Problem parsed
Grounding..
Grounding Time: 2643
UFX:true
|F|:7534
|X|:11
|A|:473
|P|:0
|E|:0
h(I):0.0
f(n) = 1.0 (Expanded Nodes: 10, Evaluated States: 32, Time: 0.032) Frontier Size: 22
f(n) = 2.0 (Expanded Nodes: 76, Evaluated States: 172, Time: 0.091) Frontier Size: 96
f(n) = 3.0 (Expanded Nodes: 235, Evaluated States: 423, Time: 0.129) Frontier Size: 188
f(n) = 4.0 (Expanded Nodes: 461, Evaluated States: 752, Time: 0.16) Frontier Size: 291
f(n) = 5.0 (Expanded Nodes: 855, Evaluated States: 1236, Time: 0.201) Frontier Size: 381
f(n) = 6.0 (Expanded Nodes: 1370, Evaluated States: 1817, Time: 0.244) Frontier Size: 447
Problem Solved

Found Plan:
0.0: (validate_payload t0 a7 t1)
1.0: (sync_actions a7)
2.0: (validate_payload t1 a10 t2)
3.0: (sync_actions a10)
4.0: (validate_payload t2 a12 t3)
5.0: (sync_actions a12)
6.0: (add_action a11)
7.0: (check_added_variables_model a11)
8.0: (move_in_model_move_automata a11)
9.0: (add_action a8)
10.0: (check_added_variables_model a8)
11.0: (move_in_model_move_automata a8)
12.0: (validate_payload t3 a1 t4)
13.0: (sync_actions a1)
14.0: (validate_payload t4 a2 t5)
15.0: (sync_actions a2)
16.0: (add_action a9)
17.0: (check_added_variables_model a9)
18.0: (move_in_model_move_automata a9)

Plan-Length:19
Metric (Search):6.0
Planning Time (msec): 272
Heuristic Time (msec): 6
Search Time (msec): 264
Expanded Nodes:1646
States Evaluated:2194
Number of Dead-Ends detected:0
Number of Duplicates detected:182
/usr/bin/time -v timeout 600 java -Xmx64g -jar ./enhsp3.jar -o ./domain_with_failure.pddl -f ./problems/BasePN-0And-del-3-d5/problem21.pddl -h blind -s WAStar
Domain parsed
Problem parsed
Grounding..
Grounding Time: 2621
UFX:true
|F|:7534
|X|:10
|A|:473
|P|:0
|E|:0
h(I):0.0
f(n) = 1.0 (Expanded Nodes: 2, Evaluated States: 7, Time: 0.017) Frontier Size: 5
f(n) = 2.0 (Expanded Nodes: 6, Evaluated States: 7, Time: 0.051) Frontier Size: 1
f(n) = 3.0 (Expanded Nodes: 18, Evaluated States: 39, Time: 0.069) Frontier Size: 21
f(n) = 4.0 (Expanded Nodes: 60, Evaluated States: 111, Time: 0.083) Frontier Size: 51
f(n) = 5.0 (Expanded Nodes: 111, Evaluated States: 196, Time: 0.098) Frontier Size: 85
f(n) = 6.0 (Expanded Nodes: 239, Evaluated States: 378, Time: 0.118) Frontier Size: 139
Problem Solved

Found Plan:
0.0: (add_action a7)
1.0: (check_added_variables_model a7)
2.0: (move_in_model_move_automata a7)
3.0: (validate_payload t0 a10 t1)
4.0: (sync_actions a10)
5.0: (validate_payload t1 a12 t2)
6.0: (sync_actions a12)
7.0: (validate_payload t2 a11 t3)
8.0: (sync_actions a11)
9.0: (add_action a8)
10.0: (check_added_variables_model a8)
11.0: (move_in_model_move_automata a8)
12.0: (validate_payload t3 a1 t4)
13.0: (sync_actions a1)
14.0: (add_action a2)
15.0: (check_added_variables_model a2)
16.0: (move_in_model_move_automata a2)
17.0: (validate_payload t4 a9 t5)
18.0: (sync_actions a9)

Plan-Length:19
Metric (Search):6.0
Planning Time (msec): 142
Heuristic Time (msec): 7
Search Time (msec): 135
Expanded Nodes:308
States Evaluated:483
Number of Dead-Ends detected:0
Number of Duplicates detected:23
/usr/bin/time -v timeout 600 java -Xmx64g -jar ./enhsp3.jar -o ./domain_with_failure.pddl -f ./problems/BasePN-0And-del-3-d5/problem22.pddl -h blind -s WAStar
Domain parsed
Problem parsed
Grounding..
Grounding Time: 2572
UFX:true
|F|:7534
|X|:11
|A|:473
|P|:0
|E|:0
h(I):0.0
f(n) = 1.0 (Expanded Nodes: 2, Evaluated States: 7, Time: 0.021) Frontier Size: 5
f(n) = 2.0 (Expanded Nodes: 6, Evaluated States: 7, Time: 0.051) Frontier Size: 1
f(n) = 3.0 (Expanded Nodes: 12, Evaluated States: 22, Time: 0.066) Frontier Size: 10
f(n) = 4.0 (Expanded Nodes: 24, Evaluated States: 40, Time: 0.068) Frontier Size: 16
f(n) = 5.0 (Expanded Nodes: 44, Evaluated States: 90, Time: 0.086) Frontier Size: 46
f(n) = 6.0 (Expanded Nodes: 117, Evaluated States: 243, Time: 0.113) Frontier Size: 126
Problem Solved

Found Plan:
0.0: (add_action a7)
1.0: (check_added_variables_model a7)
2.0: (move_in_model_move_automata a7)
3.0: (validate_payload t0 a10 t1)
4.0: (sync_actions a10)
5.0: (add_action a12)
6.0: (check_added_variables_model a12)
7.0: (move_in_model_move_automata a12)
8.0: (validate_payload t1 a11 t2)
9.0: (sync_actions a11)
10.0: (validate_payload t2 a8 t3)
11.0: (sync_actions a8)
12.0: (validate_payload t3 a1 t4)
13.0: (sync_actions a1)
14.0: (add_action a2)
15.0: (check_added_variables_model a2)
16.0: (move_in_model_move_automata a2)
17.0: (validate_payload t4 a9 t5)
18.0: (sync_actions a9)

Plan-Length:19
Metric (Search):6.0
Planning Time (msec): 138
Heuristic Time (msec): 6
Search Time (msec): 137
Expanded Nodes:181
States Evaluated:360
Number of Dead-Ends detected:0
Number of Duplicates detected:7
/usr/bin/time -v timeout 600 java -Xmx64g -jar ./enhsp3.jar -o ./domain_with_failure.pddl -f ./problems/BasePN-0And-del-3-d5/problem23.pddl -h blind -s WAStar
Domain parsed
Problem parsed
Grounding..
Grounding Time: 2452
UFX:true
|F|:7534
|X|:11
|A|:473
|P|:0
|E|:0
h(I):0.0
f(n) = 1.0 (Expanded Nodes: 4, Evaluated States: 12, Time: 0.026) Frontier Size: 8
f(n) = 2.0 (Expanded Nodes: 16, Evaluated States: 32, Time: 0.059) Frontier Size: 16
f(n) = 3.0 (Expanded Nodes: 35, Evaluated States: 73, Time: 0.083) Frontier Size: 38
f(n) = 4.0 (Expanded Nodes: 106, Evaluated States: 202, Time: 0.107) Frontier Size: 96
f(n) = 5.0 (Expanded Nodes: 196, Evaluated States: 347, Time: 0.126) Frontier Size: 151
f(n) = 6.0 (Expanded Nodes: 357, Evaluated States: 553, Time: 0.15) Frontier Size: 196
Problem Solved

Found Plan:
0.0: (validate_payload t0 a7 t1)
1.0: (sync_actions a7)
2.0: (add_action a10)
3.0: (check_added_variables_model a10)
4.0: (move_in_model_move_automata a10)
5.0: (validate_payload t1 a12 t2)
6.0: (sync_actions a12)
7.0: (validate_payload t2 a11 t3)
8.0: (sync_actions a11)
9.0: (validate_payload t3 a8 t4)
10.0: (sync_actions a8)
11.0: (validate_payload t4 a1 t5)
12.0: (sync_actions a1)
13.0: (add_action a2)
14.0: (check_added_variables_model a2)
15.0: (move_in_model_move_automata a2)
16.0: (add_action a9)
17.0: (check_added_variables_model a9)
18.0: (move_in_model_move_automata a9)

Plan-Length:19
Metric (Search):6.0
Planning Time (msec): 179
Heuristic Time (msec): 8
Search Time (msec): 168
Expanded Nodes:544
States Evaluated:745
Number of Dead-Ends detected:0
Number of Duplicates detected:71
/usr/bin/time -v timeout 600 java -Xmx64g -jar ./enhsp3.jar -o ./domain_with_failure.pddl -f ./problems/BasePN-0And-del-3-d5/problem24.pddl -h blind -s WAStar
Domain parsed
Problem parsed
Grounding..
Grounding Time: 2539
UFX:true
|F|:7534
|X|:10
|A|:473
|P|:0
|E|:0
h(I):0.0
f(n) = 1.0 (Expanded Nodes: 2, Evaluated States: 7, Time: 0.017) Frontier Size: 5
f(n) = 2.0 (Expanded Nodes: 6, Evaluated States: 7, Time: 0.051) Frontier Size: 1
f(n) = 3.0 (Expanded Nodes: 18, Evaluated States: 38, Time: 0.069) Frontier Size: 20
f(n) = 4.0 (Expanded Nodes: 63, Evaluated States: 139, Time: 0.087) Frontier Size: 76
Problem Solved

Found Plan:
0.0: (add_action a7)
1.0: (check_added_variables_model a7)
2.0: (move_in_model_move_automata a7)
3.0: (validate_payload t0 a10 t1)
4.0: (sync_actions a10)
5.0: (validate_payload t1 a12 t2)
6.0: (sync_actions a12)
7.0: (validate_payload t2 a11 t3)
8.0: (sync_actions a11)
9.0: (validate_payload t3 a8 t4)
10.0: (sync_actions a8)
11.0: (add_action a0)
12.0: (check_added_variables_model a0)
13.0: (move_in_model_move_automata a0)
14.0: (validate_payload t4 a9 t5)
15.0: (sync_actions a9)

Plan-Length:16
Metric (Search):4.0
Planning Time (msec): 123
Heuristic Time (msec): 2
Search Time (msec): 111
Expanded Nodes:119
States Evaluated:233
Number of Dead-Ends detected:0
Number of Duplicates detected:4
/usr/bin/time -v timeout 600 java -Xmx64g -jar ./enhsp3.jar -o ./domain_with_failure.pddl -f ./problems/BasePN-0And-del-3-d5/problem25.pddl -h blind -s WAStar
Domain parsed
Problem parsed
Grounding..
Grounding Time: 2583
UFX:true
|F|:7534
|X|:11
|A|:473
|P|:0
|E|:0
h(I):0.0
f(n) = 1.0 (Expanded Nodes: 2, Evaluated States: 7, Time: 0.023) Frontier Size: 5
f(n) = 2.0 (Expanded Nodes: 6, Evaluated States: 7, Time: 0.053) Frontier Size: 1
f(n) = 3.0 (Expanded Nodes: 12, Evaluated States: 23, Time: 0.068) Frontier Size: 11
f(n) = 4.0 (Expanded Nodes: 24, Evaluated States: 41, Time: 0.077) Frontier Size: 17
f(n) = 5.0 (Expanded Nodes: 46, Evaluated States: 104, Time: 0.092) Frontier Size: 58
f(n) = 6.0 (Expanded Nodes: 141, Evaluated States: 291, Time: 0.12) Frontier Size: 150
Problem Solved

Found Plan:
0.0: (add_action a7)
1.0: (check_added_variables_model a7)
2.0: (move_in_model_move_automata a7)
3.0: (validate_payload t0 a10 t1)
4.0: (sync_actions a10)
5.0: (add_action a12)
6.0: (check_added_variables_model a12)
7.0: (move_in_model_move_automata a12)
8.0: (validate_payload t1 a11 t2)
9.0: (sync_actions a11)
10.0: (validate_payload t2 a8 t3)
11.0: (sync_actions a8)
12.0: (validate_payload t3 a1 t4)
13.0: (sync_actions a1)
14.0: (add_action a2)
15.0: (check_added_variables_model a2)
16.0: (move_in_model_move_automata a2)
17.0: (validate_payload t4 a9 t5)
18.0: (sync_actions a9)

Plan-Length:19
Metric (Search):6.0
Planning Time (msec): 178
Heuristic Time (msec): 7
Search Time (msec): 169
Expanded Nodes:325
States Evaluated:610
Number of Dead-Ends detected:0
Number of Duplicates detected:9
/usr/bin/time -v timeout 600 java -Xmx64g -jar ./enhsp3.jar -o ./domain_with_failure.pddl -f ./problems/BasePN-0And-del-3-d5/problem26.pddl -h blind -s WAStar
Domain parsed
Problem parsed
Grounding..
Grounding Time: 2563
UFX:true
|F|:7534
|X|:10
|A|:473
|P|:0
|E|:0
h(I):0.0
f(n) = 1.0 (Expanded Nodes: 2, Evaluated States: 7, Time: 0.018) Frontier Size: 5
f(n) = 2.0 (Expanded Nodes: 6, Evaluated States: 7, Time: 0.048) Frontier Size: 1
f(n) = 3.0 (Expanded Nodes: 16, Evaluated States: 30, Time: 0.06) Frontier Size: 14
f(n) = 4.0 (Expanded Nodes: 46, Evaluated States: 94, Time: 0.074) Frontier Size: 48
f(n) = 5.0 (Expanded Nodes: 92, Evaluated States: 152, Time: 0.095) Frontier Size: 60
f(n) = 6.0 (Expanded Nodes: 178, Evaluated States: 310, Time: 0.121) Frontier Size: 132
Problem Solved

Found Plan:
0.0: (add_action a7)
1.0: (check_added_variables_model a7)
2.0: (move_in_model_move_automata a7)
3.0: (validate_payload t0 a10 t1)
4.0: (sync_actions a10)
5.0: (validate_payload t1 a12 t2)
6.0: (sync_actions a12)
7.0: (validate_payload t2 a11 t3)
8.0: (sync_actions a11)
9.0: (add_action a8)
10.0: (check_added_variables_model a8)
11.0: (move_in_model_move_automata a8)
12.0: (validate_payload t3 a1 t4)
13.0: (sync_actions a1)
14.0: (validate_payload t4 a2 t5)
15.0: (sync_actions a2)
16.0: (add_action a9)
17.0: (check_added_variables_model a9)
18.0: (move_in_model_move_automata a9)

Plan-Length:19
Metric (Search):6.0
Planning Time (msec): 134
Heuristic Time (msec): 6
Search Time (msec): 131
Expanded Nodes:200
States Evaluated:335
Number of Dead-Ends detected:0
Number of Duplicates detected:13
/usr/bin/time -v timeout 600 java -Xmx64g -jar ./enhsp3.jar -o ./domain_with_failure.pddl -f ./problems/BasePN-0And-del-3-d5/problem27.pddl -h blind -s WAStar
Domain parsed
Problem parsed
Grounding..
Grounding Time: 2643
UFX:true
|F|:7534
|X|:9
|A|:473
|P|:0
|E|:0
h(I):0.0
f(n) = 2.0 (Expanded Nodes: 4, Evaluated States: 8, Time: 0.024) Frontier Size: 4
f(n) = 3.0 (Expanded Nodes: 17, Evaluated States: 36, Time: 0.07) Frontier Size: 19
f(n) = 4.0 (Expanded Nodes: 23, Evaluated States: 36, Time: 0.072) Frontier Size: 13
f(n) = 5.0 (Expanded Nodes: 53, Evaluated States: 87, Time: 0.092) Frontier Size: 34
f(n) = 6.0 (Expanded Nodes: 71, Evaluated States: 102, Time: 0.093) Frontier Size: 31
Problem Solved

Found Plan:
0.0: (validate_payload t0 a7 t1)
1.0: (sync_actions a7)
2.0: (add_action a10)
3.0: (check_added_variables_model a10)
4.0: (move_in_model_move_automata a10)
5.0: (validate_payload t1 a12 t2)
6.0: (sync_actions a12)
7.0: (add_action a11)
8.0: (check_added_variables_model a11)
9.0: (move_in_model_move_automata a11)
10.0: (validate_payload t2 a8 t3)
11.0: (sync_actions a8)
12.0: (add_action a1)
13.0: (check_added_variables_model a1)
14.0: (move_in_model_move_automata a1)
15.0: (validate_payload t3 a2 t4)
16.0: (sync_actions a2)
17.0: (validate_payload t4 a9 t5)
18.0: (sync_actions a9)

Plan-Length:19
Metric (Search):6.0
Planning Time (msec): 118
Heuristic Time (msec): 5
Search Time (msec): 111
Expanded Nodes:95
States Evaluated:138
Number of Dead-Ends detected:0
Number of Duplicates detected:12
/usr/bin/time -v timeout 600 java -Xmx64g -jar ./enhsp3.jar -o ./domain_with_failure.pddl -f ./problems/BasePN-0And-del-3-d5/problem28.pddl -h blind -s WAStar
Domain parsed
Problem parsed
Grounding..
Grounding Time: 2552
UFX:true
|F|:7534
|X|:11
|A|:473
|P|:0
|E|:0
h(I):0.0
f(n) = 1.0 (Expanded Nodes: 4, Evaluated States: 12, Time: 0.029) Frontier Size: 8
f(n) = 2.0 (Expanded Nodes: 16, Evaluated States: 32, Time: 0.057) Frontier Size: 16
f(n) = 3.0 (Expanded Nodes: 29, Evaluated States: 64, Time: 0.079) Frontier Size: 35
f(n) = 4.0 (Expanded Nodes: 73, Evaluated States: 145, Time: 0.095) Frontier Size: 72
f(n) = 5.0 (Expanded Nodes: 129, Evaluated States: 213, Time: 0.106) Frontier Size: 84
f(n) = 6.0 (Expanded Nodes: 245, Evaluated States: 389, Time: 0.129) Frontier Size: 144
Problem Solved

Found Plan:
0.0: (validate_payload t0 a7 t1)
1.0: (sync_actions a7)
2.0: (add_action a10)
3.0: (check_added_variables_model a10)
4.0: (move_in_model_move_automata a10)
5.0: (validate_payload t1 a12 t2)
6.0: (sync_actions a12)
7.0: (add_action a11)
8.0: (check_added_variables_model a11)
9.0: (move_in_model_move_automata a11)
10.0: (validate_payload t2 a8 t3)
11.0: (sync_actions a8)
12.0: (validate_payload t3 a1 t4)
13.0: (sync_actions a1)
14.0: (add_action a2)
15.0: (check_added_variables_model a2)
16.0: (move_in_model_move_automata a2)
17.0: (validate_payload t4 a9 t5)
18.0: (sync_actions a9)

Plan-Length:19
Metric (Search):6.0
Planning Time (msec): 151
Heuristic Time (msec): 13
Search Time (msec): 146
Expanded Nodes:326
States Evaluated:499
Number of Dead-Ends detected:0
Number of Duplicates detected:33
/usr/bin/time -v timeout 600 java -Xmx64g -jar ./enhsp3.jar -o ./domain_with_failure.pddl -f ./problems/BasePN-0And-del-3-d5/problem29.pddl -h blind -s WAStar
Domain parsed
Problem parsed
Grounding..
Grounding Time: 2569
UFX:true
|F|:7534
|X|:11
|A|:473
|P|:0
|E|:0
h(I):0.0
f(n) = 1.0 (Expanded Nodes: 10, Evaluated States: 28, Time: 0.025) Frontier Size: 18
f(n) = 2.0 (Expanded Nodes: 74, Evaluated States: 168, Time: 0.09) Frontier Size: 94
f(n) = 3.0 (Expanded Nodes: 227, Evaluated States: 438, Time: 0.138) Frontier Size: 211
f(n) = 4.0 (Expanded Nodes: 443, Evaluated States: 738, Time: 0.173) Frontier Size: 295
f(n) = 5.0 (Expanded Nodes: 831, Evaluated States: 1288, Time: 0.217) Frontier Size: 457
f(n) = 6.0 (Expanded Nodes: 1401, Evaluated States: 1873, Time: 0.265) Frontier Size: 472
Problem Solved

Found Plan:
0.0: (validate_payload t0 a7 t1)
1.0: (sync_actions a7)
2.0: (validate_payload t1 a10 t2)
3.0: (sync_actions a10)
4.0: (validate_payload t2 a12 t3)
5.0: (sync_actions a12)
6.0: (validate_payload t3 a11 t4)
7.0: (sync_actions a11)
8.0: (add_action a8)
9.0: (check_added_variables_model a8)
10.0: (move_in_model_move_automata a8)
11.0: (validate_payload t4 a1 t5)
12.0: (sync_actions a1)
13.0: (add_action a2)
14.0: (check_added_variables_model a2)
15.0: (move_in_model_move_automata a2)
16.0: (add_action a9)
17.0: (check_added_variables_model a9)
18.0: (move_in_model_move_automata a9)

Plan-Length:19
Metric (Search):6.0
Planning Time (msec): 290
Heuristic Time (msec): 9
Search Time (msec): 284
Expanded Nodes:1619
States Evaluated:2163
Number of Dead-Ends detected:0
Number of Duplicates detected:182
/usr/bin/time -v timeout 600 java -Xmx64g -jar ./enhsp3.jar -o ./domain_with_failure.pddl -f ./problems/BasePN-0And-del-3-d5/problem30.pddl -h blind -s WAStar
Domain parsed
Problem parsed
Grounding..
Grounding Time: 2521
UFX:true
|F|:7534
|X|:10
|A|:473
|P|:0
|E|:0
h(I):0.0
f(n) = 1.0 (Expanded Nodes: 2, Evaluated States: 7, Time: 0.02) Frontier Size: 5
f(n) = 2.0 (Expanded Nodes: 6, Evaluated States: 7, Time: 0.056) Frontier Size: 1
f(n) = 3.0 (Expanded Nodes: 12, Evaluated States: 23, Time: 0.065) Frontier Size: 11
f(n) = 4.0 (Expanded Nodes: 24, Evaluated States: 41, Time: 0.072) Frontier Size: 17
f(n) = 5.0 (Expanded Nodes: 44, Evaluated States: 96, Time: 0.091) Frontier Size: 52
f(n) = 6.0 (Expanded Nodes: 113, Evaluated States: 217, Time: 0.109) Frontier Size: 104
f(n) = 7.0 (Expanded Nodes: 227, Evaluated States: 386, Time: 0.139) Frontier Size: 159
Problem Solved

Found Plan:
0.0: (add_action a7)
1.0: (check_added_variables_model a7)
2.0: (move_in_model_move_automata a7)
3.0: (change_value a10 integer v0)
4.0: (validate_payload t0 a10 t1)
5.0: (sync_actions a10)
6.0: (add_action a12)
7.0: (check_added_variables_model a12)
8.0: (move_in_model_move_automata a12)
9.0: (validate_payload t1 a11 t2)
10.0: (sync_actions a11)
11.0: (validate_payload t2 a8 t3)
12.0: (sync_actions a8)
13.0: (add_action a1)
14.0: (check_added_variables_model a1)
15.0: (move_in_model_move_automata a1)
16.0: (validate_payload t3 a2 t4)
17.0: (sync_actions a2)
18.0: (validate_payload t4 a9 t5)
19.0: (sync_actions a9)

Plan-Length:20
Metric (Search):7.0
Planning Time (msec): 153
Heuristic Time (msec): 7
Search Time (msec): 147
Expanded Nodes:239
States Evaluated:408
Number of Dead-Ends detected:0
Number of Duplicates detected:8
/usr/bin/time -v timeout 600 java -Xmx64g -jar ./enhsp3.jar -o ./domain_with_failure.pddl -f ./problems/BasePN-0And-del-3-d5/problem31.pddl -h blind -s WAStar
Domain parsed
Problem parsed
Grounding..
Grounding Time: 2524
UFX:true
|F|:7534
|X|:10
|A|:473
|P|:0
|E|:0
h(I):0.0
f(n) = 1.0 (Expanded Nodes: 2, Evaluated States: 7, Time: 0.018) Frontier Size: 5
f(n) = 2.0 (Expanded Nodes: 6, Evaluated States: 7, Time: 0.047) Frontier Size: 1
f(n) = 3.0 (Expanded Nodes: 12, Evaluated States: 22, Time: 0.057) Frontier Size: 10
f(n) = 4.0 (Expanded Nodes: 24, Evaluated States: 40, Time: 0.065) Frontier Size: 16
f(n) = 5.0 (Expanded Nodes: 40, Evaluated States: 72, Time: 0.081) Frontier Size: 32
f(n) = 6.0 (Expanded Nodes: 82, Evaluated States: 150, Time: 0.092) Frontier Size: 68
Problem Solved

Found Plan:
0.0: (add_action a7)
1.0: (check_added_variables_model a7)
2.0: (move_in_model_move_automata a7)
3.0: (validate_payload t0 a10 t1)
4.0: (sync_actions a10)
5.0: (add_action a12)
6.0: (check_added_variables_model a12)
7.0: (move_in_model_move_automata a12)
8.0: (validate_payload t1 a11 t2)
9.0: (sync_actions a11)
10.0: (add_action a8)
11.0: (check_added_variables_model a8)
12.0: (move_in_model_move_automata a8)
13.0: (validate_payload t2 a1 t3)
14.0: (sync_actions a1)
15.0: (validate_payload t3 a2 t4)
16.0: (sync_actions a2)
17.0: (validate_payload t4 a9 t5)
18.0: (sync_actions a9)

Plan-Length:19
Metric (Search):6.0
Planning Time (msec): 109
Heuristic Time (msec): 3
Search Time (msec): 102
Expanded Nodes:120
States Evaluated:187
Number of Dead-Ends detected:0
Number of Duplicates detected:9
/usr/bin/time -v timeout 600 java -Xmx64g -jar ./enhsp3.jar -o ./domain_with_failure.pddl -f ./problems/BasePN-0And-del-3-d5/problem32.pddl -h blind -s WAStar
Domain parsed
Problem parsed
Grounding..
Grounding Time: 2549
UFX:true
|F|:7534
|X|:9
|A|:473
|P|:0
|E|:0
h(I):0.0
f(n) = 1.0 (Expanded Nodes: 10, Evaluated States: 24, Time: 0.03) Frontier Size: 14
f(n) = 2.0 (Expanded Nodes: 42, Evaluated States: 82, Time: 0.075) Frontier Size: 40
f(n) = 3.0 (Expanded Nodes: 65, Evaluated States: 119, Time: 0.096) Frontier Size: 54
f(n) = 4.0 (Expanded Nodes: 133, Evaluated States: 212, Time: 0.122) Frontier Size: 79
f(n) = 5.0 (Expanded Nodes: 182, Evaluated States: 277, Time: 0.137) Frontier Size: 95
f(n) = 6.0 (Expanded Nodes: 315, Evaluated States: 421, Time: 0.163) Frontier Size: 106
Problem Solved

Found Plan:
0.0: (validate_payload t0 a7 t1)
1.0: (sync_actions a7)
2.0: (validate_payload t1 a10 t2)
3.0: (sync_actions a10)
4.0: (validate_payload t2 a12 t3)
5.0: (sync_actions a12)
6.0: (validate_payload t3 a11 t4)
7.0: (sync_actions a11)
8.0: (add_action a8)
9.0: (check_added_variables_model a8)
10.0: (move_in_model_move_automata a8)
11.0: (add_action a1)
12.0: (check_added_variables_model a1)
13.0: (move_in_model_move_automata a1)
14.0: (validate_payload t4 a2 t5)
15.0: (sync_actions a2)
16.0: (add_action a9)
17.0: (check_added_variables_model a9)
18.0: (move_in_model_move_automata a9)

Plan-Length:19
Metric (Search):6.0
Planning Time (msec): 188
Heuristic Time (msec): 9
Search Time (msec): 179
Expanded Nodes:371
States Evaluated:480
Number of Dead-Ends detected:0
Number of Duplicates detected:72
/usr/bin/time -v timeout 600 java -Xmx64g -jar ./enhsp3.jar -o ./domain_with_failure.pddl -f ./problems/BasePN-0And-del-3-d5/problem33.pddl -h blind -s WAStar
Domain parsed
Problem parsed
Grounding..
Grounding Time: 2528
UFX:true
|F|:7534
|X|:10
|A|:473
|P|:0
|E|:0
h(I):0.0
f(n) = 1.0 (Expanded Nodes: 4, Evaluated States: 12, Time: 0.019) Frontier Size: 8
f(n) = 2.0 (Expanded Nodes: 16, Evaluated States: 32, Time: 0.053) Frontier Size: 16
f(n) = 3.0 (Expanded Nodes: 31, Evaluated States: 62, Time: 0.076) Frontier Size: 31
f(n) = 4.0 (Expanded Nodes: 75, Evaluated States: 134, Time: 0.092) Frontier Size: 59
f(n) = 5.0 (Expanded Nodes: 114, Evaluated States: 194, Time: 0.111) Frontier Size: 80
f(n) = 6.0 (Expanded Nodes: 218, Evaluated States: 325, Time: 0.131) Frontier Size: 107
Problem Solved

Found Plan:
0.0: (validate_payload t0 a7 t1)
1.0: (sync_actions a7)
2.0: (add_action a10)
3.0: (check_added_variables_model a10)
4.0: (move_in_model_move_automata a10)
5.0: (validate_payload t1 a12 t2)
6.0: (sync_actions a12)
7.0: (validate_payload t2 a11 t3)
8.0: (sync_actions a11)
9.0: (add_action a8)
10.0: (check_added_variables_model a8)
11.0: (move_in_model_move_automata a8)
12.0: (validate_payload t3 a1 t4)
13.0: (sync_actions a1)
14.0: (validate_payload t4 a2 t5)
15.0: (sync_actions a2)
16.0: (add_action a9)
17.0: (check_added_variables_model a9)
18.0: (move_in_model_move_automata a9)

Plan-Length:19
Metric (Search):6.0
Planning Time (msec): 147
Heuristic Time (msec): 2
Search Time (msec): 145
Expanded Nodes:277
States Evaluated:395
Number of Dead-Ends detected:0
Number of Duplicates detected:40
/usr/bin/time -v timeout 600 java -Xmx64g -jar ./enhsp3.jar -o ./domain_with_failure.pddl -f ./problems/BasePN-0And-del-3-d5/problem34.pddl -h blind -s WAStar
Domain parsed
Problem parsed
Grounding..
Grounding Time: 2431
UFX:true
|F|:7534
|X|:11
|A|:473
|P|:0
|E|:0
h(I):0.0
f(n) = 1.0 (Expanded Nodes: 8, Evaluated States: 24, Time: 0.035) Frontier Size: 16
f(n) = 2.0 (Expanded Nodes: 54, Evaluated States: 122, Time: 0.091) Frontier Size: 68
f(n) = 3.0 (Expanded Nodes: 149, Evaluated States: 290, Time: 0.128) Frontier Size: 141
f(n) = 4.0 (Expanded Nodes: 287, Evaluated States: 544, Time: 0.149) Frontier Size: 257
f(n) = 5.0 (Expanded Nodes: 622, Evaluated States: 1057, Time: 0.202) Frontier Size: 435
f(n) = 6.0 (Expanded Nodes: 1139, Evaluated States: 1633, Time: 0.246) Frontier Size: 494
Problem Solved

Found Plan:
0.0: (validate_payload t0 a7 t1)
1.0: (sync_actions a7)
2.0: (validate_payload t1 a10 t2)
3.0: (sync_actions a10)
4.0: (validate_payload t2 a12 t3)
5.0: (sync_actions a12)
6.0: (add_action a11)
7.0: (check_added_variables_model a11)
8.0: (move_in_model_move_automata a11)
9.0: (validate_payload t3 a8 t4)
10.0: (sync_actions a8)
11.0: (validate_payload t4 a1 t5)
12.0: (sync_actions a1)
13.0: (add_action a2)
14.0: (check_added_variables_model a2)
15.0: (move_in_model_move_automata a2)
16.0: (add_action a9)
17.0: (check_added_variables_model a9)
18.0: (move_in_model_move_automata a9)

Plan-Length:19
Metric (Search):6.0
Planning Time (msec): 257
Heuristic Time (msec): 8
Search Time (msec): 254
Expanded Nodes:1159
States Evaluated:1648
Number of Dead-Ends detected:0
Number of Duplicates detected:95
/usr/bin/time -v timeout 600 java -Xmx64g -jar ./enhsp3.jar -o ./domain_with_failure.pddl -f ./problems/BasePN-0And-del-3-d5/problem35.pddl -h blind -s WAStar
Domain parsed
Problem parsed
Grounding..
Grounding Time: 2609
UFX:true
|F|:7534
|X|:10
|A|:473
|P|:0
|E|:0
h(I):0.0
f(n) = 1.0 (Expanded Nodes: 2, Evaluated States: 7, Time: 0.021) Frontier Size: 5
f(n) = 2.0 (Expanded Nodes: 6, Evaluated States: 7, Time: 0.051) Frontier Size: 1
f(n) = 3.0 (Expanded Nodes: 12, Evaluated States: 23, Time: 0.065) Frontier Size: 11
f(n) = 4.0 (Expanded Nodes: 24, Evaluated States: 41, Time: 0.067) Frontier Size: 17
f(n) = 5.0 (Expanded Nodes: 44, Evaluated States: 96, Time: 0.089) Frontier Size: 52
f(n) = 6.0 (Expanded Nodes: 113, Evaluated States: 217, Time: 0.115) Frontier Size: 104
f(n) = 7.0 (Expanded Nodes: 227, Evaluated States: 386, Time: 0.146) Frontier Size: 159
Problem Solved

Found Plan:
0.0: (add_action a7)
1.0: (check_added_variables_model a7)
2.0: (move_in_model_move_automata a7)
3.0: (change_value a10 integer v0)
4.0: (validate_payload t0 a10 t1)
5.0: (sync_actions a10)
6.0: (add_action a12)
7.0: (check_added_variables_model a12)
8.0: (move_in_model_move_automata a12)
9.0: (validate_payload t1 a11 t2)
10.0: (sync_actions a11)
11.0: (validate_payload t2 a8 t3)
12.0: (sync_actions a8)
13.0: (add_action a1)
14.0: (check_added_variables_model a1)
15.0: (move_in_model_move_automata a1)
16.0: (validate_payload t3 a2 t4)
17.0: (sync_actions a2)
18.0: (validate_payload t4 a9 t5)
19.0: (sync_actions a9)

Plan-Length:20
Metric (Search):7.0
Planning Time (msec): 154
Heuristic Time (msec): 9
Search Time (msec): 147
Expanded Nodes:239
States Evaluated:408
Number of Dead-Ends detected:0
Number of Duplicates detected:8
/usr/bin/time -v timeout 600 java -Xmx64g -jar ./enhsp3.jar -o ./domain_with_failure.pddl -f ./problems/BasePN-0And-del-3-d5/problem36.pddl -h blind -s WAStar
Domain parsed
Problem parsed
Grounding..
Grounding Time: 2523
UFX:true
|F|:7534
|X|:10
|A|:473
|P|:0
|E|:0
h(I):0.0
f(n) = 2.0 (Expanded Nodes: 2, Evaluated States: 3, Time: 0.023) Frontier Size: 1
f(n) = 3.0 (Expanded Nodes: 6, Evaluated States: 13, Time: 0.059) Frontier Size: 7
f(n) = 4.0 (Expanded Nodes: 9, Evaluated States: 13, Time: 0.059) Frontier Size: 4
f(n) = 5.0 (Expanded Nodes: 21, Evaluated States: 38, Time: 0.069) Frontier Size: 17
f(n) = 6.0 (Expanded Nodes: 27, Evaluated States: 38, Time: 0.076) Frontier Size: 11
Problem Solved

Found Plan:
0.0: (add_action a7)
1.0: (check_added_variables_model a7)
2.0: (move_in_model_move_automata a7)
3.0: (add_action a10)
4.0: (check_added_variables_model a10)
5.0: (move_in_model_move_automata a10)
6.0: (validate_payload t0 a12 t1)
7.0: (sync_actions a12)
8.0: (add_action a11)
9.0: (check_added_variables_model a11)
10.0: (move_in_model_move_automata a11)
11.0: (validate_payload t1 a8 t2)
12.0: (sync_actions a8)
13.0: (validate_payload t2 a1 t3)
14.0: (sync_actions a1)
15.0: (validate_payload t3 a2 t4)
16.0: (sync_actions a2)
17.0: (validate_payload t4 a9 t5)
18.0: (sync_actions a9)

Plan-Length:19
Metric (Search):6.0
Planning Time (msec): 102
Heuristic Time (msec): 7
Search Time (msec): 94
Expanded Nodes:56
States Evaluated:89
Number of Dead-Ends detected:0
Number of Duplicates detected:6
/usr/bin/time -v timeout 600 java -Xmx64g -jar ./enhsp3.jar -o ./domain_with_failure.pddl -f ./problems/BasePN-0And-del-3-d5/problem37.pddl -h blind -s WAStar
Domain parsed
Problem parsed
Grounding..
Grounding Time: 2461
UFX:true
|F|:7534
|X|:10
|A|:473
|P|:0
|E|:0
h(I):0.0
f(n) = 1.0 (Expanded Nodes: 4, Evaluated States: 12, Time: 0.02) Frontier Size: 8
f(n) = 2.0 (Expanded Nodes: 16, Evaluated States: 32, Time: 0.06) Frontier Size: 16
f(n) = 3.0 (Expanded Nodes: 27, Evaluated States: 54, Time: 0.082) Frontier Size: 27
f(n) = 4.0 (Expanded Nodes: 59, Evaluated States: 102, Time: 0.093) Frontier Size: 43
f(n) = 5.0 (Expanded Nodes: 88, Evaluated States: 148, Time: 0.109) Frontier Size: 60
f(n) = 6.0 (Expanded Nodes: 162, Evaluated States: 237, Time: 0.128) Frontier Size: 75
Problem Solved

Found Plan:
0.0: (validate_payload t0 a7 t1)
1.0: (sync_actions a7)
2.0: (add_action a10)
3.0: (check_added_variables_model a10)
4.0: (move_in_model_move_automata a10)
5.0: (add_action a12)
6.0: (check_added_variables_model a12)
7.0: (move_in_model_move_automata a12)
8.0: (validate_payload t1 a11 t2)
9.0: (sync_actions a11)
10.0: (add_action a8)
11.0: (check_added_variables_model a8)
12.0: (move_in_model_move_automata a8)
13.0: (validate_payload t2 a1 t3)
14.0: (sync_actions a1)
15.0: (validate_payload t3 a2 t4)
16.0: (sync_actions a2)
17.0: (validate_payload t4 a9 t5)
18.0: (sync_actions a9)

Plan-Length:19
Metric (Search):6.0
Planning Time (msec): 149
Heuristic Time (msec): 3
Search Time (msec): 143
Expanded Nodes:213
States Evaluated:304
Number of Dead-Ends detected:0
Number of Duplicates detected:30
/usr/bin/time -v timeout 600 java -Xmx64g -jar ./enhsp3.jar -o ./domain_with_failure.pddl -f ./problems/BasePN-0And-del-3-d5/problem38.pddl -h blind -s WAStar
Domain parsed
Problem parsed
Grounding..
Grounding Time: 2588
UFX:true
|F|:7534
|X|:9
|A|:473
|P|:0
|E|:0
h(I):0.0
f(n) = 1.0 (Expanded Nodes: 2, Evaluated States: 7, Time: 0.022) Frontier Size: 5
f(n) = 2.0 (Expanded Nodes: 6, Evaluated States: 7, Time: 0.055) Frontier Size: 1
f(n) = 3.0 (Expanded Nodes: 18, Evaluated States: 35, Time: 0.07) Frontier Size: 17
f(n) = 4.0 (Expanded Nodes: 54, Evaluated States: 109, Time: 0.088) Frontier Size: 55
f(n) = 5.0 (Expanded Nodes: 85, Evaluated States: 160, Time: 0.107) Frontier Size: 75
f(n) = 6.0 (Expanded Nodes: 189, Evaluated States: 330, Time: 0.129) Frontier Size: 141
Problem Solved

Found Plan:
0.0: (add_action a7)
1.0: (check_added_variables_model a7)
2.0: (move_in_model_move_automata a7)
3.0: (validate_payload t0 a10 t1)
4.0: (sync_actions a10)
5.0: (validate_payload t1 a12 t2)
6.0: (sync_actions a12)
7.0: (validate_payload t2 a11 t3)
8.0: (sync_actions a11)
9.0: (validate_payload t3 a8 t4)
10.0: (sync_actions a8)
11.0: (add_action a1)
12.0: (check_added_variables_model a1)
13.0: (move_in_model_move_automata a1)
14.0: (validate_payload t4 a2 t5)
15.0: (sync_actions a2)
16.0: (add_action a9)
17.0: (check_added_variables_model a9)
18.0: (move_in_model_move_automata a9)

Plan-Length:19
Metric (Search):6.0
Planning Time (msec): 150
Heuristic Time (msec): 7
Search Time (msec): 143
Expanded Nodes:256
States Evaluated:392
Number of Dead-Ends detected:0
Number of Duplicates detected:24
/usr/bin/time -v timeout 600 java -Xmx64g -jar ./enhsp3.jar -o ./domain_with_failure.pddl -f ./problems/BasePN-0And-del-3-d5/problem39.pddl -h blind -s WAStar
Domain parsed
Problem parsed
Grounding..
Grounding Time: 2404
UFX:true
|F|:7534
|X|:11
|A|:473
|P|:0
|E|:0
h(I):0.0
f(n) = 1.0 (Expanded Nodes: 4, Evaluated States: 12, Time: 0.019) Frontier Size: 8
f(n) = 2.0 (Expanded Nodes: 16, Evaluated States: 32, Time: 0.062) Frontier Size: 16
f(n) = 3.0 (Expanded Nodes: 35, Evaluated States: 73, Time: 0.087) Frontier Size: 38
f(n) = 4.0 (Expanded Nodes: 106, Evaluated States: 202, Time: 0.113) Frontier Size: 96
f(n) = 5.0 (Expanded Nodes: 196, Evaluated States: 348, Time: 0.142) Frontier Size: 152
f(n) = 6.0 (Expanded Nodes: 357, Evaluated States: 557, Time: 0.172) Frontier Size: 200
Problem Solved

Found Plan:
0.0: (validate_payload t0 a7 t1)
1.0: (sync_actions a7)
2.0: (add_action a10)
3.0: (check_added_variables_model a10)
4.0: (move_in_model_move_automata a10)
5.0: (validate_payload t1 a12 t2)
6.0: (sync_actions a12)
7.0: (validate_payload t2 a11 t3)
8.0: (sync_actions a11)
9.0: (validate_payload t3 a8 t4)
10.0: (sync_actions a8)
11.0: (validate_payload t4 a1 t5)
12.0: (sync_actions a1)
13.0: (add_action a2)
14.0: (check_added_variables_model a2)
15.0: (move_in_model_move_automata a2)
16.0: (add_action a9)
17.0: (check_added_variables_model a9)
18.0: (move_in_model_move_automata a9)

Plan-Length:19
Metric (Search):6.0
Planning Time (msec): 212
Heuristic Time (msec): 2
Search Time (msec): 205
Expanded Nodes:547
States Evaluated:757
Number of Dead-Ends detected:0
Number of Duplicates detected:65
/usr/bin/time -v timeout 600 java -Xmx64g -jar ./enhsp3.jar -o ./domain_with_failure.pddl -f ./problems/BasePN-0And-del-3-d5/problem40.pddl -h blind -s WAStar
Domain parsed
Problem parsed
Grounding..
Grounding Time: 2524
UFX:true
|F|:7534
|X|:10
|A|:473
|P|:0
|E|:0
h(I):0.0
f(n) = 1.0 (Expanded Nodes: 6, Evaluated States: 20, Time: 0.027) Frontier Size: 14
f(n) = 2.0 (Expanded Nodes: 38, Evaluated States: 88, Time: 0.077) Frontier Size: 50
f(n) = 3.0 (Expanded Nodes: 105, Evaluated States: 198, Time: 0.107) Frontier Size: 93
f(n) = 4.0 (Expanded Nodes: 209, Evaluated States: 392, Time: 0.127) Frontier Size: 183
f(n) = 5.0 (Expanded Nodes: 411, Evaluated States: 710, Time: 0.154) Frontier Size: 299
f(n) = 6.0 (Expanded Nodes: 699, Evaluated States: 1081, Time: 0.19) Frontier Size: 382
Problem Solved

Found Plan:
0.0: (validate_payload t0 a7 t1)
1.0: (sync_actions a7)
2.0: (validate_payload t1 a10 t2)
3.0: (sync_actions a10)
4.0: (add_action a12)
5.0: (check_added_variables_model a12)
6.0: (move_in_model_move_automata a12)
7.0: (validate_payload t2 a11 t3)
8.0: (sync_actions a11)
9.0: (validate_payload t3 a8 t4)
10.0: (sync_actions a8)
11.0: (add_action a1)
12.0: (check_added_variables_model a1)
13.0: (move_in_model_move_automata a1)
14.0: (validate_payload t4 a2 t5)
15.0: (sync_actions a2)
16.0: (add_action a9)
17.0: (check_added_variables_model a9)
18.0: (move_in_model_move_automata a9)

Plan-Length:19
Metric (Search):6.0
Planning Time (msec): 247
Heuristic Time (msec): 8
Search Time (msec): 239
Expanded Nodes:1074
States Evaluated:1589
Number of Dead-Ends detected:0
Number of Duplicates detected:105
/usr/bin/time -v timeout 600 java -Xmx64g -jar ./enhsp3.jar -o ./domain_with_failure.pddl -f ./problems/BasePN-0And-del-3-d5/problem41.pddl -h blind -s WAStar
Domain parsed
Problem parsed
Grounding..
Grounding Time: 2590
UFX:true
|F|:7534
|X|:11
|A|:473
|P|:0
|E|:0
h(I):0.0
f(n) = 1.0 (Expanded Nodes: 6, Evaluated States: 20, Time: 0.025) Frontier Size: 14
f(n) = 2.0 (Expanded Nodes: 38, Evaluated States: 88, Time: 0.068) Frontier Size: 50
f(n) = 3.0 (Expanded Nodes: 107, Evaluated States: 201, Time: 0.111) Frontier Size: 94
f(n) = 4.0 (Expanded Nodes: 225, Evaluated States: 426, Time: 0.131) Frontier Size: 201
f(n) = 5.0 (Expanded Nodes: 476, Evaluated States: 836, Time: 0.174) Frontier Size: 360
f(n) = 6.0 (Expanded Nodes: 855, Evaluated States: 1333, Time: 0.216) Frontier Size: 478
Problem Solved

Found Plan:
0.0: (validate_payload t0 a7 t1)
1.0: (sync_actions a7)
2.0: (validate_payload t1 a10 t2)
3.0: (sync_actions a10)
4.0: (add_action a12)
5.0: (check_added_variables_model a12)
6.0: (move_in_model_move_automata a12)
7.0: (validate_payload t2 a11 t3)
8.0: (sync_actions a11)
9.0: (validate_payload t3 a8 t4)
10.0: (sync_actions a8)
11.0: (validate_payload t4 a1 t5)
12.0: (sync_actions a1)
13.0: (add_action a2)
14.0: (check_added_variables_model a2)
15.0: (move_in_model_move_automata a2)
16.0: (add_action a9)
17.0: (check_added_variables_model a9)
18.0: (move_in_model_move_automata a9)

Plan-Length:19
Metric (Search):6.0
Planning Time (msec): 225
Heuristic Time (msec): 10
Search Time (msec): 218
Expanded Nodes:872
States Evaluated:1367
Number of Dead-Ends detected:0
Number of Duplicates detected:63
/usr/bin/time -v timeout 600 java -Xmx64g -jar ./enhsp3.jar -o ./domain_with_failure.pddl -f ./problems/BasePN-0And-del-3-d5/problem42.pddl -h blind -s WAStar
Domain parsed
Problem parsed
Grounding..
Grounding Time: 2552
UFX:true
|F|:7534
|X|:11
|A|:473
|P|:0
|E|:0
h(I):0.0
f(n) = 1.0 (Expanded Nodes: 4, Evaluated States: 12, Time: 0.021) Frontier Size: 8
f(n) = 2.0 (Expanded Nodes: 16, Evaluated States: 32, Time: 0.058) Frontier Size: 16
f(n) = 3.0 (Expanded Nodes: 27, Evaluated States: 57, Time: 0.077) Frontier Size: 30
f(n) = 4.0 (Expanded Nodes: 62, Evaluated States: 117, Time: 0.095) Frontier Size: 55
f(n) = 5.0 (Expanded Nodes: 109, Evaluated States: 187, Time: 0.108) Frontier Size: 78
f(n) = 6.0 (Expanded Nodes: 231, Evaluated States: 378, Time: 0.143) Frontier Size: 147
Problem Solved

Found Plan:
0.0: (validate_payload t0 a7 t1)
1.0: (sync_actions a7)
2.0: (add_action a10)
3.0: (check_added_variables_model a10)
4.0: (move_in_model_move_automata a10)
5.0: (add_action a12)
6.0: (check_added_variables_model a12)
7.0: (move_in_model_move_automata a12)
8.0: (validate_payload t1 a11 t2)
9.0: (sync_actions a11)
10.0: (validate_payload t2 a8 t3)
11.0: (sync_actions a8)
12.0: (validate_payload t3 a1 t4)
13.0: (sync_actions a1)
14.0: (validate_payload t4 a2 t5)
15.0: (sync_actions a2)
16.0: (add_action a9)
17.0: (check_added_variables_model a9)
18.0: (move_in_model_move_automata a9)

Plan-Length:19
Metric (Search):6.0
Planning Time (msec): 167
Heuristic Time (msec): 2
Search Time (msec): 161
Expanded Nodes:297
States Evaluated:459
Number of Dead-Ends detected:0
Number of Duplicates detected:26
/usr/bin/time -v timeout 600 java -Xmx64g -jar ./enhsp3.jar -o ./domain_with_failure.pddl -f ./problems/BasePN-0And-del-3-d5/problem43.pddl -h blind -s WAStar
Domain parsed
Problem parsed
Grounding..
Grounding Time: 2542
UFX:true
|F|:7534
|X|:10
|A|:473
|P|:0
|E|:0
h(I):0.0
f(n) = 1.0 (Expanded Nodes: 2, Evaluated States: 7, Time: 0.018) Frontier Size: 5
f(n) = 2.0 (Expanded Nodes: 6, Evaluated States: 7, Time: 0.055) Frontier Size: 1
f(n) = 3.0 (Expanded Nodes: 12, Evaluated States: 23, Time: 0.064) Frontier Size: 11
f(n) = 4.0 (Expanded Nodes: 24, Evaluated States: 41, Time: 0.069) Frontier Size: 17
f(n) = 5.0 (Expanded Nodes: 45, Evaluated States: 93, Time: 0.089) Frontier Size: 48
f(n) = 6.0 (Expanded Nodes: 115, Evaluated States: 187, Time: 0.113) Frontier Size: 72
Problem Solved

Found Plan:
0.0: (add_action a7)
1.0: (check_added_variables_model a7)
2.0: (move_in_model_move_automata a7)
3.0: (validate_payload t0 a10 t1)
4.0: (sync_actions a10)
5.0: (add_action a12)
6.0: (check_added_variables_model a12)
7.0: (move_in_model_move_automata a12)
8.0: (validate_payload t1 a11 t2)
9.0: (sync_actions a11)
10.0: (add_action a8)
11.0: (check_added_variables_model a8)
12.0: (move_in_model_move_automata a8)
13.0: (validate_payload t2 a1 t3)
14.0: (sync_actions a1)
15.0: (validate_payload t3 a2 t4)
16.0: (sync_actions a2)
17.0: (validate_payload t4 a9 t5)
18.0: (sync_actions a9)

Plan-Length:19
Metric (Search):6.0
Planning Time (msec): 147
Heuristic Time (msec): 9
Search Time (msec): 141
Expanded Nodes:207
States Evaluated:300
Number of Dead-Ends detected:0
Number of Duplicates detected:16
/usr/bin/time -v timeout 600 java -Xmx64g -jar ./enhsp3.jar -o ./domain_with_failure.pddl -f ./problems/BasePN-0And-del-3-d5/problem44.pddl -h blind -s WAStar
Domain parsed
Problem parsed
Grounding..
Grounding Time: 2406
UFX:true
|F|:7534
|X|:10
|A|:473
|P|:0
|E|:0
h(I):0.0
f(n) = 1.0 (Expanded Nodes: 6, Evaluated States: 21, Time: 0.025) Frontier Size: 15
f(n) = 2.0 (Expanded Nodes: 38, Evaluated States: 92, Time: 0.068) Frontier Size: 54
f(n) = 3.0 (Expanded Nodes: 107, Evaluated States: 211, Time: 0.103) Frontier Size: 104
f(n) = 4.0 (Expanded Nodes: 227, Evaluated States: 438, Time: 0.139) Frontier Size: 211
f(n) = 5.0 (Expanded Nodes: 466, Evaluated States: 802, Time: 0.202) Frontier Size: 336
Problem Solved

Found Plan:
0.0: (validate_payload t0 a7 t1)
1.0: (sync_actions a7)
2.0: (change_value a10 integer v0)
3.0: (validate_payload t1 a10 t2)
4.0: (sync_actions a10)
5.0: (add_action a12)
6.0: (check_added_variables_model a12)
7.0: (move_in_model_move_automata a12)
8.0: (validate_payload t2 a11 t3)
9.0: (sync_actions a11)
10.0: (validate_payload t3 a8 t4)
11.0: (sync_actions a8)
12.0: (add_action a0)
13.0: (check_added_variables_model a0)
14.0: (move_in_model_move_automata a0)
15.0: (validate_payload t4 a9 t5)
16.0: (sync_actions a9)

Plan-Length:17
Metric (Search):5.0
Planning Time (msec): 242
Heuristic Time (msec): 5
Search Time (msec): 238
Expanded Nodes:752
States Evaluated:1220
Number of Dead-Ends detected:0
Number of Duplicates detected:41
/usr/bin/time -v timeout 600 java -Xmx64g -jar ./enhsp3.jar -o ./domain_with_failure.pddl -f ./problems/BasePN-0And-del-3-d5/problem45.pddl -h blind -s WAStar
Domain parsed
Problem parsed
Grounding..
Grounding Time: 2564
UFX:true
|F|:7531
|X|:8
|A|:472
|P|:0
|E|:0
h(I):0.0
f(n) = 2.0 (Expanded Nodes: 2, Evaluated States: 3, Time: 0.021) Frontier Size: 1
f(n) = 4.0 (Expanded Nodes: 12, Evaluated States: 22, Time: 0.06) Frontier Size: 10
f(n) = 6.0 (Expanded Nodes: 34, Evaluated States: 52, Time: 0.084) Frontier Size: 18
Problem Solved

Found Plan:
0.0: (add_action a7)
1.0: (check_added_variables_model a7)
2.0: (move_in_model_move_automata a7)
3.0: (validate_payload t0 a10 t1)
4.0: (sync_actions a10)
5.0: (validate_payload t1 a12 t2)
6.0: (sync_actions a12)
7.0: (validate_payload t2 a11 t3)
8.0: (sync_actions a11)
9.0: (add_action a8)
10.0: (check_added_variables_model a8)
11.0: (move_in_model_move_automata a8)
12.0: (add_action a0)
13.0: (check_added_variables_model a0)
14.0: (move_in_model_move_automata a0)
15.0: (validate_payload t3 a9 t4)
16.0: (sync_actions a9)

Plan-Length:17
Metric (Search):6.0
Planning Time (msec): 96
Heuristic Time (msec): 6
Search Time (msec): 94
Expanded Nodes:50
States Evaluated:72
Number of Dead-Ends detected:0
Number of Duplicates detected:7
/usr/bin/time -v timeout 600 java -Xmx64g -jar ./enhsp3.jar -o ./domain_with_failure.pddl -f ./problems/BasePN-0And-del-3-d5/problem46.pddl -h blind -s WAStar
Domain parsed
Problem parsed
Grounding..
Grounding Time: 2558
UFX:true
|F|:7534
|X|:10
|A|:473
|P|:0
|E|:0
h(I):0.0
f(n) = 1.0 (Expanded Nodes: 4, Evaluated States: 12, Time: 0.022) Frontier Size: 8
f(n) = 2.0 (Expanded Nodes: 16, Evaluated States: 32, Time: 0.062) Frontier Size: 16
f(n) = 3.0 (Expanded Nodes: 27, Evaluated States: 54, Time: 0.087) Frontier Size: 27
f(n) = 4.0 (Expanded Nodes: 59, Evaluated States: 102, Time: 0.097) Frontier Size: 43
f(n) = 5.0 (Expanded Nodes: 88, Evaluated States: 148, Time: 0.113) Frontier Size: 60
f(n) = 6.0 (Expanded Nodes: 162, Evaluated States: 237, Time: 0.131) Frontier Size: 75
Problem Solved

Found Plan:
0.0: (validate_payload t0 a7 t1)
1.0: (sync_actions a7)
2.0: (add_action a10)
3.0: (check_added_variables_model a10)
4.0: (move_in_model_move_automata a10)
5.0: (add_action a12)
6.0: (check_added_variables_model a12)
7.0: (move_in_model_move_automata a12)
8.0: (validate_payload t1 a11 t2)
9.0: (sync_actions a11)
10.0: (add_action a8)
11.0: (check_added_variables_model a8)
12.0: (move_in_model_move_automata a8)
13.0: (validate_payload t2 a1 t3)
14.0: (sync_actions a1)
15.0: (validate_payload t3 a2 t4)
16.0: (sync_actions a2)
17.0: (validate_payload t4 a9 t5)
18.0: (sync_actions a9)

Plan-Length:19
Metric (Search):6.0
Planning Time (msec): 156
Heuristic Time (msec): 2
Search Time (msec): 148
Expanded Nodes:213
States Evaluated:304
Number of Dead-Ends detected:0
Number of Duplicates detected:30
/usr/bin/time -v timeout 600 java -Xmx64g -jar ./enhsp3.jar -o ./domain_with_failure.pddl -f ./problems/BasePN-0And-del-3-d5/problem47.pddl -h blind -s WAStar
Domain parsed
Problem parsed
Grounding..
Grounding Time: 2586
UFX:true
|F|:7534
|X|:12
|A|:473
|P|:0
|E|:0
h(I):0.0
f(n) = 1.0 (Expanded Nodes: 8, Evaluated States: 27, Time: 0.029) Frontier Size: 19
f(n) = 2.0 (Expanded Nodes: 57, Evaluated States: 146, Time: 0.081) Frontier Size: 89
f(n) = 3.0 (Expanded Nodes: 173, Evaluated States: 356, Time: 0.12) Frontier Size: 183
f(n) = 4.0 (Expanded Nodes: 365, Evaluated States: 676, Time: 0.152) Frontier Size: 311
f(n) = 5.0 (Expanded Nodes: 826, Evaluated States: 1465, Time: 0.208) Frontier Size: 639
f(n) = 6.0 (Expanded Nodes: 1667, Evaluated States: 2572, Time: 0.262) Frontier Size: 905
Problem Solved

Found Plan:
0.0: (validate_payload t0 a7 t1)
1.0: (sync_actions a7)
2.0: (validate_payload t1 a10 t2)
3.0: (sync_actions a10)
4.0: (validate_payload t2 a12 t3)
5.0: (sync_actions a12)
6.0: (add_action a11)
7.0: (check_added_variables_model a11)
8.0: (move_in_model_move_automata a11)
9.0: (validate_payload t3 a8 t4)
10.0: (sync_actions a8)
11.0: (validate_payload t4 a1 t5)
12.0: (sync_actions a1)
13.0: (add_action a2)
14.0: (check_added_variables_model a2)
15.0: (move_in_model_move_automata a2)
16.0: (add_action a9)
17.0: (check_added_variables_model a9)
18.0: (move_in_model_move_automata a9)

Plan-Length:19
Metric (Search):6.0
Planning Time (msec): 326
Heuristic Time (msec): 9
Search Time (msec): 319
Expanded Nodes:2543
States Evaluated:3784
Number of Dead-Ends detected:0
Number of Duplicates detected:197
/usr/bin/time -v timeout 600 java -Xmx64g -jar ./enhsp3.jar -o ./domain_with_failure.pddl -f ./problems/BasePN-0And-del-3-d5/problem48.pddl -h blind -s WAStar
Domain parsed
Problem parsed
Grounding..
Grounding Time: 2603
UFX:true
|F|:7534
|X|:11
|A|:473
|P|:0
|E|:0
h(I):0.0
f(n) = 1.0 (Expanded Nodes: 8, Evaluated States: 24, Time: 0.034) Frontier Size: 16
f(n) = 2.0 (Expanded Nodes: 54, Evaluated States: 122, Time: 0.084) Frontier Size: 68
f(n) = 3.0 (Expanded Nodes: 149, Evaluated States: 290, Time: 0.125) Frontier Size: 141
f(n) = 4.0 (Expanded Nodes: 289, Evaluated States: 544, Time: 0.163) Frontier Size: 255
f(n) = 5.0 (Expanded Nodes: 630, Evaluated States: 1057, Time: 0.215) Frontier Size: 427
f(n) = 6.0 (Expanded Nodes: 1143, Evaluated States: 1626, Time: 0.266) Frontier Size: 483
Problem Solved

Found Plan:
0.0: (validate_payload t0 a7 t1)
1.0: (sync_actions a7)
2.0: (validate_payload t1 a10 t2)
3.0: (sync_actions a10)
4.0: (validate_payload t2 a12 t3)
5.0: (sync_actions a12)
6.0: (add_action a11)
7.0: (check_added_variables_model a11)
8.0: (move_in_model_move_automata a11)
9.0: (validate_payload t3 a8 t4)
10.0: (sync_actions a8)
11.0: (validate_payload t4 a1 t5)
12.0: (sync_actions a1)
13.0: (add_action a2)
14.0: (check_added_variables_model a2)
15.0: (move_in_model_move_automata a2)
16.0: (add_action a9)
17.0: (check_added_variables_model a9)
18.0: (move_in_model_move_automata a9)

Plan-Length:19
Metric (Search):6.0
Planning Time (msec): 289
Heuristic Time (msec): 14
Search Time (msec): 282
Expanded Nodes:1290
States Evaluated:1852
Number of Dead-Ends detected:0
Number of Duplicates detected:126
/usr/bin/time -v timeout 600 java -Xmx64g -jar ./enhsp3.jar -o ./domain_with_failure.pddl -f ./problems/BasePN-0And-del-3-d5/problem49.pddl -h blind -s WAStar
Domain parsed
Problem parsed
Grounding..
Grounding Time: 2499
UFX:true
|F|:7534
|X|:11
|A|:473
|P|:0
|E|:0
h(I):0.0
f(n) = 1.0 (Expanded Nodes: 6, Evaluated States: 21, Time: 0.027) Frontier Size: 15
f(n) = 2.0 (Expanded Nodes: 38, Evaluated States: 92, Time: 0.078) Frontier Size: 54
f(n) = 3.0 (Expanded Nodes: 105, Evaluated States: 207, Time: 0.106) Frontier Size: 102
f(n) = 4.0 (Expanded Nodes: 217, Evaluated States: 402, Time: 0.134) Frontier Size: 185
f(n) = 5.0 (Expanded Nodes: 460, Evaluated States: 706, Time: 0.176) Frontier Size: 246
f(n) = 6.0 (Expanded Nodes: 800, Evaluated States: 1151, Time: 0.21) Frontier Size: 351
Problem Solved

Found Plan:
0.0: (validate_payload t0 a7 t1)
1.0: (sync_actions a7)
2.0: (validate_payload t1 a10 t2)
3.0: (sync_actions a10)
4.0: (add_action a12)
5.0: (check_added_variables_model a12)
6.0: (move_in_model_move_automata a12)
7.0: (add_action a11)
8.0: (check_added_variables_model a11)
9.0: (move_in_model_move_automata a11)
10.0: (validate_payload t2 a8 t3)
11.0: (sync_actions a8)
12.0: (validate_payload t3 a1 t4)
13.0: (sync_actions a1)
14.0: (add_action a2)
15.0: (check_added_variables_model a2)
16.0: (move_in_model_move_automata a2)
17.0: (validate_payload t4 a9 t5)
18.0: (sync_actions a9)

Plan-Length:19
Metric (Search):6.0
Planning Time (msec): 261
Heuristic Time (msec): 8
Search Time (msec): 258
Expanded Nodes:1238
States Evaluated:1765
Number of Dead-Ends detected:0
Number of Duplicates detected:90
/usr/bin/time -v timeout 600 java -Xmx64g -jar ./enhsp3.jar -o ./domain_with_failure.pddl -f ./problems/BasePN-0And-del-3-d5/problem50.pddl -h blind -s WAStar
Domain parsed
Problem parsed
Grounding..
Grounding Time: 2500
UFX:true
|F|:7534
|X|:10
|A|:473
|P|:0
|E|:0
h(I):0.0
f(n) = 1.0 (Expanded Nodes: 2, Evaluated States: 7, Time: 0.019) Frontier Size: 5
f(n) = 2.0 (Expanded Nodes: 6, Evaluated States: 7, Time: 0.047) Frontier Size: 1
f(n) = 3.0 (Expanded Nodes: 14, Evaluated States: 28, Time: 0.064) Frontier Size: 14
f(n) = 4.0 (Expanded Nodes: 34, Evaluated States: 64, Time: 0.075) Frontier Size: 30
f(n) = 5.0 (Expanded Nodes: 62, Evaluated States: 131, Time: 0.098) Frontier Size: 69
f(n) = 6.0 (Expanded Nodes: 172, Evaluated States: 295, Time: 0.12) Frontier Size: 123
Problem Solved

Found Plan:
0.0: (add_action a7)
1.0: (check_added_variables_model a7)
2.0: (move_in_model_move_automata a7)
3.0: (validate_payload t0 a10 t1)
4.0: (sync_actions a10)
5.0: (validate_payload t1 a12 t2)
6.0: (sync_actions a12)
7.0: (add_action a11)
8.0: (check_added_variables_model a11)
9.0: (move_in_model_move_automata a11)
10.0: (validate_payload t2 a8 t3)
11.0: (sync_actions a8)
12.0: (validate_payload t3 a1 t4)
13.0: (sync_actions a1)
14.0: (add_action a2)
15.0: (check_added_variables_model a2)
16.0: (move_in_model_move_automata a2)
17.0: (validate_payload t4 a9 t5)
18.0: (sync_actions a9)

Plan-Length:19
Metric (Search):6.0
Planning Time (msec): 135
Heuristic Time (msec): 6
Search Time (msec): 128
Expanded Nodes:205
States Evaluated:336
Number of Dead-Ends detected:0
Number of Duplicates detected:9
/usr/bin/time -v timeout 600 java -Xmx64g -jar ./enhsp3.jar -o ./domain_with_failure.pddl -f ./problems/BasePN-0And-del-3-d5/problem51.pddl -h blind -s WAStar
Domain parsed
Problem parsed
Grounding..
Grounding Time: 2452
UFX:true
|F|:7534
|X|:10
|A|:473
|P|:0
|E|:0
h(I):0.0
f(n) = 1.0 (Expanded Nodes: 8, Evaluated States: 25, Time: 0.027) Frontier Size: 17
f(n) = 2.0 (Expanded Nodes: 31, Evaluated States: 73, Time: 0.066) Frontier Size: 42
f(n) = 3.0 (Expanded Nodes: 68, Evaluated States: 139, Time: 0.094) Frontier Size: 71
f(n) = 4.0 (Expanded Nodes: 160, Evaluated States: 282, Time: 0.112) Frontier Size: 122
f(n) = 5.0 (Expanded Nodes: 304, Evaluated States: 475, Time: 0.142) Frontier Size: 171
f(n) = 6.0 (Expanded Nodes: 506, Evaluated States: 770, Time: 0.169) Frontier Size: 264
f(n) = 7.0 (Expanded Nodes: 876, Evaluated States: 1304, Time: 0.211) Frontier Size: 427
Problem Solved

Found Plan:
0.0: (validate_payload t0 a7 t1)
1.0: (sync_actions a7)
2.0: (validate_payload t1 a10 t2)
3.0: (sync_actions a10)
4.0: (validate_payload t2 a12 t3)
5.0: (sync_actions a12)
6.0: (add_action a11)
7.0: (check_added_variables_model a11)
8.0: (move_in_model_move_automata a11)
9.0: (validate_payload t3 a8 t4)
10.0: (sync_actions a8)
11.0: (add_action a1)
12.0: (move_in_model_parameter a1 sDEC1_2 integer v5)
13.0: (check_added_variables_model a1)
14.0: (move_in_model_move_automata a1)
15.0: (validate_payload t4 a2 t5)
16.0: (sync_actions a2)
17.0: (add_action a9)
18.0: (check_added_variables_model a9)
19.0: (move_in_model_move_automata a9)

Plan-Length:20
Metric (Search):7.0
Planning Time (msec): 243
Heuristic Time (msec): 2
Search Time (msec): 228
Expanded Nodes:1077
States Evaluated:1546
Number of Dead-Ends detected:0
Number of Duplicates detected:103
/usr/bin/time -v timeout 600 java -Xmx64g -jar ./enhsp3.jar -o ./domain_with_failure.pddl -f ./problems/BasePN-0And-del-3-d5/problem52.pddl -h blind -s WAStar
Domain parsed
Problem parsed
Grounding..
Grounding Time: 2517
UFX:true
|F|:7534
|X|:11
|A|:473
|P|:0
|E|:0
h(I):0.0
f(n) = 1.0 (Expanded Nodes: 4, Evaluated States: 12, Time: 0.026) Frontier Size: 8
f(n) = 2.0 (Expanded Nodes: 16, Evaluated States: 32, Time: 0.056) Frontier Size: 16
f(n) = 3.0 (Expanded Nodes: 27, Evaluated States: 57, Time: 0.073) Frontier Size: 30
f(n) = 4.0 (Expanded Nodes: 62, Evaluated States: 117, Time: 0.086) Frontier Size: 55
f(n) = 5.0 (Expanded Nodes: 107, Evaluated States: 184, Time: 0.111) Frontier Size: 77
f(n) = 6.0 (Expanded Nodes: 217, Evaluated States: 357, Time: 0.135) Frontier Size: 140
Problem Solved

Found Plan:
0.0: (validate_payload t0 a7 t1)
1.0: (sync_actions a7)
2.0: (add_action a10)
3.0: (check_added_variables_model a10)
4.0: (move_in_model_move_automata a10)
5.0: (add_action a12)
6.0: (check_added_variables_model a12)
7.0: (move_in_model_move_automata a12)
8.0: (validate_payload t1 a11 t2)
9.0: (sync_actions a11)
10.0: (validate_payload t2 a8 t3)
11.0: (sync_actions a8)
12.0: (validate_payload t3 a1 t4)
13.0: (sync_actions a1)
14.0: (add_action a2)
15.0: (check_added_variables_model a2)
16.0: (move_in_model_move_automata a2)
17.0: (validate_payload t4 a9 t5)
18.0: (sync_actions a9)

Plan-Length:19
Metric (Search):6.0
Planning Time (msec): 170
Heuristic Time (msec): 5
Search Time (msec): 164
Expanded Nodes:293
States Evaluated:447
Number of Dead-Ends detected:0
Number of Duplicates detected:26
/usr/bin/time -v timeout 600 java -Xmx64g -jar ./enhsp3.jar -o ./domain_with_failure.pddl -f ./problems/BasePN-0And-del-3-d5/problem53.pddl -h blind -s WAStar
Domain parsed
Problem parsed
Grounding..
Grounding Time: 2671
UFX:true
|F|:7534
|X|:10
|A|:473
|P|:0
|E|:0
h(I):0.0
f(n) = 1.0 (Expanded Nodes: 6, Evaluated States: 21, Time: 0.025) Frontier Size: 15
f(n) = 2.0 (Expanded Nodes: 38, Evaluated States: 92, Time: 0.073) Frontier Size: 54
f(n) = 3.0 (Expanded Nodes: 107, Evaluated States: 211, Time: 0.114) Frontier Size: 104
f(n) = 4.0 (Expanded Nodes: 227, Evaluated States: 438, Time: 0.142) Frontier Size: 211
f(n) = 5.0 (Expanded Nodes: 466, Evaluated States: 803, Time: 0.187) Frontier Size: 337
f(n) = 6.0 (Expanded Nodes: 822, Evaluated States: 1309, Time: 0.228) Frontier Size: 487
f(n) = 7.0 (Expanded Nodes: 1447, Evaluated States: 2159, Time: 0.282) Frontier Size: 711
Problem Solved

Found Plan:
0.0: (validate_payload t0 a7 t1)
1.0: (sync_actions a7)
2.0: (validate_payload t1 a10 t2)
3.0: (sync_actions a10)
4.0: (add_action a12)
5.0: (check_added_variables_model a12)
6.0: (move_in_model_move_automata a12)
7.0: (validate_payload t2 a11 t3)
8.0: (sync_actions a11)
9.0: (validate_payload t3 a8 t4)
10.0: (sync_actions a8)
11.0: (add_action a1)
12.0: (move_in_model_parameter a1 sDEC1_2 integer v0)
13.0: (check_added_variables_model a1)
14.0: (move_in_model_move_automata a1)
15.0: (validate_payload t4 a2 t5)
16.0: (sync_actions a2)
17.0: (add_action a9)
18.0: (check_added_variables_model a9)
19.0: (move_in_model_move_automata a9)

Plan-Length:20
Metric (Search):7.0
Planning Time (msec): 296
Heuristic Time (msec): 6
Search Time (msec): 283
Expanded Nodes:1461
States Evaluated:2168
Number of Dead-Ends detected:0
Number of Duplicates detected:129
/usr/bin/time -v timeout 600 java -Xmx64g -jar ./enhsp3.jar -o ./domain_with_failure.pddl -f ./problems/BasePN-0And-del-3-d5/problem54.pddl -h blind -s WAStar
Domain parsed
Problem parsed
Grounding..
Grounding Time: 2688
UFX:true
|F|:7531
|X|:9
|A|:472
|P|:0
|E|:0
h(I):0.0
f(n) = 1.0 (Expanded Nodes: 4, Evaluated States: 12, Time: 0.023) Frontier Size: 8
f(n) = 2.0 (Expanded Nodes: 16, Evaluated States: 32, Time: 0.053) Frontier Size: 16
f(n) = 3.0 (Expanded Nodes: 31, Evaluated States: 62, Time: 0.083) Frontier Size: 31
f(n) = 4.0 (Expanded Nodes: 75, Evaluated States: 134, Time: 0.098) Frontier Size: 59
f(n) = 5.0 (Expanded Nodes: 110, Evaluated States: 186, Time: 0.118) Frontier Size: 76
f(n) = 6.0 (Expanded Nodes: 202, Evaluated States: 293, Time: 0.136) Frontier Size: 91
Problem Solved

Found Plan:
0.0: (validate_payload t0 a7 t1)
1.0: (sync_actions a7)
2.0: (add_action a10)
3.0: (check_added_variables_model a10)
4.0: (move_in_model_move_automata a10)
5.0: (validate_payload t1 a12 t2)
6.0: (sync_actions a12)
7.0: (validate_payload t2 a11 t3)
8.0: (sync_actions a11)
9.0: (add_action a8)
10.0: (check_added_variables_model a8)
11.0: (move_in_model_move_automata a8)
12.0: (add_action a0)
13.0: (check_added_variables_model a0)
14.0: (move_in_model_move_automata a0)
15.0: (validate_payload t3 a9 t4)
16.0: (sync_actions a9)

Plan-Length:17
Metric (Search):6.0
Planning Time (msec): 150
Heuristic Time (msec): 7
Search Time (msec): 143
Expanded Nodes:214
States Evaluated:308
Number of Dead-Ends detected:0
Number of Duplicates detected:27
/usr/bin/time -v timeout 600 java -Xmx64g -jar ./enhsp3.jar -o ./domain_with_failure.pddl -f ./problems/BasePN-0And-del-3-d5/problem55.pddl -h blind -s WAStar
Domain parsed
Problem parsed
Grounding..
Grounding Time: 2441
UFX:true
|F|:7534
|X|:10
|A|:473
|P|:0
|E|:0
h(I):0.0
f(n) = 1.0 (Expanded Nodes: 2, Evaluated States: 7, Time: 0.024) Frontier Size: 5
f(n) = 2.0 (Expanded Nodes: 6, Evaluated States: 7, Time: 0.054) Frontier Size: 1
f(n) = 3.0 (Expanded Nodes: 20, Evaluated States: 45, Time: 0.073) Frontier Size: 25
f(n) = 4.0 (Expanded Nodes: 76, Evaluated States: 153, Time: 0.101) Frontier Size: 77
f(n) = 5.0 (Expanded Nodes: 142, Evaluated States: 275, Time: 0.129) Frontier Size: 133
f(n) = 6.0 (Expanded Nodes: 346, Evaluated States: 558, Time: 0.17) Frontier Size: 212
Problem Solved

Found Plan:
0.0: (add_action a7)
1.0: (check_added_variables_model a7)
2.0: (move_in_model_move_automata a7)
3.0: (validate_payload t0 a10 t1)
4.0: (sync_actions a10)
5.0: (validate_payload t1 a12 t2)
6.0: (sync_actions a12)
7.0: (validate_payload t2 a11 t3)
8.0: (sync_actions a11)
9.0: (validate_payload t3 a8 t4)
10.0: (sync_actions a8)
11.0: (validate_payload t4 a1 t5)
12.0: (sync_actions a1)
13.0: (add_action a2)
14.0: (check_added_variables_model a2)
15.0: (move_in_model_move_automata a2)
16.0: (add_action a9)
17.0: (check_added_variables_model a9)
18.0: (move_in_model_move_automata a9)

Plan-Length:19
Metric (Search):6.0
Planning Time (msec): 208
Heuristic Time (msec): 7
Search Time (msec): 194
Expanded Nodes:545
States Evaluated:782
Number of Dead-Ends detected:0
Number of Duplicates detected:38
/usr/bin/time -v timeout 600 java -Xmx64g -jar ./enhsp3.jar -o ./domain_with_failure.pddl -f ./problems/BasePN-0And-del-3-d5/problem56.pddl -h blind -s WAStar
Domain parsed
Problem parsed
Grounding..
Grounding Time: 2632
UFX:true
|F|:7534
|X|:11
|A|:473
|P|:0
|E|:0
h(I):0.0
f(n) = 1.0 (Expanded Nodes: 8, Evaluated States: 24, Time: 0.031) Frontier Size: 16
f(n) = 2.0 (Expanded Nodes: 56, Evaluated States: 132, Time: 0.088) Frontier Size: 76
f(n) = 3.0 (Expanded Nodes: 173, Evaluated States: 334, Time: 0.129) Frontier Size: 161
f(n) = 4.0 (Expanded Nodes: 345, Evaluated States: 568, Time: 0.153) Frontier Size: 223
f(n) = 5.0 (Expanded Nodes: 618, Evaluated States: 954, Time: 0.199) Frontier Size: 336
f(n) = 6.0 (Expanded Nodes: 1031, Evaluated States: 1360, Time: 0.237) Frontier Size: 329
Problem Solved

Found Plan:
0.0: (validate_payload t0 a7 t1)
1.0: (sync_actions a7)
2.0: (validate_payload t1 a10 t2)
3.0: (sync_actions a10)
4.0: (validate_payload t2 a12 t3)
5.0: (sync_actions a12)
6.0: (add_action a11)
7.0: (check_added_variables_model a11)
8.0: (move_in_model_move_automata a11)
9.0: (add_action a8)
10.0: (check_added_variables_model a8)
11.0: (move_in_model_move_automata a8)
12.0: (validate_payload t3 a1 t4)
13.0: (sync_actions a1)
14.0: (add_action a2)
15.0: (check_added_variables_model a2)
16.0: (move_in_model_move_automata a2)
17.0: (validate_payload t4 a9 t5)
18.0: (sync_actions a9)

Plan-Length:19
Metric (Search):6.0
Planning Time (msec): 267
Heuristic Time (msec): 6
Search Time (msec): 259
Expanded Nodes:1242
States Evaluated:1664
Number of Dead-Ends detected:0
Number of Duplicates detected:128
/usr/bin/time -v timeout 600 java -Xmx64g -jar ./enhsp3.jar -o ./domain_with_failure.pddl -f ./problems/BasePN-0And-del-3-d5/problem57.pddl -h blind -s WAStar
Domain parsed
Problem parsed
Grounding..
Grounding Time: 2639
UFX:true
|F|:7534
|X|:11
|A|:473
|P|:0
|E|:0
h(I):0.0
f(n) = 1.0 (Expanded Nodes: 4, Evaluated States: 12, Time: 0.023) Frontier Size: 8
f(n) = 2.0 (Expanded Nodes: 16, Evaluated States: 32, Time: 0.058) Frontier Size: 16
f(n) = 3.0 (Expanded Nodes: 27, Evaluated States: 57, Time: 0.071) Frontier Size: 30
f(n) = 4.0 (Expanded Nodes: 62, Evaluated States: 117, Time: 0.087) Frontier Size: 55
f(n) = 5.0 (Expanded Nodes: 107, Evaluated States: 184, Time: 0.107) Frontier Size: 77
f(n) = 6.0 (Expanded Nodes: 217, Evaluated States: 357, Time: 0.133) Frontier Size: 140
Problem Solved

Found Plan:
0.0: (validate_payload t0 a7 t1)
1.0: (sync_actions a7)
2.0: (add_action a10)
3.0: (check_added_variables_model a10)
4.0: (move_in_model_move_automata a10)
5.0: (add_action a12)
6.0: (check_added_variables_model a12)
7.0: (move_in_model_move_automata a12)
8.0: (validate_payload t1 a11 t2)
9.0: (sync_actions a11)
10.0: (validate_payload t2 a8 t3)
11.0: (sync_actions a8)
12.0: (validate_payload t3 a1 t4)
13.0: (sync_actions a1)
14.0: (add_action a2)
15.0: (check_added_variables_model a2)
16.0: (move_in_model_move_automata a2)
17.0: (validate_payload t4 a9 t5)
18.0: (sync_actions a9)

Plan-Length:19
Metric (Search):6.0
Planning Time (msec): 164
Heuristic Time (msec): 2
Search Time (msec): 157
Expanded Nodes:293
States Evaluated:447
Number of Dead-Ends detected:0
Number of Duplicates detected:26
/usr/bin/time -v timeout 600 java -Xmx64g -jar ./enhsp3.jar -o ./domain_with_failure.pddl -f ./problems/BasePN-0And-del-3-d5/problem58.pddl -h blind -s WAStar
Domain parsed
Problem parsed
Grounding..
Grounding Time: 2606
UFX:true
|F|:7534
|X|:9
|A|:473
|P|:0
|E|:0
h(I):0.0
f(n) = 1.0 (Expanded Nodes: 2, Evaluated States: 7, Time: 0.019) Frontier Size: 5
f(n) = 2.0 (Expanded Nodes: 6, Evaluated States: 7, Time: 0.05) Frontier Size: 1
f(n) = 3.0 (Expanded Nodes: 16, Evaluated States: 30, Time: 0.062) Frontier Size: 14
f(n) = 4.0 (Expanded Nodes: 44, Evaluated States: 84, Time: 0.081) Frontier Size: 40
f(n) = 5.0 (Expanded Nodes: 66, Evaluated States: 123, Time: 0.09) Frontier Size: 57
f(n) = 6.0 (Expanded Nodes: 134, Evaluated States: 231, Time: 0.109) Frontier Size: 97
Problem Solved

Found Plan:
0.0: (add_action a7)
1.0: (check_added_variables_model a7)
2.0: (move_in_model_move_automata a7)
3.0: (validate_payload t0 a10 t1)
4.0: (sync_actions a10)
5.0: (validate_payload t1 a12 t2)
6.0: (sync_actions a12)
7.0: (validate_payload t2 a11 t3)
8.0: (sync_actions a11)
9.0: (add_action a8)
10.0: (check_added_variables_model a8)
11.0: (move_in_model_move_automata a8)
12.0: (add_action a1)
13.0: (check_added_variables_model a1)
14.0: (move_in_model_move_automata a1)
15.0: (validate_payload t3 a2 t4)
16.0: (sync_actions a2)
17.0: (validate_payload t4 a9 t5)
18.0: (sync_actions a9)

Plan-Length:19
Metric (Search):6.0
Planning Time (msec): 133
Heuristic Time (msec): 7
Search Time (msec): 127
Expanded Nodes:229
States Evaluated:322
Number of Dead-Ends detected:0
Number of Duplicates detected:22
/usr/bin/time -v timeout 600 java -Xmx64g -jar ./enhsp3.jar -o ./domain_with_failure.pddl -f ./problems/BasePN-0And-del-3-d5/problem59.pddl -h blind -s WAStar
Domain parsed
Problem parsed
Grounding..
Grounding Time: 2562
UFX:true
|F|:7534
|X|:10
|A|:473
|P|:0
|E|:0
h(I):0.0
f(n) = 1.0 (Expanded Nodes: 6, Evaluated States: 17, Time: 0.027) Frontier Size: 11
f(n) = 2.0 (Expanded Nodes: 18, Evaluated States: 35, Time: 0.065) Frontier Size: 17
f(n) = 3.0 (Expanded Nodes: 40, Evaluated States: 94, Time: 0.097) Frontier Size: 54
f(n) = 4.0 (Expanded Nodes: 114, Evaluated States: 188, Time: 0.122) Frontier Size: 74
f(n) = 5.0 (Expanded Nodes: 214, Evaluated States: 304, Time: 0.139) Frontier Size: 90
f(n) = 6.0 (Expanded Nodes: 334, Evaluated States: 472, Time: 0.164) Frontier Size: 138
Problem Solved

Found Plan:
0.0: (validate_payload t0 a7 t1)
1.0: (sync_actions a7)
2.0: (validate_payload t1 a10 t2)
3.0: (sync_actions a10)
4.0: (add_action a12)
5.0: (check_added_variables_model a12)
6.0: (move_in_model_move_automata a12)
7.0: (validate_payload t2 a11 t3)
8.0: (sync_actions a11)
9.0: (add_action a8)
10.0: (check_added_variables_model a8)
11.0: (move_in_model_move_automata a8)
12.0: (validate_payload t3 a1 t4)
13.0: (sync_actions a1)
14.0: (add_action a2)
15.0: (check_added_variables_model a2)
16.0: (move_in_model_move_automata a2)
17.0: (validate_payload t4 a9 t5)
18.0: (sync_actions a9)

Plan-Length:19
Metric (Search):6.0
Planning Time (msec): 171
Heuristic Time (msec): 5
Search Time (msec): 167
Expanded Nodes:343
States Evaluated:481
Number of Dead-Ends detected:0
Number of Duplicates detected:35
/usr/bin/time -v timeout 600 java -Xmx64g -jar ./enhsp3.jar -o ./domain_with_failure.pddl -f ./problems/BasePN-0And-del-3-d5/problem60.pddl -h blind -s WAStar
Domain parsed
Problem parsed
Grounding..
Grounding Time: 2496
UFX:true
|F|:7534
|X|:10
|A|:473
|P|:0
|E|:0
h(I):0.0
f(n) = 1.0 (Expanded Nodes: 2, Evaluated States: 7, Time: 0.02) Frontier Size: 5
f(n) = 2.0 (Expanded Nodes: 6, Evaluated States: 7, Time: 0.05) Frontier Size: 1
f(n) = 3.0 (Expanded Nodes: 20, Evaluated States: 38, Time: 0.065) Frontier Size: 18
f(n) = 4.0 (Expanded Nodes: 64, Evaluated States: 134, Time: 0.085) Frontier Size: 70
f(n) = 5.0 (Expanded Nodes: 120, Evaluated States: 212, Time: 0.111) Frontier Size: 92
f(n) = 6.0 (Expanded Nodes: 238, Evaluated States: 418, Time: 0.134) Frontier Size: 180
Problem Solved

Found Plan:
0.0: (add_action a7)
1.0: (check_added_variables_model a7)
2.0: (move_in_model_move_automata a7)
3.0: (validate_payload t0 a10 t1)
4.0: (sync_actions a10)
5.0: (validate_payload t1 a12 t2)
6.0: (sync_actions a12)
7.0: (validate_payload t2 a11 t3)
8.0: (sync_actions a11)
9.0: (validate_payload t3 a8 t4)
10.0: (sync_actions a8)
11.0: (validate_payload t4 a1 t5)
12.0: (sync_actions a1)
13.0: (add_action a2)
14.0: (check_added_variables_model a2)
15.0: (move_in_model_move_automata a2)
16.0: (add_action a9)
17.0: (check_added_variables_model a9)
18.0: (move_in_model_move_automata a9)

Plan-Length:19
Metric (Search):6.0
Planning Time (msec): 178
Heuristic Time (msec): 10
Search Time (msec): 165
Expanded Nodes:450
States Evaluated:635
Number of Dead-Ends detected:0
Number of Duplicates detected:41
/usr/bin/time -v timeout 600 java -Xmx64g -jar ./enhsp3.jar -o ./domain_with_failure.pddl -f ./problems/BasePN-0And-del-3-d5/problem61.pddl -h blind -s WAStar
Domain parsed
Problem parsed
Grounding..
Grounding Time: 2482
UFX:true
|F|:7534
|X|:10
|A|:473
|P|:0
|E|:0
h(I):0.0
f(n) = 2.0 (Expanded Nodes: 2, Evaluated States: 3, Time: 0.018) Frontier Size: 1
f(n) = 4.0 (Expanded Nodes: 6, Evaluated States: 10, Time: 0.058) Frontier Size: 4
f(n) = 5.0 (Expanded Nodes: 24, Evaluated States: 48, Time: 0.07) Frontier Size: 24
f(n) = 6.0 (Expanded Nodes: 42, Evaluated States: 75, Time: 0.083) Frontier Size: 33
Problem Solved

Found Plan:
0.0: (add_action a7)
1.0: (check_added_variables_model a7)
2.0: (move_in_model_move_automata a7)
3.0: (add_action a10)
4.0: (check_added_variables_model a10)
5.0: (move_in_model_move_automata a10)
6.0: (validate_payload t0 a12 t1)
7.0: (sync_actions a12)
8.0: (validate_payload t1 a11 t2)
9.0: (sync_actions a11)
10.0: (validate_payload t2 a8 t3)
11.0: (sync_actions a8)
12.0: (validate_payload t3 a1 t4)
13.0: (sync_actions a1)
14.0: (add_action a2)
15.0: (check_added_variables_model a2)
16.0: (move_in_model_move_automata a2)
17.0: (validate_payload t4 a9 t5)
18.0: (sync_actions a9)

Plan-Length:19
Metric (Search):6.0
Planning Time (msec): 107
Heuristic Time (msec): 2
Search Time (msec): 104
Expanded Nodes:80
States Evaluated:134
Number of Dead-Ends detected:0
Number of Duplicates detected:8
/usr/bin/time -v timeout 600 java -Xmx64g -jar ./enhsp3.jar -o ./domain_with_failure.pddl -f ./problems/BasePN-0And-del-3-d5/problem62.pddl -h blind -s WAStar
Domain parsed
Problem parsed
Grounding..
Grounding Time: 2425
UFX:true
|F|:7534
|X|:12
|A|:473
|P|:0
|E|:0
h(I):0.0
f(n) = 1.0 (Expanded Nodes: 6, Evaluated States: 24, Time: 0.034) Frontier Size: 18
f(n) = 2.0 (Expanded Nodes: 41, Evaluated States: 116, Time: 0.082) Frontier Size: 75
f(n) = 3.0 (Expanded Nodes: 129, Evaluated States: 273, Time: 0.12) Frontier Size: 144
f(n) = 4.0 (Expanded Nodes: 283, Evaluated States: 501, Time: 0.155) Frontier Size: 218
f(n) = 5.0 (Expanded Nodes: 561, Evaluated States: 856, Time: 0.215) Frontier Size: 295
f(n) = 6.0 (Expanded Nodes: 989, Evaluated States: 1426, Time: 0.27) Frontier Size: 437
Problem Solved

Found Plan:
0.0: (validate_payload t0 a7 t1)
1.0: (sync_actions a7)
2.0: (validate_payload t1 a10 t2)
3.0: (sync_actions a10)
4.0: (add_action a12)
5.0: (check_added_variables_model a12)
6.0: (move_in_model_move_automata a12)
7.0: (add_action a11)
8.0: (check_added_variables_model a11)
9.0: (move_in_model_move_automata a11)
10.0: (validate_payload t2 a8 t3)
11.0: (sync_actions a8)
12.0: (validate_payload t3 a1 t4)
13.0: (sync_actions a1)
14.0: (validate_payload t4 a2 t5)
15.0: (sync_actions a2)
16.0: (add_action a9)
17.0: (check_added_variables_model a9)
18.0: (move_in_model_move_automata a9)

Plan-Length:19
Metric (Search):6.0
Planning Time (msec): 350
Heuristic Time (msec): 14
Search Time (msec): 347
Expanded Nodes:1651
States Evaluated:2478
Number of Dead-Ends detected:0
Number of Duplicates detected:84
/usr/bin/time -v timeout 600 java -Xmx64g -jar ./enhsp3.jar -o ./domain_with_failure.pddl -f ./problems/BasePN-0And-del-3-d5/problem63.pddl -h blind -s WAStar
Domain parsed
Problem parsed
Grounding..
Grounding Time: 2574
UFX:true
|F|:7531
|X|:9
|A|:472
|P|:0
|E|:0
h(I):0.0
f(n) = 2.0 (Expanded Nodes: 2, Evaluated States: 3, Time: 0.023) Frontier Size: 1
f(n) = 4.0 (Expanded Nodes: 10, Evaluated States: 18, Time: 0.063) Frontier Size: 8
f(n) = 6.0 (Expanded Nodes: 28, Evaluated States: 43, Time: 0.076) Frontier Size: 15
Problem Solved

Found Plan:
0.0: (add_action a7)
1.0: (check_added_variables_model a7)
2.0: (move_in_model_move_automata a7)
3.0: (validate_payload t0 a10 t1)
4.0: (sync_actions a10)
5.0: (validate_payload t1 a12 t2)
6.0: (sync_actions a12)
7.0: (add_action a11)
8.0: (check_added_variables_model a11)
9.0: (move_in_model_move_automata a11)
10.0: (add_action a8)
11.0: (check_added_variables_model a8)
12.0: (move_in_model_move_automata a8)
13.0: (validate_payload t2 a0 t3)
14.0: (sync_actions a0)
15.0: (validate_payload t3 a9 t4)
16.0: (sync_actions a9)

Plan-Length:17
Metric (Search):6.0
Planning Time (msec): 103
Heuristic Time (msec): 5
Search Time (msec): 94
Expanded Nodes:61
States Evaluated:83
Number of Dead-Ends detected:0
Number of Duplicates detected:11
/usr/bin/time -v timeout 600 java -Xmx64g -jar ./enhsp3.jar -o ./domain_with_failure.pddl -f ./problems/BasePN-0And-del-3-d5/problem64.pddl -h blind -s WAStar
Domain parsed
Problem parsed
Grounding..
Grounding Time: 2548
UFX:true
|F|:7534
|X|:12
|A|:473
|P|:0
|E|:0
h(I):0.0
f(n) = 1.0 (Expanded Nodes: 6, Evaluated States: 23, Time: 0.026) Frontier Size: 17
f(n) = 2.0 (Expanded Nodes: 41, Evaluated States: 112, Time: 0.075) Frontier Size: 71
f(n) = 3.0 (Expanded Nodes: 125, Evaluated States: 255, Time: 0.11) Frontier Size: 130
f(n) = 4.0 (Expanded Nodes: 245, Evaluated States: 427, Time: 0.13) Frontier Size: 182
f(n) = 5.0 (Expanded Nodes: 451, Evaluated States: 712, Time: 0.173) Frontier Size: 261
f(n) = 6.0 (Expanded Nodes: 811, Evaluated States: 1143, Time: 0.204) Frontier Size: 332
Problem Solved

Found Plan:
0.0: (validate_payload t0 a7 t1)
1.0: (sync_actions a7)
2.0: (validate_payload t1 a10 t2)
3.0: (sync_actions a10)
4.0: (add_action a12)
5.0: (check_added_variables_model a12)
6.0: (move_in_model_move_automata a12)
7.0: (add_action a11)
8.0: (check_added_variables_model a11)
9.0: (move_in_model_move_automata a11)
10.0: (validate_payload t2 a8 t3)
11.0: (sync_actions a8)
12.0: (validate_payload t3 a1 t4)
13.0: (sync_actions a1)
14.0: (validate_payload t4 a2 t5)
15.0: (sync_actions a2)
16.0: (add_action a9)
17.0: (check_added_variables_model a9)
18.0: (move_in_model_move_automata a9)

Plan-Length:19
Metric (Search):6.0
Planning Time (msec): 233
Heuristic Time (msec): 7
Search Time (msec): 226
Expanded Nodes:1056
States Evaluated:1473
Number of Dead-Ends detected:0
Number of Duplicates detected:55
/usr/bin/time -v timeout 600 java -Xmx64g -jar ./enhsp3.jar -o ./domain_with_failure.pddl -f ./problems/BasePN-0And-del-3-d5/problem65.pddl -h blind -s WAStar
Domain parsed
Problem parsed
Grounding..
Grounding Time: 2451
UFX:true
|F|:7534
|X|:10
|A|:473
|P|:0
|E|:0
h(I):0.0
f(n) = 2.0 (Expanded Nodes: 2, Evaluated States: 3, Time: 0.02) Frontier Size: 1
f(n) = 4.0 (Expanded Nodes: 6, Evaluated States: 10, Time: 0.06) Frontier Size: 4
f(n) = 5.0 (Expanded Nodes: 24, Evaluated States: 48, Time: 0.074) Frontier Size: 24
f(n) = 6.0 (Expanded Nodes: 42, Evaluated States: 75, Time: 0.081) Frontier Size: 33
Problem Solved

Found Plan:
0.0: (add_action a7)
1.0: (check_added_variables_model a7)
2.0: (move_in_model_move_automata a7)
3.0: (add_action a10)
4.0: (check_added_variables_model a10)
5.0: (move_in_model_move_automata a10)
6.0: (validate_payload t0 a12 t1)
7.0: (sync_actions a12)
8.0: (validate_payload t1 a11 t2)
9.0: (sync_actions a11)
10.0: (validate_payload t2 a8 t3)
11.0: (sync_actions a8)
12.0: (validate_payload t3 a1 t4)
13.0: (sync_actions a1)
14.0: (add_action a2)
15.0: (check_added_variables_model a2)
16.0: (move_in_model_move_automata a2)
17.0: (validate_payload t4 a9 t5)
18.0: (sync_actions a9)

Plan-Length:19
Metric (Search):6.0
Planning Time (msec): 109
Heuristic Time (msec): 7
Search Time (msec): 108
Expanded Nodes:80
States Evaluated:134
Number of Dead-Ends detected:0
Number of Duplicates detected:8
/usr/bin/time -v timeout 600 java -Xmx64g -jar ./enhsp3.jar -o ./domain_with_failure.pddl -f ./problems/BasePN-0And-del-3-d5/problem66.pddl -h blind -s WAStar
Domain parsed
Problem parsed
Grounding..
Grounding Time: 2374
UFX:true
|F|:7534
|X|:9
|A|:473
|P|:0
|E|:0
h(I):0.0
f(n) = 2.0 (Expanded Nodes: 4, Evaluated States: 8, Time: 0.025) Frontier Size: 4
f(n) = 3.0 (Expanded Nodes: 15, Evaluated States: 29, Time: 0.071) Frontier Size: 14
f(n) = 4.0 (Expanded Nodes: 18, Evaluated States: 29, Time: 0.078) Frontier Size: 11
f(n) = 5.0 (Expanded Nodes: 48, Evaluated States: 83, Time: 0.096) Frontier Size: 35
f(n) = 6.0 (Expanded Nodes: 72, Evaluated States: 110, Time: 0.104) Frontier Size: 38
Problem Solved

Found Plan:
0.0: (validate_payload t0 a7 t1)
1.0: (sync_actions a7)
2.0: (add_action a10)
3.0: (check_added_variables_model a10)
4.0: (move_in_model_move_automata a10)
5.0: (add_action a12)
6.0: (check_added_variables_model a12)
7.0: (move_in_model_move_automata a12)
8.0: (validate_payload t1 a11 t2)
9.0: (sync_actions a11)
10.0: (validate_payload t2 a8 t3)
11.0: (sync_actions a8)
12.0: (validate_payload t3 a1 t4)
13.0: (sync_actions a1)
14.0: (add_action a2)
15.0: (check_added_variables_model a2)
16.0: (move_in_model_move_automata a2)
17.0: (validate_payload t4 a9 t5)
18.0: (sync_actions a9)

Plan-Length:19
Metric (Search):6.0
Planning Time (msec): 123
Heuristic Time (msec): 6
Search Time (msec): 116
Expanded Nodes:109
States Evaluated:160
Number of Dead-Ends detected:0
Number of Duplicates detected:15
/usr/bin/time -v timeout 600 java -Xmx64g -jar ./enhsp3.jar -o ./domain_with_failure.pddl -f ./problems/BasePN-0And-del-3-d5/problem67.pddl -h blind -s WAStar
Domain parsed
Problem parsed
Grounding..
Grounding Time: 2519
UFX:true
|F|:7534
|X|:11
|A|:473
|P|:0
|E|:0
h(I):0.0
f(n) = 1.0 (Expanded Nodes: 12, Evaluated States: 37, Time: 0.033) Frontier Size: 25
f(n) = 2.0 (Expanded Nodes: 92, Evaluated States: 210, Time: 0.095) Frontier Size: 118
f(n) = 3.0 (Expanded Nodes: 282, Evaluated States: 528, Time: 0.158) Frontier Size: 246
f(n) = 4.0 (Expanded Nodes: 569, Evaluated States: 954, Time: 0.199) Frontier Size: 385
f(n) = 5.0 (Expanded Nodes: 1125, Evaluated States: 1673, Time: 0.26) Frontier Size: 548
f(n) = 6.0 (Expanded Nodes: 1848, Evaluated States: 2531, Time: 0.33) Frontier Size: 683
Problem Solved

Found Plan:
0.0: (validate_payload t0 a7 t1)
1.0: (sync_actions a7)
2.0: (validate_payload t1 a10 t2)
3.0: (sync_actions a10)
4.0: (validate_payload t2 a12 t3)
5.0: (sync_actions a12)
6.0: (validate_payload t3 a11 t4)
7.0: (sync_actions a11)
8.0: (add_action a8)
9.0: (check_added_variables_model a8)
10.0: (move_in_model_move_automata a8)
11.0: (validate_payload t4 a1 t5)
12.0: (sync_actions a1)
13.0: (add_action a2)
14.0: (check_added_variables_model a2)
15.0: (move_in_model_move_automata a2)
16.0: (add_action a9)
17.0: (check_added_variables_model a9)
18.0: (move_in_model_move_automata a9)

Plan-Length:19
Metric (Search):6.0
Planning Time (msec): 409
Heuristic Time (msec): 5
Search Time (msec): 406
Expanded Nodes:2749
States Evaluated:3571
Number of Dead-Ends detected:0
Number of Duplicates detected:324
/usr/bin/time -v timeout 600 java -Xmx64g -jar ./enhsp3.jar -o ./domain_with_failure.pddl -f ./problems/BasePN-0And-del-3-d5/problem68.pddl -h blind -s WAStar
Domain parsed
Problem parsed
Grounding..
Grounding Time: 2453
UFX:true
|F|:7534
|X|:10
|A|:473
|P|:0
|E|:0
h(I):0.0
f(n) = 1.0 (Expanded Nodes: 4, Evaluated States: 12, Time: 0.024) Frontier Size: 8
f(n) = 2.0 (Expanded Nodes: 16, Evaluated States: 32, Time: 0.06) Frontier Size: 16
f(n) = 3.0 (Expanded Nodes: 29, Evaluated States: 64, Time: 0.083) Frontier Size: 35
f(n) = 4.0 (Expanded Nodes: 73, Evaluated States: 145, Time: 0.105) Frontier Size: 72
f(n) = 5.0 (Expanded Nodes: 127, Evaluated States: 209, Time: 0.121) Frontier Size: 82
f(n) = 6.0 (Expanded Nodes: 231, Evaluated States: 361, Time: 0.141) Frontier Size: 130
Problem Solved

Found Plan:
0.0: (validate_payload t0 a7 t1)
1.0: (sync_actions a7)
2.0: (add_action a10)
3.0: (check_added_variables_model a10)
4.0: (move_in_model_move_automata a10)
5.0: (validate_payload t1 a12 t2)
6.0: (sync_actions a12)
7.0: (add_action a11)
8.0: (check_added_variables_model a11)
9.0: (move_in_model_move_automata a11)
10.0: (validate_payload t2 a8 t3)
11.0: (sync_actions a8)
12.0: (add_action a1)
13.0: (check_added_variables_model a1)
14.0: (move_in_model_move_automata a1)
15.0: (validate_payload t3 a2 t4)
16.0: (sync_actions a2)
17.0: (validate_payload t4 a9 t5)
18.0: (sync_actions a9)

Plan-Length:19
Metric (Search):6.0
Planning Time (msec): 152
Heuristic Time (msec): 4
Search Time (msec): 146
Expanded Nodes:262
States Evaluated:397
Number of Dead-Ends detected:0
Number of Duplicates detected:29
/usr/bin/time -v timeout 600 java -Xmx64g -jar ./enhsp3.jar -o ./domain_with_failure.pddl -f ./problems/BasePN-0And-del-3-d5/problem69.pddl -h blind -s WAStar
Domain parsed
Problem parsed
Grounding..
Grounding Time: 2553
UFX:true
|F|:7534
|X|:11
|A|:473
|P|:0
|E|:0
h(I):0.0
f(n) = 1.0 (Expanded Nodes: 8, Evaluated States: 24, Time: 0.028) Frontier Size: 16
f(n) = 2.0 (Expanded Nodes: 56, Evaluated States: 132, Time: 0.093) Frontier Size: 76
f(n) = 3.0 (Expanded Nodes: 173, Evaluated States: 334, Time: 0.134) Frontier Size: 161
f(n) = 4.0 (Expanded Nodes: 345, Evaluated States: 568, Time: 0.17) Frontier Size: 223
f(n) = 5.0 (Expanded Nodes: 618, Evaluated States: 954, Time: 0.225) Frontier Size: 336
f(n) = 6.0 (Expanded Nodes: 1031, Evaluated States: 1360, Time: 0.262) Frontier Size: 329
Problem Solved

Found Plan:
0.0: (validate_payload t0 a7 t1)
1.0: (sync_actions a7)
2.0: (validate_payload t1 a10 t2)
3.0: (sync_actions a10)
4.0: (validate_payload t2 a12 t3)
5.0: (sync_actions a12)
6.0: (add_action a11)
7.0: (check_added_variables_model a11)
8.0: (move_in_model_move_automata a11)
9.0: (add_action a8)
10.0: (check_added_variables_model a8)
11.0: (move_in_model_move_automata a8)
12.0: (validate_payload t3 a1 t4)
13.0: (sync_actions a1)
14.0: (add_action a2)
15.0: (check_added_variables_model a2)
16.0: (move_in_model_move_automata a2)
17.0: (validate_payload t4 a9 t5)
18.0: (sync_actions a9)

Plan-Length:19
Metric (Search):6.0
Planning Time (msec): 296
Heuristic Time (msec): 3
Search Time (msec): 289
Expanded Nodes:1242
States Evaluated:1664
Number of Dead-Ends detected:0
Number of Duplicates detected:128
/usr/bin/time -v timeout 600 java -Xmx64g -jar ./enhsp3.jar -o ./domain_with_failure.pddl -f ./problems/BasePN-0And-del-3-d5/problem70.pddl -h blind -s WAStar
Domain parsed
Problem parsed
Grounding..
Grounding Time: 2333
UFX:true
|F|:7534
|X|:10
|A|:473
|P|:0
|E|:0
h(I):0.0
f(n) = 1.0 (Expanded Nodes: 4, Evaluated States: 12, Time: 0.026) Frontier Size: 8
f(n) = 2.0 (Expanded Nodes: 16, Evaluated States: 32, Time: 0.062) Frontier Size: 16
f(n) = 3.0 (Expanded Nodes: 29, Evaluated States: 58, Time: 0.081) Frontier Size: 29
f(n) = 4.0 (Expanded Nodes: 67, Evaluated States: 118, Time: 0.099) Frontier Size: 51
f(n) = 5.0 (Expanded Nodes: 98, Evaluated States: 165, Time: 0.113) Frontier Size: 67
f(n) = 6.0 (Expanded Nodes: 178, Evaluated States: 257, Time: 0.122) Frontier Size: 79
Problem Solved

Found Plan:
0.0: (validate_payload t0 a7 t1)
1.0: (sync_actions a7)
2.0: (add_action a10)
3.0: (check_added_variables_model a10)
4.0: (move_in_model_move_automata a10)
5.0: (validate_payload t1 a12 t2)
6.0: (sync_actions a12)
7.0: (add_action a11)
8.0: (check_added_variables_model a11)
9.0: (move_in_model_move_automata a11)
10.0: (add_action a8)
11.0: (check_added_variables_model a8)
12.0: (move_in_model_move_automata a8)
13.0: (validate_payload t2 a1 t3)
14.0: (sync_actions a1)
15.0: (validate_payload t3 a2 t4)
16.0: (sync_actions a2)
17.0: (validate_payload t4 a9 t5)
18.0: (sync_actions a9)

Plan-Length:19
Metric (Search):6.0
Planning Time (msec): 137
Heuristic Time (msec): 9
Search Time (msec): 135
Expanded Nodes:231
States Evaluated:325
Number of Dead-Ends detected:0
Number of Duplicates detected:35
/usr/bin/time -v timeout 600 java -Xmx64g -jar ./enhsp3.jar -o ./domain_with_failure.pddl -f ./problems/BasePN-0And-del-3-d5/problem71.pddl -h blind -s WAStar
Domain parsed
Problem parsed
Grounding..
Grounding Time: 2528
UFX:true
|F|:7534
|X|:11
|A|:473
|P|:0
|E|:0
h(I):0.0
f(n) = 1.0 (Expanded Nodes: 12, Evaluated States: 35, Time: 0.037) Frontier Size: 23
f(n) = 2.0 (Expanded Nodes: 95, Evaluated States: 224, Time: 0.097) Frontier Size: 129
f(n) = 3.0 (Expanded Nodes: 307, Evaluated States: 622, Time: 0.151) Frontier Size: 315
f(n) = 4.0 (Expanded Nodes: 621, Evaluated States: 1098, Time: 0.196) Frontier Size: 477
Problem Solved

Found Plan:
0.0: (validate_payload t0 a7 t1)
1.0: (sync_actions a7)
2.0: (validate_payload t1 a10 t2)
3.0: (sync_actions a10)
4.0: (validate_payload t2 a12 t3)
5.0: (sync_actions a12)
6.0: (validate_payload t3 a11 t4)
7.0: (sync_actions a11)
8.0: (validate_payload t4 a8 t5)
9.0: (sync_actions a8)
10.0: (add_action a0)
11.0: (check_added_variables_model a0)
12.0: (move_in_model_move_automata a0)
13.0: (add_action a9)
14.0: (check_added_variables_model a9)
15.0: (move_in_model_move_automata a9)

Plan-Length:16
Metric (Search):4.0
Planning Time (msec): 238
Heuristic Time (msec): 5
Search Time (msec): 230
Expanded Nodes:813
States Evaluated:1454
Number of Dead-Ends detected:0
Number of Duplicates detected:53
/usr/bin/time -v timeout 600 java -Xmx64g -jar ./enhsp3.jar -o ./domain_with_failure.pddl -f ./problems/BasePN-0And-del-3-d5/problem72.pddl -h blind -s WAStar
Domain parsed
Problem parsed
Grounding..
Grounding Time: 2484
UFX:true
|F|:7534
|X|:9
|A|:473
|P|:0
|E|:0
h(I):0.0
f(n) = 1.0 (Expanded Nodes: 2, Evaluated States: 7, Time: 0.024) Frontier Size: 5
f(n) = 2.0 (Expanded Nodes: 6, Evaluated States: 7, Time: 0.051) Frontier Size: 1
f(n) = 3.0 (Expanded Nodes: 16, Evaluated States: 30, Time: 0.069) Frontier Size: 14
f(n) = 4.0 (Expanded Nodes: 46, Evaluated States: 86, Time: 0.084) Frontier Size: 40
f(n) = 5.0 (Expanded Nodes: 70, Evaluated States: 129, Time: 0.101) Frontier Size: 59
f(n) = 6.0 (Expanded Nodes: 148, Evaluated States: 257, Time: 0.125) Frontier Size: 109
Problem Solved

Found Plan:
0.0: (add_action a7)
1.0: (check_added_variables_model a7)
2.0: (move_in_model_move_automata a7)
3.0: (validate_payload t0 a10 t1)
4.0: (sync_actions a10)
5.0: (validate_payload t1 a12 t2)
6.0: (sync_actions a12)
7.0: (validate_payload t2 a11 t3)
8.0: (sync_actions a11)
9.0: (add_action a8)
10.0: (check_added_variables_model a8)
11.0: (move_in_model_move_automata a8)
12.0: (validate_payload t3 a1 t4)
13.0: (sync_actions a1)
14.0: (add_action a2)
15.0: (check_added_variables_model a2)
16.0: (move_in_model_move_automata a2)
17.0: (validate_payload t4 a9 t5)
18.0: (sync_actions a9)

Plan-Length:19
Metric (Search):6.0
Planning Time (msec): 150
Heuristic Time (msec): 9
Search Time (msec): 147
Expanded Nodes:250
States Evaluated:351
Number of Dead-Ends detected:0
Number of Duplicates detected:23
/usr/bin/time -v timeout 600 java -Xmx64g -jar ./enhsp3.jar -o ./domain_with_failure.pddl -f ./problems/BasePN-0And-del-3-d5/problem73.pddl -h blind -s WAStar
Domain parsed
Problem parsed
Grounding..
Grounding Time: 2456
UFX:true
|F|:7534
|X|:12
|A|:473
|P|:0
|E|:0
h(I):0.0
f(n) = 1.0 (Expanded Nodes: 6, Evaluated States: 24, Time: 0.033) Frontier Size: 18
f(n) = 2.0 (Expanded Nodes: 41, Evaluated States: 116, Time: 0.087) Frontier Size: 75
f(n) = 3.0 (Expanded Nodes: 129, Evaluated States: 273, Time: 0.116) Frontier Size: 144
f(n) = 4.0 (Expanded Nodes: 283, Evaluated States: 501, Time: 0.131) Frontier Size: 218
f(n) = 5.0 (Expanded Nodes: 559, Evaluated States: 853, Time: 0.181) Frontier Size: 294
f(n) = 6.0 (Expanded Nodes: 959, Evaluated States: 1379, Time: 0.22) Frontier Size: 420
Problem Solved

Found Plan:
0.0: (validate_payload t0 a7 t1)
1.0: (sync_actions a7)
2.0: (validate_payload t1 a10 t2)
3.0: (sync_actions a10)
4.0: (add_action a12)
5.0: (check_added_variables_model a12)
6.0: (move_in_model_move_automata a12)
7.0: (add_action a11)
8.0: (check_added_variables_model a11)
9.0: (move_in_model_move_automata a11)
10.0: (validate_payload t2 a8 t3)
11.0: (sync_actions a8)
12.0: (validate_payload t3 a1 t4)
13.0: (sync_actions a1)
14.0: (add_action a2)
15.0: (check_added_variables_model a2)
16.0: (move_in_model_move_automata a2)
17.0: (validate_payload t4 a9 t5)
18.0: (sync_actions a9)

Plan-Length:19
Metric (Search):6.0
Planning Time (msec): 268
Heuristic Time (msec): 5
Search Time (msec): 262
Expanded Nodes:1480
States Evaluated:2192
Number of Dead-Ends detected:0
Number of Duplicates detected:78
/usr/bin/time -v timeout 600 java -Xmx64g -jar ./enhsp3.jar -o ./domain_with_failure.pddl -f ./problems/BasePN-0And-del-3-d5/problem74.pddl -h blind -s WAStar
Domain parsed
Problem parsed
Grounding..
Grounding Time: 2613
UFX:true
|F|:7534
|X|:10
|A|:473
|P|:0
|E|:0
h(I):0.0
f(n) = 1.0 (Expanded Nodes: 2, Evaluated States: 7, Time: 0.02) Frontier Size: 5
f(n) = 2.0 (Expanded Nodes: 6, Evaluated States: 7, Time: 0.049) Frontier Size: 1
f(n) = 3.0 (Expanded Nodes: 12, Evaluated States: 22, Time: 0.064) Frontier Size: 10
f(n) = 4.0 (Expanded Nodes: 24, Evaluated States: 40, Time: 0.072) Frontier Size: 16
f(n) = 5.0 (Expanded Nodes: 40, Evaluated States: 72, Time: 0.089) Frontier Size: 32
f(n) = 6.0 (Expanded Nodes: 80, Evaluated States: 148, Time: 0.107) Frontier Size: 68
Problem Solved

Found Plan:
0.0: (add_action a7)
1.0: (check_added_variables_model a7)
2.0: (move_in_model_move_automata a7)
3.0: (validate_payload t0 a10 t1)
4.0: (sync_actions a10)
5.0: (add_action a12)
6.0: (check_added_variables_model a12)
7.0: (move_in_model_move_automata a12)
8.0: (validate_payload t1 a11 t2)
9.0: (sync_actions a11)
10.0: (add_action a8)
11.0: (check_added_variables_model a8)
12.0: (move_in_model_move_automata a8)
13.0: (validate_payload t2 a1 t3)
14.0: (sync_actions a1)
15.0: (validate_payload t3 a2 t4)
16.0: (sync_actions a2)
17.0: (validate_payload t4 a9 t5)
18.0: (sync_actions a9)

Plan-Length:19
Metric (Search):6.0
Planning Time (msec): 121
Heuristic Time (msec): 8
Search Time (msec): 115
Expanded Nodes:119
States Evaluated:186
Number of Dead-Ends detected:0
Number of Duplicates detected:7
/usr/bin/time -v timeout 600 java -Xmx64g -jar ./enhsp3.jar -o ./domain_with_failure.pddl -f ./problems/BasePN-0And-del-3-d5/problem75.pddl -h blind -s WAStar
Domain parsed
Problem parsed
Grounding..
Grounding Time: 2579
UFX:true
|F|:7534
|X|:10
|A|:473
|P|:0
|E|:0
h(I):0.0
f(n) = 1.0 (Expanded Nodes: 2, Evaluated States: 7, Time: 0.019) Frontier Size: 5
f(n) = 2.0 (Expanded Nodes: 6, Evaluated States: 7, Time: 0.053) Frontier Size: 1
f(n) = 3.0 (Expanded Nodes: 14, Evaluated States: 29, Time: 0.063) Frontier Size: 15
f(n) = 4.0 (Expanded Nodes: 37, Evaluated States: 77, Time: 0.079) Frontier Size: 40
f(n) = 5.0 (Expanded Nodes: 69, Evaluated States: 124, Time: 0.098) Frontier Size: 55
f(n) = 6.0 (Expanded Nodes: 140, Evaluated States: 255, Time: 0.123) Frontier Size: 115
Problem Solved

Found Plan:
0.0: (add_action a7)
1.0: (check_added_variables_model a7)
2.0: (move_in_model_move_automata a7)
3.0: (validate_payload t0 a10 t1)
4.0: (sync_actions a10)
5.0: (validate_payload t1 a12 t2)
6.0: (sync_actions a12)
7.0: (add_action a11)
8.0: (check_added_variables_model a11)
9.0: (move_in_model_move_automata a11)
10.0: (validate_payload t2 a8 t3)
11.0: (sync_actions a8)
12.0: (add_action a1)
13.0: (check_added_variables_model a1)
14.0: (move_in_model_move_automata a1)
15.0: (validate_payload t3 a2 t4)
16.0: (sync_actions a2)
17.0: (validate_payload t4 a9 t5)
18.0: (sync_actions a9)

Plan-Length:19
Metric (Search):6.0
Planning Time (msec): 165
Heuristic Time (msec): 2
Search Time (msec): 158
Expanded Nodes:260
States Evaluated:394
Number of Dead-Ends detected:0
Number of Duplicates detected:15
/usr/bin/time -v timeout 600 java -Xmx64g -jar ./enhsp3.jar -o ./domain_with_failure.pddl -f ./problems/BasePN-0And-del-3-d5/problem76.pddl -h blind -s WAStar
Domain parsed
Problem parsed
Grounding..
Grounding Time: 2671
UFX:true
|F|:7534
|X|:10
|A|:473
|P|:0
|E|:0
h(I):0.0
f(n) = 1.0 (Expanded Nodes: 2, Evaluated States: 7, Time: 0.025) Frontier Size: 5
f(n) = 2.0 (Expanded Nodes: 6, Evaluated States: 7, Time: 0.052) Frontier Size: 1
f(n) = 3.0 (Expanded Nodes: 16, Evaluated States: 30, Time: 0.07) Frontier Size: 14
f(n) = 4.0 (Expanded Nodes: 46, Evaluated States: 94, Time: 0.086) Frontier Size: 48
f(n) = 5.0 (Expanded Nodes: 90, Evaluated States: 149, Time: 0.11) Frontier Size: 59
f(n) = 6.0 (Expanded Nodes: 168, Evaluated States: 293, Time: 0.128) Frontier Size: 125
Problem Solved

Found Plan:
0.0: (add_action a7)
1.0: (check_added_variables_model a7)
2.0: (move_in_model_move_automata a7)
3.0: (validate_payload t0 a10 t1)
4.0: (sync_actions a10)
5.0: (validate_payload t1 a12 t2)
6.0: (sync_actions a12)
7.0: (validate_payload t2 a11 t3)
8.0: (sync_actions a11)
9.0: (add_action a8)
10.0: (check_added_variables_model a8)
11.0: (move_in_model_move_automata a8)
12.0: (validate_payload t3 a1 t4)
13.0: (sync_actions a1)
14.0: (add_action a2)
15.0: (check_added_variables_model a2)
16.0: (move_in_model_move_automata a2)
17.0: (validate_payload t4 a9 t5)
18.0: (sync_actions a9)

Plan-Length:19
Metric (Search):6.0
Planning Time (msec): 168
Heuristic Time (msec): 10
Search Time (msec): 154
Expanded Nodes:291
States Evaluated:410
Number of Dead-Ends detected:0
Number of Duplicates detected:25
/usr/bin/time -v timeout 600 java -Xmx64g -jar ./enhsp3.jar -o ./domain_with_failure.pddl -f ./problems/BasePN-0And-del-3-d5/problem77.pddl -h blind -s WAStar
Domain parsed
Problem parsed
Grounding..
Grounding Time: 2558
UFX:true
|F|:7534
|X|:11
|A|:473
|P|:0
|E|:0
h(I):0.0
f(n) = 1.0 (Expanded Nodes: 2, Evaluated States: 7, Time: 0.02) Frontier Size: 5
f(n) = 2.0 (Expanded Nodes: 6, Evaluated States: 7, Time: 0.058) Frontier Size: 1
f(n) = 3.0 (Expanded Nodes: 14, Evaluated States: 31, Time: 0.073) Frontier Size: 17
f(n) = 4.0 (Expanded Nodes: 37, Evaluated States: 79, Time: 0.088) Frontier Size: 42
f(n) = 5.0 (Expanded Nodes: 79, Evaluated States: 158, Time: 0.117) Frontier Size: 79
f(n) = 6.0 (Expanded Nodes: 232, Evaluated States: 420, Time: 0.148) Frontier Size: 188
Problem Solved

Found Plan:
0.0: (add_action a7)
1.0: (check_added_variables_model a7)
2.0: (move_in_model_move_automata a7)
3.0: (validate_payload t0 a10 t1)
4.0: (sync_actions a10)
5.0: (validate_payload t1 a12 t2)
6.0: (sync_actions a12)
7.0: (add_action a11)
8.0: (check_added_variables_model a11)
9.0: (move_in_model_move_automata a11)
10.0: (validate_payload t2 a8 t3)
11.0: (sync_actions a8)
12.0: (validate_payload t3 a1 t4)
13.0: (sync_actions a1)
14.0: (validate_payload t4 a2 t5)
15.0: (sync_actions a2)
16.0: (add_action a9)
17.0: (check_added_variables_model a9)
18.0: (move_in_model_move_automata a9)

Plan-Length:19
Metric (Search):6.0
Planning Time (msec): 186
Heuristic Time (msec): 2
Search Time (msec): 179
Expanded Nodes:383
States Evaluated:639
Number of Dead-Ends detected:0
Number of Duplicates detected:11
/usr/bin/time -v timeout 600 java -Xmx64g -jar ./enhsp3.jar -o ./domain_with_failure.pddl -f ./problems/BasePN-0And-del-3-d5/problem78.pddl -h blind -s WAStar
Domain parsed
Problem parsed
Grounding..
Grounding Time: 2439
UFX:true
|F|:7534
|X|:9
|A|:473
|P|:0
|E|:0
h(I):0.0
f(n) = 2.0 (Expanded Nodes: 2, Evaluated States: 3, Time: 0.022) Frontier Size: 1
f(n) = 4.0 (Expanded Nodes: 6, Evaluated States: 10, Time: 0.065) Frontier Size: 4
f(n) = 6.0 (Expanded Nodes: 20, Evaluated States: 33, Time: 0.079) Frontier Size: 13
Problem Solved

Found Plan:
0.0: (add_action a7)
1.0: (check_added_variables_model a7)
2.0: (move_in_model_move_automata a7)
3.0: (add_action a10)
4.0: (check_added_variables_model a10)
5.0: (move_in_model_move_automata a10)
6.0: (validate_payload t0 a12 t1)
7.0: (sync_actions a12)
8.0: (validate_payload t1 a11 t2)
9.0: (sync_actions a11)
10.0: (add_action a8)
11.0: (check_added_variables_model a8)
12.0: (move_in_model_move_automata a8)
13.0: (validate_payload t2 a1 t3)
14.0: (sync_actions a1)
15.0: (validate_payload t3 a2 t4)
16.0: (sync_actions a2)
17.0: (validate_payload t4 a9 t5)
18.0: (sync_actions a9)

Plan-Length:19
Metric (Search):6.0
Planning Time (msec): 114
Heuristic Time (msec): 9
Search Time (msec): 107
Expanded Nodes:51
States Evaluated:76
Number of Dead-Ends detected:0
Number of Duplicates detected:7
/usr/bin/time -v timeout 600 java -Xmx64g -jar ./enhsp3.jar -o ./domain_with_failure.pddl -f ./problems/BasePN-0And-del-3-d5/problem79.pddl -h blind -s WAStar
Domain parsed
Problem parsed
Grounding..
Grounding Time: 2555
UFX:true
|F|:7534
|X|:11
|A|:473
|P|:0
|E|:0
h(I):0.0
f(n) = 1.0 (Expanded Nodes: 2, Evaluated States: 7, Time: 0.026) Frontier Size: 5
f(n) = 2.0 (Expanded Nodes: 6, Evaluated States: 7, Time: 0.057) Frontier Size: 1
f(n) = 3.0 (Expanded Nodes: 14, Evaluated States: 31, Time: 0.072) Frontier Size: 17
f(n) = 4.0 (Expanded Nodes: 37, Evaluated States: 79, Time: 0.081) Frontier Size: 42
f(n) = 5.0 (Expanded Nodes: 77, Evaluated States: 155, Time: 0.106) Frontier Size: 78
f(n) = 6.0 (Expanded Nodes: 208, Evaluated States: 382, Time: 0.134) Frontier Size: 174
Problem Solved

Found Plan:
0.0: (add_action a7)
1.0: (check_added_variables_model a7)
2.0: (move_in_model_move_automata a7)
3.0: (validate_payload t0 a10 t1)
4.0: (sync_actions a10)
5.0: (validate_payload t1 a12 t2)
6.0: (sync_actions a12)
7.0: (add_action a11)
8.0: (check_added_variables_model a11)
9.0: (move_in_model_move_automata a11)
10.0: (validate_payload t2 a8 t3)
11.0: (sync_actions a8)
12.0: (validate_payload t3 a1 t4)
13.0: (sync_actions a1)
14.0: (add_action a2)
15.0: (check_added_variables_model a2)
16.0: (move_in_model_move_automata a2)
17.0: (validate_payload t4 a9 t5)
18.0: (sync_actions a9)

Plan-Length:19
Metric (Search):6.0
Planning Time (msec): 173
Heuristic Time (msec): 11
Search Time (msec): 167
Expanded Nodes:368
States Evaluated:619
Number of Dead-Ends detected:0
Number of Duplicates detected:13
/usr/bin/time -v timeout 600 java -Xmx64g -jar ./enhsp3.jar -o ./domain_with_failure.pddl -f ./problems/BasePN-0And-del-3-d5/problem80.pddl -h blind -s WAStar
Domain parsed
Problem parsed
Grounding..
Grounding Time: 2542
UFX:true
|F|:7534
|X|:10
|A|:473
|P|:0
|E|:0
h(I):0.0
f(n) = 1.0 (Expanded Nodes: 4, Evaluated States: 12, Time: 0.019) Frontier Size: 8
f(n) = 2.0 (Expanded Nodes: 16, Evaluated States: 32, Time: 0.052) Frontier Size: 16
f(n) = 3.0 (Expanded Nodes: 29, Evaluated States: 64, Time: 0.07) Frontier Size: 35
f(n) = 4.0 (Expanded Nodes: 73, Evaluated States: 145, Time: 0.09) Frontier Size: 72
f(n) = 5.0 (Expanded Nodes: 127, Evaluated States: 209, Time: 0.1) Frontier Size: 82
f(n) = 6.0 (Expanded Nodes: 231, Evaluated States: 361, Time: 0.116) Frontier Size: 130
Problem Solved

Found Plan:
0.0: (validate_payload t0 a7 t1)
1.0: (sync_actions a7)
2.0: (add_action a10)
3.0: (check_added_variables_model a10)
4.0: (move_in_model_move_automata a10)
5.0: (validate_payload t1 a12 t2)
6.0: (sync_actions a12)
7.0: (add_action a11)
8.0: (check_added_variables_model a11)
9.0: (move_in_model_move_automata a11)
10.0: (validate_payload t2 a8 t3)
11.0: (sync_actions a8)
12.0: (add_action a1)
13.0: (check_added_variables_model a1)
14.0: (move_in_model_move_automata a1)
15.0: (validate_payload t3 a2 t4)
16.0: (sync_actions a2)
17.0: (validate_payload t4 a9 t5)
18.0: (sync_actions a9)

Plan-Length:19
Metric (Search):6.0
Planning Time (msec): 135
Heuristic Time (msec): 6
Search Time (msec): 124
Expanded Nodes:262
States Evaluated:397
Number of Dead-Ends detected:0
Number of Duplicates detected:29
/usr/bin/time -v timeout 600 java -Xmx64g -jar ./enhsp3.jar -o ./domain_with_failure.pddl -f ./problems/BasePN-0And-del-3-d5/problem81.pddl -h blind -s WAStar
Domain parsed
Problem parsed
Grounding..
Grounding Time: 2479
UFX:true
|F|:7534
|X|:10
|A|:473
|P|:0
|E|:0
h(I):0.0
f(n) = 1.0 (Expanded Nodes: 4, Evaluated States: 12, Time: 0.025) Frontier Size: 8
f(n) = 2.0 (Expanded Nodes: 16, Evaluated States: 32, Time: 0.061) Frontier Size: 16
f(n) = 3.0 (Expanded Nodes: 31, Evaluated States: 62, Time: 0.078) Frontier Size: 31
f(n) = 4.0 (Expanded Nodes: 75, Evaluated States: 134, Time: 0.103) Frontier Size: 59
f(n) = 5.0 (Expanded Nodes: 114, Evaluated States: 194, Time: 0.111) Frontier Size: 80
f(n) = 6.0 (Expanded Nodes: 218, Evaluated States: 325, Time: 0.134) Frontier Size: 107
Problem Solved

Found Plan:
0.0: (validate_payload t0 a7 t1)
1.0: (sync_actions a7)
2.0: (add_action a10)
3.0: (check_added_variables_model a10)
4.0: (move_in_model_move_automata a10)
5.0: (validate_payload t1 a12 t2)
6.0: (sync_actions a12)
7.0: (validate_payload t2 a11 t3)
8.0: (sync_actions a11)
9.0: (add_action a8)
10.0: (check_added_variables_model a8)
11.0: (move_in_model_move_automata a8)
12.0: (validate_payload t3 a1 t4)
13.0: (sync_actions a1)
14.0: (validate_payload t4 a2 t5)
15.0: (sync_actions a2)
16.0: (add_action a9)
17.0: (check_added_variables_model a9)
18.0: (move_in_model_move_automata a9)

Plan-Length:19
Metric (Search):6.0
Planning Time (msec): 150
Heuristic Time (msec): 5
Search Time (msec): 144
Expanded Nodes:277
States Evaluated:395
Number of Dead-Ends detected:0
Number of Duplicates detected:40
/usr/bin/time -v timeout 600 java -Xmx64g -jar ./enhsp3.jar -o ./domain_with_failure.pddl -f ./problems/BasePN-0And-del-3-d5/problem82.pddl -h blind -s WAStar
Domain parsed
Problem parsed
Grounding..
Grounding Time: 2397
UFX:true
|F|:7534
|X|:9
|A|:473
|P|:0
|E|:0
h(I):0.0
f(n) = 2.0 (Expanded Nodes: 2, Evaluated States: 3, Time: 0.017) Frontier Size: 1
f(n) = 4.0 (Expanded Nodes: 6, Evaluated States: 10, Time: 0.057) Frontier Size: 4
f(n) = 6.0 (Expanded Nodes: 24, Evaluated States: 42, Time: 0.075) Frontier Size: 18
Problem Solved

Found Plan:
0.0: (add_action a7)
1.0: (check_added_variables_model a7)
2.0: (move_in_model_move_automata a7)
3.0: (add_action a10)
4.0: (check_added_variables_model a10)
5.0: (move_in_model_move_automata a10)
6.0: (validate_payload t0 a12 t1)
7.0: (sync_actions a12)
8.0: (validate_payload t1 a11 t2)
9.0: (sync_actions a11)
10.0: (validate_payload t2 a8 t3)
11.0: (sync_actions a8)
12.0: (validate_payload t3 a1 t4)
13.0: (sync_actions a1)
14.0: (add_action a2)
15.0: (check_added_variables_model a2)
16.0: (move_in_model_move_automata a2)
17.0: (validate_payload t4 a9 t5)
18.0: (sync_actions a9)

Plan-Length:19
Metric (Search):6.0
Planning Time (msec): 95
Heuristic Time (msec): 6
Search Time (msec): 87
Expanded Nodes:45
States Evaluated:69
Number of Dead-Ends detected:0
Number of Duplicates detected:5
/usr/bin/time -v timeout 600 java -Xmx64g -jar ./enhsp3.jar -o ./domain_with_failure.pddl -f ./problems/BasePN-0And-del-3-d5/problem83.pddl -h blind -s WAStar
Domain parsed
Problem parsed
Grounding..
Grounding Time: 2524
UFX:true
|F|:7534
|X|:11
|A|:473
|P|:0
|E|:0
h(I):0.0
f(n) = 1.0 (Expanded Nodes: 2, Evaluated States: 7, Time: 0.018) Frontier Size: 5
f(n) = 2.0 (Expanded Nodes: 6, Evaluated States: 7, Time: 0.043) Frontier Size: 1
f(n) = 3.0 (Expanded Nodes: 14, Evaluated States: 29, Time: 0.055) Frontier Size: 15
f(n) = 4.0 (Expanded Nodes: 37, Evaluated States: 77, Time: 0.069) Frontier Size: 40
f(n) = 5.0 (Expanded Nodes: 71, Evaluated States: 128, Time: 0.088) Frontier Size: 57
f(n) = 6.0 (Expanded Nodes: 158, Evaluated States: 307, Time: 0.107) Frontier Size: 149
Problem Solved

Found Plan:
0.0: (add_action a7)
1.0: (check_added_variables_model a7)
2.0: (move_in_model_move_automata a7)
3.0: (validate_payload t0 a10 t1)
4.0: (sync_actions a10)
5.0: (validate_payload t1 a12 t2)
6.0: (sync_actions a12)
7.0: (add_action a11)
8.0: (check_added_variables_model a11)
9.0: (move_in_model_move_automata a11)
10.0: (validate_payload t2 a8 t3)
11.0: (sync_actions a8)
12.0: (validate_payload t3 a1 t4)
13.0: (sync_actions a1)
14.0: (add_action a2)
15.0: (check_added_variables_model a2)
16.0: (move_in_model_move_automata a2)
17.0: (validate_payload t4 a9 t5)
18.0: (sync_actions a9)

Plan-Length:19
Metric (Search):6.0
Planning Time (msec): 141
Heuristic Time (msec): 8
Search Time (msec): 134
Expanded Nodes:323
States Evaluated:515
Number of Dead-Ends detected:0
Number of Duplicates detected:16
/usr/bin/time -v timeout 600 java -Xmx64g -jar ./enhsp3.jar -o ./domain_with_failure.pddl -f ./problems/BasePN-0And-del-3-d5/problem84.pddl -h blind -s WAStar
Domain parsed
Problem parsed
Grounding..
Grounding Time: 2467
UFX:true
|F|:7534
|X|:9
|A|:473
|P|:0
|E|:0
h(I):0.0
f(n) = 1.0 (Expanded Nodes: 2, Evaluated States: 7, Time: 0.019) Frontier Size: 5
f(n) = 2.0 (Expanded Nodes: 6, Evaluated States: 7, Time: 0.047) Frontier Size: 1
f(n) = 3.0 (Expanded Nodes: 18, Evaluated States: 35, Time: 0.065) Frontier Size: 17
f(n) = 4.0 (Expanded Nodes: 54, Evaluated States: 109, Time: 0.081) Frontier Size: 55
Problem Solved

Found Plan:
0.0: (add_action a7)
1.0: (check_added_variables_model a7)
2.0: (move_in_model_move_automata a7)
3.0: (validate_payload t0 a10 t1)
4.0: (sync_actions a10)
5.0: (validate_payload t1 a12 t2)
6.0: (sync_actions a12)
7.0: (validate_payload t2 a11 t3)
8.0: (sync_actions a11)
9.0: (validate_payload t3 a8 t4)
10.0: (sync_actions a8)
11.0: (add_action a0)
12.0: (check_added_variables_model a0)
13.0: (move_in_model_move_automata a0)
14.0: (validate_payload t4 a9 t5)
15.0: (sync_actions a9)

Plan-Length:16
Metric (Search):4.0
Planning Time (msec): 105
Heuristic Time (msec): 3
Search Time (msec): 100
Expanded Nodes:82
States Evaluated:151
Number of Dead-Ends detected:0
Number of Duplicates detected:5
/usr/bin/time -v timeout 600 java -Xmx64g -jar ./enhsp3.jar -o ./domain_with_failure.pddl -f ./problems/BasePN-0And-del-3-d5/problem85.pddl -h blind -s WAStar
Domain parsed
Problem parsed
Grounding..
Grounding Time: 2569
UFX:true
|F|:7534
|X|:10
|A|:473
|P|:0
|E|:0
h(I):0.0
f(n) = 1.0 (Expanded Nodes: 2, Evaluated States: 7, Time: 0.022) Frontier Size: 5
f(n) = 2.0 (Expanded Nodes: 6, Evaluated States: 7, Time: 0.05) Frontier Size: 1
f(n) = 3.0 (Expanded Nodes: 18, Evaluated States: 39, Time: 0.064) Frontier Size: 21
f(n) = 4.0 (Expanded Nodes: 60, Evaluated States: 111, Time: 0.082) Frontier Size: 51
f(n) = 5.0 (Expanded Nodes: 113, Evaluated States: 199, Time: 0.107) Frontier Size: 86
f(n) = 6.0 (Expanded Nodes: 257, Evaluated States: 407, Time: 0.142) Frontier Size: 150
Problem Solved

Found Plan:
0.0: (add_action a7)
1.0: (check_added_variables_model a7)
2.0: (move_in_model_move_automata a7)
3.0: (validate_payload t0 a10 t1)
4.0: (sync_actions a10)
5.0: (validate_payload t1 a12 t2)
6.0: (sync_actions a12)
7.0: (validate_payload t2 a11 t3)
8.0: (sync_actions a11)
9.0: (add_action a8)
10.0: (check_added_variables_model a8)
11.0: (move_in_model_move_automata a8)
12.0: (validate_payload t3 a1 t4)
13.0: (sync_actions a1)
14.0: (validate_payload t4 a2 t5)
15.0: (sync_actions a2)
16.0: (add_action a9)
17.0: (check_added_variables_model a9)
18.0: (move_in_model_move_automata a9)

Plan-Length:19
Metric (Search):6.0
Planning Time (msec): 166
Heuristic Time (msec): 7
Search Time (msec): 158
Expanded Nodes:322
States Evaluated:512
Number of Dead-Ends detected:0
Number of Duplicates detected:19
/usr/bin/time -v timeout 600 java -Xmx64g -jar ./enhsp3.jar -o ./domain_with_failure.pddl -f ./problems/BasePN-0And-del-3-d5/problem86.pddl -h blind -s WAStar
Domain parsed
Problem parsed
Grounding..
Grounding Time: 2574
UFX:true
|F|:7534
|X|:9
|A|:473
|P|:0
|E|:0
h(I):0.0
f(n) = 2.0 (Expanded Nodes: 2, Evaluated States: 3, Time: 0.019) Frontier Size: 1
f(n) = 3.0 (Expanded Nodes: 6, Evaluated States: 13, Time: 0.059) Frontier Size: 7
f(n) = 4.0 (Expanded Nodes: 9, Evaluated States: 13, Time: 0.065) Frontier Size: 4
f(n) = 5.0 (Expanded Nodes: 19, Evaluated States: 31, Time: 0.074) Frontier Size: 12
f(n) = 6.0 (Expanded Nodes: 22, Evaluated States: 31, Time: 0.075) Frontier Size: 9
Problem Solved

Found Plan:
0.0: (add_action a7)
1.0: (check_added_variables_model a7)
2.0: (move_in_model_move_automata a7)
3.0: (add_action a10)
4.0: (check_added_variables_model a10)
5.0: (move_in_model_move_automata a10)
6.0: (add_action a12)
7.0: (check_added_variables_model a12)
8.0: (move_in_model_move_automata a12)
9.0: (validate_payload t0 a11 t1)
10.0: (sync_actions a11)
11.0: (validate_payload t1 a8 t2)
12.0: (sync_actions a8)
13.0: (validate_payload t2 a1 t3)
14.0: (sync_actions a1)
15.0: (validate_payload t3 a2 t4)
16.0: (sync_actions a2)
17.0: (validate_payload t4 a9 t5)
18.0: (sync_actions a9)

Plan-Length:19
Metric (Search):6.0
Planning Time (msec): 100
Heuristic Time (msec): 3
Search Time (msec): 93
Expanded Nodes:49
States Evaluated:81
Number of Dead-Ends detected:0
Number of Duplicates detected:5
/usr/bin/time -v timeout 600 java -Xmx64g -jar ./enhsp3.jar -o ./domain_with_failure.pddl -f ./problems/BasePN-0And-del-3-d5/problem87.pddl -h blind -s WAStar
Domain parsed
Problem parsed
Grounding..
Grounding Time: 2582
UFX:true
|F|:7534
|X|:10
|A|:473
|P|:0
|E|:0
h(I):0.0
f(n) = 1.0 (Expanded Nodes: 4, Evaluated States: 12, Time: 0.02) Frontier Size: 8
f(n) = 2.0 (Expanded Nodes: 16, Evaluated States: 32, Time: 0.055) Frontier Size: 16
f(n) = 3.0 (Expanded Nodes: 27, Evaluated States: 54, Time: 0.071) Frontier Size: 27
f(n) = 4.0 (Expanded Nodes: 59, Evaluated States: 102, Time: 0.086) Frontier Size: 43
f(n) = 5.0 (Expanded Nodes: 92, Evaluated States: 157, Time: 0.096) Frontier Size: 65
f(n) = 6.0 (Expanded Nodes: 178, Evaluated States: 273, Time: 0.113) Frontier Size: 95
Problem Solved

Found Plan:
0.0: (validate_payload t0 a7 t1)
1.0: (sync_actions a7)
2.0: (add_action a10)
3.0: (check_added_variables_model a10)
4.0: (move_in_model_move_automata a10)
5.0: (add_action a12)
6.0: (check_added_variables_model a12)
7.0: (move_in_model_move_automata a12)
8.0: (validate_payload t1 a11 t2)
9.0: (sync_actions a11)
10.0: (validate_payload t2 a8 t3)
11.0: (sync_actions a8)
12.0: (validate_payload t3 a1 t4)
13.0: (sync_actions a1)
14.0: (add_action a2)
15.0: (check_added_variables_model a2)
16.0: (move_in_model_move_automata a2)
17.0: (validate_payload t4 a9 t5)
18.0: (sync_actions a9)

Plan-Length:19
Metric (Search):6.0
Planning Time (msec): 133
Heuristic Time (msec): 6
Search Time (msec): 122
Expanded Nodes:221
States Evaluated:326
Number of Dead-Ends detected:0
Number of Duplicates detected:27
/usr/bin/time -v timeout 600 java -Xmx64g -jar ./enhsp3.jar -o ./domain_with_failure.pddl -f ./problems/BasePN-0And-del-3-d5/problem88.pddl -h blind -s WAStar
Domain parsed
Problem parsed
Grounding..
Grounding Time: 2609
UFX:true
|F|:7534
|X|:11
|A|:473
|P|:0
|E|:0
h(I):0.0
f(n) = 1.0 (Expanded Nodes: 8, Evaluated States: 23, Time: 0.03) Frontier Size: 15
f(n) = 2.0 (Expanded Nodes: 37, Evaluated States: 78, Time: 0.075) Frontier Size: 41
f(n) = 3.0 (Expanded Nodes: 69, Evaluated States: 124, Time: 0.103) Frontier Size: 55
f(n) = 4.0 (Expanded Nodes: 155, Evaluated States: 268, Time: 0.121) Frontier Size: 113
f(n) = 5.0 (Expanded Nodes: 258, Evaluated States: 410, Time: 0.141) Frontier Size: 152
f(n) = 6.0 (Expanded Nodes: 427, Evaluated States: 610, Time: 0.168) Frontier Size: 183
Problem Solved

Found Plan:
0.0: (validate_payload t0 a7 t1)
1.0: (sync_actions a7)
2.0: (validate_payload t1 a10 t2)
3.0: (sync_actions a10)
4.0: (validate_payload t2 a12 t3)
5.0: (sync_actions a12)
6.0: (add_action a11)
7.0: (check_added_variables_model a11)
8.0: (move_in_model_move_automata a11)
9.0: (validate_payload t3 a8 t4)
10.0: (sync_actions a8)
11.0: (validate_payload t4 a1 t5)
12.0: (sync_actions a1)
13.0: (add_action a2)
14.0: (check_added_variables_model a2)
15.0: (move_in_model_move_automata a2)
16.0: (add_action a9)
17.0: (check_added_variables_model a9)
18.0: (move_in_model_move_automata a9)

Plan-Length:19
Metric (Search):6.0
Planning Time (msec): 190
Heuristic Time (msec): 6
Search Time (msec): 183
Expanded Nodes:522
States Evaluated:704
Number of Dead-Ends detected:0
Number of Duplicates detected:72
/usr/bin/time -v timeout 600 java -Xmx64g -jar ./enhsp3.jar -o ./domain_with_failure.pddl -f ./problems/BasePN-0And-del-3-d5/problem89.pddl -h blind -s WAStar
Domain parsed
Problem parsed
Grounding..
Grounding Time: 2636
UFX:true
|F|:7531
|X|:10
|A|:472
|P|:0
|E|:0
h(I):0.0
f(n) = 1.0 (Expanded Nodes: 6, Evaluated States: 20, Time: 0.027) Frontier Size: 14
f(n) = 2.0 (Expanded Nodes: 38, Evaluated States: 88, Time: 0.077) Frontier Size: 50
f(n) = 3.0 (Expanded Nodes: 105, Evaluated States: 197, Time: 0.113) Frontier Size: 92
f(n) = 4.0 (Expanded Nodes: 209, Evaluated States: 384, Time: 0.142) Frontier Size: 175
f(n) = 5.0 (Expanded Nodes: 408, Evaluated States: 681, Time: 0.178) Frontier Size: 273
f(n) = 6.0 (Expanded Nodes: 675, Evaluated States: 988, Time: 0.213) Frontier Size: 313
Problem Solved

Found Plan:
0.0: (validate_payload t0 a7 t1)
1.0: (sync_actions a7)
2.0: (validate_payload t1 a10 t2)
3.0: (sync_actions a10)
4.0: (add_action a12)
5.0: (check_added_variables_model a12)
6.0: (move_in_model_move_automata a12)
7.0: (validate_payload t2 a11 t3)
8.0: (sync_actions a11)
9.0: (validate_payload t3 a8 t4)
10.0: (sync_actions a8)
11.0: (add_action a0)
12.0: (check_added_variables_model a0)
13.0: (move_in_model_move_automata a0)
14.0: (add_action a9)
15.0: (check_added_variables_model a9)
16.0: (move_in_model_move_automata a9)

Plan-Length:17
Metric (Search):6.0
Planning Time (msec): 240
Heuristic Time (msec): 8
Search Time (msec): 233
Expanded Nodes:954
States Evaluated:1286
Number of Dead-Ends detected:0
Number of Duplicates detected:94
/usr/bin/time -v timeout 600 java -Xmx64g -jar ./enhsp3.jar -o ./domain_with_failure.pddl -f ./problems/BasePN-0And-del-3-d5/problem90.pddl -h blind -s WAStar
Domain parsed
Problem parsed
Grounding..
Grounding Time: 2455
UFX:true
|F|:7534
|X|:11
|A|:473
|P|:0
|E|:0
h(I):0.0
f(n) = 1.0 (Expanded Nodes: 4, Evaluated States: 12, Time: 0.024) Frontier Size: 8
f(n) = 2.0 (Expanded Nodes: 16, Evaluated States: 32, Time: 0.06) Frontier Size: 16
f(n) = 3.0 (Expanded Nodes: 29, Evaluated States: 64, Time: 0.078) Frontier Size: 35
f(n) = 4.0 (Expanded Nodes: 73, Evaluated States: 145, Time: 0.099) Frontier Size: 72
f(n) = 5.0 (Expanded Nodes: 129, Evaluated States: 213, Time: 0.119) Frontier Size: 84
f(n) = 6.0 (Expanded Nodes: 245, Evaluated States: 389, Time: 0.141) Frontier Size: 144
Problem Solved

Found Plan:
0.0: (validate_payload t0 a7 t1)
1.0: (sync_actions a7)
2.0: (add_action a10)
3.0: (check_added_variables_model a10)
4.0: (move_in_model_move_automata a10)
5.0: (validate_payload t1 a12 t2)
6.0: (sync_actions a12)
7.0: (add_action a11)
8.0: (check_added_variables_model a11)
9.0: (move_in_model_move_automata a11)
10.0: (validate_payload t2 a8 t3)
11.0: (sync_actions a8)
12.0: (validate_payload t3 a1 t4)
13.0: (sync_actions a1)
14.0: (add_action a2)
15.0: (check_added_variables_model a2)
16.0: (move_in_model_move_automata a2)
17.0: (validate_payload t4 a9 t5)
18.0: (sync_actions a9)

Plan-Length:19
Metric (Search):6.0
Planning Time (msec): 161
Heuristic Time (msec): 5
Search Time (msec): 157
Expanded Nodes:326
States Evaluated:498
Number of Dead-Ends detected:0
Number of Duplicates detected:34
/usr/bin/time -v timeout 600 java -Xmx64g -jar ./enhsp3.jar -o ./domain_with_failure.pddl -f ./problems/BasePN-0And-del-3-d5/problem91.pddl -h blind -s WAStar
Domain parsed
Problem parsed
Grounding..
Grounding Time: 2545
UFX:true
|F|:7534
|X|:11
|A|:473
|P|:0
|E|:0
h(I):0.0
f(n) = 1.0 (Expanded Nodes: 6, Evaluated States: 21, Time: 0.027) Frontier Size: 15
f(n) = 2.0 (Expanded Nodes: 38, Evaluated States: 92, Time: 0.066) Frontier Size: 54
f(n) = 3.0 (Expanded Nodes: 107, Evaluated States: 217, Time: 0.1) Frontier Size: 110
f(n) = 4.0 (Expanded Nodes: 239, Evaluated States: 501, Time: 0.132) Frontier Size: 262
f(n) = 5.0 (Expanded Nodes: 562, Evaluated States: 1052, Time: 0.206) Frontier Size: 490
f(n) = 6.0 (Expanded Nodes: 1098, Evaluated States: 1850, Time: 0.266) Frontier Size: 752
f(n) = 7.0 (Expanded Nodes: 2026, Evaluated States: 3256, Time: 0.355) Frontier Size: 1229
Problem Solved

Found Plan:
0.0: (validate_payload t0 a7 t1)
1.0: (sync_actions a7)
2.0: (change_value a10 integer v0)
3.0: (validate_payload t1 a10 t2)
4.0: (sync_actions a10)
5.0: (add_action a12)
6.0: (check_added_variables_model a12)
7.0: (move_in_model_move_automata a12)
8.0: (validate_payload t2 a11 t3)
9.0: (sync_actions a11)
10.0: (validate_payload t3 a8 t4)
11.0: (sync_actions a8)
12.0: (add_action a1)
13.0: (check_added_variables_model a1)
14.0: (move_in_model_move_automata a1)
15.0: (validate_payload t4 a2 t5)
16.0: (sync_actions a2)
17.0: (add_action a9)
18.0: (check_added_variables_model a9)
19.0: (move_in_model_move_automata a9)

Plan-Length:20
Metric (Search):7.0
Planning Time (msec): 408
Heuristic Time (msec): 3
Search Time (msec): 396
Expanded Nodes:2625
States Evaluated:4120
Number of Dead-Ends detected:0
Number of Duplicates detected:200
/usr/bin/time -v timeout 600 java -Xmx64g -jar ./enhsp3.jar -o ./domain_with_failure.pddl -f ./problems/BasePN-0And-del-3-d5/problem92.pddl -h blind -s WAStar
Domain parsed
Problem parsed
Grounding..
Grounding Time: 2555
UFX:true
|F|:7534
|X|:11
|A|:473
|P|:0
|E|:0
h(I):0.0
f(n) = 1.0 (Expanded Nodes: 4, Evaluated States: 12, Time: 0.031) Frontier Size: 8
f(n) = 2.0 (Expanded Nodes: 16, Evaluated States: 32, Time: 0.066) Frontier Size: 16
f(n) = 3.0 (Expanded Nodes: 27, Evaluated States: 57, Time: 0.08) Frontier Size: 30
f(n) = 4.0 (Expanded Nodes: 62, Evaluated States: 117, Time: 0.097) Frontier Size: 55
f(n) = 5.0 (Expanded Nodes: 107, Evaluated States: 184, Time: 0.117) Frontier Size: 77
f(n) = 6.0 (Expanded Nodes: 217, Evaluated States: 357, Time: 0.178) Frontier Size: 140
Problem Solved

Found Plan:
0.0: (validate_payload t0 a7 t1)
1.0: (sync_actions a7)
2.0: (add_action a10)
3.0: (check_added_variables_model a10)
4.0: (move_in_model_move_automata a10)
5.0: (add_action a12)
6.0: (check_added_variables_model a12)
7.0: (move_in_model_move_automata a12)
8.0: (validate_payload t1 a11 t2)
9.0: (sync_actions a11)
10.0: (validate_payload t2 a8 t3)
11.0: (sync_actions a8)
12.0: (validate_payload t3 a1 t4)
13.0: (sync_actions a1)
14.0: (add_action a2)
15.0: (check_added_variables_model a2)
16.0: (move_in_model_move_automata a2)
17.0: (validate_payload t4 a9 t5)
18.0: (sync_actions a9)

Plan-Length:19
Metric (Search):6.0
Planning Time (msec): 200
Heuristic Time (msec): 7
Search Time (msec): 192
Expanded Nodes:293
States Evaluated:447
Number of Dead-Ends detected:0
Number of Duplicates detected:26
/usr/bin/time -v timeout 600 java -Xmx64g -jar ./enhsp3.jar -o ./domain_with_failure.pddl -f ./problems/BasePN-0And-del-3-d5/problem93.pddl -h blind -s WAStar
Domain parsed
Problem parsed
Grounding..
Grounding Time: 2467
UFX:true
|F|:7534
|X|:11
|A|:473
|P|:0
|E|:0
h(I):0.0
f(n) = 1.0 (Expanded Nodes: 6, Evaluated States: 21, Time: 0.028) Frontier Size: 15
f(n) = 2.0 (Expanded Nodes: 38, Evaluated States: 92, Time: 0.074) Frontier Size: 54
f(n) = 3.0 (Expanded Nodes: 105, Evaluated States: 207, Time: 0.1) Frontier Size: 102
f(n) = 4.0 (Expanded Nodes: 217, Evaluated States: 402, Time: 0.128) Frontier Size: 185
f(n) = 5.0 (Expanded Nodes: 460, Evaluated States: 706, Time: 0.163) Frontier Size: 246
f(n) = 6.0 (Expanded Nodes: 800, Evaluated States: 1151, Time: 0.206) Frontier Size: 351
Problem Solved

Found Plan:
0.0: (validate_payload t0 a7 t1)
1.0: (sync_actions a7)
2.0: (validate_payload t1 a10 t2)
3.0: (sync_actions a10)
4.0: (add_action a12)
5.0: (check_added_variables_model a12)
6.0: (move_in_model_move_automata a12)
7.0: (add_action a11)
8.0: (check_added_variables_model a11)
9.0: (move_in_model_move_automata a11)
10.0: (validate_payload t2 a8 t3)
11.0: (sync_actions a8)
12.0: (validate_payload t3 a1 t4)
13.0: (sync_actions a1)
14.0: (add_action a2)
15.0: (check_added_variables_model a2)
16.0: (move_in_model_move_automata a2)
17.0: (validate_payload t4 a9 t5)
18.0: (sync_actions a9)

Plan-Length:19
Metric (Search):6.0
Planning Time (msec): 263
Heuristic Time (msec): 6
Search Time (msec): 260
Expanded Nodes:1238
States Evaluated:1765
Number of Dead-Ends detected:0
Number of Duplicates detected:90
/usr/bin/time -v timeout 600 java -Xmx64g -jar ./enhsp3.jar -o ./domain_with_failure.pddl -f ./problems/BasePN-0And-del-3-d5/problem94.pddl -h blind -s WAStar
Domain parsed
Problem parsed
Grounding..
Grounding Time: 2654
UFX:true
|F|:7534
|X|:10
|A|:473
|P|:0
|E|:0
h(I):0.0
f(n) = 1.0 (Expanded Nodes: 6, Evaluated States: 21, Time: 0.03) Frontier Size: 15
f(n) = 2.0 (Expanded Nodes: 38, Evaluated States: 92, Time: 0.083) Frontier Size: 54
f(n) = 3.0 (Expanded Nodes: 103, Evaluated States: 201, Time: 0.119) Frontier Size: 98
f(n) = 4.0 (Expanded Nodes: 195, Evaluated States: 360, Time: 0.142) Frontier Size: 165
f(n) = 5.0 (Expanded Nodes: 373, Evaluated States: 585, Time: 0.183) Frontier Size: 212
f(n) = 6.0 (Expanded Nodes: 614, Evaluated States: 899, Time: 0.217) Frontier Size: 285
f(n) = 7.0 (Expanded Nodes: 933, Evaluated States: 1308, Time: 0.252) Frontier Size: 375
Problem Solved

Found Plan:
0.0: (validate_payload t0 a7 t1)
1.0: (sync_actions a7)
2.0: (change_value a10 integer v0)
3.0: (validate_payload t1 a10 t2)
4.0: (sync_actions a10)
5.0: (add_action a12)
6.0: (check_added_variables_model a12)
7.0: (move_in_model_move_automata a12)
8.0: (add_action a11)
9.0: (check_added_variables_model a11)
10.0: (move_in_model_move_automata a11)
11.0: (validate_payload t2 a8 t3)
12.0: (sync_actions a8)
13.0: (add_action a1)
14.0: (check_added_variables_model a1)
15.0: (move_in_model_move_automata a1)
16.0: (validate_payload t3 a2 t4)
17.0: (sync_actions a2)
18.0: (validate_payload t4 a9 t5)
19.0: (sync_actions a9)

Plan-Length:20
Metric (Search):7.0
Planning Time (msec): 262
Heuristic Time (msec): 8
Search Time (msec): 256
Expanded Nodes:1004
States Evaluated:1393
Number of Dead-Ends detected:0
Number of Duplicates detected:75
/usr/bin/time -v timeout 600 java -Xmx64g -jar ./enhsp3.jar -o ./domain_with_failure.pddl -f ./problems/BasePN-0And-del-3-d5/problem95.pddl -h blind -s WAStar
Domain parsed
Problem parsed
Grounding..
Grounding Time: 2513
UFX:true
|F|:7534
|X|:10
|A|:473
|P|:0
|E|:0
h(I):0.0
f(n) = 1.0 (Expanded Nodes: 4, Evaluated States: 12, Time: 0.027) Frontier Size: 8
f(n) = 2.0 (Expanded Nodes: 16, Evaluated States: 32, Time: 0.065) Frontier Size: 16
f(n) = 3.0 (Expanded Nodes: 29, Evaluated States: 58, Time: 0.085) Frontier Size: 29
f(n) = 4.0 (Expanded Nodes: 67, Evaluated States: 118, Time: 0.105) Frontier Size: 51
f(n) = 5.0 (Expanded Nodes: 98, Evaluated States: 165, Time: 0.121) Frontier Size: 67
f(n) = 6.0 (Expanded Nodes: 178, Evaluated States: 257, Time: 0.142) Frontier Size: 79
Problem Solved

Found Plan:
0.0: (validate_payload t0 a7 t1)
1.0: (sync_actions a7)
2.0: (add_action a10)
3.0: (check_added_variables_model a10)
4.0: (move_in_model_move_automata a10)
5.0: (validate_payload t1 a12 t2)
6.0: (sync_actions a12)
7.0: (add_action a11)
8.0: (check_added_variables_model a11)
9.0: (move_in_model_move_automata a11)
10.0: (add_action a8)
11.0: (check_added_variables_model a8)
12.0: (move_in_model_move_automata a8)
13.0: (validate_payload t2 a1 t3)
14.0: (sync_actions a1)
15.0: (validate_payload t3 a2 t4)
16.0: (sync_actions a2)
17.0: (validate_payload t4 a9 t5)
18.0: (sync_actions a9)

Plan-Length:19
Metric (Search):6.0
Planning Time (msec): 155
Heuristic Time (msec): 7
Search Time (msec): 153
Expanded Nodes:231
States Evaluated:325
Number of Dead-Ends detected:0
Number of Duplicates detected:35
/usr/bin/time -v timeout 600 java -Xmx64g -jar ./enhsp3.jar -o ./domain_with_failure.pddl -f ./problems/BasePN-0And-del-3-d5/problem96.pddl -h blind -s WAStar
Domain parsed
Problem parsed
Grounding..
Grounding Time: 2509
UFX:true
|F|:7534
|X|:10
|A|:473
|P|:0
|E|:0
h(I):0.0
f(n) = 1.0 (Expanded Nodes: 6, Evaluated States: 20, Time: 0.027) Frontier Size: 14
f(n) = 2.0 (Expanded Nodes: 38, Evaluated States: 88, Time: 0.078) Frontier Size: 50
f(n) = 3.0 (Expanded Nodes: 107, Evaluated States: 201, Time: 0.11) Frontier Size: 94
f(n) = 4.0 (Expanded Nodes: 225, Evaluated States: 418, Time: 0.146) Frontier Size: 193
f(n) = 5.0 (Expanded Nodes: 452, Evaluated States: 777, Time: 0.204) Frontier Size: 325
f(n) = 6.0 (Expanded Nodes: 759, Evaluated States: 1157, Time: 0.249) Frontier Size: 398
Problem Solved

Found Plan:
0.0: (validate_payload t0 a7 t1)
1.0: (sync_actions a7)
2.0: (validate_payload t1 a10 t2)
3.0: (sync_actions a10)
4.0: (add_action a12)
5.0: (check_added_variables_model a12)
6.0: (move_in_model_move_automata a12)
7.0: (validate_payload t2 a11 t3)
8.0: (sync_actions a11)
9.0: (validate_payload t3 a8 t4)
10.0: (sync_actions a8)
11.0: (validate_payload t4 a1 t5)
12.0: (sync_actions a1)
13.0: (add_action a2)
14.0: (check_added_variables_model a2)
15.0: (move_in_model_move_automata a2)
16.0: (add_action a9)
17.0: (check_added_variables_model a9)
18.0: (move_in_model_move_automata a9)

Plan-Length:19
Metric (Search):6.0
Planning Time (msec): 296
Heuristic Time (msec): 4
Search Time (msec): 291
Expanded Nodes:1148
States Evaluated:1678
Number of Dead-Ends detected:0
Number of Duplicates detected:121
/usr/bin/time -v timeout 600 java -Xmx64g -jar ./enhsp3.jar -o ./domain_with_failure.pddl -f ./problems/BasePN-0And-del-3-d5/problem97.pddl -h blind -s WAStar
Domain parsed
Problem parsed
Grounding..
Grounding Time: 2514
UFX:true
|F|:7534
|X|:10
|A|:473
|P|:0
|E|:0
h(I):0.0
f(n) = 2.0 (Expanded Nodes: 2, Evaluated States: 3, Time: 0.018) Frontier Size: 1
f(n) = 4.0 (Expanded Nodes: 6, Evaluated States: 10, Time: 0.058) Frontier Size: 4
f(n) = 5.0 (Expanded Nodes: 26, Evaluated States: 51, Time: 0.075) Frontier Size: 25
f(n) = 6.0 (Expanded Nodes: 50, Evaluated States: 87, Time: 0.089) Frontier Size: 37
Problem Solved

Found Plan:
0.0: (add_action a7)
1.0: (check_added_variables_model a7)
2.0: (move_in_model_move_automata a7)
3.0: (add_action a10)
4.0: (check_added_variables_model a10)
5.0: (move_in_model_move_automata a10)
6.0: (validate_payload t0 a12 t1)
7.0: (sync_actions a12)
8.0: (validate_payload t1 a11 t2)
9.0: (sync_actions a11)
10.0: (validate_payload t2 a8 t3)
11.0: (sync_actions a8)
12.0: (validate_payload t3 a1 t4)
13.0: (sync_actions a1)
14.0: (validate_payload t4 a2 t5)
15.0: (sync_actions a2)
16.0: (add_action a9)
17.0: (check_added_variables_model a9)
18.0: (move_in_model_move_automata a9)

Plan-Length:19
Metric (Search):6.0
Planning Time (msec): 109
Heuristic Time (msec): 8
Search Time (msec): 107
Expanded Nodes:85
States Evaluated:136
Number of Dead-Ends detected:0
Number of Duplicates detected:8
/usr/bin/time -v timeout 600 java -Xmx64g -jar ./enhsp3.jar -o ./domain_with_failure.pddl -f ./problems/BasePN-0And-del-3-d5/problem98.pddl -h blind -s WAStar
Domain parsed
Problem parsed
Grounding..
Grounding Time: 2508
UFX:true
|F|:7534
|X|:9
|A|:473
|P|:0
|E|:0
h(I):0.0
f(n) = 1.0 (Expanded Nodes: 2, Evaluated States: 7, Time: 0.018) Frontier Size: 5
f(n) = 2.0 (Expanded Nodes: 6, Evaluated States: 7, Time: 0.054) Frontier Size: 1
f(n) = 3.0 (Expanded Nodes: 18, Evaluated States: 35, Time: 0.069) Frontier Size: 17
f(n) = 4.0 (Expanded Nodes: 54, Evaluated States: 109, Time: 0.084) Frontier Size: 55
f(n) = 5.0 (Expanded Nodes: 85, Evaluated States: 160, Time: 0.104) Frontier Size: 75
f(n) = 6.0 (Expanded Nodes: 189, Evaluated States: 330, Time: 0.134) Frontier Size: 141
Problem Solved

Found Plan:
0.0: (add_action a7)
1.0: (check_added_variables_model a7)
2.0: (move_in_model_move_automata a7)
3.0: (validate_payload t0 a10 t1)
4.0: (sync_actions a10)
5.0: (validate_payload t1 a12 t2)
6.0: (sync_actions a12)
7.0: (validate_payload t2 a11 t3)
8.0: (sync_actions a11)
9.0: (validate_payload t3 a8 t4)
10.0: (sync_actions a8)
11.0: (add_action a1)
12.0: (check_added_variables_model a1)
13.0: (move_in_model_move_automata a1)
14.0: (validate_payload t4 a2 t5)
15.0: (sync_actions a2)
16.0: (add_action a9)
17.0: (check_added_variables_model a9)
18.0: (move_in_model_move_automata a9)

Plan-Length:19
Metric (Search):6.0
Planning Time (msec): 164
Heuristic Time (msec): 3
Search Time (msec): 157
Expanded Nodes:256
States Evaluated:392
Number of Dead-Ends detected:0
Number of Duplicates detected:24
/usr/bin/time -v timeout 600 java -Xmx64g -jar ./enhsp3.jar -o ./domain_with_failure.pddl -f ./problems/BasePN-0And-del-3-d5/problem99.pddl -h blind -s WAStar
Domain parsed
Problem parsed
Grounding..
Grounding Time: 2592
UFX:true
|F|:7534
|X|:10
|A|:473
|P|:0
|E|:0
h(I):0.0
f(n) = 1.0 (Expanded Nodes: 8, Evaluated States: 26, Time: 0.029) Frontier Size: 18
f(n) = 2.0 (Expanded Nodes: 54, Evaluated States: 130, Time: 0.082) Frontier Size: 76
f(n) = 3.0 (Expanded Nodes: 151, Evaluated States: 310, Time: 0.126) Frontier Size: 159
f(n) = 4.0 (Expanded Nodes: 305, Evaluated States: 580, Time: 0.167) Frontier Size: 275
f(n) = 5.0 (Expanded Nodes: 636, Evaluated States: 1032, Time: 0.238) Frontier Size: 396
f(n) = 6.0 (Expanded Nodes: 1090, Evaluated States: 1614, Time: 0.301) Frontier Size: 524
f(n) = 7.0 (Expanded Nodes: 1792, Evaluated States: 2514, Time: 0.379) Frontier Size: 721
Problem Solved

Found Plan:
0.0: (validate_payload t0 a7 t1)
1.0: (sync_actions a7)
2.0: (validate_payload t1 a10 t2)
3.0: (sync_actions a10)
4.0: (validate_payload t2 a12 t3)
5.0: (sync_actions a12)
6.0: (add_action a11)
7.0: (check_added_variables_model a11)
8.0: (move_in_model_move_automata a11)
9.0: (validate_payload t3 a8 t4)
10.0: (sync_actions a8)
11.0: (add_action a1)
12.0: (move_in_model_parameter a1 sDEC1_2 integer v0)
13.0: (check_added_variables_model a1)
14.0: (move_in_model_move_automata a1)
15.0: (validate_payload t4 a2 t5)
16.0: (sync_actions a2)
17.0: (add_action a9)
18.0: (check_added_variables_model a9)
19.0: (move_in_model_move_automata a9)

Plan-Length:20
Metric (Search):7.0
Planning Time (msec): 388
Heuristic Time (msec): 9
Search Time (msec): 386
Expanded Nodes:1873
States Evaluated:2597
Number of Dead-Ends detected:0
Number of Duplicates detected:189
/usr/bin/time -v timeout 600 java -Xmx64g -jar ./enhsp3.jar -o ./domain_with_failure.pddl -f ./problems/BasePN-0And-del-3-d5/problem100.pddl -h blind -s WAStar
Domain parsed
Problem parsed
Grounding..
Grounding Time: 2456
UFX:true
|F|:7531
|X|:10
|A|:472
|P|:0
|E|:0
h(I):0.0
f(n) = 1.0 (Expanded Nodes: 6, Evaluated States: 19, Time: 0.024) Frontier Size: 13
f(n) = 2.0 (Expanded Nodes: 29, Evaluated States: 62, Time: 0.064) Frontier Size: 33
f(n) = 3.0 (Expanded Nodes: 53, Evaluated States: 95, Time: 0.088) Frontier Size: 42
f(n) = 4.0 (Expanded Nodes: 103, Evaluated States: 179, Time: 0.105) Frontier Size: 76
f(n) = 5.0 (Expanded Nodes: 159, Evaluated States: 240, Time: 0.12) Frontier Size: 81
f(n) = 6.0 (Expanded Nodes: 265, Evaluated States: 382, Time: 0.138) Frontier Size: 117
Problem Solved

Found Plan:
0.0: (validate_payload t0 a7 t1)
1.0: (sync_actions a7)
2.0: (validate_payload t1 a10 t2)
3.0: (sync_actions a10)
4.0: (add_action a12)
5.0: (check_added_variables_model a12)
6.0: (move_in_model_move_automata a12)
7.0: (add_action a11)
8.0: (check_added_variables_model a11)
9.0: (move_in_model_move_automata a11)
10.0: (validate_payload t2 a8 t3)
11.0: (sync_actions a8)
12.0: (add_action a0)
13.0: (check_added_variables_model a0)
14.0: (move_in_model_move_automata a0)
15.0: (validate_payload t3 a9 t4)
16.0: (sync_actions a9)

Plan-Length:17
Metric (Search):6.0
Planning Time (msec): 155
Heuristic Time (msec): 7
Search Time (msec): 153
Expanded Nodes:301
States Evaluated:440
Number of Dead-Ends detected:0
Number of Duplicates detected:36
