/usr/bin/time -v timeout 600 java -Xmx64g -jar ./enhsp3.jar -o ./domain_with_failure.pddl -f ./problems/BasePN-2And-del-1-d7/problem1.pddl -h blind -s WAStar
Domain parsed
Problem parsed
Grounding..
Grounding Time: 6340
UFX:true
|F|:21934
|X|:19
|A|:1252
|P|:0
|E|:0
h(I):0.0
f(n) = 1.0 (Expanded Nodes: 18, Evaluated States: 63, Time: 0.048) Frontier Size: 45
f(n) = 2.0 (Expanded Nodes: 183, Evaluated States: 529, Time: 0.173) Frontier Size: 346
Problem Solved

Found Plan:
0.0: (validate_payload t0 a7 t1)
1.0: (sync_actions a7)
2.0: (validate_payload t1 a3 t2)
3.0: (sync_actions a3)
4.0: (validate_payload t2 a4 t3)
5.0: (sync_actions a4)
6.0: (validate_payload t3 a10 t4)
7.0: (sync_actions a10)
8.0: (validate_payload t4 a12 t5)
9.0: (sync_actions a12)
10.0: (validate_payload t5 a11 t6)
11.0: (sync_actions a11)
12.0: (validate_payload t6 a6 t7)
13.0: (sync_actions a6)
14.0: (validate_payload t7 a8 t8)
15.0: (sync_actions a8)
16.0: (add_action a1)
17.0: (check_added_variables_model a1)
18.0: (move_in_model_move_automata a1)
19.0: (validate_payload t8 a2 t9)
20.0: (sync_actions a2)
21.0: (validate_payload t9 a0 t10)
22.0: (sync_actions a0)
23.0: (validate_payload t10 a9 t11)
24.0: (sync_actions a9)

Plan-Length:25
Metric (Search):2.0
Planning Time (msec): 380
Heuristic Time (msec): 6
Search Time (msec): 377
Expanded Nodes:785
States Evaluated:2037
Number of Dead-Ends detected:0
Number of Duplicates detected:12
/usr/bin/time -v timeout 600 java -Xmx64g -jar ./enhsp3.jar -o ./domain_with_failure.pddl -f ./problems/BasePN-2And-del-1-d7/problem2.pddl -h blind -s WAStar
Domain parsed
Problem parsed
Grounding..
Grounding Time: 6416
UFX:true
|F|:21934
|X|:18
|A|:1252
|P|:0
|E|:0
h(I):0.0
f(n) = 1.0 (Expanded Nodes: 12, Evaluated States: 42, Time: 0.037) Frontier Size: 30
f(n) = 2.0 (Expanded Nodes: 84, Evaluated States: 238, Time: 0.121) Frontier Size: 154
f(n) = 3.0 (Expanded Nodes: 400, Evaluated States: 1024, Time: 0.294) Frontier Size: 624
f(n) = 4.0 (Expanded Nodes: 1415, Evaluated States: 3277, Time: 0.512) Frontier Size: 1862
Problem Solved

Found Plan:
0.0: (validate_payload t0 a7 t1)
1.0: (sync_actions a7)
2.0: (validate_payload t1 a10 t2)
3.0: (sync_actions a10)
4.0: (validate_payload t2 a3 t3)
5.0: (sync_actions a3)
6.0: (validate_payload t3 a12 t4)
7.0: (sync_actions a12)
8.0: (change_value a4 categorical c3)
9.0: (validate_payload t4 a4 t5)
10.0: (sync_actions a4)
11.0: (validate_payload t5 a6 t6)
12.0: (sync_actions a6)
13.0: (validate_payload t6 a11 t7)
14.0: (sync_actions a11)
15.0: (validate_payload t7 a8 t8)
16.0: (sync_actions a8)
17.0: (add_action a1)
18.0: (move_in_model_parameter a1 sDEC2_2 integer v5)
19.0: (check_added_variables_model a1)
20.0: (move_in_model_move_automata a1)
21.0: (validate_payload t8 a2 t9)
22.0: (sync_actions a2)
23.0: (validate_payload t9 a0 t10)
24.0: (sync_actions a0)
25.0: (validate_payload t10 a9 t11)
26.0: (sync_actions a9)

Plan-Length:27
Metric (Search):4.0
Planning Time (msec): 571
Heuristic Time (msec): 7
Search Time (msec): 566
Expanded Nodes:1727
States Evaluated:3921
Number of Dead-Ends detected:0
Number of Duplicates detected:67
/usr/bin/time -v timeout 600 java -Xmx64g -jar ./enhsp3.jar -o ./domain_with_failure.pddl -f ./problems/BasePN-2And-del-1-d7/problem3.pddl -h blind -s WAStar
Domain parsed
Problem parsed
Grounding..
Grounding Time: 6184
UFX:true
|F|:21934
|X|:17
|A|:1252
|P|:0
|E|:0
h(I):0.0
f(n) = 1.0 (Expanded Nodes: 12, Evaluated States: 46, Time: 0.043) Frontier Size: 34
f(n) = 2.0 (Expanded Nodes: 80, Evaluated States: 257, Time: 0.113) Frontier Size: 177
f(n) = 3.0 (Expanded Nodes: 277, Evaluated States: 700, Time: 0.24) Frontier Size: 423
Problem Solved

Found Plan:
0.0: (validate_payload t0 a7 t1)
1.0: (sync_actions a7)
2.0: (validate_payload t1 a3 t2)
3.0: (sync_actions a3)
4.0: (validate_payload t2 a5 t3)
5.0: (sync_actions a5)
6.0: (validate_payload t3 a10 t4)
7.0: (sync_actions a10)
8.0: (add_action a12)
9.0: (move_in_model_parameter a12 sDEC1_1 categorical c2)
10.0: (check_added_variables_model a12)
11.0: (move_in_model_move_automata a12)
12.0: (validate_payload t4 a6 t5)
13.0: (sync_actions a6)
14.0: (validate_payload t5 a11 t6)
15.0: (sync_actions a11)
16.0: (validate_payload t6 a8 t7)
17.0: (sync_actions a8)
18.0: (validate_payload t7 a1 t8)
19.0: (sync_actions a1)
20.0: (validate_payload t8 a2 t9)
21.0: (sync_actions a2)
22.0: (validate_payload t9 a0 t10)
23.0: (sync_actions a0)
24.0: (validate_payload t10 a9 t11)
25.0: (sync_actions a9)

Plan-Length:26
Metric (Search):3.0
Planning Time (msec): 406
Heuristic Time (msec): 9
Search Time (msec): 402
Expanded Nodes:779
States Evaluated:1794
Number of Dead-Ends detected:0
Number of Duplicates detected:41
/usr/bin/time -v timeout 600 java -Xmx64g -jar ./enhsp3.jar -o ./domain_with_failure.pddl -f ./problems/BasePN-2And-del-1-d7/problem4.pddl -h blind -s WAStar
Domain parsed
Problem parsed
Grounding..
Grounding Time: 6538
UFX:true
|F|:21934
|X|:20
|A|:1252
|P|:0
|E|:0
h(I):0.0
f(n) = 1.0 (Expanded Nodes: 8, Evaluated States: 39, Time: 0.039) Frontier Size: 31
f(n) = 2.0 (Expanded Nodes: 63, Evaluated States: 222, Time: 0.113) Frontier Size: 159
f(n) = 3.0 (Expanded Nodes: 218, Evaluated States: 585, Time: 0.211) Frontier Size: 367
f(n) = 4.0 (Expanded Nodes: 710, Evaluated States: 1584, Time: 0.381) Frontier Size: 874
Problem Solved

Found Plan:
0.0: (validate_payload t0 a7 t1)
1.0: (sync_actions a7)
2.0: (validate_payload t1 a3 t2)
3.0: (sync_actions a3)
4.0: (validate_payload t2 a10 t3)
5.0: (sync_actions a10)
6.0: (add_action a12)
7.0: (move_in_model_parameter a12 sDEC1_1 categorical c2)
8.0: (check_added_variables_model a12)
9.0: (move_in_model_move_automata a12)
10.0: (validate_payload t3 a11 t4)
11.0: (sync_actions a11)
12.0: (change_value a4 categorical c3)
13.0: (validate_payload t4 a4 t5)
14.0: (sync_actions a4)
15.0: (validate_payload t5 a6 t6)
16.0: (sync_actions a6)
17.0: (validate_payload t6 a8 t7)
18.0: (sync_actions a8)
19.0: (validate_payload t7 a1 t8)
20.0: (sync_actions a1)
21.0: (validate_payload t8 a0 t9)
22.0: (sync_actions a0)
23.0: (validate_payload t9 a2 t10)
24.0: (sync_actions a2)
25.0: (validate_payload t10 a9 t11)
26.0: (sync_actions a9)

Plan-Length:27
Metric (Search):4.0
Planning Time (msec): 654
Heuristic Time (msec): 14
Search Time (msec): 644
Expanded Nodes:2348
States Evaluated:5348
Number of Dead-Ends detected:0
Number of Duplicates detected:89
/usr/bin/time -v timeout 600 java -Xmx64g -jar ./enhsp3.jar -o ./domain_with_failure.pddl -f ./problems/BasePN-2And-del-1-d7/problem5.pddl -h blind -s WAStar
Domain parsed
Problem parsed
Grounding..
Grounding Time: 6660
UFX:true
|F|:21934
|X|:17
|A|:1252
|P|:0
|E|:0
h(I):0.0
f(n) = 1.0 (Expanded Nodes: 12, Evaluated States: 42, Time: 0.038) Frontier Size: 30
f(n) = 2.0 (Expanded Nodes: 86, Evaluated States: 244, Time: 0.124) Frontier Size: 158
f(n) = 3.0 (Expanded Nodes: 278, Evaluated States: 707, Time: 0.248) Frontier Size: 429
Problem Solved

Found Plan:
0.0: (validate_payload t0 a7 t1)
1.0: (sync_actions a7)
2.0: (validate_payload t1 a10 t2)
3.0: (sync_actions a10)
4.0: (add_action a12)
5.0: (move_in_model_parameter a12 sDEC1_1 categorical c2)
6.0: (check_added_variables_model a12)
7.0: (move_in_model_move_automata a12)
8.0: (validate_payload t2 a3 t3)
9.0: (sync_actions a3)
10.0: (validate_payload t3 a4 t4)
11.0: (sync_actions a4)
12.0: (validate_payload t4 a6 t5)
13.0: (sync_actions a6)
14.0: (validate_payload t5 a11 t6)
15.0: (sync_actions a11)
16.0: (validate_payload t6 a8 t7)
17.0: (sync_actions a8)
18.0: (validate_payload t7 a1 t8)
19.0: (sync_actions a1)
20.0: (validate_payload t8 a0 t9)
21.0: (sync_actions a0)
22.0: (validate_payload t9 a2 t10)
23.0: (sync_actions a2)
24.0: (validate_payload t10 a9 t11)
25.0: (sync_actions a9)

Plan-Length:26
Metric (Search):3.0
Planning Time (msec): 302
Heuristic Time (msec): 5
Search Time (msec): 294
Expanded Nodes:494
States Evaluated:1205
Number of Dead-Ends detected:0
Number of Duplicates detected:25
/usr/bin/time -v timeout 600 java -Xmx64g -jar ./enhsp3.jar -o ./domain_with_failure.pddl -f ./problems/BasePN-2And-del-1-d7/problem6.pddl -h blind -s WAStar
Domain parsed
Problem parsed
Grounding..
Grounding Time: 6275
UFX:true
|F|:21934
|X|:21
|A|:1252
|P|:0
|E|:0
h(I):0.0
f(n) = 1.0 (Expanded Nodes: 10, Evaluated States: 36, Time: 0.036) Frontier Size: 26
f(n) = 2.0 (Expanded Nodes: 79, Evaluated States: 229, Time: 0.118) Frontier Size: 150
f(n) = 3.0 (Expanded Nodes: 378, Evaluated States: 1064, Time: 0.277) Frontier Size: 686
Problem Solved

Found Plan:
0.0: (validate_payload t0 a7 t1)
1.0: (sync_actions a7)
2.0: (validate_payload t1 a3 t2)
3.0: (sync_actions a3)
4.0: (validate_payload t2 a10 t3)
5.0: (sync_actions a10)
6.0: (change_value a4 categorical c2)
7.0: (validate_payload t3 a4 t4)
8.0: (sync_actions a4)
9.0: (validate_payload t4 a12 t5)
10.0: (sync_actions a12)
11.0: (validate_payload t5 a11 t6)
12.0: (sync_actions a11)
13.0: (add_action a6)
14.0: (check_added_variables_model a6)
15.0: (move_in_model_move_automata a6)
16.0: (validate_payload t6 a8 t7)
17.0: (sync_actions a8)
18.0: (validate_payload t7 a0 t8)
19.0: (sync_actions a0)
20.0: (validate_payload t8 a1 t9)
21.0: (sync_actions a1)
22.0: (validate_payload t9 a2 t10)
23.0: (sync_actions a2)
24.0: (validate_payload t10 a9 t11)
25.0: (sync_actions a9)

Plan-Length:26
Metric (Search):3.0
Planning Time (msec): 409
Heuristic Time (msec): 8
Search Time (msec): 402
Expanded Nodes:855
States Evaluated:2219
Number of Dead-Ends detected:0
Number of Duplicates detected:18
/usr/bin/time -v timeout 600 java -Xmx64g -jar ./enhsp3.jar -o ./domain_with_failure.pddl -f ./problems/BasePN-2And-del-1-d7/problem7.pddl -h blind -s WAStar
Domain parsed
Problem parsed
Grounding..
Grounding Time: 6176
UFX:true
|F|:21934
|X|:20
|A|:1252
|P|:0
|E|:0
h(I):0.0
f(n) = 1.0 (Expanded Nodes: 8, Evaluated States: 32, Time: 0.035) Frontier Size: 24
f(n) = 2.0 (Expanded Nodes: 57, Evaluated States: 176, Time: 0.097) Frontier Size: 119
Problem Solved

Found Plan:
0.0: (validate_payload t0 a7 t1)
1.0: (sync_actions a7)
2.0: (validate_payload t1 a10 t2)
3.0: (sync_actions a10)
4.0: (validate_payload t2 a3 t3)
5.0: (sync_actions a3)
6.0: (add_action a5)
7.0: (check_added_variables_model a5)
8.0: (move_in_model_move_automata a5)
9.0: (validate_payload t3 a6 t4)
10.0: (sync_actions a6)
11.0: (validate_payload t4 a12 t5)
12.0: (sync_actions a12)
13.0: (validate_payload t5 a11 t6)
14.0: (sync_actions a11)
15.0: (validate_payload t6 a8 t7)
16.0: (sync_actions a8)
17.0: (validate_payload t7 a1 t8)
18.0: (sync_actions a1)
19.0: (validate_payload t8 a2 t9)
20.0: (sync_actions a2)
21.0: (validate_payload t9 a0 t10)
22.0: (sync_actions a0)
23.0: (validate_payload t10 a9 t11)
24.0: (sync_actions a9)

Plan-Length:25
Metric (Search):2.0
Planning Time (msec): 177
Heuristic Time (msec): 7
Search Time (msec): 171
Expanded Nodes:160
States Evaluated:390
Number of Dead-Ends detected:0
Number of Duplicates detected:3
/usr/bin/time -v timeout 600 java -Xmx64g -jar ./enhsp3.jar -o ./domain_with_failure.pddl -f ./problems/BasePN-2And-del-1-d7/problem8.pddl -h blind -s WAStar
Domain parsed
Problem parsed
Grounding..
Grounding Time: 5979
UFX:true
|F|:21934
|X|:18
|A|:1252
|P|:0
|E|:0
h(I):0.0
f(n) = 1.0 (Expanded Nodes: 12, Evaluated States: 40, Time: 0.04) Frontier Size: 28
f(n) = 2.0 (Expanded Nodes: 72, Evaluated States: 181, Time: 0.116) Frontier Size: 109
Problem Solved

Found Plan:
0.0: (validate_payload t0 a7 t1)
1.0: (sync_actions a7)
2.0: (validate_payload t1 a3 t2)
3.0: (sync_actions a3)
4.0: (add_action a10)
5.0: (check_added_variables_model a10)
6.0: (move_in_model_move_automata a10)
7.0: (validate_payload t2 a4 t3)
8.0: (sync_actions a4)
9.0: (validate_payload t3 a6 t4)
10.0: (sync_actions a6)
11.0: (validate_payload t4 a12 t5)
12.0: (sync_actions a12)
13.0: (validate_payload t5 a11 t6)
14.0: (sync_actions a11)
15.0: (validate_payload t6 a8 t7)
16.0: (sync_actions a8)
17.0: (validate_payload t7 a0 t8)
18.0: (sync_actions a0)
19.0: (validate_payload t8 a1 t9)
20.0: (sync_actions a1)
21.0: (validate_payload t9 a2 t10)
22.0: (sync_actions a2)
23.0: (validate_payload t10 a9 t11)
24.0: (sync_actions a9)

Plan-Length:25
Metric (Search):2.0
Planning Time (msec): 182
Heuristic Time (msec): 7
Search Time (msec): 176
Expanded Nodes:168
States Evaluated:348
Number of Dead-Ends detected:0
Number of Duplicates detected:5
/usr/bin/time -v timeout 600 java -Xmx64g -jar ./enhsp3.jar -o ./domain_with_failure.pddl -f ./problems/BasePN-2And-del-1-d7/problem9.pddl -h blind -s WAStar
Domain parsed
Problem parsed
Grounding..
Grounding Time: 6312
UFX:true
|F|:21934
|X|:19
|A|:1252
|P|:0
|E|:0
h(I):0.0
f(n) = 1.0 (Expanded Nodes: 2, Evaluated States: 8, Time: 0.015) Frontier Size: 6
f(n) = 2.0 (Expanded Nodes: 6, Evaluated States: 8, Time: 0.043) Frontier Size: 2
Problem Solved

Found Plan:
0.0: (add_action a7)
1.0: (check_added_variables_model a7)
2.0: (move_in_model_move_automata a7)
3.0: (validate_payload t0 a10 t1)
4.0: (sync_actions a10)
5.0: (validate_payload t1 a3 t2)
6.0: (sync_actions a3)
7.0: (validate_payload t2 a4 t3)
8.0: (sync_actions a4)
9.0: (validate_payload t3 a6 t4)
10.0: (sync_actions a6)
11.0: (validate_payload t4 a12 t5)
12.0: (sync_actions a12)
13.0: (validate_payload t5 a11 t6)
14.0: (sync_actions a11)
15.0: (validate_payload t6 a8 t7)
16.0: (sync_actions a8)
17.0: (validate_payload t7 a0 t8)
18.0: (sync_actions a0)
19.0: (validate_payload t8 a1 t9)
20.0: (sync_actions a1)
21.0: (validate_payload t9 a2 t10)
22.0: (sync_actions a2)
23.0: (validate_payload t10 a9 t11)
24.0: (sync_actions a9)

Plan-Length:25
Metric (Search):2.0
Planning Time (msec): 99
Heuristic Time (msec): 3
Search Time (msec): 90
Expanded Nodes:33
States Evaluated:97
Number of Dead-Ends detected:0
Number of Duplicates detected:0
/usr/bin/time -v timeout 600 java -Xmx64g -jar ./enhsp3.jar -o ./domain_with_failure.pddl -f ./problems/BasePN-2And-del-1-d7/problem10.pddl -h blind -s WAStar
Domain parsed
Problem parsed
Grounding..
Grounding Time: 6164
UFX:true
|F|:21934
|X|:18
|A|:1252
|P|:0
|E|:0
h(I):0.0
f(n) = 2.0 (Expanded Nodes: 2, Evaluated States: 4, Time: 0.022) Frontier Size: 2
Problem Solved

Found Plan:
0.0: (add_action a7)
1.0: (check_added_variables_model a7)
2.0: (move_in_model_move_automata a7)
3.0: (validate_payload t0 a3 t1)
4.0: (sync_actions a3)
5.0: (validate_payload t1 a4 t2)
6.0: (sync_actions a4)
7.0: (validate_payload t2 a10 t3)
8.0: (sync_actions a10)
9.0: (validate_payload t3 a12 t4)
10.0: (sync_actions a12)
11.0: (validate_payload t4 a11 t5)
12.0: (sync_actions a11)
13.0: (validate_payload t5 a6 t6)
14.0: (sync_actions a6)
15.0: (validate_payload t6 a8 t7)
16.0: (sync_actions a8)
17.0: (validate_payload t7 a0 t8)
18.0: (sync_actions a0)
19.0: (validate_payload t8 a1 t9)
20.0: (sync_actions a1)
21.0: (validate_payload t9 a2 t10)
22.0: (sync_actions a2)
23.0: (validate_payload t10 a9 t11)
24.0: (sync_actions a9)

Plan-Length:25
Metric (Search):2.0
Planning Time (msec): 101
Heuristic Time (msec): 18
Search Time (msec): 96
Expanded Nodes:29
States Evaluated:95
Number of Dead-Ends detected:0
Number of Duplicates detected:0
/usr/bin/time -v timeout 600 java -Xmx64g -jar ./enhsp3.jar -o ./domain_with_failure.pddl -f ./problems/BasePN-2And-del-1-d7/problem11.pddl -h blind -s WAStar
Domain parsed
Problem parsed
Grounding..
Grounding Time: 6217
UFX:true
|F|:21934
|X|:19
|A|:1252
|P|:0
|E|:0
h(I):0.0
f(n) = 1.0 (Expanded Nodes: 8, Evaluated States: 29, Time: 0.029) Frontier Size: 21
f(n) = 2.0 (Expanded Nodes: 64, Evaluated States: 168, Time: 0.112) Frontier Size: 104
f(n) = 3.0 (Expanded Nodes: 240, Evaluated States: 614, Time: 0.205) Frontier Size: 374
f(n) = 4.0 (Expanded Nodes: 765, Evaluated States: 1745, Time: 0.401) Frontier Size: 980
Problem Solved

Found Plan:
0.0: (validate_payload t0 a7 t1)
1.0: (sync_actions a7)
2.0: (validate_payload t1 a3 t2)
3.0: (sync_actions a3)
4.0: (change_value a4 categorical c3)
5.0: (validate_payload t2 a4 t3)
6.0: (sync_actions a4)
7.0: (validate_payload t3 a10 t4)
8.0: (sync_actions a10)
9.0: (add_action a12)
10.0: (move_in_model_parameter a12 sDEC1_1 categorical c2)
11.0: (check_added_variables_model a12)
12.0: (move_in_model_move_automata a12)
13.0: (validate_payload t4 a6 t5)
14.0: (sync_actions a6)
15.0: (validate_payload t5 a11 t6)
16.0: (sync_actions a11)
17.0: (validate_payload t6 a8 t7)
18.0: (sync_actions a8)
19.0: (validate_payload t7 a1 t8)
20.0: (sync_actions a1)
21.0: (validate_payload t8 a2 t9)
22.0: (sync_actions a2)
23.0: (validate_payload t9 a0 t10)
24.0: (sync_actions a0)
25.0: (validate_payload t10 a9 t11)
26.0: (sync_actions a9)

Plan-Length:27
Metric (Search):4.0
Planning Time (msec): 464
Heuristic Time (msec): 6
Search Time (msec): 457
Expanded Nodes:977
States Evaluated:2153
Number of Dead-Ends detected:0
Number of Duplicates detected:37
/usr/bin/time -v timeout 600 java -Xmx64g -jar ./enhsp3.jar -o ./domain_with_failure.pddl -f ./problems/BasePN-2And-del-1-d7/problem12.pddl -h blind -s WAStar
Domain parsed
Problem parsed
Grounding..
Grounding Time: 6206
UFX:true
|F|:21934
|X|:20
|A|:1252
|P|:0
|E|:0
h(I):0.0
f(n) = 1.0 (Expanded Nodes: 14, Evaluated States: 62, Time: 0.046) Frontier Size: 48
f(n) = 2.0 (Expanded Nodes: 149, Evaluated States: 555, Time: 0.166) Frontier Size: 406
Problem Solved

Found Plan:
0.0: (validate_payload t0 a7 t1)
1.0: (sync_actions a7)
2.0: (validate_payload t1 a10 t2)
3.0: (sync_actions a10)
4.0: (validate_payload t2 a3 t3)
5.0: (sync_actions a3)
6.0: (validate_payload t3 a4 t4)
7.0: (sync_actions a4)
8.0: (validate_payload t4 a12 t5)
9.0: (sync_actions a12)
10.0: (validate_payload t5 a11 t6)
11.0: (sync_actions a11)
12.0: (add_action a6)
13.0: (check_added_variables_model a6)
14.0: (move_in_model_move_automata a6)
15.0: (validate_payload t6 a8 t7)
16.0: (sync_actions a8)
17.0: (validate_payload t7 a1 t8)
18.0: (sync_actions a1)
19.0: (validate_payload t8 a2 t9)
20.0: (sync_actions a2)
21.0: (validate_payload t9 a0 t10)
22.0: (sync_actions a0)
23.0: (validate_payload t10 a9 t11)
24.0: (sync_actions a9)

Plan-Length:25
Metric (Search):2.0
Planning Time (msec): 379
Heuristic Time (msec): 10
Search Time (msec): 377
Expanded Nodes:708
States Evaluated:2194
Number of Dead-Ends detected:0
Number of Duplicates detected:7
/usr/bin/time -v timeout 600 java -Xmx64g -jar ./enhsp3.jar -o ./domain_with_failure.pddl -f ./problems/BasePN-2And-del-1-d7/problem13.pddl -h blind -s WAStar
Domain parsed
Problem parsed
Grounding..
Grounding Time: 6124
UFX:true
|F|:21934
|X|:16
|A|:1252
|P|:0
|E|:0
h(I):0.0
f(n) = 1.0 (Expanded Nodes: 22, Evaluated States: 65, Time: 0.05) Frontier Size: 43
f(n) = 2.0 (Expanded Nodes: 158, Evaluated States: 408, Time: 0.159) Frontier Size: 250
Problem Solved

Found Plan:
0.0: (validate_payload t0 a7 t1)
1.0: (sync_actions a7)
2.0: (validate_payload t1 a3 t2)
3.0: (sync_actions a3)
4.0: (validate_payload t2 a10 t3)
5.0: (sync_actions a10)
6.0: (validate_payload t3 a5 t4)
7.0: (sync_actions a5)
8.0: (validate_payload t4 a12 t5)
9.0: (sync_actions a12)
10.0: (validate_payload t5 a11 t6)
11.0: (sync_actions a11)
12.0: (validate_payload t6 a6 t7)
13.0: (sync_actions a6)
14.0: (validate_payload t7 a8 t8)
15.0: (sync_actions a8)
16.0: (validate_payload t8 a1 t9)
17.0: (sync_actions a1)
18.0: (validate_payload t9 a2 t10)
19.0: (sync_actions a2)
20.0: (add_action a0)
21.0: (check_added_variables_model a0)
22.0: (move_in_model_move_automata a0)
23.0: (validate_payload t10 a9 t11)
24.0: (sync_actions a9)

Plan-Length:25
Metric (Search):2.0
Planning Time (msec): 286
Heuristic Time (msec): 8
Search Time (msec): 284
Expanded Nodes:374
States Evaluated:886
Number of Dead-Ends detected:0
Number of Duplicates detected:15
/usr/bin/time -v timeout 600 java -Xmx64g -jar ./enhsp3.jar -o ./domain_with_failure.pddl -f ./problems/BasePN-2And-del-1-d7/problem14.pddl -h blind -s WAStar
Domain parsed
Problem parsed
Grounding..
Grounding Time: 6297
UFX:true
|F|:21934
|X|:20
|A|:1252
|P|:0
|E|:0
h(I):0.0
f(n) = 1.0 (Expanded Nodes: 8, Evaluated States: 26, Time: 0.035) Frontier Size: 18
f(n) = 2.0 (Expanded Nodes: 57, Evaluated States: 171, Time: 0.1) Frontier Size: 114
f(n) = 3.0 (Expanded Nodes: 297, Evaluated States: 883, Time: 0.228) Frontier Size: 586
Problem Solved

Found Plan:
0.0: (validate_payload t0 a7 t1)
1.0: (sync_actions a7)
2.0: (validate_payload t1 a3 t2)
3.0: (sync_actions a3)
4.0: (change_value a4 categorical c2)
5.0: (validate_payload t2 a4 t3)
6.0: (sync_actions a4)
7.0: (validate_payload t3 a10 t4)
8.0: (sync_actions a10)
9.0: (validate_payload t4 a12 t5)
10.0: (sync_actions a12)
11.0: (validate_payload t5 a11 t6)
12.0: (sync_actions a11)
13.0: (add_action a6)
14.0: (check_added_variables_model a6)
15.0: (move_in_model_move_automata a6)
16.0: (validate_payload t6 a8 t7)
17.0: (sync_actions a8)
18.0: (validate_payload t7 a0 t8)
19.0: (sync_actions a0)
20.0: (validate_payload t8 a1 t9)
21.0: (sync_actions a1)
22.0: (validate_payload t9 a2 t10)
23.0: (sync_actions a2)
24.0: (validate_payload t10 a9 t11)
25.0: (sync_actions a9)

Plan-Length:26
Metric (Search):3.0
Planning Time (msec): 328
Heuristic Time (msec): 9
Search Time (msec): 317
Expanded Nodes:641
States Evaluated:1748
Number of Dead-Ends detected:0
Number of Duplicates detected:8
/usr/bin/time -v timeout 600 java -Xmx64g -jar ./enhsp3.jar -o ./domain_with_failure.pddl -f ./problems/BasePN-2And-del-1-d7/problem15.pddl -h blind -s WAStar
Domain parsed
Problem parsed
Grounding..
Grounding Time: 6217
UFX:true
|F|:21934
|X|:17
|A|:1252
|P|:0
|E|:0
h(I):0.0
f(n) = 1.0 (Expanded Nodes: 2, Evaluated States: 8, Time: 0.022) Frontier Size: 6
f(n) = 2.0 (Expanded Nodes: 6, Evaluated States: 8, Time: 0.046) Frontier Size: 2
f(n) = 3.0 (Expanded Nodes: 22, Evaluated States: 55, Time: 0.079) Frontier Size: 33
Problem Solved

Found Plan:
0.0: (add_action a7)
1.0: (check_added_variables_model a7)
2.0: (move_in_model_move_automata a7)
3.0: (validate_payload t0 a10 t1)
4.0: (sync_actions a10)
5.0: (validate_payload t1 a12 t2)
6.0: (sync_actions a12)
7.0: (validate_payload t2 a3 t3)
8.0: (sync_actions a3)
9.0: (change_value a4 categorical c2)
10.0: (validate_payload t3 a4 t4)
11.0: (sync_actions a4)
12.0: (validate_payload t4 a11 t5)
13.0: (sync_actions a11)
14.0: (validate_payload t5 a6 t6)
15.0: (sync_actions a6)
16.0: (validate_payload t6 a8 t7)
17.0: (sync_actions a8)
18.0: (validate_payload t7 a1 t8)
19.0: (sync_actions a1)
20.0: (validate_payload t8 a2 t9)
21.0: (sync_actions a2)
22.0: (validate_payload t9 a0 t10)
23.0: (sync_actions a0)
24.0: (validate_payload t10 a9 t11)
25.0: (sync_actions a9)

Plan-Length:26
Metric (Search):3.0
Planning Time (msec): 135
Heuristic Time (msec): 6
Search Time (msec): 133
Expanded Nodes:100
States Evaluated:250
Number of Dead-Ends detected:0
Number of Duplicates detected:0
/usr/bin/time -v timeout 600 java -Xmx64g -jar ./enhsp3.jar -o ./domain_with_failure.pddl -f ./problems/BasePN-2And-del-1-d7/problem16.pddl -h blind -s WAStar
Domain parsed
Problem parsed
Grounding..
Grounding Time: 6511
UFX:true
|F|:21934
|X|:20
|A|:1252
|P|:0
|E|:0
h(I):0.0
f(n) = 1.0 (Expanded Nodes: 6, Evaluated States: 20, Time: 0.028) Frontier Size: 14
f(n) = 2.0 (Expanded Nodes: 38, Evaluated States: 88, Time: 0.085) Frontier Size: 50
f(n) = 3.0 (Expanded Nodes: 103, Evaluated States: 204, Time: 0.137) Frontier Size: 101
Problem Solved

Found Plan:
0.0: (change_value a7 integer v15)
1.0: (validate_payload t0 a7 t1)
2.0: (sync_actions a7)
3.0: (validate_payload t1 a10 t2)
4.0: (sync_actions a10)
5.0: (add_action a3)
6.0: (check_added_variables_model a3)
7.0: (move_in_model_move_automata a3)
8.0: (validate_payload t2 a5 t3)
9.0: (sync_actions a5)
10.0: (validate_payload t3 a6 t4)
11.0: (sync_actions a6)
12.0: (validate_payload t4 a12 t5)
13.0: (sync_actions a12)
14.0: (validate_payload t5 a11 t6)
15.0: (sync_actions a11)
16.0: (validate_payload t6 a8 t7)
17.0: (sync_actions a8)
18.0: (validate_payload t7 a0 t8)
19.0: (sync_actions a0)
20.0: (validate_payload t8 a1 t9)
21.0: (sync_actions a1)
22.0: (validate_payload t9 a2 t10)
23.0: (sync_actions a2)
24.0: (validate_payload t10 a9 t11)
25.0: (sync_actions a9)

Plan-Length:26
Metric (Search):3.0
Planning Time (msec): 197
Heuristic Time (msec): 7
Search Time (msec): 191
Expanded Nodes:203
States Evaluated:441
Number of Dead-Ends detected:0
Number of Duplicates detected:1
/usr/bin/time -v timeout 600 java -Xmx64g -jar ./enhsp3.jar -o ./domain_with_failure.pddl -f ./problems/BasePN-2And-del-1-d7/problem17.pddl -h blind -s WAStar
Domain parsed
Problem parsed
Grounding..
Grounding Time: 6665
UFX:true
|F|:21934
|X|:15
|A|:1252
|P|:0
|E|:0
h(I):0.0
f(n) = 1.0 (Expanded Nodes: 16, Evaluated States: 45, Time: 0.047) Frontier Size: 29
f(n) = 2.0 (Expanded Nodes: 43, Evaluated States: 103, Time: 0.1) Frontier Size: 60
Problem Solved

Found Plan:
0.0: (validate_payload t0 a7 t1)
1.0: (sync_actions a7)
2.0: (validate_payload t1 a10 t2)
3.0: (sync_actions a10)
4.0: (validate_payload t2 a3 t3)
5.0: (sync_actions a3)
6.0: (validate_payload t3 a4 t4)
7.0: (sync_actions a4)
8.0: (validate_payload t4 a6 t5)
9.0: (sync_actions a6)
10.0: (validate_payload t5 a12 t6)
11.0: (sync_actions a12)
12.0: (validate_payload t6 a11 t7)
13.0: (sync_actions a11)
14.0: (add_action a8)
15.0: (check_added_variables_model a8)
16.0: (move_in_model_move_automata a8)
17.0: (validate_payload t7 a1 t8)
18.0: (sync_actions a1)
19.0: (validate_payload t8 a2 t9)
20.0: (sync_actions a2)
21.0: (validate_payload t9 a0 t10)
22.0: (sync_actions a0)
23.0: (validate_payload t10 a9 t11)
24.0: (sync_actions a9)

Plan-Length:25
Metric (Search):2.0
Planning Time (msec): 190
Heuristic Time (msec): 6
Search Time (msec): 183
Expanded Nodes:150
States Evaluated:321
Number of Dead-Ends detected:0
Number of Duplicates detected:11
/usr/bin/time -v timeout 600 java -Xmx64g -jar ./enhsp3.jar -o ./domain_with_failure.pddl -f ./problems/BasePN-2And-del-1-d7/problem18.pddl -h blind -s WAStar
Domain parsed
Problem parsed
Grounding..
Grounding Time: 6302
UFX:true
|F|:21934
|X|:18
|A|:1252
|P|:0
|E|:0
h(I):0.0
f(n) = 1.0 (Expanded Nodes: 22, Evaluated States: 87, Time: 0.053) Frontier Size: 65
f(n) = 2.0 (Expanded Nodes: 293, Evaluated States: 1004, Time: 0.235) Frontier Size: 711
Problem Solved

Found Plan:
0.0: (validate_payload t0 a7 t1)
1.0: (sync_actions a7)
2.0: (validate_payload t1 a10 t2)
3.0: (sync_actions a10)
4.0: (validate_payload t2 a12 t3)
5.0: (sync_actions a12)
6.0: (validate_payload t3 a11 t4)
7.0: (sync_actions a11)
8.0: (validate_payload t4 a3 t5)
9.0: (sync_actions a3)
10.0: (validate_payload t5 a4 t6)
11.0: (sync_actions a4)
12.0: (validate_payload t6 a6 t7)
13.0: (sync_actions a6)
14.0: (validate_payload t7 a8 t8)
15.0: (sync_actions a8)
16.0: (validate_payload t8 a1 t9)
17.0: (sync_actions a1)
18.0: (validate_payload t9 a2 t10)
19.0: (sync_actions a2)
20.0: (add_action a0)
21.0: (check_added_variables_model a0)
22.0: (move_in_model_move_automata a0)
23.0: (validate_payload t10 a9 t11)
24.0: (sync_actions a9)

Plan-Length:25
Metric (Search):2.0
Planning Time (msec): 662
Heuristic Time (msec): 2
Search Time (msec): 655
Expanded Nodes:1872
States Evaluated:5552
Number of Dead-Ends detected:0
Number of Duplicates detected:12
/usr/bin/time -v timeout 600 java -Xmx64g -jar ./enhsp3.jar -o ./domain_with_failure.pddl -f ./problems/BasePN-2And-del-1-d7/problem19.pddl -h blind -s WAStar
Domain parsed
Problem parsed
Grounding..
Grounding Time: 6404
UFX:true
|F|:21934
|X|:19
|A|:1252
|P|:0
|E|:0
h(I):0.0
f(n) = 1.0 (Expanded Nodes: 14, Evaluated States: 56, Time: 0.046) Frontier Size: 42
f(n) = 2.0 (Expanded Nodes: 161, Evaluated States: 552, Time: 0.168) Frontier Size: 391
Problem Solved

Found Plan:
0.0: (validate_payload t0 a7 t1)
1.0: (sync_actions a7)
2.0: (validate_payload t1 a10 t2)
3.0: (sync_actions a10)
4.0: (validate_payload t2 a12 t3)
5.0: (sync_actions a12)
6.0: (validate_payload t3 a3 t4)
7.0: (sync_actions a3)
8.0: (validate_payload t4 a11 t5)
9.0: (sync_actions a11)
10.0: (validate_payload t5 a4 t6)
11.0: (sync_actions a4)
12.0: (add_action a6)
13.0: (check_added_variables_model a6)
14.0: (move_in_model_move_automata a6)
15.0: (validate_payload t6 a8 t7)
16.0: (sync_actions a8)
17.0: (validate_payload t7 a1 t8)
18.0: (sync_actions a1)
19.0: (validate_payload t8 a2 t9)
20.0: (sync_actions a2)
21.0: (validate_payload t9 a0 t10)
22.0: (sync_actions a0)
23.0: (validate_payload t10 a9 t11)
24.0: (sync_actions a9)

Plan-Length:25
Metric (Search):2.0
Planning Time (msec): 517
Heuristic Time (msec): 9
Search Time (msec): 514
Expanded Nodes:930
States Evaluated:2813
Number of Dead-Ends detected:0
Number of Duplicates detected:12
/usr/bin/time -v timeout 600 java -Xmx64g -jar ./enhsp3.jar -o ./domain_with_failure.pddl -f ./problems/BasePN-2And-del-1-d7/problem20.pddl -h blind -s WAStar
Domain parsed
Problem parsed
Grounding..
Grounding Time: 6208
UFX:true
|F|:21934
|X|:18
|A|:1252
|P|:0
|E|:0
h(I):0.0
f(n) = 1.0 (Expanded Nodes: 24, Evaluated States: 71, Time: 0.048) Frontier Size: 47
f(n) = 2.0 (Expanded Nodes: 208, Evaluated States: 542, Time: 0.18) Frontier Size: 334
Problem Solved

Found Plan:
0.0: (validate_payload t0 a7 t1)
1.0: (sync_actions a7)
2.0: (validate_payload t1 a3 t2)
3.0: (sync_actions a3)
4.0: (validate_payload t2 a4 t3)
5.0: (sync_actions a4)
6.0: (validate_payload t3 a10 t4)
7.0: (sync_actions a10)
8.0: (validate_payload t4 a6 t5)
9.0: (sync_actions a6)
10.0: (validate_payload t5 a12 t6)
11.0: (sync_actions a12)
12.0: (validate_payload t6 a11 t7)
13.0: (sync_actions a11)
14.0: (validate_payload t7 a8 t8)
15.0: (sync_actions a8)
16.0: (validate_payload t8 a1 t9)
17.0: (sync_actions a1)
18.0: (validate_payload t9 a2 t10)
19.0: (sync_actions a2)
20.0: (validate_payload t10 a0 t11)
21.0: (sync_actions a0)
22.0: (add_action a9)
23.0: (check_added_variables_model a9)
24.0: (move_in_model_move_automata a9)

Plan-Length:25
Metric (Search):2.0
Planning Time (msec): 194
Heuristic Time (msec): 8
Search Time (msec): 192
Expanded Nodes:219
States Evaluated:565
Number of Dead-Ends detected:0
Number of Duplicates detected:0
/usr/bin/time -v timeout 600 java -Xmx64g -jar ./enhsp3.jar -o ./domain_with_failure.pddl -f ./problems/BasePN-2And-del-1-d7/problem21.pddl -h blind -s WAStar
Domain parsed
Problem parsed
Grounding..
Grounding Time: 6206
UFX:true
|F|:21934
|X|:19
|A|:1252
|P|:0
|E|:0
h(I):0.0
f(n) = 1.0 (Expanded Nodes: 12, Evaluated States: 49, Time: 0.047) Frontier Size: 37
f(n) = 2.0 (Expanded Nodes: 121, Evaluated States: 368, Time: 0.163) Frontier Size: 247
f(n) = 3.0 (Expanded Nodes: 561, Evaluated States: 1407, Time: 0.385) Frontier Size: 846
Problem Solved

Found Plan:
0.0: (validate_payload t0 a7 t1)
1.0: (sync_actions a7)
2.0: (validate_payload t1 a3 t2)
3.0: (sync_actions a3)
4.0: (validate_payload t2 a10 t3)
5.0: (sync_actions a10)
6.0: (validate_payload t3 a4 t4)
7.0: (sync_actions a4)
8.0: (validate_payload t4 a6 t5)
9.0: (sync_actions a6)
10.0: (add_action a12)
11.0: (move_in_model_parameter a12 sDEC1_1 categorical c2)
12.0: (check_added_variables_model a12)
13.0: (move_in_model_move_automata a12)
14.0: (validate_payload t5 a11 t6)
15.0: (sync_actions a11)
16.0: (validate_payload t6 a8 t7)
17.0: (sync_actions a8)
18.0: (validate_payload t7 a1 t8)
19.0: (sync_actions a1)
20.0: (validate_payload t8 a2 t9)
21.0: (sync_actions a2)
22.0: (validate_payload t9 a0 t10)
23.0: (sync_actions a0)
24.0: (validate_payload t10 a9 t11)
25.0: (sync_actions a9)

Plan-Length:26
Metric (Search):3.0
Planning Time (msec): 641
Heuristic Time (msec): 6
Search Time (msec): 638
Expanded Nodes:1753
States Evaluated:3866
Number of Dead-Ends detected:0
Number of Duplicates detected:79
/usr/bin/time -v timeout 600 java -Xmx64g -jar ./enhsp3.jar -o ./domain_with_failure.pddl -f ./problems/BasePN-2And-del-1-d7/problem22.pddl -h blind -s WAStar
Domain parsed
Problem parsed
Grounding..
Grounding Time: 6447
UFX:true
|F|:21934
|X|:19
|A|:1252
|P|:0
|E|:0
h(I):0.0
f(n) = 1.0 (Expanded Nodes: 16, Evaluated States: 60, Time: 0.05) Frontier Size: 44
f(n) = 2.0 (Expanded Nodes: 179, Evaluated States: 563, Time: 0.125) Frontier Size: 384
Problem Solved

Found Plan:
0.0: (validate_payload t0 a7 t1)
1.0: (sync_actions a7)
2.0: (validate_payload t1 a10 t2)
3.0: (sync_actions a10)
4.0: (validate_payload t2 a12 t3)
5.0: (sync_actions a12)
6.0: (validate_payload t3 a3 t4)
7.0: (sync_actions a3)
8.0: (validate_payload t4 a11 t5)
9.0: (sync_actions a11)
10.0: (validate_payload t5 a4 t6)
11.0: (sync_actions a4)
12.0: (validate_payload t6 a6 t7)
13.0: (sync_actions a6)
14.0: (add_action a8)
15.0: (check_added_variables_model a8)
16.0: (move_in_model_move_automata a8)
17.0: (validate_payload t7 a0 t8)
18.0: (sync_actions a0)
19.0: (validate_payload t8 a1 t9)
20.0: (sync_actions a1)
21.0: (validate_payload t9 a2 t10)
22.0: (sync_actions a2)
23.0: (validate_payload t10 a9 t11)
24.0: (sync_actions a9)

Plan-Length:25
Metric (Search):2.0
Planning Time (msec): 211
Heuristic Time (msec): 6
Search Time (msec): 208
Expanded Nodes:526
States Evaluated:1498
Number of Dead-Ends detected:0
Number of Duplicates detected:1
/usr/bin/time -v timeout 600 java -Xmx64g -jar ./enhsp3.jar -o ./domain_with_failure.pddl -f ./problems/BasePN-2And-del-1-d7/problem23.pddl -h blind -s WAStar
Domain parsed
Problem parsed
Grounding..
Grounding Time: 6340
UFX:true
|F|:21934
|X|:15
|A|:1252
|P|:0
|E|:0
h(I):0.0
f(n) = 1.0 (Expanded Nodes: 6, Evaluated States: 19, Time: 0.027) Frontier Size: 13
f(n) = 2.0 (Expanded Nodes: 26, Evaluated States: 60, Time: 0.082) Frontier Size: 34
Problem Solved

Found Plan:
0.0: (validate_payload t0 a7 t1)
1.0: (sync_actions a7)
2.0: (validate_payload t1 a10 t2)
3.0: (sync_actions a10)
4.0: (add_action a3)
5.0: (check_added_variables_model a3)
6.0: (move_in_model_move_automata a3)
7.0: (validate_payload t2 a4 t3)
8.0: (sync_actions a4)
9.0: (validate_payload t3 a12 t4)
10.0: (sync_actions a12)
11.0: (validate_payload t4 a11 t5)
12.0: (sync_actions a11)
13.0: (validate_payload t5 a6 t6)
14.0: (sync_actions a6)
15.0: (validate_payload t6 a8 t7)
16.0: (sync_actions a8)
17.0: (validate_payload t7 a1 t8)
18.0: (sync_actions a1)
19.0: (validate_payload t8 a2 t9)
20.0: (sync_actions a2)
21.0: (validate_payload t9 a0 t10)
22.0: (sync_actions a0)
23.0: (validate_payload t10 a9 t11)
24.0: (sync_actions a9)

Plan-Length:25
Metric (Search):2.0
Planning Time (msec): 145
Heuristic Time (msec): 2
Search Time (msec): 133
Expanded Nodes:70
States Evaluated:169
Number of Dead-Ends detected:0
Number of Duplicates detected:3
/usr/bin/time -v timeout 600 java -Xmx64g -jar ./enhsp3.jar -o ./domain_with_failure.pddl -f ./problems/BasePN-2And-del-1-d7/problem24.pddl -h blind -s WAStar
Domain parsed
Problem parsed
Grounding..
Grounding Time: 6320
UFX:true
|F|:21934
|X|:15
|A|:1252
|P|:0
|E|:0
h(I):0.0
f(n) = 1.0 (Expanded Nodes: 10, Evaluated States: 28, Time: 0.04) Frontier Size: 18
f(n) = 2.0 (Expanded Nodes: 27, Evaluated States: 64, Time: 0.09) Frontier Size: 37
f(n) = 3.0 (Expanded Nodes: 104, Evaluated States: 227, Time: 0.158) Frontier Size: 123
Problem Solved

Found Plan:
0.0: (validate_payload t0 a7 t1)
1.0: (sync_actions a7)
2.0: (validate_payload t1 a3 t2)
3.0: (sync_actions a3)
4.0: (validate_payload t2 a10 t3)
5.0: (sync_actions a10)
6.0: (change_value a4 categorical c3)
7.0: (validate_payload t3 a4 t4)
8.0: (sync_actions a4)
9.0: (validate_payload t4 a12 t5)
10.0: (sync_actions a12)
11.0: (validate_payload t5 a11 t6)
12.0: (sync_actions a11)
13.0: (add_action a6)
14.0: (check_added_variables_model a6)
15.0: (move_in_model_move_automata a6)
16.0: (validate_payload t6 a8 t7)
17.0: (sync_actions a8)
18.0: (validate_payload t7 a1 t8)
19.0: (sync_actions a1)
20.0: (validate_payload t8 a2 t9)
21.0: (sync_actions a2)
22.0: (validate_payload t9 a0 t10)
23.0: (sync_actions a0)
24.0: (validate_payload t10 a9 t11)
25.0: (sync_actions a9)

Plan-Length:26
Metric (Search):3.0
Planning Time (msec): 195
Heuristic Time (msec): 8
Search Time (msec): 193
Expanded Nodes:166
States Evaluated:345
Number of Dead-Ends detected:0
Number of Duplicates detected:8
/usr/bin/time -v timeout 600 java -Xmx64g -jar ./enhsp3.jar -o ./domain_with_failure.pddl -f ./problems/BasePN-2And-del-1-d7/problem25.pddl -h blind -s WAStar
Domain parsed
Problem parsed
Grounding..
Grounding Time: 6650
UFX:true
|F|:21934
|X|:19
|A|:1252
|P|:0
|E|:0
h(I):0.0
f(n) = 1.0 (Expanded Nodes: 14, Evaluated States: 55, Time: 0.042) Frontier Size: 41
f(n) = 2.0 (Expanded Nodes: 113, Evaluated States: 361, Time: 0.132) Frontier Size: 248
Problem Solved

Found Plan:
0.0: (validate_payload t0 a7 t1)
1.0: (sync_actions a7)
2.0: (validate_payload t1 a3 t2)
3.0: (sync_actions a3)
4.0: (validate_payload t2 a10 t3)
5.0: (sync_actions a10)
6.0: (validate_payload t3 a4 t4)
7.0: (sync_actions a4)
8.0: (validate_payload t4 a12 t5)
9.0: (sync_actions a12)
10.0: (validate_payload t5 a11 t6)
11.0: (sync_actions a11)
12.0: (add_action a6)
13.0: (check_added_variables_model a6)
14.0: (move_in_model_move_automata a6)
15.0: (validate_payload t6 a8 t7)
16.0: (sync_actions a8)
17.0: (validate_payload t7 a1 t8)
18.0: (sync_actions a1)
19.0: (validate_payload t8 a0 t9)
20.0: (sync_actions a0)
21.0: (validate_payload t9 a2 t10)
22.0: (sync_actions a2)
23.0: (validate_payload t10 a9 t11)
24.0: (sync_actions a9)

Plan-Length:25
Metric (Search):2.0
Planning Time (msec): 212
Heuristic Time (msec): 5
Search Time (msec): 206
Expanded Nodes:270
States Evaluated:736
Number of Dead-Ends detected:0
Number of Duplicates detected:6
/usr/bin/time -v timeout 600 java -Xmx64g -jar ./enhsp3.jar -o ./domain_with_failure.pddl -f ./problems/BasePN-2And-del-1-d7/problem26.pddl -h blind -s WAStar
Domain parsed
Problem parsed
Grounding..
Grounding Time: 6705
UFX:true
|F|:21934
|X|:19
|A|:1252
|P|:0
|E|:0
h(I):0.0
f(n) = 1.0 (Expanded Nodes: 22, Evaluated States: 80, Time: 0.054) Frontier Size: 58
f(n) = 2.0 (Expanded Nodes: 274, Evaluated States: 900, Time: 0.236) Frontier Size: 626
Problem Solved

Found Plan:
0.0: (validate_payload t0 a7 t1)
1.0: (sync_actions a7)
2.0: (validate_payload t1 a10 t2)
3.0: (sync_actions a10)
4.0: (validate_payload t2 a3 t3)
5.0: (sync_actions a3)
6.0: (validate_payload t3 a4 t4)
7.0: (sync_actions a4)
8.0: (validate_payload t4 a12 t5)
9.0: (sync_actions a12)
10.0: (validate_payload t5 a11 t6)
11.0: (sync_actions a11)
12.0: (validate_payload t6 a6 t7)
13.0: (sync_actions a6)
14.0: (validate_payload t7 a8 t8)
15.0: (sync_actions a8)
16.0: (validate_payload t8 a1 t9)
17.0: (sync_actions a1)
18.0: (validate_payload t9 a2 t10)
19.0: (sync_actions a2)
20.0: (add_action a0)
21.0: (check_added_variables_model a0)
22.0: (move_in_model_move_automata a0)
23.0: (validate_payload t10 a9 t11)
24.0: (sync_actions a9)

Plan-Length:25
Metric (Search):2.0
Planning Time (msec): 453
Heuristic Time (msec): 7
Search Time (msec): 449
Expanded Nodes:746
States Evaluated:2202
Number of Dead-Ends detected:0
Number of Duplicates detected:4
/usr/bin/time -v timeout 600 java -Xmx64g -jar ./enhsp3.jar -o ./domain_with_failure.pddl -f ./problems/BasePN-2And-del-1-d7/problem27.pddl -h blind -s WAStar
Domain parsed
Problem parsed
Grounding..
Grounding Time: 6272
UFX:true
|F|:21934
|X|:20
|A|:1252
|P|:0
|E|:0
h(I):0.0
f(n) = 1.0 (Expanded Nodes: 18, Evaluated States: 70, Time: 0.049) Frontier Size: 52
f(n) = 2.0 (Expanded Nodes: 217, Evaluated States: 695, Time: 0.201) Frontier Size: 478
f(n) = 3.0 (Expanded Nodes: 1483, Evaluated States: 4247, Time: 0.576) Frontier Size: 2764
Problem Solved

Found Plan:
0.0: (validate_payload t0 a7 t1)
1.0: (sync_actions a7)
2.0: (validate_payload t1 a3 t2)
3.0: (sync_actions a3)
4.0: (validate_payload t2 a4 t3)
5.0: (sync_actions a4)
6.0: (validate_payload t3 a10 t4)
7.0: (sync_actions a10)
8.0: (validate_payload t4 a6 t5)
9.0: (sync_actions a6)
10.0: (validate_payload t5 a12 t6)
11.0: (sync_actions a12)
12.0: (validate_payload t6 a11 t7)
13.0: (sync_actions a11)
14.0: (validate_payload t7 a8 t8)
15.0: (sync_actions a8)
16.0: (add_action a1)
17.0: (move_in_model_parameter a1 sDEC2_2 integer v0)
18.0: (check_added_variables_model a1)
19.0: (move_in_model_move_automata a1)
20.0: (validate_payload t8 a2 t9)
21.0: (sync_actions a2)
22.0: (validate_payload t9 a0 t10)
23.0: (sync_actions a0)
24.0: (validate_payload t10 a9 t11)
25.0: (sync_actions a9)

Plan-Length:26
Metric (Search):3.0
Planning Time (msec): 1206
Heuristic Time (msec): 5
Search Time (msec): 1200
Expanded Nodes:4010
States Evaluated:10438
Number of Dead-Ends detected:0
Number of Duplicates detected:53
/usr/bin/time -v timeout 600 java -Xmx64g -jar ./enhsp3.jar -o ./domain_with_failure.pddl -f ./problems/BasePN-2And-del-1-d7/problem28.pddl -h blind -s WAStar
Domain parsed
Problem parsed
Grounding..
Grounding Time: 6292
UFX:true
|F|:21934
|X|:17
|A|:1252
|P|:0
|E|:0
h(I):0.0
f(n) = 1.0 (Expanded Nodes: 10, Evaluated States: 32, Time: 0.031) Frontier Size: 22
f(n) = 2.0 (Expanded Nodes: 67, Evaluated States: 174, Time: 0.1) Frontier Size: 107
f(n) = 3.0 (Expanded Nodes: 346, Evaluated States: 863, Time: 0.269) Frontier Size: 517
f(n) = 4.0 (Expanded Nodes: 1256, Evaluated States: 2914, Time: 0.485) Frontier Size: 1658
Problem Solved

Found Plan:
0.0: (validate_payload t0 a7 t1)
1.0: (sync_actions a7)
2.0: (change_value a10 integer v5)
3.0: (validate_payload t1 a10 t2)
4.0: (sync_actions a10)
5.0: (validate_payload t2 a3 t3)
6.0: (sync_actions a3)
7.0: (change_value a4 categorical c3)
8.0: (validate_payload t3 a4 t4)
9.0: (sync_actions a4)
10.0: (validate_payload t4 a6 t5)
11.0: (sync_actions a6)
12.0: (validate_payload t5 a12 t6)
13.0: (sync_actions a12)
14.0: (validate_payload t6 a11 t7)
15.0: (sync_actions a11)
16.0: (validate_payload t7 a8 t8)
17.0: (sync_actions a8)
18.0: (validate_payload t8 a0 t9)
19.0: (sync_actions a0)
20.0: (add_action a1)
21.0: (check_added_variables_model a1)
22.0: (move_in_model_move_automata a1)
23.0: (validate_payload t9 a2 t10)
24.0: (sync_actions a2)
25.0: (validate_payload t10 a9 t11)
26.0: (sync_actions a9)

Plan-Length:27
Metric (Search):4.0
Planning Time (msec): 624
Heuristic Time (msec): 6
Search Time (msec): 616
Expanded Nodes:1962
States Evaluated:4340
Number of Dead-Ends detected:0
Number of Duplicates detected:68
/usr/bin/time -v timeout 600 java -Xmx64g -jar ./enhsp3.jar -o ./domain_with_failure.pddl -f ./problems/BasePN-2And-del-1-d7/problem29.pddl -h blind -s WAStar
Domain parsed
Problem parsed
Grounding..
Grounding Time: 6543
UFX:true
|F|:21934
|X|:18
|A|:1252
|P|:0
|E|:0
h(I):0.0
f(n) = 1.0 (Expanded Nodes: 14, Evaluated States: 49, Time: 0.037) Frontier Size: 35
f(n) = 2.0 (Expanded Nodes: 88, Evaluated States: 281, Time: 0.124) Frontier Size: 193
Problem Solved

Found Plan:
0.0: (validate_payload t0 a7 t1)
1.0: (sync_actions a7)
2.0: (validate_payload t1 a10 t2)
3.0: (sync_actions a10)
4.0: (validate_payload t2 a3 t3)
5.0: (sync_actions a3)
6.0: (validate_payload t3 a5 t4)
7.0: (sync_actions a5)
8.0: (add_action a6)
9.0: (check_added_variables_model a6)
10.0: (move_in_model_move_automata a6)
11.0: (validate_payload t4 a12 t5)
12.0: (sync_actions a12)
13.0: (validate_payload t5 a11 t6)
14.0: (sync_actions a11)
15.0: (validate_payload t6 a8 t7)
16.0: (sync_actions a8)
17.0: (validate_payload t7 a0 t8)
18.0: (sync_actions a0)
19.0: (validate_payload t8 a1 t9)
20.0: (sync_actions a1)
21.0: (validate_payload t9 a2 t10)
22.0: (sync_actions a2)
23.0: (validate_payload t10 a9 t11)
24.0: (sync_actions a9)

Plan-Length:25
Metric (Search):2.0
Planning Time (msec): 214
Heuristic Time (msec): 5
Search Time (msec): 206
Expanded Nodes:216
States Evaluated:584
Number of Dead-Ends detected:0
Number of Duplicates detected:4
/usr/bin/time -v timeout 600 java -Xmx64g -jar ./enhsp3.jar -o ./domain_with_failure.pddl -f ./problems/BasePN-2And-del-1-d7/problem30.pddl -h blind -s WAStar
Domain parsed
Problem parsed
Grounding..
Grounding Time: 6278
UFX:true
|F|:21934
|X|:20
|A|:1252
|P|:0
|E|:0
h(I):0.0
f(n) = 1.0 (Expanded Nodes: 10, Evaluated States: 36, Time: 0.032) Frontier Size: 26
f(n) = 2.0 (Expanded Nodes: 95, Evaluated States: 274, Time: 0.12) Frontier Size: 179
f(n) = 3.0 (Expanded Nodes: 513, Evaluated States: 1412, Time: 0.272) Frontier Size: 899
f(n) = 4.0 (Expanded Nodes: 2242, Evaluated States: 6001, Time: 0.614) Frontier Size: 3759
Problem Solved

Found Plan:
0.0: (validate_payload t0 a7 t1)
1.0: (sync_actions a7)
2.0: (change_value a10 integer v5)
3.0: (validate_payload t1 a10 t2)
4.0: (sync_actions a10)
5.0: (validate_payload t2 a3 t3)
6.0: (sync_actions a3)
7.0: (change_value a4 categorical c3)
8.0: (validate_payload t3 a4 t4)
9.0: (sync_actions a4)
10.0: (validate_payload t4 a6 t5)
11.0: (sync_actions a6)
12.0: (validate_payload t5 a12 t6)
13.0: (sync_actions a12)
14.0: (validate_payload t6 a11 t7)
15.0: (sync_actions a11)
16.0: (validate_payload t7 a8 t8)
17.0: (sync_actions a8)
18.0: (add_action a1)
19.0: (check_added_variables_model a1)
20.0: (move_in_model_move_automata a1)
21.0: (validate_payload t8 a2 t9)
22.0: (sync_actions a2)
23.0: (validate_payload t9 a0 t10)
24.0: (sync_actions a0)
25.0: (validate_payload t10 a9 t11)
26.0: (sync_actions a9)

Plan-Length:27
Metric (Search):4.0
Planning Time (msec): 726
Heuristic Time (msec): 12
Search Time (msec): 711
Expanded Nodes:2773
States Evaluated:7298
Number of Dead-Ends detected:0
Number of Duplicates detected:52
/usr/bin/time -v timeout 600 java -Xmx64g -jar ./enhsp3.jar -o ./domain_with_failure.pddl -f ./problems/BasePN-2And-del-1-d7/problem31.pddl -h blind -s WAStar
Domain parsed
Problem parsed
Grounding..
Grounding Time: 6590
UFX:true
|F|:21934
|X|:18
|A|:1252
|P|:0
|E|:0
h(I):0.0
f(n) = 1.0 (Expanded Nodes: 10, Evaluated States: 32, Time: 0.034) Frontier Size: 22
f(n) = 2.0 (Expanded Nodes: 55, Evaluated States: 140, Time: 0.103) Frontier Size: 85
f(n) = 3.0 (Expanded Nodes: 184, Evaluated States: 436, Time: 0.188) Frontier Size: 252
Problem Solved

Found Plan:
0.0: (validate_payload t0 a7 t1)
1.0: (sync_actions a7)
2.0: (validate_payload t1 a10 t2)
3.0: (sync_actions a10)
4.0: (validate_payload t2 a3 t3)
5.0: (sync_actions a3)
6.0: (change_value a4 categorical c2)
7.0: (validate_payload t3 a4 t4)
8.0: (sync_actions a4)
9.0: (validate_payload t4 a6 t5)
10.0: (sync_actions a6)
11.0: (validate_payload t5 a12 t6)
12.0: (sync_actions a12)
13.0: (add_action a11)
14.0: (check_added_variables_model a11)
15.0: (move_in_model_move_automata a11)
16.0: (validate_payload t6 a8 t7)
17.0: (sync_actions a8)
18.0: (validate_payload t7 a1 t8)
19.0: (sync_actions a1)
20.0: (validate_payload t8 a2 t9)
21.0: (sync_actions a2)
22.0: (validate_payload t9 a0 t10)
23.0: (sync_actions a0)
24.0: (validate_payload t10 a9 t11)
25.0: (sync_actions a9)

Plan-Length:26
Metric (Search):3.0
Planning Time (msec): 254
Heuristic Time (msec): 3
Search Time (msec): 245
Expanded Nodes:375
States Evaluated:862
Number of Dead-Ends detected:0
Number of Duplicates detected:16
/usr/bin/time -v timeout 600 java -Xmx64g -jar ./enhsp3.jar -o ./domain_with_failure.pddl -f ./problems/BasePN-2And-del-1-d7/problem32.pddl -h blind -s WAStar
Domain parsed
Problem parsed
Grounding..
Grounding Time: 6191
UFX:true
|F|:21934
|X|:18
|A|:1252
|P|:0
|E|:0
h(I):0.0
f(n) = 1.0 (Expanded Nodes: 14, Evaluated States: 53, Time: 0.047) Frontier Size: 39
f(n) = 2.0 (Expanded Nodes: 132, Evaluated States: 432, Time: 0.155) Frontier Size: 300
Problem Solved

Found Plan:
0.0: (validate_payload t0 a7 t1)
1.0: (sync_actions a7)
2.0: (validate_payload t1 a10 t2)
3.0: (sync_actions a10)
4.0: (validate_payload t2 a3 t3)
5.0: (sync_actions a3)
6.0: (validate_payload t3 a4 t4)
7.0: (sync_actions a4)
8.0: (validate_payload t4 a12 t5)
9.0: (sync_actions a12)
10.0: (validate_payload t5 a11 t6)
11.0: (sync_actions a11)
12.0: (add_action a6)
13.0: (check_added_variables_model a6)
14.0: (move_in_model_move_automata a6)
15.0: (validate_payload t6 a8 t7)
16.0: (sync_actions a8)
17.0: (validate_payload t7 a0 t8)
18.0: (sync_actions a0)
19.0: (validate_payload t8 a1 t9)
20.0: (sync_actions a1)
21.0: (validate_payload t9 a2 t10)
22.0: (sync_actions a2)
23.0: (validate_payload t10 a9 t11)
24.0: (sync_actions a9)

Plan-Length:25
Metric (Search):2.0
Planning Time (msec): 376
Heuristic Time (msec): 10
Search Time (msec): 367
Expanded Nodes:567
States Evaluated:1602
Number of Dead-Ends detected:0
Number of Duplicates detected:9
/usr/bin/time -v timeout 600 java -Xmx64g -jar ./enhsp3.jar -o ./domain_with_failure.pddl -f ./problems/BasePN-2And-del-1-d7/problem33.pddl -h blind -s WAStar
Domain parsed
Problem parsed
Grounding..
Grounding Time: 6403
UFX:true
|F|:21934
|X|:19
|A|:1252
|P|:0
|E|:0
h(I):0.0
f(n) = 1.0 (Expanded Nodes: 14, Evaluated States: 50, Time: 0.034) Frontier Size: 36
f(n) = 2.0 (Expanded Nodes: 120, Evaluated States: 342, Time: 0.129) Frontier Size: 222
f(n) = 3.0 (Expanded Nodes: 800, Evaluated States: 1986, Time: 0.447) Frontier Size: 1186
Problem Solved

Found Plan:
0.0: (validate_payload t0 a7 t1)
1.0: (sync_actions a7)
2.0: (validate_payload t1 a3 t2)
3.0: (sync_actions a3)
4.0: (validate_payload t2 a10 t3)
5.0: (sync_actions a10)
6.0: (validate_payload t3 a12 t4)
7.0: (sync_actions a12)
8.0: (validate_payload t4 a11 t5)
9.0: (sync_actions a11)
10.0: (change_value a4 categorical c2)
11.0: (validate_payload t5 a4 t6)
12.0: (sync_actions a4)
13.0: (validate_payload t6 a6 t7)
14.0: (sync_actions a6)
15.0: (validate_payload t7 a8 t8)
16.0: (sync_actions a8)
17.0: (validate_payload t8 a1 t9)
18.0: (sync_actions a1)
19.0: (validate_payload t9 a2 t10)
20.0: (sync_actions a2)
21.0: (validate_payload t10 a0 t11)
22.0: (sync_actions a0)
23.0: (add_action a9)
24.0: (check_added_variables_model a9)
25.0: (move_in_model_move_automata a9)

Plan-Length:26
Metric (Search):3.0
Planning Time (msec): 481
Heuristic Time (msec): 9
Search Time (msec): 478
Expanded Nodes:908
States Evaluated:2191
Number of Dead-Ends detected:0
Number of Duplicates detected:14
/usr/bin/time -v timeout 600 java -Xmx64g -jar ./enhsp3.jar -o ./domain_with_failure.pddl -f ./problems/BasePN-2And-del-1-d7/problem34.pddl -h blind -s WAStar
Domain parsed
Problem parsed
Grounding..
Grounding Time: 6258
UFX:true
|F|:21934
|X|:19
|A|:1252
|P|:0
|E|:0
h(I):0.0
f(n) = 1.0 (Expanded Nodes: 8, Evaluated States: 32, Time: 0.03) Frontier Size: 24
f(n) = 2.0 (Expanded Nodes: 57, Evaluated States: 176, Time: 0.103) Frontier Size: 119
Problem Solved

Found Plan:
0.0: (validate_payload t0 a7 t1)
1.0: (sync_actions a7)
2.0: (validate_payload t1 a10 t2)
3.0: (sync_actions a10)
4.0: (validate_payload t2 a3 t3)
5.0: (sync_actions a3)
6.0: (add_action a5)
7.0: (check_added_variables_model a5)
8.0: (move_in_model_move_automata a5)
9.0: (validate_payload t3 a6 t4)
10.0: (sync_actions a6)
11.0: (validate_payload t4 a12 t5)
12.0: (sync_actions a12)
13.0: (validate_payload t5 a11 t6)
14.0: (sync_actions a11)
15.0: (validate_payload t6 a8 t7)
16.0: (sync_actions a8)
17.0: (validate_payload t7 a1 t8)
18.0: (sync_actions a1)
19.0: (validate_payload t8 a0 t9)
20.0: (sync_actions a0)
21.0: (validate_payload t9 a2 t10)
22.0: (sync_actions a2)
23.0: (validate_payload t10 a9 t11)
24.0: (sync_actions a9)

Plan-Length:25
Metric (Search):2.0
Planning Time (msec): 185
Heuristic Time (msec): 8
Search Time (msec): 179
Expanded Nodes:154
States Evaluated:363
Number of Dead-Ends detected:0
Number of Duplicates detected:3
/usr/bin/time -v timeout 600 java -Xmx64g -jar ./enhsp3.jar -o ./domain_with_failure.pddl -f ./problems/BasePN-2And-del-1-d7/problem35.pddl -h blind -s WAStar
Domain parsed
Problem parsed
Grounding..
Grounding Time: 6257
UFX:true
|F|:21934
|X|:19
|A|:1252
|P|:0
|E|:0
h(I):0.0
f(n) = 1.0 (Expanded Nodes: 16, Evaluated States: 57, Time: 0.043) Frontier Size: 41
f(n) = 2.0 (Expanded Nodes: 184, Evaluated States: 559, Time: 0.163) Frontier Size: 375
Problem Solved

Found Plan:
0.0: (validate_payload t0 a7 t1)
1.0: (sync_actions a7)
2.0: (validate_payload t1 a10 t2)
3.0: (sync_actions a10)
4.0: (validate_payload t2 a12 t3)
5.0: (sync_actions a12)
6.0: (validate_payload t3 a3 t4)
7.0: (sync_actions a3)
8.0: (validate_payload t4 a4 t5)
9.0: (sync_actions a4)
10.0: (validate_payload t5 a11 t6)
11.0: (sync_actions a11)
12.0: (validate_payload t6 a6 t7)
13.0: (sync_actions a6)
14.0: (add_action a8)
15.0: (check_added_variables_model a8)
16.0: (move_in_model_move_automata a8)
17.0: (validate_payload t7 a1 t8)
18.0: (sync_actions a1)
19.0: (validate_payload t8 a2 t9)
20.0: (sync_actions a2)
21.0: (validate_payload t9 a0 t10)
22.0: (sync_actions a0)
23.0: (validate_payload t10 a9 t11)
24.0: (sync_actions a9)

Plan-Length:25
Metric (Search):2.0
Planning Time (msec): 235
Heuristic Time (msec): 5
Search Time (msec): 231
Expanded Nodes:376
States Evaluated:1009
Number of Dead-Ends detected:0
Number of Duplicates detected:2
/usr/bin/time -v timeout 600 java -Xmx64g -jar ./enhsp3.jar -o ./domain_with_failure.pddl -f ./problems/BasePN-2And-del-1-d7/problem36.pddl -h blind -s WAStar
Domain parsed
Problem parsed
Grounding..
Grounding Time: 6387
UFX:true
|F|:21934
|X|:21
|A|:1252
|P|:0
|E|:0
h(I):0.0
f(n) = 1.0 (Expanded Nodes: 14, Evaluated States: 56, Time: 0.043) Frontier Size: 42
f(n) = 2.0 (Expanded Nodes: 149, Evaluated States: 506, Time: 0.159) Frontier Size: 357
Problem Solved

Found Plan:
0.0: (validate_payload t0 a7 t1)
1.0: (sync_actions a7)
2.0: (validate_payload t1 a10 t2)
3.0: (sync_actions a10)
4.0: (validate_payload t2 a3 t3)
5.0: (sync_actions a3)
6.0: (validate_payload t3 a4 t4)
7.0: (sync_actions a4)
8.0: (validate_payload t4 a12 t5)
9.0: (sync_actions a12)
10.0: (add_action a6)
11.0: (check_added_variables_model a6)
12.0: (move_in_model_move_automata a6)
13.0: (validate_payload t5 a11 t6)
14.0: (sync_actions a11)
15.0: (validate_payload t6 a8 t7)
16.0: (sync_actions a8)
17.0: (validate_payload t7 a1 t8)
18.0: (sync_actions a1)
19.0: (validate_payload t8 a0 t9)
20.0: (sync_actions a0)
21.0: (validate_payload t9 a2 t10)
22.0: (sync_actions a2)
23.0: (validate_payload t10 a9 t11)
24.0: (sync_actions a9)

Plan-Length:25
Metric (Search):2.0
Planning Time (msec): 246
Heuristic Time (msec): 11
Search Time (msec): 240
Expanded Nodes:363
States Evaluated:950
Number of Dead-Ends detected:0
Number of Duplicates detected:4
/usr/bin/time -v timeout 600 java -Xmx64g -jar ./enhsp3.jar -o ./domain_with_failure.pddl -f ./problems/BasePN-2And-del-1-d7/problem37.pddl -h blind -s WAStar
Domain parsed
Problem parsed
Grounding..
Grounding Time: 6349
UFX:true
|F|:21934
|X|:17
|A|:1252
|P|:0
|E|:0
h(I):0.0
f(n) = 1.0 (Expanded Nodes: 22, Evaluated States: 66, Time: 0.05) Frontier Size: 44
f(n) = 2.0 (Expanded Nodes: 198, Evaluated States: 513, Time: 0.192) Frontier Size: 315
Problem Solved

Found Plan:
0.0: (validate_payload t0 a7 t1)
1.0: (sync_actions a7)
2.0: (validate_payload t1 a10 t2)
3.0: (sync_actions a10)
4.0: (validate_payload t2 a3 t3)
5.0: (sync_actions a3)
6.0: (validate_payload t3 a5 t4)
7.0: (sync_actions a5)
8.0: (validate_payload t4 a6 t5)
9.0: (sync_actions a6)
10.0: (validate_payload t5 a12 t6)
11.0: (sync_actions a12)
12.0: (validate_payload t6 a11 t7)
13.0: (sync_actions a11)
14.0: (validate_payload t7 a8 t8)
15.0: (sync_actions a8)
16.0: (validate_payload t8 a1 t9)
17.0: (sync_actions a1)
18.0: (validate_payload t9 a2 t10)
19.0: (sync_actions a2)
20.0: (add_action a0)
21.0: (check_added_variables_model a0)
22.0: (move_in_model_move_automata a0)
23.0: (validate_payload t10 a9 t11)
24.0: (sync_actions a9)

Plan-Length:25
Metric (Search):2.0
Planning Time (msec): 350
Heuristic Time (msec): 2
Search Time (msec): 343
Expanded Nodes:641
States Evaluated:1578
Number of Dead-Ends detected:0
Number of Duplicates detected:11
/usr/bin/time -v timeout 600 java -Xmx64g -jar ./enhsp3.jar -o ./domain_with_failure.pddl -f ./problems/BasePN-2And-del-1-d7/problem38.pddl -h blind -s WAStar
Domain parsed
Problem parsed
Grounding..
Grounding Time: 6422
UFX:true
|F|:21934
|X|:20
|A|:1252
|P|:0
|E|:0
h(I):0.0
f(n) = 1.0 (Expanded Nodes: 16, Evaluated States: 57, Time: 0.053) Frontier Size: 41
f(n) = 2.0 (Expanded Nodes: 168, Evaluated States: 515, Time: 0.158) Frontier Size: 347
Problem Solved

Found Plan:
0.0: (validate_payload t0 a7 t1)
1.0: (sync_actions a7)
2.0: (validate_payload t1 a10 t2)
3.0: (sync_actions a10)
4.0: (validate_payload t2 a3 t3)
5.0: (sync_actions a3)
6.0: (validate_payload t3 a4 t4)
7.0: (sync_actions a4)
8.0: (validate_payload t4 a6 t5)
9.0: (sync_actions a6)
10.0: (validate_payload t5 a12 t6)
11.0: (sync_actions a12)
12.0: (validate_payload t6 a11 t7)
13.0: (sync_actions a11)
14.0: (add_action a8)
15.0: (check_added_variables_model a8)
16.0: (move_in_model_move_automata a8)
17.0: (validate_payload t7 a1 t8)
18.0: (sync_actions a1)
19.0: (validate_payload t8 a2 t9)
20.0: (sync_actions a2)
21.0: (validate_payload t9 a0 t10)
22.0: (sync_actions a0)
23.0: (validate_payload t10 a9 t11)
24.0: (sync_actions a9)

Plan-Length:25
Metric (Search):2.0
Planning Time (msec): 228
Heuristic Time (msec): 7
Search Time (msec): 221
Expanded Nodes:338
States Evaluated:894
Number of Dead-Ends detected:0
Number of Duplicates detected:3
/usr/bin/time -v timeout 600 java -Xmx64g -jar ./enhsp3.jar -o ./domain_with_failure.pddl -f ./problems/BasePN-2And-del-1-d7/problem39.pddl -h blind -s WAStar
Domain parsed
Problem parsed
Grounding..
Grounding Time: 6527
UFX:true
|F|:21934
|X|:17
|A|:1252
|P|:0
|E|:0
h(I):0.0
f(n) = 1.0 (Expanded Nodes: 10, Evaluated States: 39, Time: 0.036) Frontier Size: 29
f(n) = 2.0 (Expanded Nodes: 97, Evaluated States: 295, Time: 0.114) Frontier Size: 198
Problem Solved

Found Plan:
0.0: (validate_payload t0 a7 t1)
1.0: (sync_actions a7)
2.0: (add_action a3)
3.0: (check_added_variables_model a3)
4.0: (move_in_model_move_automata a3)
5.0: (validate_payload t1 a10 t2)
6.0: (sync_actions a10)
7.0: (validate_payload t2 a12 t3)
8.0: (sync_actions a12)
9.0: (validate_payload t3 a11 t4)
10.0: (sync_actions a11)
11.0: (validate_payload t4 a5 t5)
12.0: (sync_actions a5)
13.0: (validate_payload t5 a6 t6)
14.0: (sync_actions a6)
15.0: (validate_payload t6 a8 t7)
16.0: (sync_actions a8)
17.0: (validate_payload t7 a1 t8)
18.0: (sync_actions a1)
19.0: (validate_payload t8 a2 t9)
20.0: (sync_actions a2)
21.0: (validate_payload t9 a0 t10)
22.0: (sync_actions a0)
23.0: (validate_payload t10 a9 t11)
24.0: (sync_actions a9)

Plan-Length:25
Metric (Search):2.0
Planning Time (msec): 281
Heuristic Time (msec): 7
Search Time (msec): 274
Expanded Nodes:443
States Evaluated:1138
Number of Dead-Ends detected:0
Number of Duplicates detected:7
/usr/bin/time -v timeout 600 java -Xmx64g -jar ./enhsp3.jar -o ./domain_with_failure.pddl -f ./problems/BasePN-2And-del-1-d7/problem40.pddl -h blind -s WAStar
Domain parsed
Problem parsed
Grounding..
Grounding Time: 6235
UFX:true
|F|:21934
|X|:19
|A|:1252
|P|:0
|E|:0
h(I):0.0
f(n) = 1.0 (Expanded Nodes: 6, Evaluated States: 19, Time: 0.028) Frontier Size: 13
f(n) = 2.0 (Expanded Nodes: 33, Evaluated States: 67, Time: 0.081) Frontier Size: 34
Problem Solved

Found Plan:
0.0: (validate_payload t0 a7 t1)
1.0: (sync_actions a7)
2.0: (add_action a10)
3.0: (check_added_variables_model a10)
4.0: (move_in_model_move_automata a10)
5.0: (validate_payload t1 a12 t2)
6.0: (sync_actions a12)
7.0: (validate_payload t2 a3 t3)
8.0: (sync_actions a3)
9.0: (validate_payload t3 a11 t4)
10.0: (sync_actions a11)
11.0: (validate_payload t4 a5 t5)
12.0: (sync_actions a5)
13.0: (validate_payload t5 a6 t6)
14.0: (sync_actions a6)
15.0: (validate_payload t6 a8 t7)
16.0: (sync_actions a8)
17.0: (validate_payload t7 a0 t8)
18.0: (sync_actions a0)
19.0: (validate_payload t8 a1 t9)
20.0: (sync_actions a1)
21.0: (validate_payload t9 a2 t10)
22.0: (sync_actions a2)
23.0: (validate_payload t10 a9 t11)
24.0: (sync_actions a9)

Plan-Length:25
Metric (Search):2.0
Planning Time (msec): 142
Heuristic Time (msec): 7
Search Time (msec): 140
Expanded Nodes:99
States Evaluated:190
Number of Dead-Ends detected:0
Number of Duplicates detected:3
/usr/bin/time -v timeout 600 java -Xmx64g -jar ./enhsp3.jar -o ./domain_with_failure.pddl -f ./problems/BasePN-2And-del-1-d7/problem41.pddl -h blind -s WAStar
Domain parsed
Problem parsed
Grounding..
Grounding Time: 6239
UFX:true
|F|:21934
|X|:19
|A|:1252
|P|:0
|E|:0
h(I):0.0
f(n) = 1.0 (Expanded Nodes: 10, Evaluated States: 36, Time: 0.031) Frontier Size: 26
f(n) = 2.0 (Expanded Nodes: 85, Evaluated States: 244, Time: 0.116) Frontier Size: 159
f(n) = 3.0 (Expanded Nodes: 443, Evaluated States: 1160, Time: 0.272) Frontier Size: 717
Problem Solved

Found Plan:
0.0: (validate_payload t0 a7 t1)
1.0: (sync_actions a7)
2.0: (validate_payload t1 a3 t2)
3.0: (sync_actions a3)
4.0: (validate_payload t2 a10 t3)
5.0: (sync_actions a10)
6.0: (change_value a4 categorical c3)
7.0: (validate_payload t3 a4 t4)
8.0: (sync_actions a4)
9.0: (validate_payload t4 a6 t5)
10.0: (sync_actions a6)
11.0: (validate_payload t5 a12 t6)
12.0: (sync_actions a12)
13.0: (validate_payload t6 a11 t7)
14.0: (sync_actions a11)
15.0: (add_action a8)
16.0: (check_added_variables_model a8)
17.0: (move_in_model_move_automata a8)
18.0: (validate_payload t7 a0 t8)
19.0: (sync_actions a0)
20.0: (validate_payload t8 a1 t9)
21.0: (sync_actions a1)
22.0: (validate_payload t9 a2 t10)
23.0: (sync_actions a2)
24.0: (validate_payload t10 a9 t11)
25.0: (sync_actions a9)

Plan-Length:26
Metric (Search):3.0
Planning Time (msec): 357
Heuristic Time (msec): 3
Search Time (msec): 349
Expanded Nodes:811
States Evaluated:2022
Number of Dead-Ends detected:0
Number of Duplicates detected:9
/usr/bin/time -v timeout 600 java -Xmx64g -jar ./enhsp3.jar -o ./domain_with_failure.pddl -f ./problems/BasePN-2And-del-1-d7/problem42.pddl -h blind -s WAStar
Domain parsed
Problem parsed
Grounding..
Grounding Time: 6200
UFX:true
|F|:21934
|X|:17
|A|:1252
|P|:0
|E|:0
h(I):0.0
f(n) = 1.0 (Expanded Nodes: 14, Evaluated States: 46, Time: 0.041) Frontier Size: 32
f(n) = 2.0 (Expanded Nodes: 70, Evaluated States: 194, Time: 0.117) Frontier Size: 124
Problem Solved

Found Plan:
0.0: (validate_payload t0 a7 t1)
1.0: (sync_actions a7)
2.0: (validate_payload t1 a3 t2)
3.0: (sync_actions a3)
4.0: (validate_payload t2 a5 t3)
5.0: (sync_actions a5)
6.0: (validate_payload t3 a10 t4)
7.0: (sync_actions a10)
8.0: (validate_payload t4 a6 t5)
9.0: (sync_actions a6)
10.0: (validate_payload t5 a12 t6)
11.0: (sync_actions a12)
12.0: (add_action a11)
13.0: (check_added_variables_model a11)
14.0: (move_in_model_move_automata a11)
15.0: (validate_payload t6 a8 t7)
16.0: (sync_actions a8)
17.0: (validate_payload t7 a0 t8)
18.0: (sync_actions a0)
19.0: (validate_payload t8 a1 t9)
20.0: (sync_actions a1)
21.0: (validate_payload t9 a2 t10)
22.0: (sync_actions a2)
23.0: (validate_payload t10 a9 t11)
24.0: (sync_actions a9)

Plan-Length:25
Metric (Search):2.0
Planning Time (msec): 207
Heuristic Time (msec): 6
Search Time (msec): 201
Expanded Nodes:204
States Evaluated:451
Number of Dead-Ends detected:0
Number of Duplicates detected:11
/usr/bin/time -v timeout 600 java -Xmx64g -jar ./enhsp3.jar -o ./domain_with_failure.pddl -f ./problems/BasePN-2And-del-1-d7/problem43.pddl -h blind -s WAStar
Domain parsed
Problem parsed
Grounding..
Grounding Time: 6411
UFX:true
|F|:21934
|X|:20
|A|:1252
|P|:0
|E|:0
h(I):0.0
f(n) = 1.0 (Expanded Nodes: 12, Evaluated States: 55, Time: 0.047) Frontier Size: 43
f(n) = 2.0 (Expanded Nodes: 129, Evaluated States: 482, Time: 0.157) Frontier Size: 353
Problem Solved

Found Plan:
0.0: (validate_payload t0 a7 t1)
1.0: (sync_actions a7)
2.0: (validate_payload t1 a3 t2)
3.0: (sync_actions a3)
4.0: (validate_payload t2 a10 t3)
5.0: (sync_actions a10)
6.0: (validate_payload t3 a12 t4)
7.0: (sync_actions a12)
8.0: (validate_payload t4 a11 t5)
9.0: (sync_actions a11)
10.0: (add_action a4)
11.0: (check_added_variables_model a4)
12.0: (move_in_model_move_automata a4)
13.0: (validate_payload t5 a6 t6)
14.0: (sync_actions a6)
15.0: (validate_payload t6 a8 t7)
16.0: (sync_actions a8)
17.0: (validate_payload t7 a1 t8)
18.0: (sync_actions a1)
19.0: (validate_payload t8 a2 t9)
20.0: (sync_actions a2)
21.0: (validate_payload t9 a0 t10)
22.0: (sync_actions a0)
23.0: (validate_payload t10 a9 t11)
24.0: (sync_actions a9)

Plan-Length:25
Metric (Search):2.0
Planning Time (msec): 268
Heuristic Time (msec): 11
Search Time (msec): 264
Expanded Nodes:280
States Evaluated:900
Number of Dead-Ends detected:0
Number of Duplicates detected:1
/usr/bin/time -v timeout 600 java -Xmx64g -jar ./enhsp3.jar -o ./domain_with_failure.pddl -f ./problems/BasePN-2And-del-1-d7/problem44.pddl -h blind -s WAStar
Domain parsed
Problem parsed
Grounding..
Grounding Time: 6593
UFX:true
|F|:21934
|X|:20
|A|:1252
|P|:0
|E|:0
h(I):0.0
f(n) = 1.0 (Expanded Nodes: 8, Evaluated States: 31, Time: 0.032) Frontier Size: 23
f(n) = 2.0 (Expanded Nodes: 54, Evaluated States: 160, Time: 0.1) Frontier Size: 106
Problem Solved

Found Plan:
0.0: (validate_payload t0 a7 t1)
1.0: (sync_actions a7)
2.0: (validate_payload t1 a10 t2)
3.0: (sync_actions a10)
4.0: (validate_payload t2 a3 t3)
5.0: (sync_actions a3)
6.0: (add_action a4)
7.0: (check_added_variables_model a4)
8.0: (move_in_model_move_automata a4)
9.0: (validate_payload t3 a6 t4)
10.0: (sync_actions a6)
11.0: (validate_payload t4 a12 t5)
12.0: (sync_actions a12)
13.0: (validate_payload t5 a11 t6)
14.0: (sync_actions a11)
15.0: (validate_payload t6 a8 t7)
16.0: (sync_actions a8)
17.0: (validate_payload t7 a0 t8)
18.0: (sync_actions a0)
19.0: (validate_payload t8 a1 t9)
20.0: (sync_actions a1)
21.0: (validate_payload t9 a2 t10)
22.0: (sync_actions a2)
23.0: (validate_payload t10 a9 t11)
24.0: (sync_actions a9)

Plan-Length:25
Metric (Search):2.0
Planning Time (msec): 159
Heuristic Time (msec): 1
Search Time (msec): 152
Expanded Nodes:118
States Evaluated:313
Number of Dead-Ends detected:0
Number of Duplicates detected:3
/usr/bin/time -v timeout 600 java -Xmx64g -jar ./enhsp3.jar -o ./domain_with_failure.pddl -f ./problems/BasePN-2And-del-1-d7/problem45.pddl -h blind -s WAStar
Domain parsed
Problem parsed
Grounding..
Grounding Time: 6464
UFX:true
|F|:21934
|X|:18
|A|:1252
|P|:0
|E|:0
h(I):0.0
f(n) = 1.0 (Expanded Nodes: 12, Evaluated States: 40, Time: 0.047) Frontier Size: 28
f(n) = 2.0 (Expanded Nodes: 76, Evaluated States: 196, Time: 0.128) Frontier Size: 120
Problem Solved

Found Plan:
0.0: (validate_payload t0 a7 t1)
1.0: (sync_actions a7)
2.0: (validate_payload t1 a3 t2)
3.0: (sync_actions a3)
4.0: (validate_payload t2 a5 t3)
5.0: (sync_actions a5)
6.0: (add_action a10)
7.0: (check_added_variables_model a10)
8.0: (move_in_model_move_automata a10)
9.0: (validate_payload t3 a6 t4)
10.0: (sync_actions a6)
11.0: (validate_payload t4 a12 t5)
12.0: (sync_actions a12)
13.0: (validate_payload t5 a11 t6)
14.0: (sync_actions a11)
15.0: (validate_payload t6 a8 t7)
16.0: (sync_actions a8)
17.0: (validate_payload t7 a0 t8)
18.0: (sync_actions a0)
19.0: (validate_payload t8 a1 t9)
20.0: (sync_actions a1)
21.0: (validate_payload t9 a2 t10)
22.0: (sync_actions a2)
23.0: (validate_payload t10 a9 t11)
24.0: (sync_actions a9)

Plan-Length:25
Metric (Search):2.0
Planning Time (msec): 182
Heuristic Time (msec): 9
Search Time (msec): 179
Expanded Nodes:188
States Evaluated:384
Number of Dead-Ends detected:0
Number of Duplicates detected:6
/usr/bin/time -v timeout 600 java -Xmx64g -jar ./enhsp3.jar -o ./domain_with_failure.pddl -f ./problems/BasePN-2And-del-1-d7/problem46.pddl -h blind -s WAStar
Domain parsed
Problem parsed
Grounding..
Grounding Time: 6145
UFX:true
|F|:21934
|X|:19
|A|:1252
|P|:0
|E|:0
h(I):0.0
f(n) = 1.0 (Expanded Nodes: 22, Evaluated States: 80, Time: 0.058) Frontier Size: 58
f(n) = 2.0 (Expanded Nodes: 334, Evaluated States: 1064, Time: 0.229) Frontier Size: 730
f(n) = 3.0 (Expanded Nodes: 2561, Evaluated States: 7585, Time: 0.678) Frontier Size: 5024
Problem Solved

Found Plan:
0.0: (validate_payload t0 a7 t1)
1.0: (sync_actions a7)
2.0: (validate_payload t1 a10 t2)
3.0: (sync_actions a10)
4.0: (validate_payload t2 a12 t3)
5.0: (sync_actions a12)
6.0: (change_value a11 integer v5)
7.0: (validate_payload t3 a11 t4)
8.0: (sync_actions a11)
9.0: (validate_payload t4 a3 t5)
10.0: (sync_actions a3)
11.0: (validate_payload t5 a4 t6)
12.0: (sync_actions a4)
13.0: (validate_payload t6 a6 t7)
14.0: (sync_actions a6)
15.0: (validate_payload t7 a8 t8)
16.0: (sync_actions a8)
17.0: (validate_payload t8 a1 t9)
18.0: (sync_actions a1)
19.0: (validate_payload t9 a0 t10)
20.0: (sync_actions a0)
21.0: (add_action a2)
22.0: (check_added_variables_model a2)
23.0: (move_in_model_move_automata a2)
24.0: (validate_payload t10 a9 t11)
25.0: (sync_actions a9)

Plan-Length:26
Metric (Search):3.0
Planning Time (msec): 1338
Heuristic Time (msec): 8
Search Time (msec): 1331
Expanded Nodes:5814
States Evaluated:15541
Number of Dead-Ends detected:0
Number of Duplicates detected:75
/usr/bin/time -v timeout 600 java -Xmx64g -jar ./enhsp3.jar -o ./domain_with_failure.pddl -f ./problems/BasePN-2And-del-1-d7/problem47.pddl -h blind -s WAStar
Domain parsed
Problem parsed
Grounding..
Grounding Time: 6202
UFX:true
|F|:21934
|X|:20
|A|:1252
|P|:0
|E|:0
h(I):0.0
f(n) = 1.0 (Expanded Nodes: 12, Evaluated States: 40, Time: 0.035) Frontier Size: 28
f(n) = 2.0 (Expanded Nodes: 74, Evaluated States: 185, Time: 0.116) Frontier Size: 111
Problem Solved

Found Plan:
0.0: (validate_payload t0 a7 t1)
1.0: (sync_actions a7)
2.0: (validate_payload t1 a3 t2)
3.0: (sync_actions a3)
4.0: (validate_payload t2 a4 t3)
5.0: (sync_actions a4)
6.0: (add_action a10)
7.0: (check_added_variables_model a10)
8.0: (move_in_model_move_automata a10)
9.0: (validate_payload t3 a6 t4)
10.0: (sync_actions a6)
11.0: (validate_payload t4 a12 t5)
12.0: (sync_actions a12)
13.0: (validate_payload t5 a11 t6)
14.0: (sync_actions a11)
15.0: (validate_payload t6 a8 t7)
16.0: (sync_actions a8)
17.0: (validate_payload t7 a0 t8)
18.0: (sync_actions a0)
19.0: (validate_payload t8 a1 t9)
20.0: (sync_actions a1)
21.0: (validate_payload t9 a2 t10)
22.0: (sync_actions a2)
23.0: (validate_payload t10 a9 t11)
24.0: (sync_actions a9)

Plan-Length:25
Metric (Search):2.0
Planning Time (msec): 205
Heuristic Time (msec): 7
Search Time (msec): 202
Expanded Nodes:195
States Evaluated:396
Number of Dead-Ends detected:0
Number of Duplicates detected:6
/usr/bin/time -v timeout 600 java -Xmx64g -jar ./enhsp3.jar -o ./domain_with_failure.pddl -f ./problems/BasePN-2And-del-1-d7/problem48.pddl -h blind -s WAStar
Domain parsed
Problem parsed
Grounding..
Grounding Time: 6373
UFX:true
|F|:21934
|X|:20
|A|:1252
|P|:0
|E|:0
h(I):0.0
f(n) = 1.0 (Expanded Nodes: 16, Evaluated States: 58, Time: 0.046) Frontier Size: 42
f(n) = 2.0 (Expanded Nodes: 162, Evaluated States: 481, Time: 0.164) Frontier Size: 319
Problem Solved

Found Plan:
0.0: (validate_payload t0 a7 t1)
1.0: (sync_actions a7)
2.0: (validate_payload t1 a3 t2)
3.0: (sync_actions a3)
4.0: (validate_payload t2 a10 t3)
5.0: (sync_actions a10)
6.0: (validate_payload t3 a4 t4)
7.0: (sync_actions a4)
8.0: (validate_payload t4 a6 t5)
9.0: (sync_actions a6)
10.0: (validate_payload t5 a12 t6)
11.0: (sync_actions a12)
12.0: (validate_payload t6 a11 t7)
13.0: (sync_actions a11)
14.0: (add_action a8)
15.0: (check_added_variables_model a8)
16.0: (move_in_model_move_automata a8)
17.0: (validate_payload t7 a1 t8)
18.0: (sync_actions a1)
19.0: (validate_payload t8 a2 t9)
20.0: (sync_actions a2)
21.0: (validate_payload t9 a0 t10)
22.0: (sync_actions a0)
23.0: (validate_payload t10 a9 t11)
24.0: (sync_actions a9)

Plan-Length:25
Metric (Search):2.0
Planning Time (msec): 288
Heuristic Time (msec): 4
Search Time (msec): 280
Expanded Nodes:377
States Evaluated:982
Number of Dead-Ends detected:0
Number of Duplicates detected:4
/usr/bin/time -v timeout 600 java -Xmx64g -jar ./enhsp3.jar -o ./domain_with_failure.pddl -f ./problems/BasePN-2And-del-1-d7/problem49.pddl -h blind -s WAStar
Domain parsed
Problem parsed
Grounding..
Grounding Time: 6354
UFX:true
|F|:21934
|X|:18
|A|:1252
|P|:0
|E|:0
h(I):0.0
f(n) = 2.0 (Expanded Nodes: 4, Evaluated States: 10, Time: 0.028) Frontier Size: 6
Problem Solved

Found Plan:
0.0: (validate_payload t0 a7 t1)
1.0: (sync_actions a7)
2.0: (add_action a3)
3.0: (check_added_variables_model a3)
4.0: (move_in_model_move_automata a3)
5.0: (validate_payload t1 a5 t2)
6.0: (sync_actions a5)
7.0: (validate_payload t2 a6 t3)
8.0: (sync_actions a6)
9.0: (validate_payload t3 a10 t4)
10.0: (sync_actions a10)
11.0: (validate_payload t4 a12 t5)
12.0: (sync_actions a12)
13.0: (validate_payload t5 a11 t6)
14.0: (sync_actions a11)
15.0: (validate_payload t6 a8 t7)
16.0: (sync_actions a8)
17.0: (validate_payload t7 a1 t8)
18.0: (sync_actions a1)
19.0: (validate_payload t8 a2 t9)
20.0: (sync_actions a2)
21.0: (validate_payload t9 a0 t10)
22.0: (sync_actions a0)
23.0: (validate_payload t10 a9 t11)
24.0: (sync_actions a9)

Plan-Length:25
Metric (Search):2.0
Planning Time (msec): 120
Heuristic Time (msec): 6
Search Time (msec): 118
Expanded Nodes:38
States Evaluated:108
Number of Dead-Ends detected:0
Number of Duplicates detected:1
/usr/bin/time -v timeout 600 java -Xmx64g -jar ./enhsp3.jar -o ./domain_with_failure.pddl -f ./problems/BasePN-2And-del-1-d7/problem50.pddl -h blind -s WAStar
Domain parsed
Problem parsed
Grounding..
Grounding Time: 6183
UFX:true
|F|:21934
|X|:19
|A|:1252
|P|:0
|E|:0
h(I):0.0
f(n) = 1.0 (Expanded Nodes: 2, Evaluated States: 8, Time: 0.026) Frontier Size: 6
f(n) = 2.0 (Expanded Nodes: 6, Evaluated States: 8, Time: 0.055) Frontier Size: 2
Problem Solved

Found Plan:
0.0: (add_action a7)
1.0: (check_added_variables_model a7)
2.0: (move_in_model_move_automata a7)
3.0: (validate_payload t0 a10 t1)
4.0: (sync_actions a10)
5.0: (validate_payload t1 a3 t2)
6.0: (sync_actions a3)
7.0: (validate_payload t2 a5 t3)
8.0: (sync_actions a5)
9.0: (validate_payload t3 a6 t4)
10.0: (sync_actions a6)
11.0: (validate_payload t4 a12 t5)
12.0: (sync_actions a12)
13.0: (validate_payload t5 a11 t6)
14.0: (sync_actions a11)
15.0: (validate_payload t6 a8 t7)
16.0: (sync_actions a8)
17.0: (validate_payload t7 a1 t8)
18.0: (sync_actions a1)
19.0: (validate_payload t8 a2 t9)
20.0: (sync_actions a2)
21.0: (validate_payload t9 a0 t10)
22.0: (sync_actions a0)
23.0: (validate_payload t10 a9 t11)
24.0: (sync_actions a9)

Plan-Length:25
Metric (Search):2.0
Planning Time (msec): 110
Heuristic Time (msec): 7
Search Time (msec): 103
Expanded Nodes:33
States Evaluated:90
Number of Dead-Ends detected:0
Number of Duplicates detected:0
/usr/bin/time -v timeout 600 java -Xmx64g -jar ./enhsp3.jar -o ./domain_with_failure.pddl -f ./problems/BasePN-2And-del-1-d7/problem51.pddl -h blind -s WAStar
Domain parsed
Problem parsed
Grounding..
Grounding Time: 6274
UFX:true
|F|:21934
|X|:20
|A|:1252
|P|:0
|E|:0
h(I):0.0
f(n) = 1.0 (Expanded Nodes: 8, Evaluated States: 29, Time: 0.033) Frontier Size: 21
f(n) = 2.0 (Expanded Nodes: 84, Evaluated States: 250, Time: 0.118) Frontier Size: 166
f(n) = 3.0 (Expanded Nodes: 662, Evaluated States: 2103, Time: 0.353) Frontier Size: 1441
f(n) = 4.0 (Expanded Nodes: 4643, Evaluated States: 13601, Time: 1.312) Frontier Size: 8958
Problem Solved

Found Plan:
0.0: (validate_payload t0 a7 t1)
1.0: (sync_actions a7)
2.0: (validate_payload t1 a3 t2)
3.0: (sync_actions a3)
4.0: (change_value a4 categorical c2)
5.0: (validate_payload t2 a4 t3)
6.0: (sync_actions a4)
7.0: (validate_payload t3 a10 t4)
8.0: (sync_actions a10)
9.0: (validate_payload t4 a6 t5)
10.0: (sync_actions a6)
11.0: (validate_payload t5 a12 t6)
12.0: (sync_actions a12)
13.0: (validate_payload t6 a11 t7)
14.0: (sync_actions a11)
15.0: (validate_payload t7 a8 t8)
16.0: (sync_actions a8)
17.0: (validate_payload t8 a0 t9)
18.0: (sync_actions a0)
19.0: (validate_payload t9 a1 t10)
20.0: (sync_actions a1)
21.0: (add_action a2)
22.0: (move_in_model_parameter a2 sDEC6_2 integer v15)
23.0: (check_added_variables_model a2)
24.0: (move_in_model_move_automata a2)
25.0: (validate_payload t10 a9 t11)
26.0: (sync_actions a9)

Plan-Length:27
Metric (Search):4.0
Planning Time (msec): 1766
Heuristic Time (msec): 3
Search Time (msec): 1757
Expanded Nodes:9778
States Evaluated:25674
Number of Dead-Ends detected:0
Number of Duplicates detected:67
/usr/bin/time -v timeout 600 java -Xmx64g -jar ./enhsp3.jar -o ./domain_with_failure.pddl -f ./problems/BasePN-2And-del-1-d7/problem52.pddl -h blind -s WAStar
Domain parsed
Problem parsed
Grounding..
Grounding Time: 6494
UFX:true
|F|:21934
|X|:18
|A|:1252
|P|:0
|E|:0
h(I):0.0
f(n) = 1.0 (Expanded Nodes: 12, Evaluated States: 38, Time: 0.041) Frontier Size: 26
f(n) = 2.0 (Expanded Nodes: 54, Evaluated States: 136, Time: 0.108) Frontier Size: 82
f(n) = 3.0 (Expanded Nodes: 130, Evaluated States: 299, Time: 0.169) Frontier Size: 169
Problem Solved

Found Plan:
0.0: (validate_payload t0 a7 t1)
1.0: (sync_actions a7)
2.0: (validate_payload t1 a10 t2)
3.0: (sync_actions a10)
4.0: (validate_payload t2 a3 t3)
5.0: (sync_actions a3)
6.0: (validate_payload t3 a4 t4)
7.0: (sync_actions a4)
8.0: (validate_payload t4 a6 t5)
9.0: (sync_actions a6)
10.0: (add_action a12)
11.0: (move_in_model_parameter a12 sDEC1_1 categorical c2)
12.0: (check_added_variables_model a12)
13.0: (move_in_model_move_automata a12)
14.0: (validate_payload t5 a11 t6)
15.0: (sync_actions a11)
16.0: (validate_payload t6 a8 t7)
17.0: (sync_actions a8)
18.0: (validate_payload t7 a1 t8)
19.0: (sync_actions a1)
20.0: (validate_payload t8 a2 t9)
21.0: (sync_actions a2)
22.0: (validate_payload t9 a0 t10)
23.0: (sync_actions a0)
24.0: (validate_payload t10 a9 t11)
25.0: (sync_actions a9)

Plan-Length:26
Metric (Search):3.0
Planning Time (msec): 317
Heuristic Time (msec): 5
Search Time (msec): 305
Expanded Nodes:456
States Evaluated:1090
Number of Dead-Ends detected:0
Number of Duplicates detected:38
/usr/bin/time -v timeout 600 java -Xmx64g -jar ./enhsp3.jar -o ./domain_with_failure.pddl -f ./problems/BasePN-2And-del-1-d7/problem53.pddl -h blind -s WAStar
Domain parsed
Problem parsed
Grounding..
Grounding Time: 6575
UFX:true
|F|:21934
|X|:20
|A|:1252
|P|:0
|E|:0
h(I):0.0
f(n) = 1.0 (Expanded Nodes: 22, Evaluated States: 74, Time: 0.052) Frontier Size: 52
f(n) = 2.0 (Expanded Nodes: 317, Evaluated States: 932, Time: 0.244) Frontier Size: 615
Problem Solved

Found Plan:
0.0: (validate_payload t0 a7 t1)
1.0: (sync_actions a7)
2.0: (validate_payload t1 a10 t2)
3.0: (sync_actions a10)
4.0: (validate_payload t2 a12 t3)
5.0: (sync_actions a12)
6.0: (validate_payload t3 a3 t4)
7.0: (sync_actions a3)
8.0: (validate_payload t4 a4 t5)
9.0: (sync_actions a4)
10.0: (validate_payload t5 a11 t6)
11.0: (sync_actions a11)
12.0: (validate_payload t6 a6 t7)
13.0: (sync_actions a6)
14.0: (validate_payload t7 a8 t8)
15.0: (sync_actions a8)
16.0: (validate_payload t8 a1 t9)
17.0: (sync_actions a1)
18.0: (validate_payload t9 a2 t10)
19.0: (sync_actions a2)
20.0: (add_action a0)
21.0: (check_added_variables_model a0)
22.0: (move_in_model_move_automata a0)
23.0: (validate_payload t10 a9 t11)
24.0: (sync_actions a9)

Plan-Length:25
Metric (Search):2.0
Planning Time (msec): 466
Heuristic Time (msec): 6
Search Time (msec): 459
Expanded Nodes:1093
States Evaluated:2891
Number of Dead-Ends detected:0
Number of Duplicates detected:14
/usr/bin/time -v timeout 600 java -Xmx64g -jar ./enhsp3.jar -o ./domain_with_failure.pddl -f ./problems/BasePN-2And-del-1-d7/problem54.pddl -h blind -s WAStar
Domain parsed
Problem parsed
Grounding..
Grounding Time: 6516
UFX:true
|F|:21934
|X|:18
|A|:1252
|P|:0
|E|:0
h(I):0.0
f(n) = 1.0 (Expanded Nodes: 22, Evaluated States: 80, Time: 0.051) Frontier Size: 58
f(n) = 2.0 (Expanded Nodes: 260, Evaluated States: 794, Time: 0.223) Frontier Size: 534
f(n) = 3.0 (Expanded Nodes: 1565, Evaluated States: 4165, Time: 0.522) Frontier Size: 2600
Problem Solved

Found Plan:
0.0: (validate_payload t0 a7 t1)
1.0: (sync_actions a7)
2.0: (change_value a10 integer v5)
3.0: (validate_payload t1 a10 t2)
4.0: (sync_actions a10)
5.0: (validate_payload t2 a3 t3)
6.0: (sync_actions a3)
7.0: (validate_payload t3 a4 t4)
8.0: (sync_actions a4)
9.0: (validate_payload t4 a6 t5)
10.0: (sync_actions a6)
11.0: (validate_payload t5 a12 t6)
12.0: (sync_actions a12)
13.0: (validate_payload t6 a11 t7)
14.0: (sync_actions a11)
15.0: (validate_payload t7 a8 t8)
16.0: (sync_actions a8)
17.0: (add_action a1)
18.0: (check_added_variables_model a1)
19.0: (move_in_model_move_automata a1)
20.0: (validate_payload t8 a0 t9)
21.0: (sync_actions a0)
22.0: (validate_payload t9 a2 t10)
23.0: (sync_actions a2)
24.0: (validate_payload t10 a9 t11)
25.0: (sync_actions a9)

Plan-Length:26
Metric (Search):3.0
Planning Time (msec): 764
Heuristic Time (msec): 9
Search Time (msec): 756
Expanded Nodes:3006
States Evaluated:7180
Number of Dead-Ends detected:0
Number of Duplicates detected:35
/usr/bin/time -v timeout 600 java -Xmx64g -jar ./enhsp3.jar -o ./domain_with_failure.pddl -f ./problems/BasePN-2And-del-1-d7/problem55.pddl -h blind -s WAStar
Domain parsed
Problem parsed
Grounding..
Grounding Time: 6287
UFX:true
|F|:21934
|X|:18
|A|:1252
|P|:0
|E|:0
h(I):0.0
f(n) = 1.0 (Expanded Nodes: 10, Evaluated States: 32, Time: 0.04) Frontier Size: 22
f(n) = 2.0 (Expanded Nodes: 49, Evaluated States: 119, Time: 0.099) Frontier Size: 70
Problem Solved

Found Plan:
0.0: (validate_payload t0 a7 t1)
1.0: (sync_actions a7)
2.0: (validate_payload t1 a3 t2)
3.0: (sync_actions a3)
4.0: (validate_payload t2 a4 t3)
5.0: (sync_actions a4)
6.0: (add_action a10)
7.0: (check_added_variables_model a10)
8.0: (move_in_model_move_automata a10)
9.0: (validate_payload t3 a12 t4)
10.0: (sync_actions a12)
11.0: (validate_payload t4 a11 t5)
12.0: (sync_actions a11)
13.0: (validate_payload t5 a6 t6)
14.0: (sync_actions a6)
15.0: (validate_payload t6 a8 t7)
16.0: (sync_actions a8)
17.0: (validate_payload t7 a0 t8)
18.0: (sync_actions a0)
19.0: (validate_payload t8 a1 t9)
20.0: (sync_actions a1)
21.0: (validate_payload t9 a2 t10)
22.0: (sync_actions a2)
23.0: (validate_payload t10 a9 t11)
24.0: (sync_actions a9)

Plan-Length:25
Metric (Search):2.0
Planning Time (msec): 171
Heuristic Time (msec): 5
Search Time (msec): 169
Expanded Nodes:137
States Evaluated:283
Number of Dead-Ends detected:0
Number of Duplicates detected:8
/usr/bin/time -v timeout 600 java -Xmx64g -jar ./enhsp3.jar -o ./domain_with_failure.pddl -f ./problems/BasePN-2And-del-1-d7/problem56.pddl -h blind -s WAStar
Domain parsed
Problem parsed
Grounding..
Grounding Time: 6511
UFX:true
|F|:21934
|X|:17
|A|:1252
|P|:0
|E|:0
h(I):0.0
f(n) = 1.0 (Expanded Nodes: 8, Evaluated States: 25, Time: 0.036) Frontier Size: 17
f(n) = 2.0 (Expanded Nodes: 34, Evaluated States: 84, Time: 0.089) Frontier Size: 50
Problem Solved

Found Plan:
0.0: (validate_payload t0 a7 t1)
1.0: (sync_actions a7)
2.0: (validate_payload t1 a10 t2)
3.0: (sync_actions a10)
4.0: (validate_payload t2 a3 t3)
5.0: (sync_actions a3)
6.0: (add_action a4)
7.0: (check_added_variables_model a4)
8.0: (move_in_model_move_automata a4)
9.0: (validate_payload t3 a6 t4)
10.0: (sync_actions a6)
11.0: (validate_payload t4 a12 t5)
12.0: (sync_actions a12)
13.0: (validate_payload t5 a11 t6)
14.0: (sync_actions a11)
15.0: (validate_payload t6 a8 t7)
16.0: (sync_actions a8)
17.0: (validate_payload t7 a1 t8)
18.0: (sync_actions a1)
19.0: (validate_payload t8 a2 t9)
20.0: (sync_actions a2)
21.0: (validate_payload t9 a0 t10)
22.0: (sync_actions a0)
23.0: (validate_payload t10 a9 t11)
24.0: (sync_actions a9)

Plan-Length:25
Metric (Search):2.0
Planning Time (msec): 148
Heuristic Time (msec): 7
Search Time (msec): 145
Expanded Nodes:88
States Evaluated:206
Number of Dead-Ends detected:0
Number of Duplicates detected:6
/usr/bin/time -v timeout 600 java -Xmx64g -jar ./enhsp3.jar -o ./domain_with_failure.pddl -f ./problems/BasePN-2And-del-1-d7/problem57.pddl -h blind -s WAStar
Domain parsed
Problem parsed
Grounding..
Grounding Time: 6525
UFX:true
|F|:21934
|X|:21
|A|:1252
|P|:0
|E|:0
h(I):0.0
f(n) = 1.0 (Expanded Nodes: 12, Evaluated States: 58, Time: 0.047) Frontier Size: 46
f(n) = 2.0 (Expanded Nodes: 129, Evaluated States: 510, Time: 0.155) Frontier Size: 381
Problem Solved

Found Plan:
0.0: (validate_payload t0 a7 t1)
1.0: (sync_actions a7)
2.0: (validate_payload t1 a3 t2)
3.0: (sync_actions a3)
4.0: (validate_payload t2 a10 t3)
5.0: (sync_actions a10)
6.0: (validate_payload t3 a12 t4)
7.0: (sync_actions a12)
8.0: (validate_payload t4 a11 t5)
9.0: (sync_actions a11)
10.0: (add_action a4)
11.0: (check_added_variables_model a4)
12.0: (move_in_model_move_automata a4)
13.0: (validate_payload t5 a6 t6)
14.0: (sync_actions a6)
15.0: (validate_payload t6 a8 t7)
16.0: (sync_actions a8)
17.0: (validate_payload t7 a0 t8)
18.0: (sync_actions a0)
19.0: (validate_payload t8 a1 t9)
20.0: (sync_actions a1)
21.0: (validate_payload t9 a2 t10)
22.0: (sync_actions a2)
23.0: (validate_payload t10 a9 t11)
24.0: (sync_actions a9)

Plan-Length:25
Metric (Search):2.0
Planning Time (msec): 338
Heuristic Time (msec): 6
Search Time (msec): 332
Expanded Nodes:676
States Evaluated:2293
Number of Dead-Ends detected:0
Number of Duplicates detected:7
/usr/bin/time -v timeout 600 java -Xmx64g -jar ./enhsp3.jar -o ./domain_with_failure.pddl -f ./problems/BasePN-2And-del-1-d7/problem58.pddl -h blind -s WAStar
Domain parsed
Problem parsed
Grounding..
Grounding Time: 5917
UFX:true
|F|:21934
|X|:16
|A|:1252
|P|:0
|E|:0
h(I):0.0
f(n) = 1.0 (Expanded Nodes: 16, Evaluated States: 50, Time: 0.041) Frontier Size: 34
f(n) = 2.0 (Expanded Nodes: 141, Evaluated States: 383, Time: 0.133) Frontier Size: 242
Problem Solved

Found Plan:
0.0: (validate_payload t0 a7 t1)
1.0: (sync_actions a7)
2.0: (validate_payload t1 a10 t2)
3.0: (sync_actions a10)
4.0: (validate_payload t2 a3 t3)
5.0: (sync_actions a3)
6.0: (validate_payload t3 a5 t4)
7.0: (sync_actions a5)
8.0: (validate_payload t4 a12 t5)
9.0: (sync_actions a12)
10.0: (validate_payload t5 a6 t6)
11.0: (sync_actions a6)
12.0: (validate_payload t6 a11 t7)
13.0: (sync_actions a11)
14.0: (add_action a8)
15.0: (check_added_variables_model a8)
16.0: (move_in_model_move_automata a8)
17.0: (validate_payload t7 a1 t8)
18.0: (sync_actions a1)
19.0: (validate_payload t8 a2 t9)
20.0: (sync_actions a2)
21.0: (validate_payload t9 a0 t10)
22.0: (sync_actions a0)
23.0: (validate_payload t10 a9 t11)
24.0: (sync_actions a9)

Plan-Length:25
Metric (Search):2.0
Planning Time (msec): 250
Heuristic Time (msec): 6
Search Time (msec): 248
Expanded Nodes:476
States Evaluated:1150
Number of Dead-Ends detected:0
Number of Duplicates detected:9
/usr/bin/time -v timeout 600 java -Xmx64g -jar ./enhsp3.jar -o ./domain_with_failure.pddl -f ./problems/BasePN-2And-del-1-d7/problem59.pddl -h blind -s WAStar
Domain parsed
Problem parsed
Grounding..
Grounding Time: 6284
UFX:true
|F|:21934
|X|:19
|A|:1252
|P|:0
|E|:0
h(I):0.0
f(n) = 1.0 (Expanded Nodes: 20, Evaluated States: 76, Time: 0.05) Frontier Size: 56
f(n) = 2.0 (Expanded Nodes: 259, Evaluated States: 854, Time: 0.229) Frontier Size: 595
Problem Solved

Found Plan:
0.0: (validate_payload t0 a7 t1)
1.0: (sync_actions a7)
2.0: (validate_payload t1 a3 t2)
3.0: (sync_actions a3)
4.0: (validate_payload t2 a5 t3)
5.0: (sync_actions a5)
6.0: (validate_payload t3 a10 t4)
7.0: (sync_actions a10)
8.0: (validate_payload t4 a12 t5)
9.0: (sync_actions a12)
10.0: (validate_payload t5 a11 t6)
11.0: (sync_actions a11)
12.0: (validate_payload t6 a6 t7)
13.0: (sync_actions a6)
14.0: (validate_payload t7 a8 t8)
15.0: (sync_actions a8)
16.0: (add_action a1)
17.0: (check_added_variables_model a1)
18.0: (move_in_model_move_automata a1)
19.0: (validate_payload t8 a2 t9)
20.0: (sync_actions a2)
21.0: (validate_payload t9 a0 t10)
22.0: (sync_actions a0)
23.0: (validate_payload t10 a9 t11)
24.0: (sync_actions a9)

Plan-Length:25
Metric (Search):2.0
Planning Time (msec): 651
Heuristic Time (msec): 12
Search Time (msec): 639
Expanded Nodes:1652
States Evaluated:4657
Number of Dead-Ends detected:0
Number of Duplicates detected:15
/usr/bin/time -v timeout 600 java -Xmx64g -jar ./enhsp3.jar -o ./domain_with_failure.pddl -f ./problems/BasePN-2And-del-1-d7/problem60.pddl -h blind -s WAStar
Domain parsed
Problem parsed
Grounding..
Grounding Time: 6230
UFX:true
|F|:21934
|X|:20
|A|:1252
|P|:0
|E|:0
h(I):0.0
f(n) = 1.0 (Expanded Nodes: 14, Evaluated States: 59, Time: 0.043) Frontier Size: 45
f(n) = 2.0 (Expanded Nodes: 149, Evaluated States: 547, Time: 0.169) Frontier Size: 398
Problem Solved

Found Plan:
0.0: (validate_payload t0 a7 t1)
1.0: (sync_actions a7)
2.0: (validate_payload t1 a3 t2)
3.0: (sync_actions a3)
4.0: (validate_payload t2 a10 t3)
5.0: (sync_actions a10)
6.0: (validate_payload t3 a4 t4)
7.0: (sync_actions a4)
8.0: (validate_payload t4 a12 t5)
9.0: (sync_actions a12)
10.0: (validate_payload t5 a11 t6)
11.0: (sync_actions a11)
12.0: (add_action a6)
13.0: (check_added_variables_model a6)
14.0: (move_in_model_move_automata a6)
15.0: (validate_payload t6 a8 t7)
16.0: (sync_actions a8)
17.0: (validate_payload t7 a1 t8)
18.0: (sync_actions a1)
19.0: (validate_payload t8 a2 t9)
20.0: (sync_actions a2)
21.0: (validate_payload t9 a0 t10)
22.0: (sync_actions a0)
23.0: (validate_payload t10 a9 t11)
24.0: (sync_actions a9)

Plan-Length:25
Metric (Search):2.0
Planning Time (msec): 393
Heuristic Time (msec): 5
Search Time (msec): 389
Expanded Nodes:796
States Evaluated:2505
Number of Dead-Ends detected:0
Number of Duplicates detected:9
/usr/bin/time -v timeout 600 java -Xmx64g -jar ./enhsp3.jar -o ./domain_with_failure.pddl -f ./problems/BasePN-2And-del-1-d7/problem61.pddl -h blind -s WAStar
Domain parsed
Problem parsed
Grounding..
Grounding Time: 6297
UFX:true
|F|:21934
|X|:20
|A|:1252
|P|:0
|E|:0
h(I):0.0
f(n) = 1.0 (Expanded Nodes: 2, Evaluated States: 8, Time: 0.022) Frontier Size: 6
f(n) = 2.0 (Expanded Nodes: 6, Evaluated States: 8, Time: 0.057) Frontier Size: 2
f(n) = 3.0 (Expanded Nodes: 18, Evaluated States: 41, Time: 0.077) Frontier Size: 23
Problem Solved

Found Plan:
0.0: (add_action a7)
1.0: (check_added_variables_model a7)
2.0: (move_in_model_move_automata a7)
3.0: (validate_payload t0 a10 t1)
4.0: (sync_actions a10)
5.0: (validate_payload t1 a3 t2)
6.0: (sync_actions a3)
7.0: (change_value a4 categorical c3)
8.0: (validate_payload t2 a4 t3)
9.0: (sync_actions a4)
10.0: (validate_payload t3 a6 t4)
11.0: (sync_actions a6)
12.0: (validate_payload t4 a12 t5)
13.0: (sync_actions a12)
14.0: (validate_payload t5 a11 t6)
15.0: (sync_actions a11)
16.0: (validate_payload t6 a8 t7)
17.0: (sync_actions a8)
18.0: (validate_payload t7 a0 t8)
19.0: (sync_actions a0)
20.0: (validate_payload t8 a1 t9)
21.0: (sync_actions a1)
22.0: (validate_payload t9 a2 t10)
23.0: (sync_actions a2)
24.0: (validate_payload t10 a9 t11)
25.0: (sync_actions a9)

Plan-Length:26
Metric (Search):3.0
Planning Time (msec): 126
Heuristic Time (msec): 5
Search Time (msec): 118
Expanded Nodes:67
States Evaluated:174
Number of Dead-Ends detected:0
Number of Duplicates detected:0
/usr/bin/time -v timeout 600 java -Xmx64g -jar ./enhsp3.jar -o ./domain_with_failure.pddl -f ./problems/BasePN-2And-del-1-d7/problem62.pddl -h blind -s WAStar
Domain parsed
Problem parsed
Grounding..
Grounding Time: 6410
UFX:true
|F|:21934
|X|:19
|A|:1252
|P|:0
|E|:0
h(I):0.0
f(n) = 1.0 (Expanded Nodes: 8, Evaluated States: 26, Time: 0.034) Frontier Size: 18
f(n) = 2.0 (Expanded Nodes: 43, Evaluated States: 103, Time: 0.101) Frontier Size: 60
Problem Solved

Found Plan:
0.0: (validate_payload t0 a7 t1)
1.0: (sync_actions a7)
2.0: (add_action a10)
3.0: (check_added_variables_model a10)
4.0: (move_in_model_move_automata a10)
5.0: (validate_payload t1 a3 t2)
6.0: (sync_actions a3)
7.0: (validate_payload t2 a12 t3)
8.0: (sync_actions a12)
9.0: (validate_payload t3 a11 t4)
10.0: (sync_actions a11)
11.0: (validate_payload t4 a4 t5)
12.0: (sync_actions a4)
13.0: (validate_payload t5 a6 t6)
14.0: (sync_actions a6)
15.0: (validate_payload t6 a8 t7)
16.0: (sync_actions a8)
17.0: (validate_payload t7 a0 t8)
18.0: (sync_actions a0)
19.0: (validate_payload t8 a1 t9)
20.0: (sync_actions a1)
21.0: (validate_payload t9 a2 t10)
22.0: (sync_actions a2)
23.0: (validate_payload t10 a9 t11)
24.0: (sync_actions a9)

Plan-Length:25
Metric (Search):2.0
Planning Time (msec): 172
Heuristic Time (msec): 4
Search Time (msec): 164
Expanded Nodes:117
States Evaluated:237
Number of Dead-Ends detected:0
Number of Duplicates detected:6
/usr/bin/time -v timeout 600 java -Xmx64g -jar ./enhsp3.jar -o ./domain_with_failure.pddl -f ./problems/BasePN-2And-del-1-d7/problem63.pddl -h blind -s WAStar
Domain parsed
Problem parsed
Grounding..
Grounding Time: 6579
UFX:true
|F|:21934
|X|:19
|A|:1252
|P|:0
|E|:0
h(I):0.0
f(n) = 1.0 (Expanded Nodes: 12, Evaluated States: 48, Time: 0.038) Frontier Size: 36
f(n) = 2.0 (Expanded Nodes: 113, Evaluated States: 382, Time: 0.145) Frontier Size: 269
Problem Solved

Found Plan:
0.0: (validate_payload t0 a7 t1)
1.0: (sync_actions a7)
2.0: (validate_payload t1 a10 t2)
3.0: (sync_actions a10)
4.0: (validate_payload t2 a3 t3)
5.0: (sync_actions a3)
6.0: (validate_payload t3 a12 t4)
7.0: (sync_actions a12)
8.0: (validate_payload t4 a11 t5)
9.0: (sync_actions a11)
10.0: (add_action a4)
11.0: (check_added_variables_model a4)
12.0: (move_in_model_move_automata a4)
13.0: (validate_payload t5 a6 t6)
14.0: (sync_actions a6)
15.0: (validate_payload t6 a8 t7)
16.0: (sync_actions a8)
17.0: (validate_payload t7 a1 t8)
18.0: (sync_actions a1)
19.0: (validate_payload t8 a0 t9)
20.0: (sync_actions a0)
21.0: (validate_payload t9 a2 t10)
22.0: (sync_actions a2)
23.0: (validate_payload t10 a9 t11)
24.0: (sync_actions a9)

Plan-Length:25
Metric (Search):2.0
Planning Time (msec): 309
Heuristic Time (msec): 13
Search Time (msec): 306
Expanded Nodes:451
States Evaluated:1313
Number of Dead-Ends detected:0
Number of Duplicates detected:11
/usr/bin/time -v timeout 600 java -Xmx64g -jar ./enhsp3.jar -o ./domain_with_failure.pddl -f ./problems/BasePN-2And-del-1-d7/problem64.pddl -h blind -s WAStar
Domain parsed
Problem parsed
Grounding..
Grounding Time: 6285
UFX:true
|F|:21934
|X|:21
|A|:1252
|P|:0
|E|:0
h(I):0.0
f(n) = 1.0 (Expanded Nodes: 12, Evaluated States: 43, Time: 0.042) Frontier Size: 31
f(n) = 2.0 (Expanded Nodes: 89, Evaluated States: 233, Time: 0.12) Frontier Size: 144
Problem Solved

Found Plan:
0.0: (validate_payload t0 a7 t1)
1.0: (sync_actions a7)
2.0: (validate_payload t1 a3 t2)
3.0: (sync_actions a3)
4.0: (validate_payload t2 a4 t3)
5.0: (sync_actions a4)
6.0: (validate_payload t3 a6 t4)
7.0: (sync_actions a6)
8.0: (add_action a10)
9.0: (check_added_variables_model a10)
10.0: (move_in_model_move_automata a10)
11.0: (validate_payload t4 a12 t5)
12.0: (sync_actions a12)
13.0: (validate_payload t5 a11 t6)
14.0: (sync_actions a11)
15.0: (validate_payload t6 a8 t7)
16.0: (sync_actions a8)
17.0: (validate_payload t7 a0 t8)
18.0: (sync_actions a0)
19.0: (validate_payload t8 a1 t9)
20.0: (sync_actions a1)
21.0: (validate_payload t9 a2 t10)
22.0: (sync_actions a2)
23.0: (validate_payload t10 a9 t11)
24.0: (sync_actions a9)

Plan-Length:25
Metric (Search):2.0
Planning Time (msec): 235
Heuristic Time (msec): 9
Search Time (msec): 232
Expanded Nodes:291
States Evaluated:632
Number of Dead-Ends detected:0
Number of Duplicates detected:6
/usr/bin/time -v timeout 600 java -Xmx64g -jar ./enhsp3.jar -o ./domain_with_failure.pddl -f ./problems/BasePN-2And-del-1-d7/problem65.pddl -h blind -s WAStar
Domain parsed
Problem parsed
Grounding..
Grounding Time: 6345
UFX:true
|F|:21934
|X|:17
|A|:1252
|P|:0
|E|:0
h(I):0.0
f(n) = 1.0 (Expanded Nodes: 10, Evaluated States: 32, Time: 0.034) Frontier Size: 22
f(n) = 2.0 (Expanded Nodes: 49, Evaluated States: 119, Time: 0.092) Frontier Size: 70
Problem Solved

Found Plan:
0.0: (validate_payload t0 a7 t1)
1.0: (sync_actions a7)
2.0: (validate_payload t1 a3 t2)
3.0: (sync_actions a3)
4.0: (validate_payload t2 a5 t3)
5.0: (sync_actions a5)
6.0: (add_action a10)
7.0: (check_added_variables_model a10)
8.0: (move_in_model_move_automata a10)
9.0: (validate_payload t3 a12 t4)
10.0: (sync_actions a12)
11.0: (validate_payload t4 a11 t5)
12.0: (sync_actions a11)
13.0: (validate_payload t5 a6 t6)
14.0: (sync_actions a6)
15.0: (validate_payload t6 a8 t7)
16.0: (sync_actions a8)
17.0: (validate_payload t7 a1 t8)
18.0: (sync_actions a1)
19.0: (validate_payload t8 a2 t9)
20.0: (sync_actions a2)
21.0: (validate_payload t9 a0 t10)
22.0: (sync_actions a0)
23.0: (validate_payload t10 a9 t11)
24.0: (sync_actions a9)

Plan-Length:25
Metric (Search):2.0
Planning Time (msec): 166
Heuristic Time (msec): 8
Search Time (msec): 163
Expanded Nodes:137
States Evaluated:276
Number of Dead-Ends detected:0
Number of Duplicates detected:8
/usr/bin/time -v timeout 600 java -Xmx64g -jar ./enhsp3.jar -o ./domain_with_failure.pddl -f ./problems/BasePN-2And-del-1-d7/problem66.pddl -h blind -s WAStar
Domain parsed
Problem parsed
Grounding..
Grounding Time: 6336
UFX:true
|F|:21934
|X|:15
|A|:1252
|P|:0
|E|:0
h(I):0.0
f(n) = 1.0 (Expanded Nodes: 14, Evaluated States: 44, Time: 0.035) Frontier Size: 30
f(n) = 2.0 (Expanded Nodes: 75, Evaluated States: 199, Time: 0.104) Frontier Size: 124
Problem Solved

Found Plan:
0.0: (validate_payload t0 a7 t1)
1.0: (sync_actions a7)
2.0: (validate_payload t1 a3 t2)
3.0: (sync_actions a3)
4.0: (validate_payload t2 a10 t3)
5.0: (sync_actions a10)
6.0: (validate_payload t3 a5 t4)
7.0: (sync_actions a5)
8.0: (validate_payload t4 a12 t5)
9.0: (sync_actions a12)
10.0: (add_action a11)
11.0: (check_added_variables_model a11)
12.0: (move_in_model_move_automata a11)
13.0: (validate_payload t5 a6 t6)
14.0: (sync_actions a6)
15.0: (validate_payload t6 a8 t7)
16.0: (sync_actions a8)
17.0: (validate_payload t7 a0 t8)
18.0: (sync_actions a0)
19.0: (validate_payload t8 a1 t9)
20.0: (sync_actions a1)
21.0: (validate_payload t9 a2 t10)
22.0: (sync_actions a2)
23.0: (validate_payload t10 a9 t11)
24.0: (sync_actions a9)

Plan-Length:25
Metric (Search):2.0
Planning Time (msec): 198
Heuristic Time (msec): 8
Search Time (msec): 190
Expanded Nodes:198
States Evaluated:449
Number of Dead-Ends detected:0
Number of Duplicates detected:13
/usr/bin/time -v timeout 600 java -Xmx64g -jar ./enhsp3.jar -o ./domain_with_failure.pddl -f ./problems/BasePN-2And-del-1-d7/problem67.pddl -h blind -s WAStar
Domain parsed
Problem parsed
Grounding..
Grounding Time: 6532
UFX:true
|F|:21934
|X|:20
|A|:1252
|P|:0
|E|:0
h(I):0.0
f(n) = 2.0 (Expanded Nodes: 2, Evaluated States: 4, Time: 0.018) Frontier Size: 2
Problem Solved

Found Plan:
0.0: (add_action a7)
1.0: (check_added_variables_model a7)
2.0: (move_in_model_move_automata a7)
3.0: (validate_payload t0 a3 t1)
4.0: (sync_actions a3)
5.0: (validate_payload t1 a10 t2)
6.0: (sync_actions a10)
7.0: (validate_payload t2 a4 t3)
8.0: (sync_actions a4)
9.0: (validate_payload t3 a6 t4)
10.0: (sync_actions a6)
11.0: (validate_payload t4 a12 t5)
12.0: (sync_actions a12)
13.0: (validate_payload t5 a11 t6)
14.0: (sync_actions a11)
15.0: (validate_payload t6 a8 t7)
16.0: (sync_actions a8)
17.0: (validate_payload t7 a0 t8)
18.0: (sync_actions a0)
19.0: (validate_payload t8 a1 t9)
20.0: (sync_actions a1)
21.0: (validate_payload t9 a2 t10)
22.0: (sync_actions a2)
23.0: (validate_payload t10 a9 t11)
24.0: (sync_actions a9)

Plan-Length:25
Metric (Search):2.0
Planning Time (msec): 105
Heuristic Time (msec): 7
Search Time (msec): 101
Expanded Nodes:29
States Evaluated:104
Number of Dead-Ends detected:0
Number of Duplicates detected:0
/usr/bin/time -v timeout 600 java -Xmx64g -jar ./enhsp3.jar -o ./domain_with_failure.pddl -f ./problems/BasePN-2And-del-1-d7/problem68.pddl -h blind -s WAStar
Domain parsed
Problem parsed
Grounding..
Grounding Time: 6297
UFX:true
|F|:21934
|X|:19
|A|:1252
|P|:0
|E|:0
h(I):0.0
f(n) = 1.0 (Expanded Nodes: 14, Evaluated States: 59, Time: 0.044) Frontier Size: 45
f(n) = 2.0 (Expanded Nodes: 160, Evaluated States: 564, Time: 0.171) Frontier Size: 404
Problem Solved

Found Plan:
0.0: (validate_payload t0 a7 t1)
1.0: (sync_actions a7)
2.0: (validate_payload t1 a10 t2)
3.0: (sync_actions a10)
4.0: (validate_payload t2 a12 t3)
5.0: (sync_actions a12)
6.0: (validate_payload t3 a11 t4)
7.0: (sync_actions a11)
8.0: (validate_payload t4 a3 t5)
9.0: (sync_actions a3)
10.0: (validate_payload t5 a4 t6)
11.0: (sync_actions a4)
12.0: (add_action a6)
13.0: (check_added_variables_model a6)
14.0: (move_in_model_move_automata a6)
15.0: (validate_payload t6 a8 t7)
16.0: (sync_actions a8)
17.0: (validate_payload t7 a1 t8)
18.0: (sync_actions a1)
19.0: (validate_payload t8 a0 t9)
20.0: (sync_actions a0)
21.0: (validate_payload t9 a2 t10)
22.0: (sync_actions a2)
23.0: (validate_payload t10 a9 t11)
24.0: (sync_actions a9)

Plan-Length:25
Metric (Search):2.0
Planning Time (msec): 289
Heuristic Time (msec): 3
Search Time (msec): 283
Expanded Nodes:362
States Evaluated:1084
Number of Dead-Ends detected:0
Number of Duplicates detected:0
/usr/bin/time -v timeout 600 java -Xmx64g -jar ./enhsp3.jar -o ./domain_with_failure.pddl -f ./problems/BasePN-2And-del-1-d7/problem69.pddl -h blind -s WAStar
Domain parsed
Problem parsed
Grounding..
Grounding Time: 6206
UFX:true
|F|:21934
|X|:21
|A|:1252
|P|:0
|E|:0
h(I):0.0
f(n) = 1.0 (Expanded Nodes: 14, Evaluated States: 60, Time: 0.04) Frontier Size: 46
f(n) = 2.0 (Expanded Nodes: 154, Evaluated States: 553, Time: 0.155) Frontier Size: 399
Problem Solved

Found Plan:
0.0: (validate_payload t0 a7 t1)
1.0: (sync_actions a7)
2.0: (validate_payload t1 a10 t2)
3.0: (sync_actions a10)
4.0: (validate_payload t2 a12 t3)
5.0: (sync_actions a12)
6.0: (validate_payload t3 a3 t4)
7.0: (sync_actions a3)
8.0: (validate_payload t4 a4 t5)
9.0: (sync_actions a4)
10.0: (validate_payload t5 a6 t6)
11.0: (sync_actions a6)
12.0: (add_action a11)
13.0: (check_added_variables_model a11)
14.0: (move_in_model_move_automata a11)
15.0: (validate_payload t6 a8 t7)
16.0: (sync_actions a8)
17.0: (validate_payload t7 a1 t8)
18.0: (sync_actions a1)
19.0: (validate_payload t8 a2 t9)
20.0: (sync_actions a2)
21.0: (validate_payload t9 a0 t10)
22.0: (sync_actions a0)
23.0: (validate_payload t10 a9 t11)
24.0: (sync_actions a9)

Plan-Length:25
Metric (Search):2.0
Planning Time (msec): 258
Heuristic Time (msec): 2
Search Time (msec): 251
Expanded Nodes:334
States Evaluated:923
Number of Dead-Ends detected:0
Number of Duplicates detected:0
/usr/bin/time -v timeout 600 java -Xmx64g -jar ./enhsp3.jar -o ./domain_with_failure.pddl -f ./problems/BasePN-2And-del-1-d7/problem70.pddl -h blind -s WAStar
Domain parsed
Problem parsed
Grounding..
Grounding Time: 6377
UFX:true
|F|:21934
|X|:20
|A|:1252
|P|:0
|E|:0
h(I):0.0
f(n) = 1.0 (Expanded Nodes: 10, Evaluated States: 36, Time: 0.031) Frontier Size: 26
f(n) = 2.0 (Expanded Nodes: 87, Evaluated States: 252, Time: 0.117) Frontier Size: 165
f(n) = 3.0 (Expanded Nodes: 399, Evaluated States: 1085, Time: 0.259) Frontier Size: 686
Problem Solved

Found Plan:
0.0: (validate_payload t0 a7 t1)
1.0: (sync_actions a7)
2.0: (validate_payload t1 a10 t2)
3.0: (sync_actions a10)
4.0: (validate_payload t2 a3 t3)
5.0: (sync_actions a3)
6.0: (change_value a4 categorical c3)
7.0: (validate_payload t3 a4 t4)
8.0: (sync_actions a4)
9.0: (validate_payload t4 a6 t5)
10.0: (sync_actions a6)
11.0: (validate_payload t5 a12 t6)
12.0: (sync_actions a12)
13.0: (add_action a11)
14.0: (check_added_variables_model a11)
15.0: (move_in_model_move_automata a11)
16.0: (validate_payload t6 a8 t7)
17.0: (sync_actions a8)
18.0: (validate_payload t7 a0 t8)
19.0: (sync_actions a0)
20.0: (validate_payload t8 a1 t9)
21.0: (sync_actions a1)
22.0: (validate_payload t9 a2 t10)
23.0: (sync_actions a2)
24.0: (validate_payload t10 a9 t11)
25.0: (sync_actions a9)

Plan-Length:26
Metric (Search):3.0
Planning Time (msec): 381
Heuristic Time (msec): 2
Search Time (msec): 374
Expanded Nodes:901
States Evaluated:2215
Number of Dead-Ends detected:0
Number of Duplicates detected:14
/usr/bin/time -v timeout 600 java -Xmx64g -jar ./enhsp3.jar -o ./domain_with_failure.pddl -f ./problems/BasePN-2And-del-1-d7/problem71.pddl -h blind -s WAStar
Domain parsed
Problem parsed
Grounding..
Grounding Time: 6320
UFX:true
|F|:21934
|X|:17
|A|:1252
|P|:0
|E|:0
h(I):0.0
f(n) = 1.0 (Expanded Nodes: 14, Evaluated States: 48, Time: 0.045) Frontier Size: 34
f(n) = 2.0 (Expanded Nodes: 61, Evaluated States: 180, Time: 0.113) Frontier Size: 119
Problem Solved

Found Plan:
0.0: (validate_payload t0 a7 t1)
1.0: (sync_actions a7)
2.0: (validate_payload t1 a10 t2)
3.0: (sync_actions a10)
4.0: (validate_payload t2 a3 t3)
5.0: (sync_actions a3)
6.0: (validate_payload t3 a4 t4)
7.0: (sync_actions a4)
8.0: (add_action a6)
9.0: (check_added_variables_model a6)
10.0: (move_in_model_move_automata a6)
11.0: (validate_payload t4 a12 t5)
12.0: (sync_actions a12)
13.0: (validate_payload t5 a11 t6)
14.0: (sync_actions a11)
15.0: (validate_payload t6 a8 t7)
16.0: (sync_actions a8)
17.0: (validate_payload t7 a1 t8)
18.0: (sync_actions a1)
19.0: (validate_payload t8 a2 t9)
20.0: (sync_actions a2)
21.0: (validate_payload t9 a0 t10)
22.0: (sync_actions a0)
23.0: (validate_payload t10 a9 t11)
24.0: (sync_actions a9)

Plan-Length:25
Metric (Search):2.0
Planning Time (msec): 237
Heuristic Time (msec): 6
Search Time (msec): 235
Expanded Nodes:244
States Evaluated:611
Number of Dead-Ends detected:0
Number of Duplicates detected:12
/usr/bin/time -v timeout 600 java -Xmx64g -jar ./enhsp3.jar -o ./domain_with_failure.pddl -f ./problems/BasePN-2And-del-1-d7/problem72.pddl -h blind -s WAStar
Domain parsed
Problem parsed
Grounding..
Grounding Time: 6327
UFX:true
|F|:21934
|X|:20
|A|:1252
|P|:0
|E|:0
h(I):0.0
f(n) = 1.0 (Expanded Nodes: 24, Evaluated States: 86, Time: 0.056) Frontier Size: 62
f(n) = 2.0 (Expanded Nodes: 319, Evaluated States: 944, Time: 0.206) Frontier Size: 625
Problem Solved

Found Plan:
0.0: (validate_payload t0 a7 t1)
1.0: (sync_actions a7)
2.0: (validate_payload t1 a3 t2)
3.0: (sync_actions a3)
4.0: (validate_payload t2 a4 t3)
5.0: (sync_actions a4)
6.0: (validate_payload t3 a6 t4)
7.0: (sync_actions a6)
8.0: (validate_payload t4 a10 t5)
9.0: (sync_actions a10)
10.0: (validate_payload t5 a12 t6)
11.0: (sync_actions a12)
12.0: (validate_payload t6 a11 t7)
13.0: (sync_actions a11)
14.0: (validate_payload t7 a8 t8)
15.0: (sync_actions a8)
16.0: (validate_payload t8 a1 t9)
17.0: (sync_actions a1)
18.0: (validate_payload t9 a0 t10)
19.0: (sync_actions a0)
20.0: (validate_payload t10 a2 t11)
21.0: (sync_actions a2)
22.0: (add_action a9)
23.0: (check_added_variables_model a9)
24.0: (move_in_model_move_automata a9)

Plan-Length:25
Metric (Search):2.0
Planning Time (msec): 358
Heuristic Time (msec): 6
Search Time (msec): 351
Expanded Nodes:893
States Evaluated:2236
Number of Dead-Ends detected:0
Number of Duplicates detected:7
/usr/bin/time -v timeout 600 java -Xmx64g -jar ./enhsp3.jar -o ./domain_with_failure.pddl -f ./problems/BasePN-2And-del-1-d7/problem73.pddl -h blind -s WAStar
Domain parsed
Problem parsed
Grounding..
Grounding Time: 6531
UFX:true
|F|:21934
|X|:18
|A|:1252
|P|:0
|E|:0
h(I):0.0
f(n) = 1.0 (Expanded Nodes: 8, Evaluated States: 29, Time: 0.031) Frontier Size: 21
f(n) = 2.0 (Expanded Nodes: 54, Evaluated States: 152, Time: 0.099) Frontier Size: 98
Problem Solved

Found Plan:
0.0: (validate_payload t0 a7 t1)
1.0: (sync_actions a7)
2.0: (validate_payload t1 a10 t2)
3.0: (sync_actions a10)
4.0: (validate_payload t2 a3 t3)
5.0: (sync_actions a3)
6.0: (add_action a4)
7.0: (check_added_variables_model a4)
8.0: (move_in_model_move_automata a4)
9.0: (validate_payload t3 a6 t4)
10.0: (sync_actions a6)
11.0: (validate_payload t4 a12 t5)
12.0: (sync_actions a12)
13.0: (validate_payload t5 a11 t6)
14.0: (sync_actions a11)
15.0: (validate_payload t6 a8 t7)
16.0: (sync_actions a8)
17.0: (validate_payload t7 a1 t8)
18.0: (sync_actions a1)
19.0: (validate_payload t8 a2 t9)
20.0: (sync_actions a2)
21.0: (validate_payload t9 a0 t10)
22.0: (sync_actions a0)
23.0: (validate_payload t10 a9 t11)
24.0: (sync_actions a9)

Plan-Length:25
Metric (Search):2.0
Planning Time (msec): 172
Heuristic Time (msec): 5
Search Time (msec): 169
Expanded Nodes:131
States Evaluated:330
Number of Dead-Ends detected:0
Number of Duplicates detected:4
/usr/bin/time -v timeout 600 java -Xmx64g -jar ./enhsp3.jar -o ./domain_with_failure.pddl -f ./problems/BasePN-2And-del-1-d7/problem74.pddl -h blind -s WAStar
Domain parsed
Problem parsed
Grounding..
Grounding Time: 6120
UFX:true
|F|:21934
|X|:20
|A|:1252
|P|:0
|E|:0
h(I):0.0
f(n) = 1.0 (Expanded Nodes: 10, Evaluated States: 36, Time: 0.03) Frontier Size: 26
f(n) = 2.0 (Expanded Nodes: 103, Evaluated States: 306, Time: 0.137) Frontier Size: 203
f(n) = 3.0 (Expanded Nodes: 763, Evaluated States: 2219, Time: 0.474) Frontier Size: 1456
Problem Solved

Found Plan:
0.0: (validate_payload t0 a7 t1)
1.0: (sync_actions a7)
2.0: (validate_payload t1 a10 t2)
3.0: (sync_actions a10)
4.0: (validate_payload t2 a3 t3)
5.0: (sync_actions a3)
6.0: (change_value a4 categorical c2)
7.0: (validate_payload t3 a4 t4)
8.0: (sync_actions a4)
9.0: (validate_payload t4 a12 t5)
10.0: (sync_actions a12)
11.0: (validate_payload t5 a11 t6)
12.0: (sync_actions a11)
13.0: (validate_payload t6 a6 t7)
14.0: (sync_actions a6)
15.0: (validate_payload t7 a8 t8)
16.0: (sync_actions a8)
17.0: (validate_payload t8 a0 t9)
18.0: (sync_actions a0)
19.0: (validate_payload t9 a1 t10)
20.0: (sync_actions a1)
21.0: (add_action a2)
22.0: (check_added_variables_model a2)
23.0: (move_in_model_move_automata a2)
24.0: (validate_payload t10 a9 t11)
25.0: (sync_actions a9)

Plan-Length:26
Metric (Search):3.0
Planning Time (msec): 721
Heuristic Time (msec): 7
Search Time (msec): 716
Expanded Nodes:2131
States Evaluated:5677
Number of Dead-Ends detected:0
Number of Duplicates detected:18
/usr/bin/time -v timeout 600 java -Xmx64g -jar ./enhsp3.jar -o ./domain_with_failure.pddl -f ./problems/BasePN-2And-del-1-d7/problem75.pddl -h blind -s WAStar
Domain parsed
Problem parsed
Grounding..
Grounding Time: 6356
UFX:true
|F|:21934
|X|:20
|A|:1252
|P|:0
|E|:0
h(I):0.0
f(n) = 1.0 (Expanded Nodes: 24, Evaluated States: 82, Time: 0.054) Frontier Size: 58
f(n) = 2.0 (Expanded Nodes: 387, Evaluated States: 1127, Time: 0.25) Frontier Size: 740
Problem Solved

Found Plan:
0.0: (validate_payload t0 a7 t1)
1.0: (sync_actions a7)
2.0: (validate_payload t1 a10 t2)
3.0: (sync_actions a10)
4.0: (validate_payload t2 a3 t3)
5.0: (sync_actions a3)
6.0: (validate_payload t3 a4 t4)
7.0: (sync_actions a4)
8.0: (validate_payload t4 a6 t5)
9.0: (sync_actions a6)
10.0: (validate_payload t5 a12 t6)
11.0: (sync_actions a12)
12.0: (validate_payload t6 a11 t7)
13.0: (sync_actions a11)
14.0: (validate_payload t7 a8 t8)
15.0: (sync_actions a8)
16.0: (validate_payload t8 a1 t9)
17.0: (sync_actions a1)
18.0: (validate_payload t9 a0 t10)
19.0: (sync_actions a0)
20.0: (validate_payload t10 a2 t11)
21.0: (sync_actions a2)
22.0: (add_action a9)
23.0: (check_added_variables_model a9)
24.0: (move_in_model_move_automata a9)

Plan-Length:25
Metric (Search):2.0
Planning Time (msec): 275
Heuristic Time (msec): 7
Search Time (msec): 273
Expanded Nodes:424
States Evaluated:1225
Number of Dead-Ends detected:0
Number of Duplicates detected:0
/usr/bin/time -v timeout 600 java -Xmx64g -jar ./enhsp3.jar -o ./domain_with_failure.pddl -f ./problems/BasePN-2And-del-1-d7/problem76.pddl -h blind -s WAStar
Domain parsed
Problem parsed
Grounding..
Grounding Time: 6689
UFX:true
|F|:21934
|X|:19
|A|:1252
|P|:0
|E|:0
h(I):0.0
f(n) = 2.0 (Expanded Nodes: 2, Evaluated States: 4, Time: 0.021) Frontier Size: 2
Problem Solved

Found Plan:
0.0: (add_action a7)
1.0: (check_added_variables_model a7)
2.0: (move_in_model_move_automata a7)
3.0: (validate_payload t0 a3 t1)
4.0: (sync_actions a3)
5.0: (validate_payload t1 a4 t2)
6.0: (sync_actions a4)
7.0: (validate_payload t2 a10 t3)
8.0: (sync_actions a10)
9.0: (validate_payload t3 a12 t4)
10.0: (sync_actions a12)
11.0: (validate_payload t4 a11 t5)
12.0: (sync_actions a11)
13.0: (validate_payload t5 a6 t6)
14.0: (sync_actions a6)
15.0: (validate_payload t6 a8 t7)
16.0: (sync_actions a8)
17.0: (validate_payload t7 a1 t8)
18.0: (sync_actions a1)
19.0: (validate_payload t8 a2 t9)
20.0: (sync_actions a2)
21.0: (validate_payload t9 a0 t10)
22.0: (sync_actions a0)
23.0: (validate_payload t10 a9 t11)
24.0: (sync_actions a9)

Plan-Length:25
Metric (Search):2.0
Planning Time (msec): 106
Heuristic Time (msec): 7
Search Time (msec): 105
Expanded Nodes:29
States Evaluated:93
Number of Dead-Ends detected:0
Number of Duplicates detected:0
/usr/bin/time -v timeout 600 java -Xmx64g -jar ./enhsp3.jar -o ./domain_with_failure.pddl -f ./problems/BasePN-2And-del-1-d7/problem77.pddl -h blind -s WAStar
Domain parsed
Problem parsed
Grounding..
Grounding Time: 6316
UFX:true
|F|:21934
|X|:20
|A|:1252
|P|:0
|E|:0
h(I):0.0
f(n) = 2.0 (Expanded Nodes: 2, Evaluated States: 4, Time: 0.025) Frontier Size: 2
Problem Solved

Found Plan:
0.0: (add_action a7)
1.0: (check_added_variables_model a7)
2.0: (move_in_model_move_automata a7)
3.0: (validate_payload t0 a3 t1)
4.0: (sync_actions a3)
5.0: (validate_payload t1 a10 t2)
6.0: (sync_actions a10)
7.0: (validate_payload t2 a4 t3)
8.0: (sync_actions a4)
9.0: (validate_payload t3 a6 t4)
10.0: (sync_actions a6)
11.0: (validate_payload t4 a12 t5)
12.0: (sync_actions a12)
13.0: (validate_payload t5 a11 t6)
14.0: (sync_actions a11)
15.0: (validate_payload t6 a8 t7)
16.0: (sync_actions a8)
17.0: (validate_payload t7 a1 t8)
18.0: (sync_actions a1)
19.0: (validate_payload t8 a2 t9)
20.0: (sync_actions a2)
21.0: (validate_payload t9 a0 t10)
22.0: (sync_actions a0)
23.0: (validate_payload t10 a9 t11)
24.0: (sync_actions a9)

Plan-Length:25
Metric (Search):2.0
Planning Time (msec): 103
Heuristic Time (msec): 12
Search Time (msec): 100
Expanded Nodes:29
States Evaluated:86
Number of Dead-Ends detected:0
Number of Duplicates detected:0
/usr/bin/time -v timeout 600 java -Xmx64g -jar ./enhsp3.jar -o ./domain_with_failure.pddl -f ./problems/BasePN-2And-del-1-d7/problem78.pddl -h blind -s WAStar
Domain parsed
Problem parsed
Grounding..
Grounding Time: 6120
UFX:true
|F|:21934
|X|:20
|A|:1252
|P|:0
|E|:0
h(I):0.0
f(n) = 1.0 (Expanded Nodes: 12, Evaluated States: 43, Time: 0.05) Frontier Size: 31
f(n) = 2.0 (Expanded Nodes: 95, Evaluated States: 242, Time: 0.136) Frontier Size: 147
Problem Solved

Found Plan:
0.0: (validate_payload t0 a7 t1)
1.0: (sync_actions a7)
2.0: (validate_payload t1 a3 t2)
3.0: (sync_actions a3)
4.0: (validate_payload t2 a4 t3)
5.0: (sync_actions a4)
6.0: (validate_payload t3 a6 t4)
7.0: (sync_actions a6)
8.0: (add_action a10)
9.0: (check_added_variables_model a10)
10.0: (move_in_model_move_automata a10)
11.0: (validate_payload t4 a12 t5)
12.0: (sync_actions a12)
13.0: (validate_payload t5 a11 t6)
14.0: (sync_actions a11)
15.0: (validate_payload t6 a8 t7)
16.0: (sync_actions a8)
17.0: (validate_payload t7 a1 t8)
18.0: (sync_actions a1)
19.0: (validate_payload t8 a0 t9)
20.0: (sync_actions a0)
21.0: (validate_payload t9 a2 t10)
22.0: (sync_actions a2)
23.0: (validate_payload t10 a9 t11)
24.0: (sync_actions a9)

Plan-Length:25
Metric (Search):2.0
Planning Time (msec): 251
Heuristic Time (msec): 13
Search Time (msec): 249
Expanded Nodes:279
States Evaluated:567
Number of Dead-Ends detected:0
Number of Duplicates detected:5
/usr/bin/time -v timeout 600 java -Xmx64g -jar ./enhsp3.jar -o ./domain_with_failure.pddl -f ./problems/BasePN-2And-del-1-d7/problem79.pddl -h blind -s WAStar
Domain parsed
Problem parsed
Grounding..
Grounding Time: 5842
UFX:true
|F|:21934
|X|:18
|A|:1252
|P|:0
|E|:0
h(I):0.0
f(n) = 1.0 (Expanded Nodes: 12, Evaluated States: 46, Time: 0.04) Frontier Size: 34
f(n) = 2.0 (Expanded Nodes: 90, Evaluated States: 276, Time: 0.127) Frontier Size: 186
f(n) = 3.0 (Expanded Nodes: 310, Evaluated States: 805, Time: 0.228) Frontier Size: 495
Problem Solved

Found Plan:
0.0: (validate_payload t0 a7 t1)
1.0: (sync_actions a7)
2.0: (validate_payload t1 a10 t2)
3.0: (sync_actions a10)
4.0: (validate_payload t2 a3 t3)
5.0: (sync_actions a3)
6.0: (validate_payload t3 a4 t4)
7.0: (sync_actions a4)
8.0: (validate_payload t4 a6 t5)
9.0: (sync_actions a6)
10.0: (add_action a12)
11.0: (move_in_model_parameter a12 sDEC1_1 categorical c2)
12.0: (check_added_variables_model a12)
13.0: (move_in_model_move_automata a12)
14.0: (validate_payload t5 a11 t6)
15.0: (sync_actions a11)
16.0: (validate_payload t6 a8 t7)
17.0: (sync_actions a8)
18.0: (validate_payload t7 a1 t8)
19.0: (sync_actions a1)
20.0: (validate_payload t8 a2 t9)
21.0: (sync_actions a2)
22.0: (validate_payload t9 a0 t10)
23.0: (sync_actions a0)
24.0: (validate_payload t10 a9 t11)
25.0: (sync_actions a9)

Plan-Length:26
Metric (Search):3.0
Planning Time (msec): 389
Heuristic Time (msec): 2
Search Time (msec): 382
Expanded Nodes:946
States Evaluated:2248
Number of Dead-Ends detected:0
Number of Duplicates detected:66
/usr/bin/time -v timeout 600 java -Xmx64g -jar ./enhsp3.jar -o ./domain_with_failure.pddl -f ./problems/BasePN-2And-del-1-d7/problem80.pddl -h blind -s WAStar
Domain parsed
Problem parsed
Grounding..
Grounding Time: 6256
UFX:true
|F|:21934
|X|:18
|A|:1252
|P|:0
|E|:0
h(I):0.0
f(n) = 1.0 (Expanded Nodes: 6, Evaluated States: 27, Time: 0.036) Frontier Size: 21
f(n) = 2.0 (Expanded Nodes: 41, Evaluated States: 130, Time: 0.095) Frontier Size: 89
Problem Solved

Found Plan:
0.0: (validate_payload t0 a7 t1)
1.0: (sync_actions a7)
2.0: (validate_payload t1 a10 t2)
3.0: (sync_actions a10)
4.0: (add_action a3)
5.0: (check_added_variables_model a3)
6.0: (move_in_model_move_automata a3)
7.0: (validate_payload t2 a4 t3)
8.0: (sync_actions a4)
9.0: (validate_payload t3 a6 t4)
10.0: (sync_actions a6)
11.0: (validate_payload t4 a12 t5)
12.0: (sync_actions a12)
13.0: (validate_payload t5 a11 t6)
14.0: (sync_actions a11)
15.0: (validate_payload t6 a8 t7)
16.0: (sync_actions a8)
17.0: (validate_payload t7 a0 t8)
18.0: (sync_actions a0)
19.0: (validate_payload t8 a1 t9)
20.0: (sync_actions a1)
21.0: (validate_payload t9 a2 t10)
22.0: (sync_actions a2)
23.0: (validate_payload t10 a9 t11)
24.0: (sync_actions a9)

Plan-Length:25
Metric (Search):2.0
Planning Time (msec): 177
Heuristic Time (msec): 9
Search Time (msec): 171
Expanded Nodes:152
States Evaluated:375
Number of Dead-Ends detected:0
Number of Duplicates detected:2
/usr/bin/time -v timeout 600 java -Xmx64g -jar ./enhsp3.jar -o ./domain_with_failure.pddl -f ./problems/BasePN-2And-del-1-d7/problem81.pddl -h blind -s WAStar
Domain parsed
Problem parsed
Grounding..
Grounding Time: 6363
UFX:true
|F|:21934
|X|:18
|A|:1252
|P|:0
|E|:0
h(I):0.0
f(n) = 1.0 (Expanded Nodes: 22, Evaluated States: 69, Time: 0.05) Frontier Size: 47
f(n) = 2.0 (Expanded Nodes: 235, Evaluated States: 658, Time: 0.208) Frontier Size: 423
f(n) = 3.0 (Expanded Nodes: 1183, Evaluated States: 3119, Time: 0.547) Frontier Size: 1936
Problem Solved

Found Plan:
0.0: (validate_payload t0 a7 t1)
1.0: (sync_actions a7)
2.0: (validate_payload t1 a10 t2)
3.0: (sync_actions a10)
4.0: (validate_payload t2 a3 t3)
5.0: (sync_actions a3)
6.0: (validate_payload t3 a5 t4)
7.0: (sync_actions a5)
8.0: (validate_payload t4 a6 t5)
9.0: (sync_actions a6)
10.0: (validate_payload t5 a12 t6)
11.0: (sync_actions a12)
12.0: (validate_payload t6 a11 t7)
13.0: (sync_actions a11)
14.0: (validate_payload t7 a8 t8)
15.0: (sync_actions a8)
16.0: (validate_payload t8 a0 t9)
17.0: (sync_actions a0)
18.0: (validate_payload t9 a1 t10)
19.0: (sync_actions a1)
20.0: (add_action a2)
21.0: (move_in_model_parameter a2 sDEC6_2 integer v15)
22.0: (check_added_variables_model a2)
23.0: (move_in_model_move_automata a2)
24.0: (validate_payload t10 a9 t11)
25.0: (sync_actions a9)

Plan-Length:26
Metric (Search):3.0
Planning Time (msec): 682
Heuristic Time (msec): 5
Search Time (msec): 671
Expanded Nodes:1966
States Evaluated:4942
Number of Dead-Ends detected:0
Number of Duplicates detected:49
/usr/bin/time -v timeout 600 java -Xmx64g -jar ./enhsp3.jar -o ./domain_with_failure.pddl -f ./problems/BasePN-2And-del-1-d7/problem82.pddl -h blind -s WAStar
Domain parsed
Problem parsed
Grounding..
Grounding Time: 6335
UFX:true
|F|:21934
|X|:19
|A|:1252
|P|:0
|E|:0
h(I):0.0
f(n) = 1.0 (Expanded Nodes: 22, Evaluated States: 91, Time: 0.052) Frontier Size: 69
f(n) = 2.0 (Expanded Nodes: 324, Evaluated States: 1161, Time: 0.245) Frontier Size: 837
Problem Solved

Found Plan:
0.0: (validate_payload t0 a7 t1)
1.0: (sync_actions a7)
2.0: (validate_payload t1 a3 t2)
3.0: (sync_actions a3)
4.0: (validate_payload t2 a10 t3)
5.0: (sync_actions a10)
6.0: (validate_payload t3 a12 t4)
7.0: (sync_actions a12)
8.0: (validate_payload t4 a11 t5)
9.0: (sync_actions a11)
10.0: (validate_payload t5 a5 t6)
11.0: (sync_actions a5)
12.0: (validate_payload t6 a6 t7)
13.0: (sync_actions a6)
14.0: (validate_payload t7 a8 t8)
15.0: (sync_actions a8)
16.0: (validate_payload t8 a1 t9)
17.0: (sync_actions a1)
18.0: (validate_payload t9 a2 t10)
19.0: (sync_actions a2)
20.0: (add_action a0)
21.0: (check_added_variables_model a0)
22.0: (move_in_model_move_automata a0)
23.0: (validate_payload t10 a9 t11)
24.0: (sync_actions a9)

Plan-Length:25
Metric (Search):2.0
Planning Time (msec): 542
Heuristic Time (msec): 9
Search Time (msec): 539
Expanded Nodes:1563
States Evaluated:4886
Number of Dead-Ends detected:0
Number of Duplicates detected:10
/usr/bin/time -v timeout 600 java -Xmx64g -jar ./enhsp3.jar -o ./domain_with_failure.pddl -f ./problems/BasePN-2And-del-1-d7/problem83.pddl -h blind -s WAStar
Domain parsed
Problem parsed
Grounding..
Grounding Time: 6154
UFX:true
|F|:21934
|X|:20
|A|:1252
|P|:0
|E|:0
h(I):0.0
f(n) = 1.0 (Expanded Nodes: 24, Evaluated States: 77, Time: 0.057) Frontier Size: 53
f(n) = 2.0 (Expanded Nodes: 343, Evaluated States: 946, Time: 0.228) Frontier Size: 603
Problem Solved

Found Plan:
0.0: (validate_payload t0 a7 t1)
1.0: (sync_actions a7)
2.0: (validate_payload t1 a10 t2)
3.0: (sync_actions a10)
4.0: (validate_payload t2 a3 t3)
5.0: (sync_actions a3)
6.0: (validate_payload t3 a4 t4)
7.0: (sync_actions a4)
8.0: (validate_payload t4 a12 t5)
9.0: (sync_actions a12)
10.0: (validate_payload t5 a11 t6)
11.0: (sync_actions a11)
12.0: (validate_payload t6 a6 t7)
13.0: (sync_actions a6)
14.0: (validate_payload t7 a8 t8)
15.0: (sync_actions a8)
16.0: (validate_payload t8 a1 t9)
17.0: (sync_actions a1)
18.0: (validate_payload t9 a2 t10)
19.0: (sync_actions a2)
20.0: (validate_payload t10 a0 t11)
21.0: (sync_actions a0)
22.0: (add_action a9)
23.0: (check_added_variables_model a9)
24.0: (move_in_model_move_automata a9)

Plan-Length:25
Metric (Search):2.0
Planning Time (msec): 577
Heuristic Time (msec): 8
Search Time (msec): 574
Expanded Nodes:2252
States Evaluated:5768
Number of Dead-Ends detected:0
Number of Duplicates detected:18
/usr/bin/time -v timeout 600 java -Xmx64g -jar ./enhsp3.jar -o ./domain_with_failure.pddl -f ./problems/BasePN-2And-del-1-d7/problem84.pddl -h blind -s WAStar
Domain parsed
Problem parsed
Grounding..
Grounding Time: 6451
UFX:true
|F|:21934
|X|:21
|A|:1252
|P|:0
|E|:0
h(I):0.0
f(n) = 1.0 (Expanded Nodes: 8, Evaluated States: 29, Time: 0.029) Frontier Size: 21
f(n) = 2.0 (Expanded Nodes: 64, Evaluated States: 160, Time: 0.103) Frontier Size: 96
f(n) = 3.0 (Expanded Nodes: 234, Evaluated States: 515, Time: 0.195) Frontier Size: 281
Problem Solved

Found Plan:
0.0: (validate_payload t0 a7 t1)
1.0: (sync_actions a7)
2.0: (validate_payload t1 a3 t2)
3.0: (sync_actions a3)
4.0: (change_value a4 categorical c3)
5.0: (validate_payload t2 a4 t3)
6.0: (sync_actions a4)
7.0: (validate_payload t3 a6 t4)
8.0: (sync_actions a6)
9.0: (add_action a10)
10.0: (check_added_variables_model a10)
11.0: (move_in_model_move_automata a10)
12.0: (validate_payload t4 a12 t5)
13.0: (sync_actions a12)
14.0: (validate_payload t5 a11 t6)
15.0: (sync_actions a11)
16.0: (validate_payload t6 a8 t7)
17.0: (sync_actions a8)
18.0: (validate_payload t7 a1 t8)
19.0: (sync_actions a1)
20.0: (validate_payload t8 a2 t9)
21.0: (sync_actions a2)
22.0: (validate_payload t9 a0 t10)
23.0: (sync_actions a0)
24.0: (validate_payload t10 a9 t11)
25.0: (sync_actions a9)

Plan-Length:26
Metric (Search):3.0
Planning Time (msec): 331
Heuristic Time (msec): 3
Search Time (msec): 321
Expanded Nodes:572
States Evaluated:1101
Number of Dead-Ends detected:0
Number of Duplicates detected:17
/usr/bin/time -v timeout 600 java -Xmx64g -jar ./enhsp3.jar -o ./domain_with_failure.pddl -f ./problems/BasePN-2And-del-1-d7/problem85.pddl -h blind -s WAStar
Domain parsed
Problem parsed
Grounding..
Grounding Time: 6433
UFX:true
|F|:21934
|X|:19
|A|:1252
|P|:0
|E|:0
h(I):0.0
f(n) = 1.0 (Expanded Nodes: 22, Evaluated States: 70, Time: 0.054) Frontier Size: 48
f(n) = 2.0 (Expanded Nodes: 268, Evaluated States: 752, Time: 0.238) Frontier Size: 484
Problem Solved

Found Plan:
0.0: (validate_payload t0 a7 t1)
1.0: (sync_actions a7)
2.0: (validate_payload t1 a10 t2)
3.0: (sync_actions a10)
4.0: (validate_payload t2 a3 t3)
5.0: (sync_actions a3)
6.0: (validate_payload t3 a4 t4)
7.0: (sync_actions a4)
8.0: (validate_payload t4 a6 t5)
9.0: (sync_actions a6)
10.0: (validate_payload t5 a12 t6)
11.0: (sync_actions a12)
12.0: (validate_payload t6 a11 t7)
13.0: (sync_actions a11)
14.0: (validate_payload t7 a8 t8)
15.0: (sync_actions a8)
16.0: (validate_payload t8 a1 t9)
17.0: (sync_actions a1)
18.0: (validate_payload t9 a2 t10)
19.0: (sync_actions a2)
20.0: (add_action a0)
21.0: (check_added_variables_model a0)
22.0: (move_in_model_move_automata a0)
23.0: (validate_payload t10 a9 t11)
24.0: (sync_actions a9)

Plan-Length:25
Metric (Search):2.0
Planning Time (msec): 396
Heuristic Time (msec): 6
Search Time (msec): 390
Expanded Nodes:648
States Evaluated:1626
Number of Dead-Ends detected:0
Number of Duplicates detected:10
/usr/bin/time -v timeout 600 java -Xmx64g -jar ./enhsp3.jar -o ./domain_with_failure.pddl -f ./problems/BasePN-2And-del-1-d7/problem86.pddl -h blind -s WAStar
Domain parsed
Problem parsed
Grounding..
Grounding Time: 6151
UFX:true
|F|:21934
|X|:20
|A|:1252
|P|:0
|E|:0
h(I):0.0
f(n) = 1.0 (Expanded Nodes: 22, Evaluated States: 88, Time: 0.055) Frontier Size: 66
f(n) = 2.0 (Expanded Nodes: 356, Evaluated States: 1208, Time: 0.272) Frontier Size: 852
Problem Solved

Found Plan:
0.0: (validate_payload t0 a7 t1)
1.0: (sync_actions a7)
2.0: (validate_payload t1 a10 t2)
3.0: (sync_actions a10)
4.0: (validate_payload t2 a3 t3)
5.0: (sync_actions a3)
6.0: (validate_payload t3 a12 t4)
7.0: (sync_actions a12)
8.0: (validate_payload t4 a11 t5)
9.0: (sync_actions a11)
10.0: (validate_payload t5 a4 t6)
11.0: (sync_actions a4)
12.0: (validate_payload t6 a6 t7)
13.0: (sync_actions a6)
14.0: (validate_payload t7 a8 t8)
15.0: (sync_actions a8)
16.0: (validate_payload t8 a1 t9)
17.0: (sync_actions a1)
18.0: (validate_payload t9 a2 t10)
19.0: (sync_actions a2)
20.0: (add_action a0)
21.0: (check_added_variables_model a0)
22.0: (move_in_model_move_automata a0)
23.0: (validate_payload t10 a9 t11)
24.0: (sync_actions a9)

Plan-Length:25
Metric (Search):2.0
Planning Time (msec): 628
Heuristic Time (msec): 6
Search Time (msec): 625
Expanded Nodes:1844
States Evaluated:5490
Number of Dead-Ends detected:0
Number of Duplicates detected:8
/usr/bin/time -v timeout 600 java -Xmx64g -jar ./enhsp3.jar -o ./domain_with_failure.pddl -f ./problems/BasePN-2And-del-1-d7/problem87.pddl -h blind -s WAStar
Domain parsed
Problem parsed
Grounding..
Grounding Time: 6369
UFX:true
|F|:21934
|X|:17
|A|:1252
|P|:0
|E|:0
h(I):0.0
f(n) = 1.0 (Expanded Nodes: 18, Evaluated States: 65, Time: 0.045) Frontier Size: 47
f(n) = 2.0 (Expanded Nodes: 164, Evaluated States: 501, Time: 0.16) Frontier Size: 337
f(n) = 3.0 (Expanded Nodes: 712, Evaluated States: 1909, Time: 0.334) Frontier Size: 1197
Problem Solved

Found Plan:
0.0: (validate_payload t0 a7 t1)
1.0: (sync_actions a7)
2.0: (validate_payload t1 a3 t2)
3.0: (sync_actions a3)
4.0: (validate_payload t2 a10 t3)
5.0: (sync_actions a10)
6.0: (validate_payload t3 a5 t4)
7.0: (sync_actions a5)
8.0: (validate_payload t4 a12 t5)
9.0: (sync_actions a12)
10.0: (validate_payload t5 a6 t6)
11.0: (sync_actions a6)
12.0: (validate_payload t6 a11 t7)
13.0: (sync_actions a11)
14.0: (validate_payload t7 a8 t8)
15.0: (sync_actions a8)
16.0: (add_action a1)
17.0: (move_in_model_parameter a1 sDEC2_2 integer v5)
18.0: (check_added_variables_model a1)
19.0: (move_in_model_move_automata a1)
20.0: (validate_payload t8 a2 t9)
21.0: (sync_actions a2)
22.0: (validate_payload t9 a0 t10)
23.0: (sync_actions a0)
24.0: (validate_payload t10 a9 t11)
25.0: (sync_actions a9)

Plan-Length:26
Metric (Search):3.0
Planning Time (msec): 482
Heuristic Time (msec): 4
Search Time (msec): 475
Expanded Nodes:1473
States Evaluated:3548
Number of Dead-Ends detected:0
Number of Duplicates detected:36
/usr/bin/time -v timeout 600 java -Xmx64g -jar ./enhsp3.jar -o ./domain_with_failure.pddl -f ./problems/BasePN-2And-del-1-d7/problem88.pddl -h blind -s WAStar
Domain parsed
Problem parsed
Grounding..
Grounding Time: 6350
UFX:true
|F|:21934
|X|:18
|A|:1252
|P|:0
|E|:0
h(I):0.0
f(n) = 1.0 (Expanded Nodes: 12, Evaluated States: 45, Time: 0.04) Frontier Size: 33
f(n) = 2.0 (Expanded Nodes: 103, Evaluated States: 312, Time: 0.134) Frontier Size: 209
f(n) = 3.0 (Expanded Nodes: 414, Evaluated States: 1050, Time: 0.298) Frontier Size: 636
Problem Solved

Found Plan:
0.0: (validate_payload t0 a7 t1)
1.0: (sync_actions a7)
2.0: (validate_payload t1 a10 t2)
3.0: (sync_actions a10)
4.0: (validate_payload t2 a3 t3)
5.0: (sync_actions a3)
6.0: (validate_payload t3 a4 t4)
7.0: (sync_actions a4)
8.0: (validate_payload t4 a6 t5)
9.0: (sync_actions a6)
10.0: (add_action a12)
11.0: (move_in_model_parameter a12 sDEC1_1 categorical c2)
12.0: (check_added_variables_model a12)
13.0: (move_in_model_move_automata a12)
14.0: (validate_payload t5 a11 t6)
15.0: (sync_actions a11)
16.0: (validate_payload t6 a8 t7)
17.0: (sync_actions a8)
18.0: (validate_payload t7 a1 t8)
19.0: (sync_actions a1)
20.0: (validate_payload t8 a0 t9)
21.0: (sync_actions a0)
22.0: (validate_payload t9 a2 t10)
23.0: (sync_actions a2)
24.0: (validate_payload t10 a9 t11)
25.0: (sync_actions a9)

Plan-Length:26
Metric (Search):3.0
Planning Time (msec): 450
Heuristic Time (msec): 7
Search Time (msec): 440
Expanded Nodes:866
States Evaluated:1945
Number of Dead-Ends detected:0
Number of Duplicates detected:39
/usr/bin/time -v timeout 600 java -Xmx64g -jar ./enhsp3.jar -o ./domain_with_failure.pddl -f ./problems/BasePN-2And-del-1-d7/problem89.pddl -h blind -s WAStar
Domain parsed
Problem parsed
Grounding..
Grounding Time: 6347
UFX:true
|F|:21934
|X|:20
|A|:1252
|P|:0
|E|:0
h(I):0.0
f(n) = 1.0 (Expanded Nodes: 22, Evaluated States: 85, Time: 0.061) Frontier Size: 63
f(n) = 2.0 (Expanded Nodes: 335, Evaluated States: 1087, Time: 0.265) Frontier Size: 752
Problem Solved

Found Plan:
0.0: (validate_payload t0 a7 t1)
1.0: (sync_actions a7)
2.0: (validate_payload t1 a3 t2)
3.0: (sync_actions a3)
4.0: (validate_payload t2 a4 t3)
5.0: (sync_actions a4)
6.0: (validate_payload t3 a6 t4)
7.0: (sync_actions a6)
8.0: (validate_payload t4 a10 t5)
9.0: (sync_actions a10)
10.0: (validate_payload t5 a12 t6)
11.0: (sync_actions a12)
12.0: (validate_payload t6 a11 t7)
13.0: (sync_actions a11)
14.0: (validate_payload t7 a8 t8)
15.0: (sync_actions a8)
16.0: (add_action a1)
17.0: (check_added_variables_model a1)
18.0: (move_in_model_move_automata a1)
19.0: (validate_payload t8 a0 t9)
20.0: (sync_actions a0)
21.0: (validate_payload t9 a2 t10)
22.0: (sync_actions a2)
23.0: (validate_payload t10 a9 t11)
24.0: (sync_actions a9)

Plan-Length:25
Metric (Search):2.0
Planning Time (msec): 622
Heuristic Time (msec): 5
Search Time (msec): 615
Expanded Nodes:1818
States Evaluated:5144
Number of Dead-Ends detected:0
Number of Duplicates detected:7
/usr/bin/time -v timeout 600 java -Xmx64g -jar ./enhsp3.jar -o ./domain_with_failure.pddl -f ./problems/BasePN-2And-del-1-d7/problem90.pddl -h blind -s WAStar
Domain parsed
Problem parsed
Grounding..
Grounding Time: 6477
UFX:true
|F|:21934
|X|:19
|A|:1252
|P|:0
|E|:0
h(I):0.0
f(n) = 1.0 (Expanded Nodes: 14, Evaluated States: 49, Time: 0.043) Frontier Size: 35
f(n) = 2.0 (Expanded Nodes: 120, Evaluated States: 358, Time: 0.154) Frontier Size: 238
Problem Solved

Found Plan:
0.0: (validate_payload t0 a7 t1)
1.0: (sync_actions a7)
2.0: (validate_payload t1 a10 t2)
3.0: (sync_actions a10)
4.0: (validate_payload t2 a3 t3)
5.0: (sync_actions a3)
6.0: (validate_payload t3 a4 t4)
7.0: (sync_actions a4)
8.0: (validate_payload t4 a12 t5)
9.0: (sync_actions a12)
10.0: (validate_payload t5 a6 t6)
11.0: (sync_actions a6)
12.0: (add_action a11)
13.0: (check_added_variables_model a11)
14.0: (move_in_model_move_automata a11)
15.0: (validate_payload t6 a8 t7)
16.0: (sync_actions a8)
17.0: (validate_payload t7 a1 t8)
18.0: (sync_actions a1)
19.0: (validate_payload t8 a2 t9)
20.0: (sync_actions a2)
21.0: (validate_payload t9 a0 t10)
22.0: (sync_actions a0)
23.0: (validate_payload t10 a9 t11)
24.0: (sync_actions a9)

Plan-Length:25
Metric (Search):2.0
Planning Time (msec): 296
Heuristic Time (msec): 1
Search Time (msec): 286
Expanded Nodes:464
States Evaluated:1206
Number of Dead-Ends detected:0
Number of Duplicates detected:12
/usr/bin/time -v timeout 600 java -Xmx64g -jar ./enhsp3.jar -o ./domain_with_failure.pddl -f ./problems/BasePN-2And-del-1-d7/problem91.pddl -h blind -s WAStar
Domain parsed
Problem parsed
Grounding..
Grounding Time: 6220
UFX:true
|F|:21934
|X|:20
|A|:1252
|P|:0
|E|:0
h(I):0.0
f(n) = 1.0 (Expanded Nodes: 22, Evaluated States: 84, Time: 0.049) Frontier Size: 62
f(n) = 2.0 (Expanded Nodes: 323, Evaluated States: 1032, Time: 0.254) Frontier Size: 709
Problem Solved

Found Plan:
0.0: (validate_payload t0 a7 t1)
1.0: (sync_actions a7)
2.0: (validate_payload t1 a10 t2)
3.0: (sync_actions a10)
4.0: (validate_payload t2 a3 t3)
5.0: (sync_actions a3)
6.0: (validate_payload t3 a4 t4)
7.0: (sync_actions a4)
8.0: (validate_payload t4 a12 t5)
9.0: (sync_actions a12)
10.0: (validate_payload t5 a11 t6)
11.0: (sync_actions a11)
12.0: (validate_payload t6 a6 t7)
13.0: (sync_actions a6)
14.0: (validate_payload t7 a8 t8)
15.0: (sync_actions a8)
16.0: (validate_payload t8 a1 t9)
17.0: (sync_actions a1)
18.0: (add_action a2)
19.0: (check_added_variables_model a2)
20.0: (move_in_model_move_automata a2)
21.0: (validate_payload t9 a0 t10)
22.0: (sync_actions a0)
23.0: (validate_payload t10 a9 t11)
24.0: (sync_actions a9)

Plan-Length:25
Metric (Search):2.0
Planning Time (msec): 536
Heuristic Time (msec): 5
Search Time (msec): 524
Expanded Nodes:1276
States Evaluated:3630
Number of Dead-Ends detected:0
Number of Duplicates detected:9
/usr/bin/time -v timeout 600 java -Xmx64g -jar ./enhsp3.jar -o ./domain_with_failure.pddl -f ./problems/BasePN-2And-del-1-d7/problem92.pddl -h blind -s WAStar
Domain parsed
Problem parsed
Grounding..
Grounding Time: 6414
UFX:true
|F|:21934
|X|:21
|A|:1252
|P|:0
|E|:0
h(I):0.0
f(n) = 1.0 (Expanded Nodes: 8, Evaluated States: 34, Time: 0.039) Frontier Size: 26
f(n) = 2.0 (Expanded Nodes: 57, Evaluated States: 184, Time: 0.105) Frontier Size: 127
Problem Solved

Found Plan:
0.0: (validate_payload t0 a7 t1)
1.0: (sync_actions a7)
2.0: (validate_payload t1 a10 t2)
3.0: (sync_actions a10)
4.0: (validate_payload t2 a3 t3)
5.0: (sync_actions a3)
6.0: (add_action a5)
7.0: (check_added_variables_model a5)
8.0: (move_in_model_move_automata a5)
9.0: (validate_payload t3 a6 t4)
10.0: (sync_actions a6)
11.0: (validate_payload t4 a12 t5)
12.0: (sync_actions a12)
13.0: (validate_payload t5 a11 t6)
14.0: (sync_actions a11)
15.0: (validate_payload t6 a8 t7)
16.0: (sync_actions a8)
17.0: (validate_payload t7 a1 t8)
18.0: (sync_actions a1)
19.0: (validate_payload t8 a2 t9)
20.0: (sync_actions a2)
21.0: (validate_payload t9 a0 t10)
22.0: (sync_actions a0)
23.0: (validate_payload t10 a9 t11)
24.0: (sync_actions a9)

Plan-Length:25
Metric (Search):2.0
Planning Time (msec): 205
Heuristic Time (msec): 8
Search Time (msec): 201
Expanded Nodes:208
States Evaluated:561
Number of Dead-Ends detected:0
Number of Duplicates detected:5
/usr/bin/time -v timeout 600 java -Xmx64g -jar ./enhsp3.jar -o ./domain_with_failure.pddl -f ./problems/BasePN-2And-del-1-d7/problem93.pddl -h blind -s WAStar
Domain parsed
Problem parsed
Grounding..
Grounding Time: 6256
UFX:true
|F|:21934
|X|:18
|A|:1252
|P|:0
|E|:0
h(I):0.0
f(n) = 1.0 (Expanded Nodes: 14, Evaluated States: 53, Time: 0.045) Frontier Size: 39
f(n) = 2.0 (Expanded Nodes: 115, Evaluated States: 347, Time: 0.134) Frontier Size: 232
Problem Solved

Found Plan:
0.0: (validate_payload t0 a7 t1)
1.0: (sync_actions a7)
2.0: (validate_payload t1 a3 t2)
3.0: (sync_actions a3)
4.0: (validate_payload t2 a4 t3)
5.0: (sync_actions a4)
6.0: (validate_payload t3 a6 t4)
7.0: (sync_actions a6)
8.0: (validate_payload t4 a10 t5)
9.0: (sync_actions a10)
10.0: (validate_payload t5 a12 t6)
11.0: (sync_actions a12)
12.0: (add_action a11)
13.0: (check_added_variables_model a11)
14.0: (move_in_model_move_automata a11)
15.0: (validate_payload t6 a8 t7)
16.0: (sync_actions a8)
17.0: (validate_payload t7 a0 t8)
18.0: (sync_actions a0)
19.0: (validate_payload t8 a1 t9)
20.0: (sync_actions a1)
21.0: (validate_payload t9 a2 t10)
22.0: (sync_actions a2)
23.0: (validate_payload t10 a9 t11)
24.0: (sync_actions a9)

Plan-Length:25
Metric (Search):2.0
Planning Time (msec): 294
Heuristic Time (msec): 8
Search Time (msec): 290
Expanded Nodes:397
States Evaluated:981
Number of Dead-Ends detected:0
Number of Duplicates detected:6
/usr/bin/time -v timeout 600 java -Xmx64g -jar ./enhsp3.jar -o ./domain_with_failure.pddl -f ./problems/BasePN-2And-del-1-d7/problem94.pddl -h blind -s WAStar
Domain parsed
Problem parsed
Grounding..
Grounding Time: 6299
UFX:true
|F|:21934
|X|:22
|A|:1252
|P|:0
|E|:0
h(I):0.0
f(n) = 1.0 (Expanded Nodes: 10, Evaluated States: 39, Time: 0.038) Frontier Size: 29
f(n) = 2.0 (Expanded Nodes: 116, Evaluated States: 334, Time: 0.138) Frontier Size: 218
f(n) = 3.0 (Expanded Nodes: 940, Evaluated States: 2615, Time: 0.478) Frontier Size: 1675
Problem Solved

Found Plan:
0.0: (validate_payload t0 a7 t1)
1.0: (sync_actions a7)
2.0: (validate_payload t1 a3 t2)
3.0: (sync_actions a3)
4.0: (validate_payload t2 a10 t3)
5.0: (sync_actions a10)
6.0: (change_value a4 categorical c3)
7.0: (validate_payload t3 a4 t4)
8.0: (sync_actions a4)
9.0: (validate_payload t4 a6 t5)
10.0: (sync_actions a6)
11.0: (validate_payload t5 a12 t6)
12.0: (sync_actions a12)
13.0: (validate_payload t6 a11 t7)
14.0: (sync_actions a11)
15.0: (validate_payload t7 a8 t8)
16.0: (sync_actions a8)
17.0: (validate_payload t8 a1 t9)
18.0: (sync_actions a1)
19.0: (validate_payload t9 a0 t10)
20.0: (sync_actions a0)
21.0: (validate_payload t10 a2 t11)
22.0: (sync_actions a2)
23.0: (add_action a9)
24.0: (check_added_variables_model a9)
25.0: (move_in_model_move_automata a9)

Plan-Length:26
Metric (Search):3.0
Planning Time (msec): 524
Heuristic Time (msec): 7
Search Time (msec): 521
Expanded Nodes:1135
States Evaluated:3040
Number of Dead-Ends detected:0
Number of Duplicates detected:4
/usr/bin/time -v timeout 600 java -Xmx64g -jar ./enhsp3.jar -o ./domain_with_failure.pddl -f ./problems/BasePN-2And-del-1-d7/problem95.pddl -h blind -s WAStar
Domain parsed
Problem parsed
Grounding..
Grounding Time: 6773
UFX:true
|F|:21934
|X|:19
|A|:1252
|P|:0
|E|:0
h(I):0.0
f(n) = 1.0 (Expanded Nodes: 22, Evaluated States: 87, Time: 0.057) Frontier Size: 65
f(n) = 2.0 (Expanded Nodes: 301, Evaluated States: 999, Time: 0.238) Frontier Size: 698
f(n) = 3.0 (Expanded Nodes: 2209, Evaluated States: 6317, Time: 0.665) Frontier Size: 4108
Problem Solved

Found Plan:
0.0: (validate_payload t0 a7 t1)
1.0: (sync_actions a7)
2.0: (validate_payload t1 a3 t2)
3.0: (sync_actions a3)
4.0: (change_value a10 integer v5)
5.0: (validate_payload t2 a10 t3)
6.0: (sync_actions a10)
7.0: (validate_payload t3 a12 t4)
8.0: (sync_actions a12)
9.0: (validate_payload t4 a5 t5)
10.0: (sync_actions a5)
11.0: (validate_payload t5 a11 t6)
12.0: (sync_actions a11)
13.0: (validate_payload t6 a6 t7)
14.0: (sync_actions a6)
15.0: (validate_payload t7 a8 t8)
16.0: (sync_actions a8)
17.0: (add_action a1)
18.0: (check_added_variables_model a1)
19.0: (move_in_model_move_automata a1)
20.0: (validate_payload t8 a0 t9)
21.0: (sync_actions a0)
22.0: (validate_payload t9 a2 t10)
23.0: (sync_actions a2)
24.0: (validate_payload t10 a9 t11)
25.0: (sync_actions a9)

Plan-Length:26
Metric (Search):3.0
Planning Time (msec): 1363
Heuristic Time (msec): 9
Search Time (msec): 1357
Expanded Nodes:5252
States Evaluated:13304
Number of Dead-Ends detected:0
Number of Duplicates detected:115
/usr/bin/time -v timeout 600 java -Xmx64g -jar ./enhsp3.jar -o ./domain_with_failure.pddl -f ./problems/BasePN-2And-del-1-d7/problem96.pddl -h blind -s WAStar
Domain parsed
Problem parsed
Grounding..
Grounding Time: 6394
UFX:true
|F|:21934
|X|:20
|A|:1252
|P|:0
|E|:0
h(I):0.0
f(n) = 1.0 (Expanded Nodes: 16, Evaluated States: 60, Time: 0.046) Frontier Size: 44
f(n) = 2.0 (Expanded Nodes: 189, Evaluated States: 589, Time: 0.179) Frontier Size: 400
Problem Solved

Found Plan:
0.0: (validate_payload t0 a7 t1)
1.0: (sync_actions a7)
2.0: (validate_payload t1 a10 t2)
3.0: (sync_actions a10)
4.0: (validate_payload t2 a3 t3)
5.0: (sync_actions a3)
6.0: (validate_payload t3 a4 t4)
7.0: (sync_actions a4)
8.0: (validate_payload t4 a6 t5)
9.0: (sync_actions a6)
10.0: (validate_payload t5 a12 t6)
11.0: (sync_actions a12)
12.0: (validate_payload t6 a11 t7)
13.0: (sync_actions a11)
14.0: (add_action a8)
15.0: (check_added_variables_model a8)
16.0: (move_in_model_move_automata a8)
17.0: (validate_payload t7 a1 t8)
18.0: (sync_actions a1)
19.0: (validate_payload t8 a0 t9)
20.0: (sync_actions a0)
21.0: (validate_payload t9 a2 t10)
22.0: (sync_actions a2)
23.0: (validate_payload t10 a9 t11)
24.0: (sync_actions a9)

Plan-Length:25
Metric (Search):2.0
Planning Time (msec): 342
Heuristic Time (msec): 6
Search Time (msec): 339
Expanded Nodes:734
States Evaluated:1914
Number of Dead-Ends detected:0
Number of Duplicates detected:7
/usr/bin/time -v timeout 600 java -Xmx64g -jar ./enhsp3.jar -o ./domain_with_failure.pddl -f ./problems/BasePN-2And-del-1-d7/problem97.pddl -h blind -s WAStar
Domain parsed
Problem parsed
Grounding..
Grounding Time: 6190
UFX:true
|F|:21934
|X|:19
|A|:1252
|P|:0
|E|:0
h(I):0.0
f(n) = 1.0 (Expanded Nodes: 20, Evaluated States: 76, Time: 0.059) Frontier Size: 56
f(n) = 2.0 (Expanded Nodes: 213, Evaluated States: 675, Time: 0.191) Frontier Size: 462
f(n) = 3.0 (Expanded Nodes: 1323, Evaluated States: 3606, Time: 0.47) Frontier Size: 2283
Problem Solved

Found Plan:
0.0: (validate_payload t0 a7 t1)
1.0: (sync_actions a7)
2.0: (validate_payload t1 a10 t2)
3.0: (sync_actions a10)
4.0: (validate_payload t2 a3 t3)
5.0: (sync_actions a3)
6.0: (validate_payload t3 a4 t4)
7.0: (sync_actions a4)
8.0: (validate_payload t4 a12 t5)
9.0: (sync_actions a12)
10.0: (validate_payload t5 a11 t6)
11.0: (sync_actions a11)
12.0: (validate_payload t6 a6 t7)
13.0: (sync_actions a6)
14.0: (validate_payload t7 a8 t8)
15.0: (sync_actions a8)
16.0: (add_action a1)
17.0: (move_in_model_parameter a1 sDEC2_2 integer v0)
18.0: (check_added_variables_model a1)
19.0: (move_in_model_move_automata a1)
20.0: (validate_payload t8 a2 t9)
21.0: (sync_actions a2)
22.0: (validate_payload t9 a0 t10)
23.0: (sync_actions a0)
24.0: (validate_payload t10 a9 t11)
25.0: (sync_actions a9)

Plan-Length:26
Metric (Search):3.0
Planning Time (msec): 1139
Heuristic Time (msec): 9
Search Time (msec): 1128
Expanded Nodes:3997
States Evaluated:9513
Number of Dead-Ends detected:0
Number of Duplicates detected:85
/usr/bin/time -v timeout 600 java -Xmx64g -jar ./enhsp3.jar -o ./domain_with_failure.pddl -f ./problems/BasePN-2And-del-1-d7/problem98.pddl -h blind -s WAStar
Domain parsed
Problem parsed
Grounding..
Grounding Time: 6675
UFX:true
|F|:21934
|X|:21
|A|:1252
|P|:0
|E|:0
h(I):0.0
f(n) = 1.0 (Expanded Nodes: 14, Evaluated States: 49, Time: 0.04) Frontier Size: 35
f(n) = 2.0 (Expanded Nodes: 166, Evaluated States: 467, Time: 0.155) Frontier Size: 301
f(n) = 3.0 (Expanded Nodes: 960, Evaluated States: 2414, Time: 0.411) Frontier Size: 1454
Problem Solved

Found Plan:
0.0: (validate_payload t0 a7 t1)
1.0: (sync_actions a7)
2.0: (validate_payload t1 a10 t2)
3.0: (sync_actions a10)
4.0: (validate_payload t2 a12 t3)
5.0: (sync_actions a12)
6.0: (validate_payload t3 a11 t4)
7.0: (sync_actions a11)
8.0: (validate_payload t4 a3 t5)
9.0: (sync_actions a3)
10.0: (change_value a4 categorical c3)
11.0: (validate_payload t5 a4 t6)
12.0: (sync_actions a4)
13.0: (add_action a6)
14.0: (check_added_variables_model a6)
15.0: (move_in_model_move_automata a6)
16.0: (validate_payload t6 a8 t7)
17.0: (sync_actions a8)
18.0: (validate_payload t7 a1 t8)
19.0: (sync_actions a1)
20.0: (validate_payload t8 a2 t9)
21.0: (sync_actions a2)
22.0: (validate_payload t9 a0 t10)
23.0: (sync_actions a0)
24.0: (validate_payload t10 a9 t11)
25.0: (sync_actions a9)

Plan-Length:26
Metric (Search):3.0
Planning Time (msec): 639
Heuristic Time (msec): 7
Search Time (msec): 637
Expanded Nodes:2323
States Evaluated:5354
Number of Dead-Ends detected:0
Number of Duplicates detected:37
/usr/bin/time -v timeout 600 java -Xmx64g -jar ./enhsp3.jar -o ./domain_with_failure.pddl -f ./problems/BasePN-2And-del-1-d7/problem99.pddl -h blind -s WAStar
Domain parsed
Problem parsed
Grounding..
Grounding Time: 6455
UFX:true
|F|:21934
|X|:19
|A|:1252
|P|:0
|E|:0
h(I):0.0
f(n) = 1.0 (Expanded Nodes: 6, Evaluated States: 19, Time: 0.035) Frontier Size: 13
f(n) = 2.0 (Expanded Nodes: 33, Evaluated States: 67, Time: 0.093) Frontier Size: 34
Problem Solved

Found Plan:
0.0: (validate_payload t0 a7 t1)
1.0: (sync_actions a7)
2.0: (add_action a10)
3.0: (check_added_variables_model a10)
4.0: (move_in_model_move_automata a10)
5.0: (validate_payload t1 a12 t2)
6.0: (sync_actions a12)
7.0: (validate_payload t2 a3 t3)
8.0: (sync_actions a3)
9.0: (validate_payload t3 a11 t4)
10.0: (sync_actions a11)
11.0: (validate_payload t4 a4 t5)
12.0: (sync_actions a4)
13.0: (validate_payload t5 a6 t6)
14.0: (sync_actions a6)
15.0: (validate_payload t6 a8 t7)
16.0: (sync_actions a8)
17.0: (validate_payload t7 a1 t8)
18.0: (sync_actions a1)
19.0: (validate_payload t8 a2 t9)
20.0: (sync_actions a2)
21.0: (validate_payload t9 a0 t10)
22.0: (sync_actions a0)
23.0: (validate_payload t10 a9 t11)
24.0: (sync_actions a9)

Plan-Length:25
Metric (Search):2.0
Planning Time (msec): 152
Heuristic Time (msec): 9
Search Time (msec): 151
Expanded Nodes:93
States Evaluated:183
Number of Dead-Ends detected:0
Number of Duplicates detected:3
/usr/bin/time -v timeout 600 java -Xmx64g -jar ./enhsp3.jar -o ./domain_with_failure.pddl -f ./problems/BasePN-2And-del-1-d7/problem100.pddl -h blind -s WAStar
Domain parsed
Problem parsed
Grounding..
Grounding Time: 6168
UFX:true
|F|:21934
|X|:18
|A|:1252
|P|:0
|E|:0
h(I):0.0
f(n) = 1.0 (Expanded Nodes: 2, Evaluated States: 8, Time: 0.018) Frontier Size: 6
f(n) = 2.0 (Expanded Nodes: 6, Evaluated States: 8, Time: 0.046) Frontier Size: 2
Problem Solved

Found Plan:
0.0: (add_action a7)
1.0: (check_added_variables_model a7)
2.0: (move_in_model_move_automata a7)
3.0: (validate_payload t0 a10 t1)
4.0: (sync_actions a10)
5.0: (validate_payload t1 a3 t2)
6.0: (sync_actions a3)
7.0: (validate_payload t2 a4 t3)
8.0: (sync_actions a4)
9.0: (validate_payload t3 a6 t4)
10.0: (sync_actions a6)
11.0: (validate_payload t4 a12 t5)
12.0: (sync_actions a12)
13.0: (validate_payload t5 a11 t6)
14.0: (sync_actions a11)
15.0: (validate_payload t6 a8 t7)
16.0: (sync_actions a8)
17.0: (validate_payload t7 a1 t8)
18.0: (sync_actions a1)
19.0: (validate_payload t8 a2 t9)
20.0: (sync_actions a2)
21.0: (validate_payload t9 a0 t10)
22.0: (sync_actions a0)
23.0: (validate_payload t10 a9 t11)
24.0: (sync_actions a9)

Plan-Length:25
Metric (Search):2.0
Planning Time (msec): 103
Heuristic Time (msec): 7
Search Time (msec): 95
Expanded Nodes:33
States Evaluated:97
Number of Dead-Ends detected:0
Number of Duplicates detected:0
Loading openjdk/17.0.8.1_1
  Loading requirement: glibc/2.35-aocc-3.2.0-wetwhfr
    gcc-runtime/12.1.0-gcc-12.1.0-uotjsm3 glibc/2.35-aocc-3.2.0-dkzxmta
	Command being timed: "timeout 600 java -Xmx64g -jar ./enhsp3.jar -o ./domain_with_failure.pddl -f ./problems/BasePN-2And-del-1-d7/problem1.pddl -h blind -s WAStar -dap"
	User time (seconds): 9.88
	System time (seconds): 0.67
	Percent of CPU this job got: 99%
	Elapsed (wall clock) time (h:mm:ss or m:ss): 0:10.59
	Average shared text size (kbytes): 0
	Average unshared data size (kbytes): 0
	Average stack size (kbytes): 0
	Average total size (kbytes): 0
	Maximum resident set size (kbytes): 1352488
	Average resident set size (kbytes): 0
	Major (requiring I/O) page faults: 1
	Minor (reclaiming a frame) page faults: 624596
	Voluntary context switches: 2404
	Involuntary context switches: 2868
	Swaps: 0
	File system inputs: 0
	File system outputs: 96
	Socket messages sent: 0
	Socket messages received: 0
	Signals delivered: 0
	Page size (bytes): 4096
	Exit status: 0
	Command being timed: "timeout 600 java -Xmx64g -jar ./enhsp3.jar -o ./domain_with_failure.pddl -f ./problems/BasePN-2And-del-1-d7/problem2.pddl -h blind -s WAStar -dap"
	User time (seconds): 10.03
	System time (seconds): 0.68
	Percent of CPU this job got: 99%
	Elapsed (wall clock) time (h:mm:ss or m:ss): 0:10.72
	Average shared text size (kbytes): 0
	Average unshared data size (kbytes): 0
	Average stack size (kbytes): 0
	Average total size (kbytes): 0
	Maximum resident set size (kbytes): 1350568
	Average resident set size (kbytes): 0
	Major (requiring I/O) page faults: 0
	Minor (reclaiming a frame) page faults: 632867
	Voluntary context switches: 2489
	Involuntary context switches: 3006
	Swaps: 0
	File system inputs: 0
	File system outputs: 120
	Socket messages sent: 0
	Socket messages received: 0
	Signals delivered: 0
	Page size (bytes): 4096
	Exit status: 0
	Command being timed: "timeout 600 java -Xmx64g -jar ./enhsp3.jar -o ./domain_with_failure.pddl -f ./problems/BasePN-2And-del-1-d7/problem3.pddl -h blind -s WAStar -dap"
	User time (seconds): 9.68
	System time (seconds): 0.68
	Percent of CPU this job got: 99%
	Elapsed (wall clock) time (h:mm:ss or m:ss): 0:10.39
	Average shared text size (kbytes): 0
	Average unshared data size (kbytes): 0
	Average stack size (kbytes): 0
	Average total size (kbytes): 0
	Maximum resident set size (kbytes): 1350888
	Average resident set size (kbytes): 0
	Major (requiring I/O) page faults: 0
	Minor (reclaiming a frame) page faults: 632451
	Voluntary context switches: 2703
	Involuntary context switches: 2951
	Swaps: 0
	File system inputs: 0
	File system outputs: 136
	Socket messages sent: 0
	Socket messages received: 0
	Signals delivered: 0
	Page size (bytes): 4096
	Exit status: 0
	Command being timed: "timeout 600 java -Xmx64g -jar ./enhsp3.jar -o ./domain_with_failure.pddl -f ./problems/BasePN-2And-del-1-d7/problem4.pddl -h blind -s WAStar -dap"
	User time (seconds): 10.31
	System time (seconds): 0.72
	Percent of CPU this job got: 99%
	Elapsed (wall clock) time (h:mm:ss or m:ss): 0:11.05
	Average shared text size (kbytes): 0
	Average unshared data size (kbytes): 0
	Average stack size (kbytes): 0
	Average total size (kbytes): 0
	Maximum resident set size (kbytes): 1346708
	Average resident set size (kbytes): 0
	Major (requiring I/O) page faults: 0
	Minor (reclaiming a frame) page faults: 624944
	Voluntary context switches: 2621
	Involuntary context switches: 3186
	Swaps: 0
	File system inputs: 0
	File system outputs: 128
	Socket messages sent: 0
	Socket messages received: 0
	Signals delivered: 0
	Page size (bytes): 4096
	Exit status: 0
	Command being timed: "timeout 600 java -Xmx64g -jar ./enhsp3.jar -o ./domain_with_failure.pddl -f ./problems/BasePN-2And-del-1-d7/problem5.pddl -h blind -s WAStar -dap"
	User time (seconds): 10.02
	System time (seconds): 0.69
	Percent of CPU this job got: 99%
	Elapsed (wall clock) time (h:mm:ss or m:ss): 0:10.73
	Average shared text size (kbytes): 0
	Average unshared data size (kbytes): 0
	Average stack size (kbytes): 0
	Average total size (kbytes): 0
	Maximum resident set size (kbytes): 1348932
	Average resident set size (kbytes): 0
	Major (requiring I/O) page faults: 0
	Minor (reclaiming a frame) page faults: 631279
	Voluntary context switches: 2856
	Involuntary context switches: 3177
	Swaps: 0
	File system inputs: 0
	File system outputs: 128
	Socket messages sent: 0
	Socket messages received: 0
	Signals delivered: 0
	Page size (bytes): 4096
	Exit status: 0
	Command being timed: "timeout 600 java -Xmx64g -jar ./enhsp3.jar -o ./domain_with_failure.pddl -f ./problems/BasePN-2And-del-1-d7/problem6.pddl -h blind -s WAStar -dap"
	User time (seconds): 9.82
	System time (seconds): 0.70
	Percent of CPU this job got: 99%
	Elapsed (wall clock) time (h:mm:ss or m:ss): 0:10.56
	Average shared text size (kbytes): 0
	Average unshared data size (kbytes): 0
	Average stack size (kbytes): 0
	Average total size (kbytes): 0
	Maximum resident set size (kbytes): 1345324
	Average resident set size (kbytes): 0
	Major (requiring I/O) page faults: 0
	Minor (reclaiming a frame) page faults: 632618
	Voluntary context switches: 2785
	Involuntary context switches: 3051
	Swaps: 0
	File system inputs: 0
	File system outputs: 128
	Socket messages sent: 0
	Socket messages received: 0
	Signals delivered: 0
	Page size (bytes): 4096
	Exit status: 0
	Command being timed: "timeout 600 java -Xmx64g -jar ./enhsp3.jar -o ./domain_with_failure.pddl -f ./problems/BasePN-2And-del-1-d7/problem7.pddl -h blind -s WAStar -dap"
	User time (seconds): 9.45
	System time (seconds): 0.69
	Percent of CPU this job got: 99%
	Elapsed (wall clock) time (h:mm:ss or m:ss): 0:10.17
	Average shared text size (kbytes): 0
	Average unshared data size (kbytes): 0
	Average stack size (kbytes): 0
	Average total size (kbytes): 0
	Maximum resident set size (kbytes): 1348792
	Average resident set size (kbytes): 0
	Major (requiring I/O) page faults: 0
	Minor (reclaiming a frame) page faults: 635371
	Voluntary context switches: 2566
	Involuntary context switches: 2800
	Swaps: 0
	File system inputs: 0
	File system outputs: 120
	Socket messages sent: 0
	Socket messages received: 0
	Signals delivered: 0
	Page size (bytes): 4096
	Exit status: 0
	Command being timed: "timeout 600 java -Xmx64g -jar ./enhsp3.jar -o ./domain_with_failure.pddl -f ./problems/BasePN-2And-del-1-d7/problem8.pddl -h blind -s WAStar -dap"
	User time (seconds): 9.23
	System time (seconds): 0.68
	Percent of CPU this job got: 99%
	Elapsed (wall clock) time (h:mm:ss or m:ss): 0:09.94
	Average shared text size (kbytes): 0
	Average unshared data size (kbytes): 0
	Average stack size (kbytes): 0
	Average total size (kbytes): 0
	Maximum resident set size (kbytes): 1349556
	Average resident set size (kbytes): 0
	Major (requiring I/O) page faults: 0
	Minor (reclaiming a frame) page faults: 635641
	Voluntary context switches: 2808
	Involuntary context switches: 2901
	Swaps: 0
	File system inputs: 0
	File system outputs: 128
	Socket messages sent: 0
	Socket messages received: 0
	Signals delivered: 0
	Page size (bytes): 4096
	Exit status: 0
	Command being timed: "timeout 600 java -Xmx64g -jar ./enhsp3.jar -o ./domain_with_failure.pddl -f ./problems/BasePN-2And-del-1-d7/problem9.pddl -h blind -s WAStar -dap"
	User time (seconds): 9.50
	System time (seconds): 0.65
	Percent of CPU this job got: 99%
	Elapsed (wall clock) time (h:mm:ss or m:ss): 0:10.19
	Average shared text size (kbytes): 0
	Average unshared data size (kbytes): 0
	Average stack size (kbytes): 0
	Average total size (kbytes): 0
	Maximum resident set size (kbytes): 1348676
	Average resident set size (kbytes): 0
	Major (requiring I/O) page faults: 0
	Minor (reclaiming a frame) page faults: 629719
	Voluntary context switches: 2694
	Involuntary context switches: 2908
	Swaps: 0
	File system inputs: 0
	File system outputs: 112
	Socket messages sent: 0
	Socket messages received: 0
	Signals delivered: 0
	Page size (bytes): 4096
	Exit status: 0
	Command being timed: "timeout 600 java -Xmx64g -jar ./enhsp3.jar -o ./domain_with_failure.pddl -f ./problems/BasePN-2And-del-1-d7/problem10.pddl -h blind -s WAStar -dap"
	User time (seconds): 9.38
	System time (seconds): 0.67
	Percent of CPU this job got: 99%
	Elapsed (wall clock) time (h:mm:ss or m:ss): 0:10.09
	Average shared text size (kbytes): 0
	Average unshared data size (kbytes): 0
	Average stack size (kbytes): 0
	Average total size (kbytes): 0
	Maximum resident set size (kbytes): 1351268
	Average resident set size (kbytes): 0
	Major (requiring I/O) page faults: 0
	Minor (reclaiming a frame) page faults: 634755
	Voluntary context switches: 2447
	Involuntary context switches: 2742
	Swaps: 0
	File system inputs: 0
	File system outputs: 112
	Socket messages sent: 0
	Socket messages received: 0
	Signals delivered: 0
	Page size (bytes): 4096
	Exit status: 0
	Command being timed: "timeout 600 java -Xmx64g -jar ./enhsp3.jar -o ./domain_with_failure.pddl -f ./problems/BasePN-2And-del-1-d7/problem11.pddl -h blind -s WAStar -dap"
	User time (seconds): 9.80
	System time (seconds): 0.70
	Percent of CPU this job got: 99%
	Elapsed (wall clock) time (h:mm:ss or m:ss): 0:10.54
	Average shared text size (kbytes): 0
	Average unshared data size (kbytes): 0
	Average stack size (kbytes): 0
	Average total size (kbytes): 0
	Maximum resident set size (kbytes): 1345680
	Average resident set size (kbytes): 0
	Major (requiring I/O) page faults: 0
	Minor (reclaiming a frame) page faults: 637082
	Voluntary context switches: 2493
	Involuntary context switches: 2877
	Swaps: 0
	File system inputs: 0
	File system outputs: 120
	Socket messages sent: 0
	Socket messages received: 0
	Signals delivered: 0
	Page size (bytes): 4096
	Exit status: 0
	Command being timed: "timeout 600 java -Xmx64g -jar ./enhsp3.jar -o ./domain_with_failure.pddl -f ./problems/BasePN-2And-del-1-d7/problem12.pddl -h blind -s WAStar -dap"
	User time (seconds): 9.73
	System time (seconds): 0.67
	Percent of CPU this job got: 99%
	Elapsed (wall clock) time (h:mm:ss or m:ss): 0:10.44
	Average shared text size (kbytes): 0
	Average unshared data size (kbytes): 0
	Average stack size (kbytes): 0
	Average total size (kbytes): 0
	Maximum resident set size (kbytes): 1351180
	Average resident set size (kbytes): 0
	Major (requiring I/O) page faults: 0
	Minor (reclaiming a frame) page faults: 632964
	Voluntary context switches: 2655
	Involuntary context switches: 2964
	Swaps: 0
	File system inputs: 0
	File system outputs: 120
	Socket messages sent: 0
	Socket messages received: 0
	Signals delivered: 0
	Page size (bytes): 4096
	Exit status: 0
	Command being timed: "timeout 600 java -Xmx64g -jar ./enhsp3.jar -o ./domain_with_failure.pddl -f ./problems/BasePN-2And-del-1-d7/problem13.pddl -h blind -s WAStar -dap"
	User time (seconds): 9.58
	System time (seconds): 0.67
	Percent of CPU this job got: 99%
	Elapsed (wall clock) time (h:mm:ss or m:ss): 0:10.27
	Average shared text size (kbytes): 0
	Average unshared data size (kbytes): 0
	Average stack size (kbytes): 0
	Average total size (kbytes): 0
	Maximum resident set size (kbytes): 1348724
	Average resident set size (kbytes): 0
	Major (requiring I/O) page faults: 0
	Minor (reclaiming a frame) page faults: 632699
	Voluntary context switches: 2582
	Involuntary context switches: 2862
	Swaps: 0
	File system inputs: 0
	File system outputs: 112
	Socket messages sent: 0
	Socket messages received: 0
	Signals delivered: 0
	Page size (bytes): 4096
	Exit status: 0
	Command being timed: "timeout 600 java -Xmx64g -jar ./enhsp3.jar -o ./domain_with_failure.pddl -f ./problems/BasePN-2And-del-1-d7/problem14.pddl -h blind -s WAStar -dap"
	User time (seconds): 9.76
	System time (seconds): 0.67
	Percent of CPU this job got: 99%
	Elapsed (wall clock) time (h:mm:ss or m:ss): 0:10.45
	Average shared text size (kbytes): 0
	Average unshared data size (kbytes): 0
	Average stack size (kbytes): 0
	Average total size (kbytes): 0
	Maximum resident set size (kbytes): 1345376
	Average resident set size (kbytes): 0
	Major (requiring I/O) page faults: 0
	Minor (reclaiming a frame) page faults: 635563
	Voluntary context switches: 2610
	Involuntary context switches: 2892
	Swaps: 0
	File system inputs: 0
	File system outputs: 120
	Socket messages sent: 0
	Socket messages received: 0
	Signals delivered: 0
	Page size (bytes): 4096
	Exit status: 0
	Command being timed: "timeout 600 java -Xmx64g -jar ./enhsp3.jar -o ./domain_with_failure.pddl -f ./problems/BasePN-2And-del-1-d7/problem15.pddl -h blind -s WAStar -dap"
	User time (seconds): 9.45
	System time (seconds): 0.72
	Percent of CPU this job got: 99%
	Elapsed (wall clock) time (h:mm:ss or m:ss): 0:10.19
	Average shared text size (kbytes): 0
	Average unshared data size (kbytes): 0
	Average stack size (kbytes): 0
	Average total size (kbytes): 0
	Maximum resident set size (kbytes): 1348532
	Average resident set size (kbytes): 0
	Major (requiring I/O) page faults: 0
	Minor (reclaiming a frame) page faults: 630031
	Voluntary context switches: 2537
	Involuntary context switches: 2772
	Swaps: 0
	File system inputs: 0
	File system outputs: 112
	Socket messages sent: 0
	Socket messages received: 0
	Signals delivered: 0
	Page size (bytes): 4096
	Exit status: 0
	Command being timed: "timeout 600 java -Xmx64g -jar ./enhsp3.jar -o ./domain_with_failure.pddl -f ./problems/BasePN-2And-del-1-d7/problem16.pddl -h blind -s WAStar -dap"
	User time (seconds): 9.94
	System time (seconds): 0.69
	Percent of CPU this job got: 99%
	Elapsed (wall clock) time (h:mm:ss or m:ss): 0:10.65
	Average shared text size (kbytes): 0
	Average unshared data size (kbytes): 0
	Average stack size (kbytes): 0
	Average total size (kbytes): 0
	Maximum resident set size (kbytes): 1351460
	Average resident set size (kbytes): 0
	Major (requiring I/O) page faults: 0
	Minor (reclaiming a frame) page faults: 632676
	Voluntary context switches: 2579
	Involuntary context switches: 2997
	Swaps: 0
	File system inputs: 0
	File system outputs: 120
	Socket messages sent: 0
	Socket messages received: 0
	Signals delivered: 0
	Page size (bytes): 4096
	Exit status: 0
	Command being timed: "timeout 600 java -Xmx64g -jar ./enhsp3.jar -o ./domain_with_failure.pddl -f ./problems/BasePN-2And-del-1-d7/problem17.pddl -h blind -s WAStar -dap"
	User time (seconds): 10.11
	System time (seconds): 0.60
	Percent of CPU this job got: 99%
	Elapsed (wall clock) time (h:mm:ss or m:ss): 0:10.76
	Average shared text size (kbytes): 0
	Average unshared data size (kbytes): 0
	Average stack size (kbytes): 0
	Average total size (kbytes): 0
	Maximum resident set size (kbytes): 1347988
	Average resident set size (kbytes): 0
	Major (requiring I/O) page faults: 0
	Minor (reclaiming a frame) page faults: 567293
	Voluntary context switches: 2379
	Involuntary context switches: 2920
	Swaps: 0
	File system inputs: 0
	File system outputs: 120
	Socket messages sent: 0
	Socket messages received: 0
	Signals delivered: 0
	Page size (bytes): 4096
	Exit status: 0
	Command being timed: "timeout 600 java -Xmx64g -jar ./enhsp3.jar -o ./domain_with_failure.pddl -f ./problems/BasePN-2And-del-1-d7/problem18.pddl -h blind -s WAStar -dap"
	User time (seconds): 10.11
	System time (seconds): 0.72
	Percent of CPU this job got: 99%
	Elapsed (wall clock) time (h:mm:ss or m:ss): 0:10.85
	Average shared text size (kbytes): 0
	Average unshared data size (kbytes): 0
	Average stack size (kbytes): 0
	Average total size (kbytes): 0
	Maximum resident set size (kbytes): 1351092
	Average resident set size (kbytes): 0
	Major (requiring I/O) page faults: 0
	Minor (reclaiming a frame) page faults: 635591
	Voluntary context switches: 2885
	Involuntary context switches: 3154
	Swaps: 0
	File system inputs: 0
	File system outputs: 112
	Socket messages sent: 0
	Socket messages received: 0
	Signals delivered: 0
	Page size (bytes): 4096
	Exit status: 0
	Command being timed: "timeout 600 java -Xmx64g -jar ./enhsp3.jar -o ./domain_with_failure.pddl -f ./problems/BasePN-2And-del-1-d7/problem19.pddl -h blind -s WAStar -dap"
	User time (seconds): 10.04
	System time (seconds): 0.70
	Percent of CPU this job got: 99%
	Elapsed (wall clock) time (h:mm:ss or m:ss): 0:10.77
	Average shared text size (kbytes): 0
	Average unshared data size (kbytes): 0
	Average stack size (kbytes): 0
	Average total size (kbytes): 0
	Maximum resident set size (kbytes): 1350396
	Average resident set size (kbytes): 0
	Major (requiring I/O) page faults: 0
	Minor (reclaiming a frame) page faults: 631264
	Voluntary context switches: 2863
	Involuntary context switches: 3179
	Swaps: 0
	File system inputs: 0
	File system outputs: 120
	Socket messages sent: 0
	Socket messages received: 0
	Signals delivered: 0
	Page size (bytes): 4096
	Exit status: 0
	Command being timed: "timeout 600 java -Xmx64g -jar ./enhsp3.jar -o ./domain_with_failure.pddl -f ./problems/BasePN-2And-del-1-d7/problem20.pddl -h blind -s WAStar -dap"
	User time (seconds): 9.46
	System time (seconds): 0.72
	Percent of CPU this job got: 99%
	Elapsed (wall clock) time (h:mm:ss or m:ss): 0:10.20
	Average shared text size (kbytes): 0
	Average unshared data size (kbytes): 0
	Average stack size (kbytes): 0
	Average total size (kbytes): 0
	Maximum resident set size (kbytes): 1346596
	Average resident set size (kbytes): 0
	Major (requiring I/O) page faults: 0
	Minor (reclaiming a frame) page faults: 629989
	Voluntary context switches: 2805
	Involuntary context switches: 3013
	Swaps: 0
	File system inputs: 0
	File system outputs: 112
	Socket messages sent: 0
	Socket messages received: 0
	Signals delivered: 0
	Page size (bytes): 4096
	Exit status: 0
	Command being timed: "timeout 600 java -Xmx64g -jar ./enhsp3.jar -o ./domain_with_failure.pddl -f ./problems/BasePN-2And-del-1-d7/problem21.pddl -h blind -s WAStar -dap"
	User time (seconds): 10.10
	System time (seconds): 0.67
	Percent of CPU this job got: 99%
	Elapsed (wall clock) time (h:mm:ss or m:ss): 0:10.81
	Average shared text size (kbytes): 0
	Average unshared data size (kbytes): 0
	Average stack size (kbytes): 0
	Average total size (kbytes): 0
	Maximum resident set size (kbytes): 1349232
	Average resident set size (kbytes): 0
	Major (requiring I/O) page faults: 0
	Minor (reclaiming a frame) page faults: 628917
	Voluntary context switches: 2563
	Involuntary context switches: 3037
	Swaps: 0
	File system inputs: 0
	File system outputs: 136
	Socket messages sent: 0
	Socket messages received: 0
	Signals delivered: 0
	Page size (bytes): 4096
	Exit status: 0
	Command being timed: "timeout 600 java -Xmx64g -jar ./enhsp3.jar -o ./domain_with_failure.pddl -f ./problems/BasePN-2And-del-1-d7/problem22.pddl -h blind -s WAStar -dap"
	User time (seconds): 9.94
	System time (seconds): 0.69
	Percent of CPU this job got: 99%
	Elapsed (wall clock) time (h:mm:ss or m:ss): 0:10.66
	Average shared text size (kbytes): 0
	Average unshared data size (kbytes): 0
	Average stack size (kbytes): 0
	Average total size (kbytes): 0
	Maximum resident set size (kbytes): 1351588
	Average resident set size (kbytes): 0
	Major (requiring I/O) page faults: 0
	Minor (reclaiming a frame) page faults: 633327
	Voluntary context switches: 2999
	Involuntary context switches: 3151
	Swaps: 0
	File system inputs: 0
	File system outputs: 128
	Socket messages sent: 0
	Socket messages received: 0
	Signals delivered: 0
	Page size (bytes): 4096
	Exit status: 0
	Command being timed: "timeout 600 java -Xmx64g -jar ./enhsp3.jar -o ./domain_with_failure.pddl -f ./problems/BasePN-2And-del-1-d7/problem23.pddl -h blind -s WAStar -dap"
	User time (seconds): 9.73
	System time (seconds): 0.70
	Percent of CPU this job got: 99%
	Elapsed (wall clock) time (h:mm:ss or m:ss): 0:10.46
	Average shared text size (kbytes): 0
	Average unshared data size (kbytes): 0
	Average stack size (kbytes): 0
	Average total size (kbytes): 0
	Maximum resident set size (kbytes): 1349656
	Average resident set size (kbytes): 0
	Major (requiring I/O) page faults: 0
	Minor (reclaiming a frame) page faults: 622275
	Voluntary context switches: 2692
	Involuntary context switches: 3032
	Swaps: 0
	File system inputs: 0
	File system outputs: 112
	Socket messages sent: 0
	Socket messages received: 0
	Signals delivered: 0
	Page size (bytes): 4096
	Exit status: 0
	Command being timed: "timeout 600 java -Xmx64g -jar ./enhsp3.jar -o ./domain_with_failure.pddl -f ./problems/BasePN-2And-del-1-d7/problem24.pddl -h blind -s WAStar -dap"
	User time (seconds): 9.98
	System time (seconds): 0.68
	Percent of CPU this job got: 99%
	Elapsed (wall clock) time (h:mm:ss or m:ss): 0:10.70
	Average shared text size (kbytes): 0
	Average unshared data size (kbytes): 0
	Average stack size (kbytes): 0
	Average total size (kbytes): 0
	Maximum resident set size (kbytes): 1351576
	Average resident set size (kbytes): 0
	Major (requiring I/O) page faults: 0
	Minor (reclaiming a frame) page faults: 631906
	Voluntary context switches: 2544
	Involuntary context switches: 2942
	Swaps: 0
	File system inputs: 0
	File system outputs: 112
	Socket messages sent: 0
	Socket messages received: 0
	Signals delivered: 0
	Page size (bytes): 4096
	Exit status: 0
	Command being timed: "timeout 600 java -Xmx64g -jar ./enhsp3.jar -o ./domain_with_failure.pddl -f ./problems/BasePN-2And-del-1-d7/problem25.pddl -h blind -s WAStar -dap"
	User time (seconds): 9.98
	System time (seconds): 0.72
	Percent of CPU this job got: 99%
	Elapsed (wall clock) time (h:mm:ss or m:ss): 0:10.76
	Average shared text size (kbytes): 0
	Average unshared data size (kbytes): 0
	Average stack size (kbytes): 0
	Average total size (kbytes): 0
	Maximum resident set size (kbytes): 1352712
	Average resident set size (kbytes): 0
	Major (requiring I/O) page faults: 0
	Minor (reclaiming a frame) page faults: 623364
	Voluntary context switches: 2708
	Involuntary context switches: 3172
	Swaps: 0
	File system inputs: 0
	File system outputs: 120
	Socket messages sent: 0
	Socket messages received: 0
	Signals delivered: 0
	Page size (bytes): 4096
	Exit status: 0
	Command being timed: "timeout 600 java -Xmx64g -jar ./enhsp3.jar -o ./domain_with_failure.pddl -f ./problems/BasePN-2And-del-1-d7/problem26.pddl -h blind -s WAStar -dap"
	User time (seconds): 10.38
	System time (seconds): 0.72
	Percent of CPU this job got: 99%
	Elapsed (wall clock) time (h:mm:ss or m:ss): 0:11.15
	Average shared text size (kbytes): 0
	Average unshared data size (kbytes): 0
	Average stack size (kbytes): 0
	Average total size (kbytes): 0
	Maximum resident set size (kbytes): 1342568
	Average resident set size (kbytes): 0
	Major (requiring I/O) page faults: 0
	Minor (reclaiming a frame) page faults: 624609
	Voluntary context switches: 2570
	Involuntary context switches: 3218
	Swaps: 0
	File system inputs: 0
	File system outputs: 120
	Socket messages sent: 0
	Socket messages received: 0
	Signals delivered: 0
	Page size (bytes): 4096
	Exit status: 0
	Command being timed: "timeout 600 java -Xmx64g -jar ./enhsp3.jar -o ./domain_with_failure.pddl -f ./problems/BasePN-2And-del-1-d7/problem27.pddl -h blind -s WAStar -dap"
	User time (seconds): 10.33
	System time (seconds): 0.75
	Percent of CPU this job got: 99%
	Elapsed (wall clock) time (h:mm:ss or m:ss): 0:11.12
	Average shared text size (kbytes): 0
	Average unshared data size (kbytes): 0
	Average stack size (kbytes): 0
	Average total size (kbytes): 0
	Maximum resident set size (kbytes): 1383832
	Average resident set size (kbytes): 0
	Major (requiring I/O) page faults: 0
	Minor (reclaiming a frame) page faults: 643682
	Voluntary context switches: 2872
	Involuntary context switches: 3271
	Swaps: 0
	File system inputs: 0
	File system outputs: 112
	Socket messages sent: 0
	Socket messages received: 0
	Signals delivered: 0
	Page size (bytes): 4096
	Exit status: 0
	Command being timed: "timeout 600 java -Xmx64g -jar ./enhsp3.jar -o ./domain_with_failure.pddl -f ./problems/BasePN-2And-del-1-d7/problem28.pddl -h blind -s WAStar -dap"
	User time (seconds): 10.06
	System time (seconds): 0.73
	Percent of CPU this job got: 99%
	Elapsed (wall clock) time (h:mm:ss or m:ss): 0:10.83
	Average shared text size (kbytes): 0
	Average unshared data size (kbytes): 0
	Average stack size (kbytes): 0
	Average total size (kbytes): 0
	Maximum resident set size (kbytes): 1347400
	Average resident set size (kbytes): 0
	Major (requiring I/O) page faults: 0
	Minor (reclaiming a frame) page faults: 629645
	Voluntary context switches: 2663
	Involuntary context switches: 3090
	Swaps: 0
	File system inputs: 0
	File system outputs: 120
	Socket messages sent: 0
	Socket messages received: 0
	Signals delivered: 0
	Page size (bytes): 4096
	Exit status: 0
	Command being timed: "timeout 600 java -Xmx64g -jar ./enhsp3.jar -o ./domain_with_failure.pddl -f ./problems/BasePN-2And-del-1-d7/problem29.pddl -h blind -s WAStar -dap"
	User time (seconds): 10.09
	System time (seconds): 0.69
	Percent of CPU this job got: 99%
	Elapsed (wall clock) time (h:mm:ss or m:ss): 0:10.80
	Average shared text size (kbytes): 0
	Average unshared data size (kbytes): 0
	Average stack size (kbytes): 0
	Average total size (kbytes): 0
	Maximum resident set size (kbytes): 1351320
	Average resident set size (kbytes): 0
	Major (requiring I/O) page faults: 0
	Minor (reclaiming a frame) page faults: 622232
	Voluntary context switches: 2372
	Involuntary context switches: 2976
	Swaps: 0
	File system inputs: 0
	File system outputs: 120
	Socket messages sent: 0
	Socket messages received: 0
	Signals delivered: 0
	Page size (bytes): 4096
	Exit status: 0
	Command being timed: "timeout 600 java -Xmx64g -jar ./enhsp3.jar -o ./domain_with_failure.pddl -f ./problems/BasePN-2And-del-1-d7/problem30.pddl -h blind -s WAStar -dap"
	User time (seconds): 10.21
	System time (seconds): 0.69
	Percent of CPU this job got: 99%
	Elapsed (wall clock) time (h:mm:ss or m:ss): 0:10.93
	Average shared text size (kbytes): 0
	Average unshared data size (kbytes): 0
	Average stack size (kbytes): 0
	Average total size (kbytes): 0
	Maximum resident set size (kbytes): 1350800
	Average resident set size (kbytes): 0
	Major (requiring I/O) page faults: 0
	Minor (reclaiming a frame) page faults: 634789
	Voluntary context switches: 2652
	Involuntary context switches: 3072
	Swaps: 0
	File system inputs: 0
	File system outputs: 144
	Socket messages sent: 0
	Socket messages received: 0
	Signals delivered: 0
	Page size (bytes): 4096
	Exit status: 0
	Command being timed: "timeout 600 java -Xmx64g -jar ./enhsp3.jar -o ./domain_with_failure.pddl -f ./problems/BasePN-2And-del-1-d7/problem31.pddl -h blind -s WAStar -dap"
	User time (seconds): 9.90
	System time (seconds): 0.71
	Percent of CPU this job got: 99%
	Elapsed (wall clock) time (h:mm:ss or m:ss): 0:10.65
	Average shared text size (kbytes): 0
	Average unshared data size (kbytes): 0
	Average stack size (kbytes): 0
	Average total size (kbytes): 0
	Maximum resident set size (kbytes): 1351184
	Average resident set size (kbytes): 0
	Major (requiring I/O) page faults: 0
	Minor (reclaiming a frame) page faults: 632957
	Voluntary context switches: 2782
	Involuntary context switches: 3154
	Swaps: 0
	File system inputs: 0
	File system outputs: 112
	Socket messages sent: 0
	Socket messages received: 0
	Signals delivered: 0
	Page size (bytes): 4096
	Exit status: 0
	Command being timed: "timeout 600 java -Xmx64g -jar ./enhsp3.jar -o ./domain_with_failure.pddl -f ./problems/BasePN-2And-del-1-d7/problem32.pddl -h blind -s WAStar -dap"
	User time (seconds): 9.68
	System time (seconds): 0.68
	Percent of CPU this job got: 99%
	Elapsed (wall clock) time (h:mm:ss or m:ss): 0:10.39
	Average shared text size (kbytes): 0
	Average unshared data size (kbytes): 0
	Average stack size (kbytes): 0
	Average total size (kbytes): 0
	Maximum resident set size (kbytes): 1349460
	Average resident set size (kbytes): 0
	Major (requiring I/O) page faults: 0
	Minor (reclaiming a frame) page faults: 635912
	Voluntary context switches: 2296
	Involuntary context switches: 2733
	Swaps: 0
	File system inputs: 0
	File system outputs: 120
	Socket messages sent: 0
	Socket messages received: 0
	Signals delivered: 0
	Page size (bytes): 4096
	Exit status: 0
	Command being timed: "timeout 600 java -Xmx64g -jar ./enhsp3.jar -o ./domain_with_failure.pddl -f ./problems/BasePN-2And-del-1-d7/problem33.pddl -h blind -s WAStar -dap"
	User time (seconds): 10.12
	System time (seconds): 0.67
	Percent of CPU this job got: 99%
	Elapsed (wall clock) time (h:mm:ss or m:ss): 0:10.82
	Average shared text size (kbytes): 0
	Average unshared data size (kbytes): 0
	Average stack size (kbytes): 0
	Average total size (kbytes): 0
	Maximum resident set size (kbytes): 1346204
	Average resident set size (kbytes): 0
	Major (requiring I/O) page faults: 0
	Minor (reclaiming a frame) page faults: 624324
	Voluntary context switches: 2505
	Involuntary context switches: 3009
	Swaps: 0
	File system inputs: 0
	File system outputs: 120
	Socket messages sent: 0
	Socket messages received: 0
	Signals delivered: 0
	Page size (bytes): 4096
	Exit status: 0
	Command being timed: "timeout 600 java -Xmx64g -jar ./enhsp3.jar -o ./domain_with_failure.pddl -f ./problems/BasePN-2And-del-1-d7/problem34.pddl -h blind -s WAStar -dap"
	User time (seconds): 9.40
	System time (seconds): 0.71
	Percent of CPU this job got: 99%
	Elapsed (wall clock) time (h:mm:ss or m:ss): 0:10.14
	Average shared text size (kbytes): 0
	Average unshared data size (kbytes): 0
	Average stack size (kbytes): 0
	Average total size (kbytes): 0
	Maximum resident set size (kbytes): 1349540
	Average resident set size (kbytes): 0
	Major (requiring I/O) page faults: 0
	Minor (reclaiming a frame) page faults: 631233
	Voluntary context switches: 2528
	Involuntary context switches: 2826
	Swaps: 0
	File system inputs: 0
	File system outputs: 112
	Socket messages sent: 0
	Socket messages received: 0
	Signals delivered: 0
	Page size (bytes): 4096
	Exit status: 0
	Command being timed: "timeout 600 java -Xmx64g -jar ./enhsp3.jar -o ./domain_with_failure.pddl -f ./problems/BasePN-2And-del-1-d7/problem35.pddl -h blind -s WAStar -dap"
	User time (seconds): 9.61
	System time (seconds): 0.69
	Percent of CPU this job got: 99%
	Elapsed (wall clock) time (h:mm:ss or m:ss): 0:10.35
	Average shared text size (kbytes): 0
	Average unshared data size (kbytes): 0
	Average stack size (kbytes): 0
	Average total size (kbytes): 0
	Maximum resident set size (kbytes): 1348660
	Average resident set size (kbytes): 0
	Major (requiring I/O) page faults: 0
	Minor (reclaiming a frame) page faults: 637642
	Voluntary context switches: 2765
	Involuntary context switches: 2952
	Swaps: 0
	File system inputs: 0
	File system outputs: 112
	Socket messages sent: 0
	Socket messages received: 0
	Signals delivered: 0
	Page size (bytes): 4096
	Exit status: 0
	Command being timed: "timeout 600 java -Xmx64g -jar ./enhsp3.jar -o ./domain_with_failure.pddl -f ./problems/BasePN-2And-del-1-d7/problem36.pddl -h blind -s WAStar -dap"
	User time (seconds): 9.80
	System time (seconds): 0.72
	Percent of CPU this job got: 99%
	Elapsed (wall clock) time (h:mm:ss or m:ss): 0:10.57
	Average shared text size (kbytes): 0
	Average unshared data size (kbytes): 0
	Average stack size (kbytes): 0
	Average total size (kbytes): 0
	Maximum resident set size (kbytes): 1345576
	Average resident set size (kbytes): 0
	Major (requiring I/O) page faults: 0
	Minor (reclaiming a frame) page faults: 630661
	Voluntary context switches: 2780
	Involuntary context switches: 3079
	Swaps: 0
	File system inputs: 0
	File system outputs: 128
	Socket messages sent: 0
	Socket messages received: 0
	Signals delivered: 0
	Page size (bytes): 4096
	Exit status: 0
	Command being timed: "timeout 600 java -Xmx64g -jar ./enhsp3.jar -o ./domain_with_failure.pddl -f ./problems/BasePN-2And-del-1-d7/problem37.pddl -h blind -s WAStar -dap"
	User time (seconds): 9.92
	System time (seconds): 0.71
	Percent of CPU this job got: 99%
	Elapsed (wall clock) time (h:mm:ss or m:ss): 0:10.68
	Average shared text size (kbytes): 0
	Average unshared data size (kbytes): 0
	Average stack size (kbytes): 0
	Average total size (kbytes): 0
	Maximum resident set size (kbytes): 1351272
	Average resident set size (kbytes): 0
	Major (requiring I/O) page faults: 0
	Minor (reclaiming a frame) page faults: 623445
	Voluntary context switches: 2465
	Involuntary context switches: 2983
	Swaps: 0
	File system inputs: 0
	File system outputs: 112
	Socket messages sent: 0
	Socket messages received: 0
	Signals delivered: 0
	Page size (bytes): 4096
	Exit status: 0
	Command being timed: "timeout 600 java -Xmx64g -jar ./enhsp3.jar -o ./domain_with_failure.pddl -f ./problems/BasePN-2And-del-1-d7/problem38.pddl -h blind -s WAStar -dap"
	User time (seconds): 9.67
	System time (seconds): 0.70
	Percent of CPU this job got: 99%
	Elapsed (wall clock) time (h:mm:ss or m:ss): 0:10.40
	Average shared text size (kbytes): 0
	Average unshared data size (kbytes): 0
	Average stack size (kbytes): 0
	Average total size (kbytes): 0
	Maximum resident set size (kbytes): 1350472
	Average resident set size (kbytes): 0
	Major (requiring I/O) page faults: 0
	Minor (reclaiming a frame) page faults: 631512
	Voluntary context switches: 2517
	Involuntary context switches: 2886
	Swaps: 0
	File system inputs: 0
	File system outputs: 112
	Socket messages sent: 0
	Socket messages received: 0
	Signals delivered: 0
	Page size (bytes): 4096
	Exit status: 0
	Command being timed: "timeout 600 java -Xmx64g -jar ./enhsp3.jar -o ./domain_with_failure.pddl -f ./problems/BasePN-2And-del-1-d7/problem39.pddl -h blind -s WAStar -dap"
	User time (seconds): 9.96
	System time (seconds): 0.66
	Percent of CPU this job got: 99%
	Elapsed (wall clock) time (h:mm:ss or m:ss): 0:10.65
	Average shared text size (kbytes): 0
	Average unshared data size (kbytes): 0
	Average stack size (kbytes): 0
	Average total size (kbytes): 0
	Maximum resident set size (kbytes): 1351536
	Average resident set size (kbytes): 0
	Major (requiring I/O) page faults: 0
	Minor (reclaiming a frame) page faults: 625254
	Voluntary context switches: 2849
	Involuntary context switches: 3152
	Swaps: 0
	File system inputs: 0
	File system outputs: 128
	Socket messages sent: 0
	Socket messages received: 0
	Signals delivered: 0
	Page size (bytes): 4096
	Exit status: 0
	Command being timed: "timeout 600 java -Xmx64g -jar ./enhsp3.jar -o ./domain_with_failure.pddl -f ./problems/BasePN-2And-del-1-d7/problem40.pddl -h blind -s WAStar -dap"
	User time (seconds): 9.50
	System time (seconds): 0.69
	Percent of CPU this job got: 99%
	Elapsed (wall clock) time (h:mm:ss or m:ss): 0:10.24
	Average shared text size (kbytes): 0
	Average unshared data size (kbytes): 0
	Average stack size (kbytes): 0
	Average total size (kbytes): 0
	Maximum resident set size (kbytes): 1350556
	Average resident set size (kbytes): 0
	Major (requiring I/O) page faults: 0
	Minor (reclaiming a frame) page faults: 636317
	Voluntary context switches: 2541
	Involuntary context switches: 2877
	Swaps: 0
	File system inputs: 0
	File system outputs: 112
	Socket messages sent: 0
	Socket messages received: 0
	Signals delivered: 0
	Page size (bytes): 4096
	Exit status: 0
	Command being timed: "timeout 600 java -Xmx64g -jar ./enhsp3.jar -o ./domain_with_failure.pddl -f ./problems/BasePN-2And-del-1-d7/problem41.pddl -h blind -s WAStar -dap"
	User time (seconds): 9.68
	System time (seconds): 0.70
	Percent of CPU this job got: 99%
	Elapsed (wall clock) time (h:mm:ss or m:ss): 0:10.41
	Average shared text size (kbytes): 0
	Average unshared data size (kbytes): 0
	Average stack size (kbytes): 0
	Average total size (kbytes): 0
	Maximum resident set size (kbytes): 1346564
	Average resident set size (kbytes): 0
	Major (requiring I/O) page faults: 0
	Minor (reclaiming a frame) page faults: 638353
	Voluntary context switches: 2520
	Involuntary context switches: 2853
	Swaps: 0
	File system inputs: 0
	File system outputs: 112
	Socket messages sent: 0
	Socket messages received: 0
	Signals delivered: 0
	Page size (bytes): 4096
	Exit status: 0
	Command being timed: "timeout 600 java -Xmx64g -jar ./enhsp3.jar -o ./domain_with_failure.pddl -f ./problems/BasePN-2And-del-1-d7/problem42.pddl -h blind -s WAStar -dap"
	User time (seconds): 9.71
	System time (seconds): 0.68
	Percent of CPU this job got: 99%
	Elapsed (wall clock) time (h:mm:ss or m:ss): 0:10.41
	Average shared text size (kbytes): 0
	Average unshared data size (kbytes): 0
	Average stack size (kbytes): 0
	Average total size (kbytes): 0
	Maximum resident set size (kbytes): 1349976
	Average resident set size (kbytes): 0
	Major (requiring I/O) page faults: 0
	Minor (reclaiming a frame) page faults: 631911
	Voluntary context switches: 2473
	Involuntary context switches: 2870
	Swaps: 0
	File system inputs: 0
	File system outputs: 112
	Socket messages sent: 0
	Socket messages received: 0
	Signals delivered: 0
	Page size (bytes): 4096
	Exit status: 0
	Command being timed: "timeout 600 java -Xmx64g -jar ./enhsp3.jar -o ./domain_with_failure.pddl -f ./problems/BasePN-2And-del-1-d7/problem43.pddl -h blind -s WAStar -dap"
	User time (seconds): 9.93
	System time (seconds): 0.73
	Percent of CPU this job got: 99%
	Elapsed (wall clock) time (h:mm:ss or m:ss): 0:10.70
	Average shared text size (kbytes): 0
	Average unshared data size (kbytes): 0
	Average stack size (kbytes): 0
	Average total size (kbytes): 0
	Maximum resident set size (kbytes): 1353576
	Average resident set size (kbytes): 0
	Major (requiring I/O) page faults: 0
	Minor (reclaiming a frame) page faults: 625239
	Voluntary context switches: 2483
	Involuntary context switches: 2963
	Swaps: 0
	File system inputs: 0
	File system outputs: 112
	Socket messages sent: 0
	Socket messages received: 0
	Signals delivered: 0
	Page size (bytes): 4096
	Exit status: 0
	Command being timed: "timeout 600 java -Xmx64g -jar ./enhsp3.jar -o ./domain_with_failure.pddl -f ./problems/BasePN-2And-del-1-d7/problem44.pddl -h blind -s WAStar -dap"
	User time (seconds): 9.91
	System time (seconds): 0.64
	Percent of CPU this job got: 99%
	Elapsed (wall clock) time (h:mm:ss or m:ss): 0:10.57
	Average shared text size (kbytes): 0
	Average unshared data size (kbytes): 0
	Average stack size (kbytes): 0
	Average total size (kbytes): 0
	Maximum resident set size (kbytes): 1350460
	Average resident set size (kbytes): 0
	Major (requiring I/O) page faults: 0
	Minor (reclaiming a frame) page faults: 553689
	Voluntary context switches: 2669
	Involuntary context switches: 3078
	Swaps: 0
	File system inputs: 0
	File system outputs: 128
	Socket messages sent: 0
	Socket messages received: 0
	Signals delivered: 0
	Page size (bytes): 4096
	Exit status: 0
	Command being timed: "timeout 600 java -Xmx64g -jar ./enhsp3.jar -o ./domain_with_failure.pddl -f ./problems/BasePN-2And-del-1-d7/problem45.pddl -h blind -s WAStar -dap"
	User time (seconds): 9.59
	System time (seconds): 0.70
	Percent of CPU this job got: 99%
	Elapsed (wall clock) time (h:mm:ss or m:ss): 0:10.33
	Average shared text size (kbytes): 0
	Average unshared data size (kbytes): 0
	Average stack size (kbytes): 0
	Average total size (kbytes): 0
	Maximum resident set size (kbytes): 1344408
	Average resident set size (kbytes): 0
	Major (requiring I/O) page faults: 0
	Minor (reclaiming a frame) page faults: 630131
	Voluntary context switches: 2762
	Involuntary context switches: 2985
	Swaps: 0
	File system inputs: 0
	File system outputs: 128
	Socket messages sent: 0
	Socket messages received: 0
	Signals delivered: 0
	Page size (bytes): 4096
	Exit status: 0
	Command being timed: "timeout 600 java -Xmx64g -jar ./enhsp3.jar -o ./domain_with_failure.pddl -f ./problems/BasePN-2And-del-1-d7/problem46.pddl -h blind -s WAStar -dap"
	User time (seconds): 10.44
	System time (seconds): 0.72
	Percent of CPU this job got: 99%
	Elapsed (wall clock) time (h:mm:ss or m:ss): 0:11.27
	Average shared text size (kbytes): 0
	Average unshared data size (kbytes): 0
	Average stack size (kbytes): 0
	Average total size (kbytes): 0
	Maximum resident set size (kbytes): 1381476
	Average resident set size (kbytes): 0
	Major (requiring I/O) page faults: 0
	Minor (reclaiming a frame) page faults: 643557
	Voluntary context switches: 2789
	Involuntary context switches: 3252
	Swaps: 0
	File system inputs: 0
	File system outputs: 128
	Socket messages sent: 0
	Socket messages received: 0
	Signals delivered: 0
	Page size (bytes): 4096
	Exit status: 0
	Command being timed: "timeout 600 java -Xmx64g -jar ./enhsp3.jar -o ./domain_with_failure.pddl -f ./problems/BasePN-2And-del-1-d7/problem47.pddl -h blind -s WAStar -dap"
	User time (seconds): 9.65
	System time (seconds): 0.63
	Percent of CPU this job got: 99%
	Elapsed (wall clock) time (h:mm:ss or m:ss): 0:10.33
	Average shared text size (kbytes): 0
	Average unshared data size (kbytes): 0
	Average stack size (kbytes): 0
	Average total size (kbytes): 0
	Maximum resident set size (kbytes): 1346844
	Average resident set size (kbytes): 0
	Major (requiring I/O) page faults: 0
	Minor (reclaiming a frame) page faults: 627725
	Voluntary context switches: 2577
	Involuntary context switches: 2944
	Swaps: 0
	File system inputs: 0
	File system outputs: 128
	Socket messages sent: 0
	Socket messages received: 0
	Signals delivered: 0
	Page size (bytes): 4096
	Exit status: 0
	Command being timed: "timeout 600 java -Xmx64g -jar ./enhsp3.jar -o ./domain_with_failure.pddl -f ./problems/BasePN-2And-del-1-d7/problem48.pddl -h blind -s WAStar -dap"
	User time (seconds): 9.73
	System time (seconds): 0.68
	Percent of CPU this job got: 99%
	Elapsed (wall clock) time (h:mm:ss or m:ss): 0:10.43
	Average shared text size (kbytes): 0
	Average unshared data size (kbytes): 0
	Average stack size (kbytes): 0
	Average total size (kbytes): 0
	Maximum resident set size (kbytes): 1352744
	Average resident set size (kbytes): 0
	Major (requiring I/O) page faults: 0
	Minor (reclaiming a frame) page faults: 632906
	Voluntary context switches: 2708
	Involuntary context switches: 3006
	Swaps: 0
	File system inputs: 0
	File system outputs: 120
	Socket messages sent: 0
	Socket messages received: 0
	Signals delivered: 0
	Page size (bytes): 4096
	Exit status: 0
	Command being timed: "timeout 600 java -Xmx64g -jar ./enhsp3.jar -o ./domain_with_failure.pddl -f ./problems/BasePN-2And-del-1-d7/problem49.pddl -h blind -s WAStar -dap"
	User time (seconds): 9.57
	System time (seconds): 0.72
	Percent of CPU this job got: 99%
	Elapsed (wall clock) time (h:mm:ss or m:ss): 0:10.31
	Average shared text size (kbytes): 0
	Average unshared data size (kbytes): 0
	Average stack size (kbytes): 0
	Average total size (kbytes): 0
	Maximum resident set size (kbytes): 1350784
	Average resident set size (kbytes): 0
	Major (requiring I/O) page faults: 0
	Minor (reclaiming a frame) page faults: 622922
	Voluntary context switches: 2708
	Involuntary context switches: 2926
	Swaps: 0
	File system inputs: 0
	File system outputs: 120
	Socket messages sent: 0
	Socket messages received: 0
	Signals delivered: 0
	Page size (bytes): 4096
	Exit status: 0
	Command being timed: "timeout 600 java -Xmx64g -jar ./enhsp3.jar -o ./domain_with_failure.pddl -f ./problems/BasePN-2And-del-1-d7/problem50.pddl -h blind -s WAStar -dap"
	User time (seconds): 9.48
	System time (seconds): 0.69
	Percent of CPU this job got: 99%
	Elapsed (wall clock) time (h:mm:ss or m:ss): 0:10.21
	Average shared text size (kbytes): 0
	Average unshared data size (kbytes): 0
	Average stack size (kbytes): 0
	Average total size (kbytes): 0
	Maximum resident set size (kbytes): 1349432
	Average resident set size (kbytes): 0
	Major (requiring I/O) page faults: 0
	Minor (reclaiming a frame) page faults: 630682
	Voluntary context switches: 2520
	Involuntary context switches: 2839
	Swaps: 0
	File system inputs: 0
	File system outputs: 136
	Socket messages sent: 0
	Socket messages received: 0
	Signals delivered: 0
	Page size (bytes): 4096
	Exit status: 0
	Command being timed: "timeout 600 java -Xmx64g -jar ./enhsp3.jar -o ./domain_with_failure.pddl -f ./problems/BasePN-2And-del-1-d7/problem51.pddl -h blind -s WAStar -dap"
	User time (seconds): 11.05
	System time (seconds): 0.73
	Percent of CPU this job got: 99%
	Elapsed (wall clock) time (h:mm:ss or m:ss): 0:11.81
	Average shared text size (kbytes): 0
	Average unshared data size (kbytes): 0
	Average stack size (kbytes): 0
	Average total size (kbytes): 0
	Maximum resident set size (kbytes): 1381732
	Average resident set size (kbytes): 0
	Major (requiring I/O) page faults: 0
	Minor (reclaiming a frame) page faults: 641256
	Voluntary context switches: 3122
	Involuntary context switches: 3488
	Swaps: 0
	File system inputs: 0
	File system outputs: 128
	Socket messages sent: 0
	Socket messages received: 0
	Signals delivered: 0
	Page size (bytes): 4096
	Exit status: 0
	Command being timed: "timeout 600 java -Xmx64g -jar ./enhsp3.jar -o ./domain_with_failure.pddl -f ./problems/BasePN-2And-del-1-d7/problem52.pddl -h blind -s WAStar -dap"
	User time (seconds): 9.88
	System time (seconds): 0.72
	Percent of CPU this job got: 99%
	Elapsed (wall clock) time (h:mm:ss or m:ss): 0:10.63
	Average shared text size (kbytes): 0
	Average unshared data size (kbytes): 0
	Average stack size (kbytes): 0
	Average total size (kbytes): 0
	Maximum resident set size (kbytes): 1350172
	Average resident set size (kbytes): 0
	Major (requiring I/O) page faults: 0
	Minor (reclaiming a frame) page faults: 629580
	Voluntary context switches: 2699
	Involuntary context switches: 3086
	Swaps: 0
	File system inputs: 0
	File system outputs: 120
	Socket messages sent: 0
	Socket messages received: 0
	Signals delivered: 0
	Page size (bytes): 4096
	Exit status: 0
	Command being timed: "timeout 600 java -Xmx64g -jar ./enhsp3.jar -o ./domain_with_failure.pddl -f ./problems/BasePN-2And-del-1-d7/problem53.pddl -h blind -s WAStar -dap"
	User time (seconds): 10.18
	System time (seconds): 0.67
	Percent of CPU this job got: 99%
	Elapsed (wall clock) time (h:mm:ss or m:ss): 0:10.95
	Average shared text size (kbytes): 0
	Average unshared data size (kbytes): 0
	Average stack size (kbytes): 0
	Average total size (kbytes): 0
	Maximum resident set size (kbytes): 1351168
	Average resident set size (kbytes): 0
	Major (requiring I/O) page faults: 0
	Minor (reclaiming a frame) page faults: 551158
	Voluntary context switches: 2765
	Involuntary context switches: 3334
	Swaps: 0
	File system inputs: 0
	File system outputs: 120
	Socket messages sent: 0
	Socket messages received: 0
	Signals delivered: 0
	Page size (bytes): 4096
	Exit status: 0
	Command being timed: "timeout 600 java -Xmx64g -jar ./enhsp3.jar -o ./domain_with_failure.pddl -f ./problems/BasePN-2And-del-1-d7/problem54.pddl -h blind -s WAStar -dap"
	User time (seconds): 10.31
	System time (seconds): 0.71
	Percent of CPU this job got: 99%
	Elapsed (wall clock) time (h:mm:ss or m:ss): 0:11.05
	Average shared text size (kbytes): 0
	Average unshared data size (kbytes): 0
	Average stack size (kbytes): 0
	Average total size (kbytes): 0
	Maximum resident set size (kbytes): 1348964
	Average resident set size (kbytes): 0
	Major (requiring I/O) page faults: 0
	Minor (reclaiming a frame) page faults: 630718
	Voluntary context switches: 2851
	Involuntary context switches: 3287
	Swaps: 0
	File system inputs: 0
	File system outputs: 112
	Socket messages sent: 0
	Socket messages received: 0
	Signals delivered: 0
	Page size (bytes): 4096
	Exit status: 0
	Command being timed: "timeout 600 java -Xmx64g -jar ./enhsp3.jar -o ./domain_with_failure.pddl -f ./problems/BasePN-2And-del-1-d7/problem55.pddl -h blind -s WAStar -dap"
	User time (seconds): 9.61
	System time (seconds): 0.65
	Percent of CPU this job got: 99%
	Elapsed (wall clock) time (h:mm:ss or m:ss): 0:10.27
	Average shared text size (kbytes): 0
	Average unshared data size (kbytes): 0
	Average stack size (kbytes): 0
	Average total size (kbytes): 0
	Maximum resident set size (kbytes): 1350060
	Average resident set size (kbytes): 0
	Major (requiring I/O) page faults: 0
	Minor (reclaiming a frame) page faults: 629611
	Voluntary context switches: 2697
	Involuntary context switches: 2945
	Swaps: 0
	File system inputs: 0
	File system outputs: 128
	Socket messages sent: 0
	Socket messages received: 0
	Signals delivered: 0
	Page size (bytes): 4096
	Exit status: 0
	Command being timed: "timeout 600 java -Xmx64g -jar ./enhsp3.jar -o ./domain_with_failure.pddl -f ./problems/BasePN-2And-del-1-d7/problem56.pddl -h blind -s WAStar -dap"
	User time (seconds): 9.70
	System time (seconds): 0.71
	Percent of CPU this job got: 99%
	Elapsed (wall clock) time (h:mm:ss or m:ss): 0:10.43
	Average shared text size (kbytes): 0
	Average unshared data size (kbytes): 0
	Average stack size (kbytes): 0
	Average total size (kbytes): 0
	Maximum resident set size (kbytes): 1352240
	Average resident set size (kbytes): 0
	Major (requiring I/O) page faults: 0
	Minor (reclaiming a frame) page faults: 633741
	Voluntary context switches: 2940
	Involuntary context switches: 3099
	Swaps: 0
	File system inputs: 0
	File system outputs: 128
	Socket messages sent: 0
	Socket messages received: 0
	Signals delivered: 0
	Page size (bytes): 4096
	Exit status: 0
	Command being timed: "timeout 600 java -Xmx64g -jar ./enhsp3.jar -o ./domain_with_failure.pddl -f ./problems/BasePN-2And-del-1-d7/problem57.pddl -h blind -s WAStar -dap"
	User time (seconds): 10.08
	System time (seconds): 0.69
	Percent of CPU this job got: 99%
	Elapsed (wall clock) time (h:mm:ss or m:ss): 0:10.80
	Average shared text size (kbytes): 0
	Average unshared data size (kbytes): 0
	Average stack size (kbytes): 0
	Average total size (kbytes): 0
	Maximum resident set size (kbytes): 1346896
	Average resident set size (kbytes): 0
	Major (requiring I/O) page faults: 0
	Minor (reclaiming a frame) page faults: 634451
	Voluntary context switches: 2743
	Involuntary context switches: 3169
	Swaps: 0
	File system inputs: 0
	File system outputs: 120
	Socket messages sent: 0
	Socket messages received: 0
	Signals delivered: 0
	Page size (bytes): 4096
	Exit status: 0
	Command being timed: "timeout 600 java -Xmx64g -jar ./enhsp3.jar -o ./domain_with_failure.pddl -f ./problems/BasePN-2And-del-1-d7/problem58.pddl -h blind -s WAStar -dap"
	User time (seconds): 9.29
	System time (seconds): 0.73
	Percent of CPU this job got: 99%
	Elapsed (wall clock) time (h:mm:ss or m:ss): 0:10.05
	Average shared text size (kbytes): 0
	Average unshared data size (kbytes): 0
	Average stack size (kbytes): 0
	Average total size (kbytes): 0
	Maximum resident set size (kbytes): 1348336
	Average resident set size (kbytes): 0
	Major (requiring I/O) page faults: 0
	Minor (reclaiming a frame) page faults: 634233
	Voluntary context switches: 2405
	Involuntary context switches: 2653
	Swaps: 0
	File system inputs: 0
	File system outputs: 128
	Socket messages sent: 0
	Socket messages received: 0
	Signals delivered: 0
	Page size (bytes): 4096
	Exit status: 0
	Command being timed: "timeout 600 java -Xmx64g -jar ./enhsp3.jar -o ./domain_with_failure.pddl -f ./problems/BasePN-2And-del-1-d7/problem59.pddl -h blind -s WAStar -dap"
	User time (seconds): 10.12
	System time (seconds): 0.70
	Percent of CPU this job got: 99%
	Elapsed (wall clock) time (h:mm:ss or m:ss): 0:10.86
	Average shared text size (kbytes): 0
	Average unshared data size (kbytes): 0
	Average stack size (kbytes): 0
	Average total size (kbytes): 0
	Maximum resident set size (kbytes): 1350208
	Average resident set size (kbytes): 0
	Major (requiring I/O) page faults: 0
	Minor (reclaiming a frame) page faults: 631346
	Voluntary context switches: 2632
	Involuntary context switches: 3027
	Swaps: 0
	File system inputs: 0
	File system outputs: 128
	Socket messages sent: 0
	Socket messages received: 0
	Signals delivered: 0
	Page size (bytes): 4096
	Exit status: 0
	Command being timed: "timeout 600 java -Xmx64g -jar ./enhsp3.jar -o ./domain_with_failure.pddl -f ./problems/BasePN-2And-del-1-d7/problem60.pddl -h blind -s WAStar -dap"
	User time (seconds): 9.78
	System time (seconds): 0.68
	Percent of CPU this job got: 99%
	Elapsed (wall clock) time (h:mm:ss or m:ss): 0:10.49
	Average shared text size (kbytes): 0
	Average unshared data size (kbytes): 0
	Average stack size (kbytes): 0
	Average total size (kbytes): 0
	Maximum resident set size (kbytes): 1345504
	Average resident set size (kbytes): 0
	Major (requiring I/O) page faults: 0
	Minor (reclaiming a frame) page faults: 637100
	Voluntary context switches: 2477
	Involuntary context switches: 2940
	Swaps: 0
	File system inputs: 0
	File system outputs: 128
	Socket messages sent: 0
	Socket messages received: 0
	Signals delivered: 0
	Page size (bytes): 4096
	Exit status: 0
	Command being timed: "timeout 600 java -Xmx64g -jar ./enhsp3.jar -o ./domain_with_failure.pddl -f ./problems/BasePN-2And-del-1-d7/problem61.pddl -h blind -s WAStar -dap"
	User time (seconds): 9.62
	System time (seconds): 0.67
	Percent of CPU this job got: 99%
	Elapsed (wall clock) time (h:mm:ss or m:ss): 0:10.32
	Average shared text size (kbytes): 0
	Average unshared data size (kbytes): 0
	Average stack size (kbytes): 0
	Average total size (kbytes): 0
	Maximum resident set size (kbytes): 1351704
	Average resident set size (kbytes): 0
	Major (requiring I/O) page faults: 0
	Minor (reclaiming a frame) page faults: 632771
	Voluntary context switches: 2696
	Involuntary context switches: 2986
	Swaps: 0
	File system inputs: 0
	File system outputs: 128
	Socket messages sent: 0
	Socket messages received: 0
	Signals delivered: 0
	Page size (bytes): 4096
	Exit status: 0
	Command being timed: "timeout 600 java -Xmx64g -jar ./enhsp3.jar -o ./domain_with_failure.pddl -f ./problems/BasePN-2And-del-1-d7/problem62.pddl -h blind -s WAStar -dap"
	User time (seconds): 9.79
	System time (seconds): 0.69
	Percent of CPU this job got: 99%
	Elapsed (wall clock) time (h:mm:ss or m:ss): 0:10.52
	Average shared text size (kbytes): 0
	Average unshared data size (kbytes): 0
	Average stack size (kbytes): 0
	Average total size (kbytes): 0
	Maximum resident set size (kbytes): 1352272
	Average resident set size (kbytes): 0
	Major (requiring I/O) page faults: 0
	Minor (reclaiming a frame) page faults: 636802
	Voluntary context switches: 2826
	Involuntary context switches: 3104
	Swaps: 0
	File system inputs: 0
	File system outputs: 120
	Socket messages sent: 0
	Socket messages received: 0
	Signals delivered: 0
	Page size (bytes): 4096
	Exit status: 0
	Command being timed: "timeout 600 java -Xmx64g -jar ./enhsp3.jar -o ./domain_with_failure.pddl -f ./problems/BasePN-2And-del-1-d7/problem63.pddl -h blind -s WAStar -dap"
	User time (seconds): 10.06
	System time (seconds): 0.64
	Percent of CPU this job got: 99%
	Elapsed (wall clock) time (h:mm:ss or m:ss): 0:10.74
	Average shared text size (kbytes): 0
	Average unshared data size (kbytes): 0
	Average stack size (kbytes): 0
	Average total size (kbytes): 0
	Maximum resident set size (kbytes): 1346192
	Average resident set size (kbytes): 0
	Major (requiring I/O) page faults: 0
	Minor (reclaiming a frame) page faults: 556288
	Voluntary context switches: 2400
	Involuntary context switches: 3008
	Swaps: 0
	File system inputs: 0
	File system outputs: 120
	Socket messages sent: 0
	Socket messages received: 0
	Signals delivered: 0
	Page size (bytes): 4096
	Exit status: 0
	Command being timed: "timeout 600 java -Xmx64g -jar ./enhsp3.jar -o ./domain_with_failure.pddl -f ./problems/BasePN-2And-del-1-d7/problem64.pddl -h blind -s WAStar -dap"
	User time (seconds): 9.70
	System time (seconds): 0.70
	Percent of CPU this job got: 99%
	Elapsed (wall clock) time (h:mm:ss or m:ss): 0:10.44
	Average shared text size (kbytes): 0
	Average unshared data size (kbytes): 0
	Average stack size (kbytes): 0
	Average total size (kbytes): 0
	Maximum resident set size (kbytes): 1351684
	Average resident set size (kbytes): 0
	Major (requiring I/O) page faults: 0
	Minor (reclaiming a frame) page faults: 632954
	Voluntary context switches: 2603
	Involuntary context switches: 2936
	Swaps: 0
	File system inputs: 0
	File system outputs: 136
	Socket messages sent: 0
	Socket messages received: 0
	Signals delivered: 0
	Page size (bytes): 4096
	Exit status: 0
	Command being timed: "timeout 600 java -Xmx64g -jar ./enhsp3.jar -o ./domain_with_failure.pddl -f ./problems/BasePN-2And-del-1-d7/problem65.pddl -h blind -s WAStar -dap"
	User time (seconds): 9.65
	System time (seconds): 0.73
	Percent of CPU this job got: 99%
	Elapsed (wall clock) time (h:mm:ss or m:ss): 0:10.42
	Average shared text size (kbytes): 0
	Average unshared data size (kbytes): 0
	Average stack size (kbytes): 0
	Average total size (kbytes): 0
	Maximum resident set size (kbytes): 1350456
	Average resident set size (kbytes): 0
	Major (requiring I/O) page faults: 0
	Minor (reclaiming a frame) page faults: 634912
	Voluntary context switches: 2818
	Involuntary context switches: 3085
	Swaps: 0
	File system inputs: 0
	File system outputs: 128
	Socket messages sent: 0
	Socket messages received: 0
	Signals delivered: 0
	Page size (bytes): 4096
	Exit status: 0
	Command being timed: "timeout 600 java -Xmx64g -jar ./enhsp3.jar -o ./domain_with_failure.pddl -f ./problems/BasePN-2And-del-1-d7/problem66.pddl -h blind -s WAStar -dap"
	User time (seconds): 9.73
	System time (seconds): 0.68
	Percent of CPU this job got: 99%
	Elapsed (wall clock) time (h:mm:ss or m:ss): 0:10.46
	Average shared text size (kbytes): 0
	Average unshared data size (kbytes): 0
	Average stack size (kbytes): 0
	Average total size (kbytes): 0
	Maximum resident set size (kbytes): 1350532
	Average resident set size (kbytes): 0
	Major (requiring I/O) page faults: 0
	Minor (reclaiming a frame) page faults: 607043
	Voluntary context switches: 2470
	Involuntary context switches: 2869
	Swaps: 0
	File system inputs: 0
	File system outputs: 128
	Socket messages sent: 0
	Socket messages received: 0
	Signals delivered: 0
	Page size (bytes): 4096
	Exit status: 0
	Command being timed: "timeout 600 java -Xmx64g -jar ./enhsp3.jar -o ./domain_with_failure.pddl -f ./problems/BasePN-2And-del-1-d7/problem67.pddl -h blind -s WAStar -dap"
	User time (seconds): 9.82
	System time (seconds): 0.70
	Percent of CPU this job got: 99%
	Elapsed (wall clock) time (h:mm:ss or m:ss): 0:10.56
	Average shared text size (kbytes): 0
	Average unshared data size (kbytes): 0
	Average stack size (kbytes): 0
	Average total size (kbytes): 0
	Maximum resident set size (kbytes): 1349196
	Average resident set size (kbytes): 0
	Major (requiring I/O) page faults: 0
	Minor (reclaiming a frame) page faults: 628051
	Voluntary context switches: 2446
	Involuntary context switches: 2948
	Swaps: 0
	File system inputs: 0
	File system outputs: 128
	Socket messages sent: 0
	Socket messages received: 0
	Signals delivered: 0
	Page size (bytes): 4096
	Exit status: 0
	Command being timed: "timeout 600 java -Xmx64g -jar ./enhsp3.jar -o ./domain_with_failure.pddl -f ./problems/BasePN-2And-del-1-d7/problem68.pddl -h blind -s WAStar -dap"
	User time (seconds): 9.81
	System time (seconds): 0.67
	Percent of CPU this job got: 99%
	Elapsed (wall clock) time (h:mm:ss or m:ss): 0:10.50
	Average shared text size (kbytes): 0
	Average unshared data size (kbytes): 0
	Average stack size (kbytes): 0
	Average total size (kbytes): 0
	Maximum resident set size (kbytes): 1350704
	Average resident set size (kbytes): 0
	Major (requiring I/O) page faults: 0
	Minor (reclaiming a frame) page faults: 631811
	Voluntary context switches: 2641
	Involuntary context switches: 2954
	Swaps: 0
	File system inputs: 0
	File system outputs: 112
	Socket messages sent: 0
	Socket messages received: 0
	Signals delivered: 0
	Page size (bytes): 4096
	Exit status: 0
	Command being timed: "timeout 600 java -Xmx64g -jar ./enhsp3.jar -o ./domain_with_failure.pddl -f ./problems/BasePN-2And-del-1-d7/problem69.pddl -h blind -s WAStar -dap"
	User time (seconds): 9.64
	System time (seconds): 0.68
	Percent of CPU this job got: 99%
	Elapsed (wall clock) time (h:mm:ss or m:ss): 0:10.35
	Average shared text size (kbytes): 0
	Average unshared data size (kbytes): 0
	Average stack size (kbytes): 0
	Average total size (kbytes): 0
	Maximum resident set size (kbytes): 1350848
	Average resident set size (kbytes): 0
	Major (requiring I/O) page faults: 0
	Minor (reclaiming a frame) page faults: 635492
	Voluntary context switches: 2718
	Involuntary context switches: 3025
	Swaps: 0
	File system inputs: 0
	File system outputs: 112
	Socket messages sent: 0
	Socket messages received: 0
	Signals delivered: 0
	Page size (bytes): 4096
	Exit status: 0
	Command being timed: "timeout 600 java -Xmx64g -jar ./enhsp3.jar -o ./domain_with_failure.pddl -f ./problems/BasePN-2And-del-1-d7/problem70.pddl -h blind -s WAStar -dap"
	User time (seconds): 9.81
	System time (seconds): 0.72
	Percent of CPU this job got: 99%
	Elapsed (wall clock) time (h:mm:ss or m:ss): 0:10.55
	Average shared text size (kbytes): 0
	Average unshared data size (kbytes): 0
	Average stack size (kbytes): 0
	Average total size (kbytes): 0
	Maximum resident set size (kbytes): 1347800
	Average resident set size (kbytes): 0
	Major (requiring I/O) page faults: 0
	Minor (reclaiming a frame) page faults: 632542
	Voluntary context switches: 2615
	Involuntary context switches: 2980
	Swaps: 0
	File system inputs: 0
	File system outputs: 128
	Socket messages sent: 0
	Socket messages received: 0
	Signals delivered: 0
	Page size (bytes): 4096
	Exit status: 0
	Command being timed: "timeout 600 java -Xmx64g -jar ./enhsp3.jar -o ./domain_with_failure.pddl -f ./problems/BasePN-2And-del-1-d7/problem71.pddl -h blind -s WAStar -dap"
	User time (seconds): 9.71
	System time (seconds): 0.71
	Percent of CPU this job got: 99%
	Elapsed (wall clock) time (h:mm:ss or m:ss): 0:10.46
	Average shared text size (kbytes): 0
	Average unshared data size (kbytes): 0
	Average stack size (kbytes): 0
	Average total size (kbytes): 0
	Maximum resident set size (kbytes): 1345216
	Average resident set size (kbytes): 0
	Major (requiring I/O) page faults: 0
	Minor (reclaiming a frame) page faults: 631659
	Voluntary context switches: 2406
	Involuntary context switches: 2807
	Swaps: 0
	File system inputs: 0
	File system outputs: 112
	Socket messages sent: 0
	Socket messages received: 0
	Signals delivered: 0
	Page size (bytes): 4096
	Exit status: 0
	Command being timed: "timeout 600 java -Xmx64g -jar ./enhsp3.jar -o ./domain_with_failure.pddl -f ./problems/BasePN-2And-del-1-d7/problem72.pddl -h blind -s WAStar -dap"
	User time (seconds): 9.82
	System time (seconds): 0.69
	Percent of CPU this job got: 99%
	Elapsed (wall clock) time (h:mm:ss or m:ss): 0:10.54
	Average shared text size (kbytes): 0
	Average unshared data size (kbytes): 0
	Average stack size (kbytes): 0
	Average total size (kbytes): 0
	Maximum resident set size (kbytes): 1347444
	Average resident set size (kbytes): 0
	Major (requiring I/O) page faults: 0
	Minor (reclaiming a frame) page faults: 631825
	Voluntary context switches: 2466
	Involuntary context switches: 2920
	Swaps: 0
	File system inputs: 0
	File system outputs: 112
	Socket messages sent: 0
	Socket messages received: 0
	Signals delivered: 0
	Page size (bytes): 4096
	Exit status: 0
	Command being timed: "timeout 600 java -Xmx64g -jar ./enhsp3.jar -o ./domain_with_failure.pddl -f ./problems/BasePN-2And-del-1-d7/problem73.pddl -h blind -s WAStar -dap"
	User time (seconds): 9.92
	System time (seconds): 0.72
	Percent of CPU this job got: 99%
	Elapsed (wall clock) time (h:mm:ss or m:ss): 0:10.68
	Average shared text size (kbytes): 0
	Average unshared data size (kbytes): 0
	Average stack size (kbytes): 0
	Average total size (kbytes): 0
	Maximum resident set size (kbytes): 1351452
	Average resident set size (kbytes): 0
	Major (requiring I/O) page faults: 0
	Minor (reclaiming a frame) page faults: 625372
	Voluntary context switches: 2416
	Involuntary context switches: 2948
	Swaps: 0
	File system inputs: 0
	File system outputs: 120
	Socket messages sent: 0
	Socket messages received: 0
	Signals delivered: 0
	Page size (bytes): 4096
	Exit status: 0
	Command being timed: "timeout 600 java -Xmx64g -jar ./enhsp3.jar -o ./domain_with_failure.pddl -f ./problems/BasePN-2And-del-1-d7/problem74.pddl -h blind -s WAStar -dap"
	User time (seconds): 10.06
	System time (seconds): 0.67
	Percent of CPU this job got: 99%
	Elapsed (wall clock) time (h:mm:ss or m:ss): 0:10.77
	Average shared text size (kbytes): 0
	Average unshared data size (kbytes): 0
	Average stack size (kbytes): 0
	Average total size (kbytes): 0
	Maximum resident set size (kbytes): 1352556
	Average resident set size (kbytes): 0
	Major (requiring I/O) page faults: 0
	Minor (reclaiming a frame) page faults: 633657
	Voluntary context switches: 2704
	Involuntary context switches: 3145
	Swaps: 0
	File system inputs: 0
	File system outputs: 112
	Socket messages sent: 0
	Socket messages received: 0
	Signals delivered: 0
	Page size (bytes): 4096
	Exit status: 0
	Command being timed: "timeout 600 java -Xmx64g -jar ./enhsp3.jar -o ./domain_with_failure.pddl -f ./problems/BasePN-2And-del-1-d7/problem75.pddl -h blind -s WAStar -dap"
	User time (seconds): 9.69
	System time (seconds): 0.73
	Percent of CPU this job got: 99%
	Elapsed (wall clock) time (h:mm:ss or m:ss): 0:10.45
	Average shared text size (kbytes): 0
	Average unshared data size (kbytes): 0
	Average stack size (kbytes): 0
	Average total size (kbytes): 0
	Maximum resident set size (kbytes): 1349716
	Average resident set size (kbytes): 0
	Major (requiring I/O) page faults: 0
	Minor (reclaiming a frame) page faults: 630886
	Voluntary context switches: 2829
	Involuntary context switches: 3107
	Swaps: 0
	File system inputs: 0
	File system outputs: 120
	Socket messages sent: 0
	Socket messages received: 0
	Signals delivered: 0
	Page size (bytes): 4096
	Exit status: 0
	Command being timed: "timeout 600 java -Xmx64g -jar ./enhsp3.jar -o ./domain_with_failure.pddl -f ./problems/BasePN-2And-del-1-d7/problem76.pddl -h blind -s WAStar -dap"
	User time (seconds): 9.99
	System time (seconds): 0.66
	Percent of CPU this job got: 99%
	Elapsed (wall clock) time (h:mm:ss or m:ss): 0:10.69
	Average shared text size (kbytes): 0
	Average unshared data size (kbytes): 0
	Average stack size (kbytes): 0
	Average total size (kbytes): 0
	Maximum resident set size (kbytes): 1350016
	Average resident set size (kbytes): 0
	Major (requiring I/O) page faults: 0
	Minor (reclaiming a frame) page faults: 563438
	Voluntary context switches: 2492
	Involuntary context switches: 3036
	Swaps: 0
	File system inputs: 0
	File system outputs: 112
	Socket messages sent: 0
	Socket messages received: 0
	Signals delivered: 0
	Page size (bytes): 4096
	Exit status: 0
	Command being timed: "timeout 600 java -Xmx64g -jar ./enhsp3.jar -o ./domain_with_failure.pddl -f ./problems/BasePN-2And-del-1-d7/problem77.pddl -h blind -s WAStar -dap"
	User time (seconds): 9.50
	System time (seconds): 0.68
	Percent of CPU this job got: 99%
	Elapsed (wall clock) time (h:mm:ss or m:ss): 0:10.22
	Average shared text size (kbytes): 0
	Average unshared data size (kbytes): 0
	Average stack size (kbytes): 0
	Average total size (kbytes): 0
	Maximum resident set size (kbytes): 1354256
	Average resident set size (kbytes): 0
	Major (requiring I/O) page faults: 0
	Minor (reclaiming a frame) page faults: 629933
	Voluntary context switches: 2463
	Involuntary context switches: 2753
	Swaps: 0
	File system inputs: 0
	File system outputs: 120
	Socket messages sent: 0
	Socket messages received: 0
	Signals delivered: 0
	Page size (bytes): 4096
	Exit status: 0
	Command being timed: "timeout 600 java -Xmx64g -jar ./enhsp3.jar -o ./domain_with_failure.pddl -f ./problems/BasePN-2And-del-1-d7/problem78.pddl -h blind -s WAStar -dap"
	User time (seconds): 9.60
	System time (seconds): 0.69
	Percent of CPU this job got: 99%
	Elapsed (wall clock) time (h:mm:ss or m:ss): 0:10.31
	Average shared text size (kbytes): 0
	Average unshared data size (kbytes): 0
	Average stack size (kbytes): 0
	Average total size (kbytes): 0
	Maximum resident set size (kbytes): 1344568
	Average resident set size (kbytes): 0
	Major (requiring I/O) page faults: 0
	Minor (reclaiming a frame) page faults: 638106
	Voluntary context switches: 2346
	Involuntary context switches: 2785
	Swaps: 0
	File system inputs: 0
	File system outputs: 120
	Socket messages sent: 0
	Socket messages received: 0
	Signals delivered: 0
	Page size (bytes): 4096
	Exit status: 0
	Command being timed: "timeout 600 java -Xmx64g -jar ./enhsp3.jar -o ./domain_with_failure.pddl -f ./problems/BasePN-2And-del-1-d7/problem79.pddl -h blind -s WAStar -dap"
	User time (seconds): 9.30
	System time (seconds): 0.70
	Percent of CPU this job got: 99%
	Elapsed (wall clock) time (h:mm:ss or m:ss): 0:10.03
	Average shared text size (kbytes): 0
	Average unshared data size (kbytes): 0
	Average stack size (kbytes): 0
	Average total size (kbytes): 0
	Maximum resident set size (kbytes): 1350464
	Average resident set size (kbytes): 0
	Major (requiring I/O) page faults: 0
	Minor (reclaiming a frame) page faults: 631673
	Voluntary context switches: 2493
	Involuntary context switches: 2691
	Swaps: 0
	File system inputs: 0
	File system outputs: 120
	Socket messages sent: 0
	Socket messages received: 0
	Signals delivered: 0
	Page size (bytes): 4096
	Exit status: 0
	Command being timed: "timeout 600 java -Xmx64g -jar ./enhsp3.jar -o ./domain_with_failure.pddl -f ./problems/BasePN-2And-del-1-d7/problem80.pddl -h blind -s WAStar -dap"
	User time (seconds): 9.77
	System time (seconds): 0.68
	Percent of CPU this job got: 99%
	Elapsed (wall clock) time (h:mm:ss or m:ss): 0:10.49
	Average shared text size (kbytes): 0
	Average unshared data size (kbytes): 0
	Average stack size (kbytes): 0
	Average total size (kbytes): 0
	Maximum resident set size (kbytes): 1351440
	Average resident set size (kbytes): 0
	Major (requiring I/O) page faults: 0
	Minor (reclaiming a frame) page faults: 625333
	Voluntary context switches: 2438
	Involuntary context switches: 2934
	Swaps: 0
	File system inputs: 0
	File system outputs: 120
	Socket messages sent: 0
	Socket messages received: 0
	Signals delivered: 0
	Page size (bytes): 4096
	Exit status: 0
	Command being timed: "timeout 600 java -Xmx64g -jar ./enhsp3.jar -o ./domain_with_failure.pddl -f ./problems/BasePN-2And-del-1-d7/problem81.pddl -h blind -s WAStar -dap"
	User time (seconds): 10.34
	System time (seconds): 0.67
	Percent of CPU this job got: 99%
	Elapsed (wall clock) time (h:mm:ss or m:ss): 0:11.07
	Average shared text size (kbytes): 0
	Average unshared data size (kbytes): 0
	Average stack size (kbytes): 0
	Average total size (kbytes): 0
	Maximum resident set size (kbytes): 1350740
	Average resident set size (kbytes): 0
	Major (requiring I/O) page faults: 0
	Minor (reclaiming a frame) page faults: 625399
	Voluntary context switches: 2841
	Involuntary context switches: 3310
	Swaps: 0
	File system inputs: 0
	File system outputs: 120
	Socket messages sent: 0
	Socket messages received: 0
	Signals delivered: 0
	Page size (bytes): 4096
	Exit status: 0
	Command being timed: "timeout 600 java -Xmx64g -jar ./enhsp3.jar -o ./domain_with_failure.pddl -f ./problems/BasePN-2And-del-1-d7/problem82.pddl -h blind -s WAStar -dap"
	User time (seconds): 10.10
	System time (seconds): 0.71
	Percent of CPU this job got: 99%
	Elapsed (wall clock) time (h:mm:ss or m:ss): 0:10.84
	Average shared text size (kbytes): 0
	Average unshared data size (kbytes): 0
	Average stack size (kbytes): 0
	Average total size (kbytes): 0
	Maximum resident set size (kbytes): 1352248
	Average resident set size (kbytes): 0
	Major (requiring I/O) page faults: 0
	Minor (reclaiming a frame) page faults: 633846
	Voluntary context switches: 2737
	Involuntary context switches: 3115
	Swaps: 0
	File system inputs: 0
	File system outputs: 112
	Socket messages sent: 0
	Socket messages received: 0
	Signals delivered: 0
	Page size (bytes): 4096
	Exit status: 0
	Command being timed: "timeout 600 java -Xmx64g -jar ./enhsp3.jar -o ./domain_with_failure.pddl -f ./problems/BasePN-2And-del-1-d7/problem83.pddl -h blind -s WAStar -dap"
	User time (seconds): 9.94
	System time (seconds): 0.69
	Percent of CPU this job got: 99%
	Elapsed (wall clock) time (h:mm:ss or m:ss): 0:10.66
	Average shared text size (kbytes): 0
	Average unshared data size (kbytes): 0
	Average stack size (kbytes): 0
	Average total size (kbytes): 0
	Maximum resident set size (kbytes): 1351616
	Average resident set size (kbytes): 0
	Major (requiring I/O) page faults: 0
	Minor (reclaiming a frame) page faults: 633047
	Voluntary context switches: 2652
	Involuntary context switches: 3054
	Swaps: 0
	File system inputs: 0
	File system outputs: 120
	Socket messages sent: 0
	Socket messages received: 0
	Signals delivered: 0
	Page size (bytes): 4096
	Exit status: 0
	Command being timed: "timeout 600 java -Xmx64g -jar ./enhsp3.jar -o ./domain_with_failure.pddl -f ./problems/BasePN-2And-del-1-d7/problem84.pddl -h blind -s WAStar -dap"
	User time (seconds): 9.99
	System time (seconds): 0.69
	Percent of CPU this job got: 99%
	Elapsed (wall clock) time (h:mm:ss or m:ss): 0:10.80
	Average shared text size (kbytes): 0
	Average unshared data size (kbytes): 0
	Average stack size (kbytes): 0
	Average total size (kbytes): 0
	Maximum resident set size (kbytes): 1352460
	Average resident set size (kbytes): 0
	Major (requiring I/O) page faults: 0
	Minor (reclaiming a frame) page faults: 623284
	Voluntary context switches: 2628
	Involuntary context switches: 3095
	Swaps: 0
	File system inputs: 0
	File system outputs: 120
	Socket messages sent: 0
	Socket messages received: 0
	Signals delivered: 0
	Page size (bytes): 4096
	Exit status: 0
	Command being timed: "timeout 600 java -Xmx64g -jar ./enhsp3.jar -o ./domain_with_failure.pddl -f ./problems/BasePN-2And-del-1-d7/problem85.pddl -h blind -s WAStar -dap"
	User time (seconds): 9.95
	System time (seconds): 0.71
	Percent of CPU this job got: 99%
	Elapsed (wall clock) time (h:mm:ss or m:ss): 0:10.69
	Average shared text size (kbytes): 0
	Average unshared data size (kbytes): 0
	Average stack size (kbytes): 0
	Average total size (kbytes): 0
	Maximum resident set size (kbytes): 1350832
	Average resident set size (kbytes): 0
	Major (requiring I/O) page faults: 0
	Minor (reclaiming a frame) page faults: 634737
	Voluntary context switches: 2587
	Involuntary context switches: 3052
	Swaps: 0
	File system inputs: 0
	File system outputs: 112
	Socket messages sent: 0
	Socket messages received: 0
	Signals delivered: 0
	Page size (bytes): 4096
	Exit status: 0
	Command being timed: "timeout 600 java -Xmx64g -jar ./enhsp3.jar -o ./domain_with_failure.pddl -f ./problems/BasePN-2And-del-1-d7/problem86.pddl -h blind -s WAStar -dap"
	User time (seconds): 10.01
	System time (seconds): 0.71
	Percent of CPU this job got: 99%
	Elapsed (wall clock) time (h:mm:ss or m:ss): 0:10.76
	Average shared text size (kbytes): 0
	Average unshared data size (kbytes): 0
	Average stack size (kbytes): 0
	Average total size (kbytes): 0
	Maximum resident set size (kbytes): 1357136
	Average resident set size (kbytes): 0
	Major (requiring I/O) page faults: 0
	Minor (reclaiming a frame) page faults: 634555
	Voluntary context switches: 2645
	Involuntary context switches: 2938
	Swaps: 0
	File system inputs: 0
	File system outputs: 120
	Socket messages sent: 0
	Socket messages received: 0
	Signals delivered: 0
	Page size (bytes): 4096
	Exit status: 0
	Command being timed: "timeout 600 java -Xmx64g -jar ./enhsp3.jar -o ./domain_with_failure.pddl -f ./problems/BasePN-2And-del-1-d7/problem87.pddl -h blind -s WAStar -dap"
	User time (seconds): 10.06
	System time (seconds): 0.76
	Percent of CPU this job got: 99%
	Elapsed (wall clock) time (h:mm:ss or m:ss): 0:10.85
	Average shared text size (kbytes): 0
	Average unshared data size (kbytes): 0
	Average stack size (kbytes): 0
	Average total size (kbytes): 0
	Maximum resident set size (kbytes): 1352700
	Average resident set size (kbytes): 0
	Major (requiring I/O) page faults: 0
	Minor (reclaiming a frame) page faults: 632779
	Voluntary context switches: 2675
	Involuntary context switches: 3087
	Swaps: 0
	File system inputs: 0
	File system outputs: 120
	Socket messages sent: 0
	Socket messages received: 0
	Signals delivered: 0
	Page size (bytes): 4096
	Exit status: 0
	Command being timed: "timeout 600 java -Xmx64g -jar ./enhsp3.jar -o ./domain_with_failure.pddl -f ./problems/BasePN-2And-del-1-d7/problem88.pddl -h blind -s WAStar -dap"
	User time (seconds): 9.92
	System time (seconds): 0.69
	Percent of CPU this job got: 99%
	Elapsed (wall clock) time (h:mm:ss or m:ss): 0:10.65
	Average shared text size (kbytes): 0
	Average unshared data size (kbytes): 0
	Average stack size (kbytes): 0
	Average total size (kbytes): 0
	Maximum resident set size (kbytes): 1347536
	Average resident set size (kbytes): 0
	Major (requiring I/O) page faults: 0
	Minor (reclaiming a frame) page faults: 632727
	Voluntary context switches: 2517
	Involuntary context switches: 2969
	Swaps: 0
	File system inputs: 0
	File system outputs: 120
	Socket messages sent: 0
	Socket messages received: 0
	Signals delivered: 0
	Page size (bytes): 4096
	Exit status: 0
	Command being timed: "timeout 600 java -Xmx64g -jar ./enhsp3.jar -o ./domain_with_failure.pddl -f ./problems/BasePN-2And-del-1-d7/problem89.pddl -h blind -s WAStar -dap"
	User time (seconds): 10.17
	System time (seconds): 0.68
	Percent of CPU this job got: 99%
	Elapsed (wall clock) time (h:mm:ss or m:ss): 0:10.89
	Average shared text size (kbytes): 0
	Average unshared data size (kbytes): 0
	Average stack size (kbytes): 0
	Average total size (kbytes): 0
	Maximum resident set size (kbytes): 1352260
	Average resident set size (kbytes): 0
	Major (requiring I/O) page faults: 0
	Minor (reclaiming a frame) page faults: 624537
	Voluntary context switches: 2598
	Involuntary context switches: 3066
	Swaps: 0
	File system inputs: 0
	File system outputs: 136
	Socket messages sent: 0
	Socket messages received: 0
	Signals delivered: 0
	Page size (bytes): 4096
	Exit status: 0
	Command being timed: "timeout 600 java -Xmx64g -jar ./enhsp3.jar -o ./domain_with_failure.pddl -f ./problems/BasePN-2And-del-1-d7/problem90.pddl -h blind -s WAStar -dap"
	User time (seconds): 10.03
	System time (seconds): 0.67
	Percent of CPU this job got: 99%
	Elapsed (wall clock) time (h:mm:ss or m:ss): 0:10.74
	Average shared text size (kbytes): 0
	Average unshared data size (kbytes): 0
	Average stack size (kbytes): 0
	Average total size (kbytes): 0
	Maximum resident set size (kbytes): 1351216
	Average resident set size (kbytes): 0
	Major (requiring I/O) page faults: 0
	Minor (reclaiming a frame) page faults: 562749
	Voluntary context switches: 2555
	Involuntary context switches: 3086
	Swaps: 0
	File system inputs: 0
	File system outputs: 128
	Socket messages sent: 0
	Socket messages received: 0
	Signals delivered: 0
	Page size (bytes): 4096
	Exit status: 0
	Command being timed: "timeout 600 java -Xmx64g -jar ./enhsp3.jar -o ./domain_with_failure.pddl -f ./problems/BasePN-2And-del-1-d7/problem91.pddl -h blind -s WAStar -dap"
	User time (seconds): 9.92
	System time (seconds): 0.70
	Percent of CPU this job got: 99%
	Elapsed (wall clock) time (h:mm:ss or m:ss): 0:10.64
	Average shared text size (kbytes): 0
	Average unshared data size (kbytes): 0
	Average stack size (kbytes): 0
	Average total size (kbytes): 0
	Maximum resident set size (kbytes): 1348796
	Average resident set size (kbytes): 0
	Major (requiring I/O) page faults: 0
	Minor (reclaiming a frame) page faults: 634061
	Voluntary context switches: 2581
	Involuntary context switches: 2969
	Swaps: 0
	File system inputs: 0
	File system outputs: 128
	Socket messages sent: 0
	Socket messages received: 0
	Signals delivered: 0
	Page size (bytes): 4096
	Exit status: 0
	Command being timed: "timeout 600 java -Xmx64g -jar ./enhsp3.jar -o ./domain_with_failure.pddl -f ./problems/BasePN-2And-del-1-d7/problem92.pddl -h blind -s WAStar -dap"
	User time (seconds): 9.76
	System time (seconds): 0.71
	Percent of CPU this job got: 99%
	Elapsed (wall clock) time (h:mm:ss or m:ss): 0:10.51
	Average shared text size (kbytes): 0
	Average unshared data size (kbytes): 0
	Average stack size (kbytes): 0
	Average total size (kbytes): 0
	Maximum resident set size (kbytes): 1349564
	Average resident set size (kbytes): 0
	Major (requiring I/O) page faults: 0
	Minor (reclaiming a frame) page faults: 629652
	Voluntary context switches: 2666
	Involuntary context switches: 3023
	Swaps: 0
	File system inputs: 0
	File system outputs: 128
	Socket messages sent: 0
	Socket messages received: 0
	Signals delivered: 0
	Page size (bytes): 4096
	Exit status: 0
	Command being timed: "timeout 600 java -Xmx64g -jar ./enhsp3.jar -o ./domain_with_failure.pddl -f ./problems/BasePN-2And-del-1-d7/problem93.pddl -h blind -s WAStar -dap"
	User time (seconds): 9.79
	System time (seconds): 0.70
	Percent of CPU this job got: 99%
	Elapsed (wall clock) time (h:mm:ss or m:ss): 0:10.53
	Average shared text size (kbytes): 0
	Average unshared data size (kbytes): 0
	Average stack size (kbytes): 0
	Average total size (kbytes): 0
	Maximum resident set size (kbytes): 1353500
	Average resident set size (kbytes): 0
	Major (requiring I/O) page faults: 0
	Minor (reclaiming a frame) page faults: 624353
	Voluntary context switches: 2750
	Involuntary context switches: 3061
	Swaps: 0
	File system inputs: 0
	File system outputs: 120
	Socket messages sent: 0
	Socket messages received: 0
	Signals delivered: 0
	Page size (bytes): 4096
	Exit status: 0
	Command being timed: "timeout 600 java -Xmx64g -jar ./enhsp3.jar -o ./domain_with_failure.pddl -f ./problems/BasePN-2And-del-1-d7/problem94.pddl -h blind -s WAStar -dap"
	User time (seconds): 9.93
	System time (seconds): 0.66
	Percent of CPU this job got: 99%
	Elapsed (wall clock) time (h:mm:ss or m:ss): 0:10.62
	Average shared text size (kbytes): 0
	Average unshared data size (kbytes): 0
	Average stack size (kbytes): 0
	Average total size (kbytes): 0
	Maximum resident set size (kbytes): 1346772
	Average resident set size (kbytes): 0
	Major (requiring I/O) page faults: 0
	Minor (reclaiming a frame) page faults: 631904
	Voluntary context switches: 2678
	Involuntary context switches: 3061
	Swaps: 0
	File system inputs: 0
	File system outputs: 120
	Socket messages sent: 0
	Socket messages received: 0
	Signals delivered: 0
	Page size (bytes): 4096
	Exit status: 0
	Command being timed: "timeout 600 java -Xmx64g -jar ./enhsp3.jar -o ./domain_with_failure.pddl -f ./problems/BasePN-2And-del-1-d7/problem95.pddl -h blind -s WAStar -dap"
	User time (seconds): 11.13
	System time (seconds): 0.71
	Percent of CPU this job got: 99%
	Elapsed (wall clock) time (h:mm:ss or m:ss): 0:11.89
	Average shared text size (kbytes): 0
	Average unshared data size (kbytes): 0
	Average stack size (kbytes): 0
	Average total size (kbytes): 0
	Maximum resident set size (kbytes): 1375356
	Average resident set size (kbytes): 0
	Major (requiring I/O) page faults: 0
	Minor (reclaiming a frame) page faults: 650067
	Voluntary context switches: 2806
	Involuntary context switches: 3421
	Swaps: 0
	File system inputs: 0
	File system outputs: 128
	Socket messages sent: 0
	Socket messages received: 0
	Signals delivered: 0
	Page size (bytes): 4096
	Exit status: 0
	Command being timed: "timeout 600 java -Xmx64g -jar ./enhsp3.jar -o ./domain_with_failure.pddl -f ./problems/BasePN-2And-del-1-d7/problem96.pddl -h blind -s WAStar -dap"
	User time (seconds): 9.80
	System time (seconds): 0.73
	Percent of CPU this job got: 99%
	Elapsed (wall clock) time (h:mm:ss or m:ss): 0:10.56
	Average shared text size (kbytes): 0
	Average unshared data size (kbytes): 0
	Average stack size (kbytes): 0
	Average total size (kbytes): 0
	Maximum resident set size (kbytes): 1351744
	Average resident set size (kbytes): 0
	Major (requiring I/O) page faults: 0
	Minor (reclaiming a frame) page faults: 635170
	Voluntary context switches: 2666
	Involuntary context switches: 2999
	Swaps: 0
	File system inputs: 0
	File system outputs: 128
	Socket messages sent: 0
	Socket messages received: 0
	Signals delivered: 0
	Page size (bytes): 4096
	Exit status: 0
	Command being timed: "timeout 600 java -Xmx64g -jar ./enhsp3.jar -o ./domain_with_failure.pddl -f ./problems/BasePN-2And-del-1-d7/problem97.pddl -h blind -s WAStar -dap"
	User time (seconds): 10.31
	System time (seconds): 0.70
	Percent of CPU this job got: 99%
	Elapsed (wall clock) time (h:mm:ss or m:ss): 0:11.04
	Average shared text size (kbytes): 0
	Average unshared data size (kbytes): 0
	Average stack size (kbytes): 0
	Average total size (kbytes): 0
	Maximum resident set size (kbytes): 1381132
	Average resident set size (kbytes): 0
	Major (requiring I/O) page faults: 0
	Minor (reclaiming a frame) page faults: 644427
	Voluntary context switches: 2674
	Involuntary context switches: 3097
	Swaps: 0
	File system inputs: 0
	File system outputs: 128
	Socket messages sent: 0
	Socket messages received: 0
	Signals delivered: 0
	Page size (bytes): 4096
	Exit status: 0
	Command being timed: "timeout 600 java -Xmx64g -jar ./enhsp3.jar -o ./domain_with_failure.pddl -f ./problems/BasePN-2And-del-1-d7/problem98.pddl -h blind -s WAStar -dap"
	User time (seconds): 10.50
	System time (seconds): 0.71
	Percent of CPU this job got: 99%
	Elapsed (wall clock) time (h:mm:ss or m:ss): 0:11.25
	Average shared text size (kbytes): 0
	Average unshared data size (kbytes): 0
	Average stack size (kbytes): 0
	Average total size (kbytes): 0
	Maximum resident set size (kbytes): 1351548
	Average resident set size (kbytes): 0
	Major (requiring I/O) page faults: 0
	Minor (reclaiming a frame) page faults: 623968
	Voluntary context switches: 2744
	Involuntary context switches: 3231
	Swaps: 0
	File system inputs: 0
	File system outputs: 152
	Socket messages sent: 0
	Socket messages received: 0
	Signals delivered: 0
	Page size (bytes): 4096
	Exit status: 0
	Command being timed: "timeout 600 java -Xmx64g -jar ./enhsp3.jar -o ./domain_with_failure.pddl -f ./problems/BasePN-2And-del-1-d7/problem99.pddl -h blind -s WAStar -dap"
	User time (seconds): 9.68
	System time (seconds): 0.72
	Percent of CPU this job got: 99%
	Elapsed (wall clock) time (h:mm:ss or m:ss): 0:10.44
	Average shared text size (kbytes): 0
	Average unshared data size (kbytes): 0
	Average stack size (kbytes): 0
	Average total size (kbytes): 0
	Maximum resident set size (kbytes): 1346656
	Average resident set size (kbytes): 0
	Major (requiring I/O) page faults: 0
	Minor (reclaiming a frame) page faults: 630110
	Voluntary context switches: 2619
	Involuntary context switches: 2901
	Swaps: 0
	File system inputs: 0
	File system outputs: 128
	Socket messages sent: 0
	Socket messages received: 0
	Signals delivered: 0
	Page size (bytes): 4096
	Exit status: 0
	Command being timed: "timeout 600 java -Xmx64g -jar ./enhsp3.jar -o ./domain_with_failure.pddl -f ./problems/BasePN-2And-del-1-d7/problem100.pddl -h blind -s WAStar -dap"
	User time (seconds): 9.44
	System time (seconds): 0.67
	Percent of CPU this job got: 99%
	Elapsed (wall clock) time (h:mm:ss or m:ss): 0:10.14
	Average shared text size (kbytes): 0
	Average unshared data size (kbytes): 0
	Average stack size (kbytes): 0
	Average total size (kbytes): 0
	Maximum resident set size (kbytes): 1350908
	Average resident set size (kbytes): 0
	Major (requiring I/O) page faults: 0
	Minor (reclaiming a frame) page faults: 633828
	Voluntary context switches: 2547
	Involuntary context switches: 2855
	Swaps: 0
	File system inputs: 0
	File system outputs: 128
	Socket messages sent: 0
	Socket messages received: 0
	Signals delivered: 0
	Page size (bytes): 4096
	Exit status: 0
