/usr/bin/time -v timeout 600 java -Xmx64g -jar ./enhsp3.jar -o ./domain_with_failure.pddl -f ./problems/BasePN-3And-del-2-d1/problem1.pddl -h blind -s WAStar
Domain parsed
Problem parsed
Grounding..
Grounding Time: 3046
UFX:true
|F|:16457
|X|:4
|A|:340
|P|:0
|E|:0
h(I):0.0
f(n) = 1.0 (Expanded Nodes: 24, Evaluated States: 59, Time: 0.038) Frontier Size: 35
f(n) = 2.0 (Expanded Nodes: 100, Evaluated States: 247, Time: 0.093) Frontier Size: 147
f(n) = 3.0 (Expanded Nodes: 239, Evaluated States: 499, Time: 0.289) Frontier Size: 260
f(n) = 4.0 (Expanded Nodes: 575, Evaluated States: 1107, Time: 0.325) Frontier Size: 532
Problem Solved

Found Plan:
0.0: (validate_payload t0 a7 t1)
1.0: (sync_actions a7)
2.0: (validate_payload t1 a3 t2)
3.0: (sync_actions a3)
4.0: (validate_payload t2 a10 t3)
5.0: (sync_actions a10)
6.0: (validate_payload t3 a5 t4)
7.0: (sync_actions a5)
8.0: (validate_payload t4 a4 t5)
9.0: (sync_actions a4)
10.0: (validate_payload t5 a6 t6)
11.0: (sync_actions a6)
12.0: (validate_payload t6 a12 t7)
13.0: (sync_actions a12)
14.0: (validate_payload t7 a11 t8)
15.0: (sync_actions a11)
16.0: (validate_payload t8 a8 t9)
17.0: (sync_actions a8)
18.0: (validate_payload t9 a1 t10)
19.0: (sync_actions a1)
20.0: (add_action a2)
21.0: (check_added_variables_model a2)
22.0: (move_in_model_move_automata a2)
23.0: (validate_payload t10 a0 t11)
24.0: (sync_actions a0)
25.0: (add_action a9)
26.0: (check_added_variables_model a9)
27.0: (move_in_model_move_automata a9)

Plan-Length:28
Metric (Search):4.0
Planning Time (msec): 366
Heuristic Time (msec): 6
Search Time (msec): 363
Expanded Nodes:1032
States Evaluated:1637
Number of Dead-Ends detected:0
Number of Duplicates detected:163
/usr/bin/time -v timeout 600 java -Xmx64g -jar ./enhsp3.jar -o ./domain_with_failure.pddl -f ./problems/BasePN-3And-del-2-d1/problem2.pddl -h blind -s WAStar
Domain parsed
Problem parsed
Grounding..
Grounding Time: 3182
UFX:true
|F|:16457
|X|:3
|A|:340
|P|:0
|E|:0
h(I):0.0
f(n) = 2.0 (Expanded Nodes: 6, Evaluated States: 13, Time: 0.022) Frontier Size: 7
f(n) = 4.0 (Expanded Nodes: 39, Evaluated States: 80, Time: 0.095) Frontier Size: 41
Problem Solved

Found Plan:
0.0: (validate_payload t0 a7 t1)
1.0: (sync_actions a7)
2.0: (validate_payload t1 a10 t2)
3.0: (sync_actions a10)
4.0: (add_action a12)
5.0: (check_added_variables_model a12)
6.0: (move_in_model_move_automata a12)
7.0: (validate_payload t2 a11 t3)
8.0: (sync_actions a11)
9.0: (validate_payload t3 a3 t4)
10.0: (sync_actions a3)
11.0: (validate_payload t4 a4 t5)
12.0: (sync_actions a4)
13.0: (validate_payload t5 a5 t6)
14.0: (sync_actions a5)
15.0: (add_action a6)
16.0: (check_added_variables_model a6)
17.0: (move_in_model_move_automata a6)
18.0: (validate_payload t6 a8 t7)
19.0: (sync_actions a8)
20.0: (validate_payload t7 a1 t8)
21.0: (sync_actions a1)
22.0: (validate_payload t8 a2 t9)
23.0: (sync_actions a2)
24.0: (validate_payload t9 a0 t10)
25.0: (sync_actions a0)
26.0: (validate_payload t10 a9 t11)
27.0: (sync_actions a9)

Plan-Length:28
Metric (Search):4.0
Planning Time (msec): 134
Heuristic Time (msec): 5
Search Time (msec): 126
Expanded Nodes:141
States Evaluated:248
Number of Dead-Ends detected:0
Number of Duplicates detected:23
/usr/bin/time -v timeout 600 java -Xmx64g -jar ./enhsp3.jar -o ./domain_with_failure.pddl -f ./problems/BasePN-3And-del-2-d1/problem3.pddl -h blind -s WAStar
Domain parsed
Problem parsed
Grounding..
Grounding Time: 3195
UFX:true
|F|:16457
|X|:4
|A|:340
|P|:0
|E|:0
h(I):0.0
f(n) = 1.0 (Expanded Nodes: 10, Evaluated States: 31, Time: 0.032) Frontier Size: 21
f(n) = 2.0 (Expanded Nodes: 38, Evaluated States: 101, Time: 0.246) Frontier Size: 63
f(n) = 3.0 (Expanded Nodes: 93, Evaluated States: 234, Time: 0.273) Frontier Size: 141
f(n) = 4.0 (Expanded Nodes: 283, Evaluated States: 556, Time: 0.311) Frontier Size: 273
Problem Solved

Found Plan:
0.0: (validate_payload t0 a7 t1)
1.0: (sync_actions a7)
2.0: (validate_payload t1 a10 t2)
3.0: (sync_actions a10)
4.0: (validate_payload t2 a3 t3)
5.0: (sync_actions a3)
6.0: (validate_payload t3 a5 t4)
7.0: (sync_actions a5)
8.0: (add_action a4)
9.0: (check_added_variables_model a4)
10.0: (move_in_model_move_automata a4)
11.0: (validate_payload t4 a6 t5)
12.0: (sync_actions a6)
13.0: (validate_payload t5 a12 t6)
14.0: (sync_actions a12)
15.0: (add_action a11)
16.0: (check_added_variables_model a11)
17.0: (move_in_model_move_automata a11)
18.0: (validate_payload t6 a8 t7)
19.0: (sync_actions a8)
20.0: (validate_payload t7 a0 t8)
21.0: (sync_actions a0)
22.0: (validate_payload t8 a1 t9)
23.0: (sync_actions a1)
24.0: (validate_payload t9 a2 t10)
25.0: (sync_actions a2)
26.0: (validate_payload t10 a9 t11)
27.0: (sync_actions a9)

Plan-Length:28
Metric (Search):4.0
Planning Time (msec): 355
Heuristic Time (msec): 8
Search Time (msec): 342
Expanded Nodes:420
States Evaluated:790
Number of Dead-Ends detected:0
Number of Duplicates detected:51
/usr/bin/time -v timeout 600 java -Xmx64g -jar ./enhsp3.jar -o ./domain_with_failure.pddl -f ./problems/BasePN-3And-del-2-d1/problem4.pddl -h blind -s WAStar
Domain parsed
Problem parsed
Grounding..
Grounding Time: 3134
UFX:true
|F|:16457
|X|:4
|A|:340
|P|:0
|E|:0
h(I):0.0
f(n) = 2.0 (Expanded Nodes: 2, Evaluated States: 3, Time: 0.019) Frontier Size: 1
f(n) = 3.0 (Expanded Nodes: 18, Evaluated States: 48, Time: 0.063) Frontier Size: 30
f(n) = 4.0 (Expanded Nodes: 66, Evaluated States: 154, Time: 0.252) Frontier Size: 88
Problem Solved

Found Plan:
0.0: (add_action a7)
1.0: (check_added_variables_model a7)
2.0: (move_in_model_move_automata a7)
3.0: (validate_payload t0 a3 t1)
4.0: (sync_actions a3)
5.0: (validate_payload t1 a10 t2)
6.0: (sync_actions a10)
7.0: (validate_payload t2 a5 t3)
8.0: (sync_actions a5)
9.0: (validate_payload t3 a4 t4)
10.0: (sync_actions a4)
11.0: (validate_payload t4 a6 t5)
12.0: (sync_actions a6)
13.0: (validate_payload t5 a12 t6)
14.0: (sync_actions a12)
15.0: (add_action a11)
16.0: (check_added_variables_model a11)
17.0: (move_in_model_move_automata a11)
18.0: (validate_payload t6 a8 t7)
19.0: (sync_actions a8)
20.0: (validate_payload t7 a1 t8)
21.0: (sync_actions a1)
22.0: (validate_payload t8 a2 t9)
23.0: (sync_actions a2)
24.0: (validate_payload t9 a0 t10)
25.0: (sync_actions a0)
26.0: (validate_payload t10 a9 t11)
27.0: (sync_actions a9)

Plan-Length:28
Metric (Search):4.0
Planning Time (msec): 284
Heuristic Time (msec): 5
Search Time (msec): 274
Expanded Nodes:117
States Evaluated:271
Number of Dead-Ends detected:0
Number of Duplicates detected:4
/usr/bin/time -v timeout 600 java -Xmx64g -jar ./enhsp3.jar -o ./domain_with_failure.pddl -f ./problems/BasePN-3And-del-2-d1/problem5.pddl -h blind -s WAStar
Domain parsed
Problem parsed
Grounding..
Grounding Time: 2919
UFX:true
|F|:16457
|X|:4
|A|:340
|P|:0
|E|:0
h(I):0.0
f(n) = 1.0 (Expanded Nodes: 14, Evaluated States: 38, Time: 0.032) Frontier Size: 24
f(n) = 2.0 (Expanded Nodes: 50, Evaluated States: 126, Time: 0.086) Frontier Size: 76
f(n) = 3.0 (Expanded Nodes: 114, Evaluated States: 256, Time: 0.113) Frontier Size: 142
f(n) = 4.0 (Expanded Nodes: 310, Evaluated States: 618, Time: 0.142) Frontier Size: 308
Problem Solved

Found Plan:
0.0: (validate_payload t0 a7 t1)
1.0: (sync_actions a7)
2.0: (validate_payload t1 a3 t2)
3.0: (sync_actions a3)
4.0: (validate_payload t2 a10 t3)
5.0: (sync_actions a10)
6.0: (validate_payload t3 a5 t4)
7.0: (sync_actions a5)
8.0: (validate_payload t4 a12 t5)
9.0: (sync_actions a12)
10.0: (validate_payload t5 a11 t6)
11.0: (sync_actions a11)
12.0: (add_action a4)
13.0: (check_added_variables_model a4)
14.0: (move_in_model_move_automata a4)
15.0: (add_action a6)
16.0: (check_added_variables_model a6)
17.0: (move_in_model_move_automata a6)
18.0: (validate_payload t6 a8 t7)
19.0: (sync_actions a8)
20.0: (validate_payload t7 a1 t8)
21.0: (sync_actions a1)
22.0: (validate_payload t8 a0 t9)
23.0: (sync_actions a0)
24.0: (validate_payload t9 a2 t10)
25.0: (sync_actions a2)
26.0: (validate_payload t10 a9 t11)
27.0: (sync_actions a9)

Plan-Length:28
Metric (Search):4.0
Planning Time (msec): 169
Heuristic Time (msec): 8
Search Time (msec): 163
Expanded Nodes:480
States Evaluated:826
Number of Dead-Ends detected:0
Number of Duplicates detected:85
/usr/bin/time -v timeout 600 java -Xmx64g -jar ./enhsp3.jar -o ./domain_with_failure.pddl -f ./problems/BasePN-3And-del-2-d1/problem6.pddl -h blind -s WAStar
Domain parsed
Problem parsed
Grounding..
Grounding Time: 3114
UFX:true
|F|:16457
|X|:3
|A|:340
|P|:0
|E|:0
h(I):0.0
f(n) = 1.0 (Expanded Nodes: 16, Evaluated States: 47, Time: 0.04) Frontier Size: 31
f(n) = 2.0 (Expanded Nodes: 60, Evaluated States: 153, Time: 0.079) Frontier Size: 93
f(n) = 3.0 (Expanded Nodes: 144, Evaluated States: 347, Time: 0.298) Frontier Size: 203
f(n) = 4.0 (Expanded Nodes: 430, Evaluated States: 821, Time: 0.357) Frontier Size: 391
f(n) = 5.0 (Expanded Nodes: 772, Evaluated States: 1327, Time: 0.403) Frontier Size: 555
Problem Solved

Found Plan:
0.0: (validate_payload t0 a7 t1)
1.0: (sync_actions a7)
2.0: (validate_payload t1 a3 t2)
3.0: (sync_actions a3)
4.0: (validate_payload t2 a10 t3)
5.0: (sync_actions a10)
6.0: (validate_payload t3 a4 t4)
7.0: (sync_actions a4)
8.0: (validate_payload t4 a12 t5)
9.0: (sync_actions a12)
10.0: (validate_payload t5 a11 t6)
11.0: (sync_actions a11)
12.0: (validate_payload t6 a5 t7)
13.0: (sync_actions a5)
14.0: (add_action a6)
15.0: (check_added_variables_model a6)
16.0: (move_in_model_move_automata a6)
17.0: (validate_payload t7 a8 t8)
18.0: (sync_actions a8)
19.0: (add_action a1)
20.0: (move_in_model_parameter a1 sDEC1_2 integer v5)
21.0: (check_added_variables_model a1)
22.0: (move_in_model_move_automata a1)
23.0: (validate_payload t8 a2 t9)
24.0: (sync_actions a2)
25.0: (validate_payload t9 a0 t10)
26.0: (sync_actions a0)
27.0: (validate_payload t10 a9 t11)
28.0: (sync_actions a9)

Plan-Length:29
Metric (Search):5.0
Planning Time (msec): 420
Heuristic Time (msec): 6
Search Time (msec): 410
Expanded Nodes:824
States Evaluated:1405
Number of Dead-Ends detected:0
Number of Duplicates detected:117
/usr/bin/time -v timeout 600 java -Xmx64g -jar ./enhsp3.jar -o ./domain_with_failure.pddl -f ./problems/BasePN-3And-del-2-d1/problem7.pddl -h blind -s WAStar
Domain parsed
Problem parsed
Grounding..
Grounding Time: 3408
UFX:true
|F|:16457
|X|:4
|A|:340
|P|:0
|E|:0
h(I):0.0
f(n) = 1.0 (Expanded Nodes: 6, Evaluated States: 18, Time: 0.023) Frontier Size: 12
f(n) = 2.0 (Expanded Nodes: 18, Evaluated States: 40, Time: 0.236) Frontier Size: 22
f(n) = 3.0 (Expanded Nodes: 63, Evaluated States: 163, Time: 0.266) Frontier Size: 100
f(n) = 4.0 (Expanded Nodes: 237, Evaluated States: 531, Time: 0.302) Frontier Size: 294
Problem Solved

Found Plan:
0.0: (validate_payload t0 a7 t1)
1.0: (sync_actions a7)
2.0: (validate_payload t1 a10 t2)
3.0: (sync_actions a10)
4.0: (add_action a12)
5.0: (check_added_variables_model a12)
6.0: (move_in_model_move_automata a12)
7.0: (validate_payload t2 a11 t3)
8.0: (sync_actions a11)
9.0: (validate_payload t3 a3 t4)
10.0: (sync_actions a3)
11.0: (validate_payload t4 a4 t5)
12.0: (sync_actions a4)
13.0: (validate_payload t5 a5 t6)
14.0: (sync_actions a5)
15.0: (validate_payload t6 a6 t7)
16.0: (sync_actions a6)
17.0: (validate_payload t7 a8 t8)
18.0: (sync_actions a8)
19.0: (validate_payload t8 a1 t9)
20.0: (sync_actions a1)
21.0: (validate_payload t9 a0 t10)
22.0: (sync_actions a0)
23.0: (add_action a2)
24.0: (check_added_variables_model a2)
25.0: (move_in_model_move_automata a2)
26.0: (validate_payload t10 a9 t11)
27.0: (sync_actions a9)

Plan-Length:28
Metric (Search):4.0
Planning Time (msec): 336
Heuristic Time (msec): 6
Search Time (msec): 335
Expanded Nodes:422
States Evaluated:898
Number of Dead-Ends detected:0
Number of Duplicates detected:29
/usr/bin/time -v timeout 600 java -Xmx64g -jar ./enhsp3.jar -o ./domain_with_failure.pddl -f ./problems/BasePN-3And-del-2-d1/problem8.pddl -h blind -s WAStar
Domain parsed
Problem parsed
Grounding..
Grounding Time: 3164
UFX:true
|F|:16457
|X|:4
|A|:340
|P|:0
|E|:0
h(I):0.0
f(n) = 1.0 (Expanded Nodes: 12, Evaluated States: 37, Time: 0.027) Frontier Size: 25
f(n) = 2.0 (Expanded Nodes: 40, Evaluated States: 107, Time: 0.069) Frontier Size: 67
f(n) = 3.0 (Expanded Nodes: 105, Evaluated States: 259, Time: 0.11) Frontier Size: 154
f(n) = 4.0 (Expanded Nodes: 303, Evaluated States: 585, Time: 0.138) Frontier Size: 282
Problem Solved

Found Plan:
0.0: (validate_payload t0 a7 t1)
1.0: (sync_actions a7)
2.0: (validate_payload t1 a3 t2)
3.0: (sync_actions a3)
4.0: (validate_payload t2 a10 t3)
5.0: (sync_actions a10)
6.0: (validate_payload t3 a4 t4)
7.0: (sync_actions a4)
8.0: (validate_payload t4 a12 t5)
9.0: (sync_actions a12)
10.0: (add_action a5)
11.0: (check_added_variables_model a5)
12.0: (move_in_model_move_automata a5)
13.0: (validate_payload t5 a6 t6)
14.0: (sync_actions a6)
15.0: (add_action a11)
16.0: (check_added_variables_model a11)
17.0: (move_in_model_move_automata a11)
18.0: (validate_payload t6 a8 t7)
19.0: (sync_actions a8)
20.0: (validate_payload t7 a0 t8)
21.0: (sync_actions a0)
22.0: (validate_payload t8 a1 t9)
23.0: (sync_actions a1)
24.0: (validate_payload t9 a2 t10)
25.0: (sync_actions a2)
26.0: (validate_payload t10 a9 t11)
27.0: (sync_actions a9)

Plan-Length:28
Metric (Search):4.0
Planning Time (msec): 170
Heuristic Time (msec): 8
Search Time (msec): 162
Expanded Nodes:486
States Evaluated:884
Number of Dead-Ends detected:0
Number of Duplicates detected:72
/usr/bin/time -v timeout 600 java -Xmx64g -jar ./enhsp3.jar -o ./domain_with_failure.pddl -f ./problems/BasePN-3And-del-2-d1/problem9.pddl -h blind -s WAStar
Domain parsed
Problem parsed
Grounding..
Grounding Time: 3338
UFX:true
|F|:16457
|X|:4
|A|:340
|P|:0
|E|:0
h(I):0.0
f(n) = 1.0 (Expanded Nodes: 10, Evaluated States: 31, Time: 0.026) Frontier Size: 21
f(n) = 2.0 (Expanded Nodes: 38, Evaluated States: 101, Time: 0.072) Frontier Size: 63
f(n) = 3.0 (Expanded Nodes: 105, Evaluated States: 264, Time: 0.116) Frontier Size: 159
f(n) = 4.0 (Expanded Nodes: 363, Evaluated States: 726, Time: 0.168) Frontier Size: 363
Problem Solved

Found Plan:
0.0: (validate_payload t0 a7 t1)
1.0: (sync_actions a7)
2.0: (validate_payload t1 a10 t2)
3.0: (sync_actions a10)
4.0: (validate_payload t2 a3 t3)
5.0: (sync_actions a3)
6.0: (validate_payload t3 a4 t4)
7.0: (sync_actions a4)
8.0: (add_action a12)
9.0: (check_added_variables_model a12)
10.0: (move_in_model_move_automata a12)
11.0: (validate_payload t4 a11 t5)
12.0: (sync_actions a11)
13.0: (validate_payload t5 a5 t6)
14.0: (sync_actions a5)
15.0: (validate_payload t6 a6 t7)
16.0: (sync_actions a6)
17.0: (validate_payload t7 a8 t8)
18.0: (sync_actions a8)
19.0: (validate_payload t8 a0 t9)
20.0: (sync_actions a0)
21.0: (validate_payload t9 a1 t10)
22.0: (sync_actions a1)
23.0: (validate_payload t10 a2 t11)
24.0: (sync_actions a2)
25.0: (add_action a9)
26.0: (check_added_variables_model a9)
27.0: (move_in_model_move_automata a9)

Plan-Length:28
Metric (Search):4.0
Planning Time (msec): 390
Heuristic Time (msec): 2
Search Time (msec): 384
Expanded Nodes:523
States Evaluated:1007
Number of Dead-Ends detected:0
Number of Duplicates detected:45
/usr/bin/time -v timeout 600 java -Xmx64g -jar ./enhsp3.jar -o ./domain_with_failure.pddl -f ./problems/BasePN-3And-del-2-d1/problem10.pddl -h blind -s WAStar
Domain parsed
Problem parsed
Grounding..
Grounding Time: 3013
UFX:true
|F|:16457
|X|:3
|A|:340
|P|:0
|E|:0
h(I):0.0
f(n) = 2.0 (Expanded Nodes: 6, Evaluated States: 14, Time: 0.026) Frontier Size: 8
f(n) = 4.0 (Expanded Nodes: 44, Evaluated States: 91, Time: 0.263) Frontier Size: 47
Problem Solved

Found Plan:
0.0: (validate_payload t0 a7 t1)
1.0: (sync_actions a7)
2.0: (validate_payload t1 a3 t2)
3.0: (sync_actions a3)
4.0: (add_action a10)
5.0: (check_added_variables_model a10)
6.0: (move_in_model_move_automata a10)
7.0: (validate_payload t2 a12 t3)
8.0: (sync_actions a12)
9.0: (validate_payload t3 a11 t4)
10.0: (sync_actions a11)
11.0: (validate_payload t4 a4 t5)
12.0: (sync_actions a4)
13.0: (validate_payload t5 a5 t6)
14.0: (sync_actions a5)
15.0: (validate_payload t6 a6 t7)
16.0: (sync_actions a6)
17.0: (validate_payload t7 a8 t8)
18.0: (sync_actions a8)
19.0: (add_action a0)
20.0: (check_added_variables_model a0)
21.0: (move_in_model_move_automata a0)
22.0: (validate_payload t8 a1 t9)
23.0: (sync_actions a1)
24.0: (validate_payload t9 a2 t10)
25.0: (sync_actions a2)
26.0: (validate_payload t10 a9 t11)
27.0: (sync_actions a9)

Plan-Length:28
Metric (Search):4.0
Planning Time (msec): 300
Heuristic Time (msec): 6
Search Time (msec): 296
Expanded Nodes:133
States Evaluated:228
Number of Dead-Ends detected:0
Number of Duplicates detected:21
/usr/bin/time -v timeout 600 java -Xmx64g -jar ./enhsp3.jar -o ./domain_with_failure.pddl -f ./problems/BasePN-3And-del-2-d1/problem11.pddl -h blind -s WAStar
Domain parsed
Problem parsed
Grounding..
Grounding Time: 3032
UFX:true
|F|:16457
|X|:4
|A|:340
|P|:0
|E|:0
h(I):0.0
f(n) = 1.0 (Expanded Nodes: 2, Evaluated States: 7, Time: 0.017) Frontier Size: 5
f(n) = 2.0 (Expanded Nodes: 6, Evaluated States: 7, Time: 0.047) Frontier Size: 1
f(n) = 3.0 (Expanded Nodes: 20, Evaluated States: 48, Time: 0.065) Frontier Size: 28
f(n) = 4.0 (Expanded Nodes: 64, Evaluated States: 158, Time: 0.087) Frontier Size: 94
Problem Solved

Found Plan:
0.0: (add_action a7)
1.0: (check_added_variables_model a7)
2.0: (move_in_model_move_automata a7)
3.0: (validate_payload t0 a10 t1)
4.0: (sync_actions a10)
5.0: (validate_payload t1 a3 t2)
6.0: (sync_actions a3)
7.0: (validate_payload t2 a5 t3)
8.0: (sync_actions a5)
9.0: (validate_payload t3 a4 t4)
10.0: (sync_actions a4)
11.0: (add_action a12)
12.0: (check_added_variables_model a12)
13.0: (move_in_model_move_automata a12)
14.0: (validate_payload t4 a6 t5)
15.0: (sync_actions a6)
16.0: (validate_payload t5 a11 t6)
17.0: (sync_actions a11)
18.0: (validate_payload t6 a8 t7)
19.0: (sync_actions a8)
20.0: (validate_payload t7 a1 t8)
21.0: (sync_actions a1)
22.0: (validate_payload t8 a0 t9)
23.0: (sync_actions a0)
24.0: (validate_payload t9 a2 t10)
25.0: (sync_actions a2)
26.0: (validate_payload t10 a9 t11)
27.0: (sync_actions a9)

Plan-Length:28
Metric (Search):4.0
Planning Time (msec): 284
Heuristic Time (msec): 7
Search Time (msec): 278
Expanded Nodes:117
States Evaluated:285
Number of Dead-Ends detected:0
Number of Duplicates detected:7
/usr/bin/time -v timeout 600 java -Xmx64g -jar ./enhsp3.jar -o ./domain_with_failure.pddl -f ./problems/BasePN-3And-del-2-d1/problem12.pddl -h blind -s WAStar
Domain parsed
Problem parsed
Grounding..
Grounding Time: 3432
UFX:true
|F|:16457
|X|:3
|A|:340
|P|:0
|E|:0
h(I):0.0
f(n) = 1.0 (Expanded Nodes: 16, Evaluated States: 48, Time: 0.21) Frontier Size: 32
f(n) = 2.0 (Expanded Nodes: 68, Evaluated States: 180, Time: 0.252) Frontier Size: 112
f(n) = 3.0 (Expanded Nodes: 158, Evaluated States: 386, Time: 0.297) Frontier Size: 228
f(n) = 4.0 (Expanded Nodes: 498, Evaluated States: 950, Time: 0.359) Frontier Size: 452
f(n) = 5.0 (Expanded Nodes: 870, Evaluated States: 1481, Time: 0.403) Frontier Size: 611
Problem Solved

Found Plan:
0.0: (validate_payload t0 a7 t1)
1.0: (sync_actions a7)
2.0: (validate_payload t1 a10 t2)
3.0: (sync_actions a10)
4.0: (validate_payload t2 a3 t3)
5.0: (sync_actions a3)
6.0: (validate_payload t3 a4 t4)
7.0: (sync_actions a4)
8.0: (validate_payload t4 a5 t5)
9.0: (sync_actions a5)
10.0: (validate_payload t5 a12 t6)
11.0: (sync_actions a12)
12.0: (add_action a11)
13.0: (check_added_variables_model a11)
14.0: (move_in_model_move_automata a11)
15.0: (validate_payload t6 a6 t7)
16.0: (sync_actions a6)
17.0: (validate_payload t7 a8 t8)
18.0: (sync_actions a8)
19.0: (validate_payload t8 a0 t9)
20.0: (sync_actions a0)
21.0: (add_action a1)
22.0: (move_in_model_parameter a1 sDEC1_2 integer v5)
23.0: (check_added_variables_model a1)
24.0: (move_in_model_move_automata a1)
25.0: (validate_payload t9 a2 t10)
26.0: (sync_actions a2)
27.0: (validate_payload t10 a9 t11)
28.0: (sync_actions a9)

Plan-Length:29
Metric (Search):5.0
Planning Time (msec): 419
Heuristic Time (msec): 6
Search Time (msec): 416
Expanded Nodes:1001
States Evaluated:1668
Number of Dead-Ends detected:0
Number of Duplicates detected:145
/usr/bin/time -v timeout 600 java -Xmx64g -jar ./enhsp3.jar -o ./domain_with_failure.pddl -f ./problems/BasePN-3And-del-2-d1/problem13.pddl -h blind -s WAStar
Domain parsed
Problem parsed
Grounding..
Grounding Time: 3056
UFX:true
|F|:16457
|X|:4
|A|:340
|P|:0
|E|:0
h(I):0.0
f(n) = 1.0 (Expanded Nodes: 16, Evaluated States: 47, Time: 0.032) Frontier Size: 31
f(n) = 2.0 (Expanded Nodes: 68, Evaluated States: 175, Time: 0.084) Frontier Size: 107
f(n) = 3.0 (Expanded Nodes: 158, Evaluated States: 385, Time: 0.287) Frontier Size: 227
f(n) = 4.0 (Expanded Nodes: 524, Evaluated States: 995, Time: 0.338) Frontier Size: 471
Problem Solved

Found Plan:
0.0: (validate_payload t0 a7 t1)
1.0: (sync_actions a7)
2.0: (validate_payload t1 a10 t2)
3.0: (sync_actions a10)
4.0: (validate_payload t2 a3 t3)
5.0: (sync_actions a3)
6.0: (validate_payload t3 a4 t4)
7.0: (sync_actions a4)
8.0: (validate_payload t4 a5 t5)
9.0: (sync_actions a5)
10.0: (validate_payload t5 a6 t6)
11.0: (sync_actions a6)
12.0: (validate_payload t6 a12 t7)
13.0: (sync_actions a12)
14.0: (add_action a11)
15.0: (check_added_variables_model a11)
16.0: (move_in_model_move_automata a11)
17.0: (validate_payload t7 a8 t8)
18.0: (sync_actions a8)
19.0: (validate_payload t8 a1 t9)
20.0: (sync_actions a1)
21.0: (validate_payload t9 a2 t10)
22.0: (sync_actions a2)
23.0: (validate_payload t10 a0 t11)
24.0: (sync_actions a0)
25.0: (add_action a9)
26.0: (check_added_variables_model a9)
27.0: (move_in_model_move_automata a9)

Plan-Length:28
Metric (Search):4.0
Planning Time (msec): 393
Heuristic Time (msec): 5
Search Time (msec): 382
Expanded Nodes:900
States Evaluated:1555
Number of Dead-Ends detected:0
Number of Duplicates detected:109
/usr/bin/time -v timeout 600 java -Xmx64g -jar ./enhsp3.jar -o ./domain_with_failure.pddl -f ./problems/BasePN-3And-del-2-d1/problem14.pddl -h blind -s WAStar
Domain parsed
Problem parsed
Grounding..
Grounding Time: 3306
UFX:true
|F|:16457
|X|:3
|A|:340
|P|:0
|E|:0
h(I):0.0
f(n) = 2.0 (Expanded Nodes: 12, Evaluated States: 29, Time: 0.03) Frontier Size: 17
f(n) = 4.0 (Expanded Nodes: 67, Evaluated States: 130, Time: 0.095) Frontier Size: 63
Problem Solved

Found Plan:
0.0: (validate_payload t0 a7 t1)
1.0: (sync_actions a7)
2.0: (validate_payload t1 a10 t2)
3.0: (sync_actions a10)
4.0: (validate_payload t2 a3 t3)
5.0: (sync_actions a3)
6.0: (validate_payload t3 a4 t4)
7.0: (sync_actions a4)
8.0: (validate_payload t4 a12 t5)
9.0: (sync_actions a12)
10.0: (add_action a5)
11.0: (check_added_variables_model a5)
12.0: (move_in_model_move_automata a5)
13.0: (validate_payload t5 a6 t6)
14.0: (sync_actions a6)
15.0: (add_action a11)
16.0: (check_added_variables_model a11)
17.0: (move_in_model_move_automata a11)
18.0: (validate_payload t6 a8 t7)
19.0: (sync_actions a8)
20.0: (validate_payload t7 a1 t8)
21.0: (sync_actions a1)
22.0: (validate_payload t8 a2 t9)
23.0: (sync_actions a2)
24.0: (validate_payload t9 a0 t10)
25.0: (sync_actions a0)
26.0: (validate_payload t10 a9 t11)
27.0: (sync_actions a9)

Plan-Length:28
Metric (Search):4.0
Planning Time (msec): 142
Heuristic Time (msec): 8
Search Time (msec): 138
Expanded Nodes:143
States Evaluated:244
Number of Dead-Ends detected:0
Number of Duplicates detected:30
/usr/bin/time -v timeout 600 java -Xmx64g -jar ./enhsp3.jar -o ./domain_with_failure.pddl -f ./problems/BasePN-3And-del-2-d1/problem15.pddl -h blind -s WAStar
Domain parsed
Problem parsed
Grounding..
Grounding Time: 3281
UFX:true
|F|:16457
|X|:4
|A|:340
|P|:0
|E|:0
h(I):0.0
f(n) = 1.0 (Expanded Nodes: 16, Evaluated States: 48, Time: 0.027) Frontier Size: 32
f(n) = 2.0 (Expanded Nodes: 68, Evaluated States: 180, Time: 0.088) Frontier Size: 112
f(n) = 3.0 (Expanded Nodes: 160, Evaluated States: 397, Time: 0.321) Frontier Size: 237
f(n) = 4.0 (Expanded Nodes: 542, Evaluated States: 1051, Time: 0.39) Frontier Size: 509
Problem Solved

Found Plan:
0.0: (validate_payload t0 a7 t1)
1.0: (sync_actions a7)
2.0: (validate_payload t1 a10 t2)
3.0: (sync_actions a10)
4.0: (validate_payload t2 a3 t3)
5.0: (sync_actions a3)
6.0: (validate_payload t3 a4 t4)
7.0: (sync_actions a4)
8.0: (validate_payload t4 a12 t5)
9.0: (sync_actions a12)
10.0: (add_action a11)
11.0: (check_added_variables_model a11)
12.0: (move_in_model_move_automata a11)
13.0: (validate_payload t5 a5 t6)
14.0: (sync_actions a5)
15.0: (validate_payload t6 a6 t7)
16.0: (sync_actions a6)
17.0: (validate_payload t7 a8 t8)
18.0: (sync_actions a8)
19.0: (validate_payload t8 a1 t9)
20.0: (sync_actions a1)
21.0: (add_action a0)
22.0: (check_added_variables_model a0)
23.0: (move_in_model_move_automata a0)
24.0: (validate_payload t9 a2 t10)
25.0: (sync_actions a2)
26.0: (validate_payload t10 a9 t11)
27.0: (sync_actions a9)

Plan-Length:28
Metric (Search):4.0
Planning Time (msec): 435
Heuristic Time (msec): 7
Search Time (msec): 427
Expanded Nodes:847
States Evaluated:1524
Number of Dead-Ends detected:0
Number of Duplicates detected:108
/usr/bin/time -v timeout 600 java -Xmx64g -jar ./enhsp3.jar -o ./domain_with_failure.pddl -f ./problems/BasePN-3And-del-2-d1/problem16.pddl -h blind -s WAStar
Domain parsed
Problem parsed
Grounding..
Grounding Time: 3099
UFX:true
|F|:16457
|X|:3
|A|:340
|P|:0
|E|:0
h(I):0.0
f(n) = 2.0 (Expanded Nodes: 8, Evaluated States: 19, Time: 0.024) Frontier Size: 11
f(n) = 4.0 (Expanded Nodes: 41, Evaluated States: 77, Time: 0.081) Frontier Size: 36
Problem Solved

Found Plan:
0.0: (validate_payload t0 a7 t1)
1.0: (sync_actions a7)
2.0: (validate_payload t1 a3 t2)
3.0: (sync_actions a3)
4.0: (add_action a10)
5.0: (check_added_variables_model a10)
6.0: (move_in_model_move_automata a10)
7.0: (add_action a4)
8.0: (check_added_variables_model a4)
9.0: (move_in_model_move_automata a4)
10.0: (validate_payload t2 a5 t3)
11.0: (sync_actions a5)
12.0: (validate_payload t3 a6 t4)
13.0: (sync_actions a6)
14.0: (validate_payload t4 a12 t5)
15.0: (sync_actions a12)
16.0: (validate_payload t5 a11 t6)
17.0: (sync_actions a11)
18.0: (validate_payload t6 a8 t7)
19.0: (sync_actions a8)
20.0: (validate_payload t7 a1 t8)
21.0: (sync_actions a1)
22.0: (validate_payload t8 a2 t9)
23.0: (sync_actions a2)
24.0: (validate_payload t9 a0 t10)
25.0: (sync_actions a0)
26.0: (validate_payload t10 a9 t11)
27.0: (sync_actions a9)

Plan-Length:28
Metric (Search):4.0
Planning Time (msec): 288
Heuristic Time (msec): 6
Search Time (msec): 280
Expanded Nodes:96
States Evaluated:169
Number of Dead-Ends detected:0
Number of Duplicates detected:15
/usr/bin/time -v timeout 600 java -Xmx64g -jar ./enhsp3.jar -o ./domain_with_failure.pddl -f ./problems/BasePN-3And-del-2-d1/problem17.pddl -h blind -s WAStar
Domain parsed
Problem parsed
Grounding..
Grounding Time: 3381
UFX:true
|F|:16457
|X|:3
|A|:340
|P|:0
|E|:0
h(I):0.0
f(n) = 2.0 (Expanded Nodes: 8, Evaluated States: 19, Time: 0.04) Frontier Size: 11
f(n) = 4.0 (Expanded Nodes: 41, Evaluated States: 77, Time: 0.283) Frontier Size: 36
Problem Solved

Found Plan:
0.0: (validate_payload t0 a7 t1)
1.0: (sync_actions a7)
2.0: (validate_payload t1 a3 t2)
3.0: (sync_actions a3)
4.0: (add_action a10)
5.0: (check_added_variables_model a10)
6.0: (move_in_model_move_automata a10)
7.0: (add_action a4)
8.0: (check_added_variables_model a4)
9.0: (move_in_model_move_automata a4)
10.0: (validate_payload t2 a5 t3)
11.0: (sync_actions a5)
12.0: (validate_payload t3 a6 t4)
13.0: (sync_actions a6)
14.0: (validate_payload t4 a12 t5)
15.0: (sync_actions a12)
16.0: (validate_payload t5 a11 t6)
17.0: (sync_actions a11)
18.0: (validate_payload t6 a8 t7)
19.0: (sync_actions a8)
20.0: (validate_payload t7 a0 t8)
21.0: (sync_actions a0)
22.0: (validate_payload t8 a1 t9)
23.0: (sync_actions a1)
24.0: (validate_payload t9 a2 t10)
25.0: (sync_actions a2)
26.0: (validate_payload t10 a9 t11)
27.0: (sync_actions a9)

Plan-Length:28
Metric (Search):4.0
Planning Time (msec): 305
Heuristic Time (msec): 8
Search Time (msec): 302
Expanded Nodes:95
States Evaluated:167
Number of Dead-Ends detected:0
Number of Duplicates detected:15
/usr/bin/time -v timeout 600 java -Xmx64g -jar ./enhsp3.jar -o ./domain_with_failure.pddl -f ./problems/BasePN-3And-del-2-d1/problem18.pddl -h blind -s WAStar
Domain parsed
Problem parsed
Grounding..
Grounding Time: 3241
UFX:true
|F|:16457
|X|:3
|A|:340
|P|:0
|E|:0
h(I):0.0
f(n) = 1.0 (Expanded Nodes: 16, Evaluated States: 42, Time: 0.03) Frontier Size: 26
f(n) = 2.0 (Expanded Nodes: 68, Evaluated States: 174, Time: 0.073) Frontier Size: 106
f(n) = 3.0 (Expanded Nodes: 150, Evaluated States: 335, Time: 0.114) Frontier Size: 185
f(n) = 4.0 (Expanded Nodes: 456, Evaluated States: 925, Time: 0.353) Frontier Size: 469
Problem Solved

Found Plan:
0.0: (validate_payload t0 a7 t1)
1.0: (sync_actions a7)
2.0: (validate_payload t1 a10 t2)
3.0: (sync_actions a10)
4.0: (validate_payload t2 a3 t3)
5.0: (sync_actions a3)
6.0: (validate_payload t3 a4 t4)
7.0: (sync_actions a4)
8.0: (validate_payload t4 a12 t5)
9.0: (sync_actions a12)
10.0: (validate_payload t5 a5 t6)
11.0: (sync_actions a5)
12.0: (add_action a6)
13.0: (check_added_variables_model a6)
14.0: (move_in_model_move_automata a6)
15.0: (validate_payload t6 a11 t7)
16.0: (sync_actions a11)
17.0: (validate_payload t7 a8 t8)
18.0: (sync_actions a8)
19.0: (validate_payload t8 a1 t9)
20.0: (sync_actions a1)
21.0: (validate_payload t9 a2 t10)
22.0: (sync_actions a2)
23.0: (validate_payload t10 a0 t11)
24.0: (sync_actions a0)
25.0: (add_action a9)
26.0: (check_added_variables_model a9)
27.0: (move_in_model_move_automata a9)

Plan-Length:28
Metric (Search):4.0
Planning Time (msec): 363
Heuristic Time (msec): 7
Search Time (msec): 361
Expanded Nodes:521
States Evaluated:1006
Number of Dead-Ends detected:0
Number of Duplicates detected:70
/usr/bin/time -v timeout 600 java -Xmx64g -jar ./enhsp3.jar -o ./domain_with_failure.pddl -f ./problems/BasePN-3And-del-2-d1/problem19.pddl -h blind -s WAStar
Domain parsed
Problem parsed
Grounding..
Grounding Time: 3460
UFX:true
|F|:16457
|X|:4
|A|:340
|P|:0
|E|:0
h(I):0.0
f(n) = 2.0 (Expanded Nodes: 2, Evaluated States: 3, Time: 0.021) Frontier Size: 1
f(n) = 3.0 (Expanded Nodes: 18, Evaluated States: 43, Time: 0.072) Frontier Size: 25
f(n) = 4.0 (Expanded Nodes: 54, Evaluated States: 123, Time: 0.086) Frontier Size: 69
Problem Solved

Found Plan:
0.0: (add_action a7)
1.0: (check_added_variables_model a7)
2.0: (move_in_model_move_automata a7)
3.0: (validate_payload t0 a3 t1)
4.0: (sync_actions a3)
5.0: (validate_payload t1 a4 t2)
6.0: (sync_actions a4)
7.0: (validate_payload t2 a10 t3)
8.0: (sync_actions a10)
9.0: (validate_payload t3 a5 t4)
10.0: (sync_actions a5)
11.0: (validate_payload t4 a6 t5)
12.0: (sync_actions a6)
13.0: (validate_payload t5 a12 t6)
14.0: (sync_actions a12)
15.0: (add_action a11)
16.0: (check_added_variables_model a11)
17.0: (move_in_model_move_automata a11)
18.0: (validate_payload t6 a8 t7)
19.0: (sync_actions a8)
20.0: (validate_payload t7 a1 t8)
21.0: (sync_actions a1)
22.0: (validate_payload t8 a0 t9)
23.0: (sync_actions a0)
24.0: (validate_payload t9 a2 t10)
25.0: (sync_actions a2)
26.0: (validate_payload t10 a9 t11)
27.0: (sync_actions a9)

Plan-Length:28
Metric (Search):4.0
Planning Time (msec): 125
Heuristic Time (msec): 6
Search Time (msec): 123
Expanded Nodes:128
States Evaluated:271
Number of Dead-Ends detected:0
Number of Duplicates detected:13
/usr/bin/time -v timeout 600 java -Xmx64g -jar ./enhsp3.jar -o ./domain_with_failure.pddl -f ./problems/BasePN-3And-del-2-d1/problem20.pddl -h blind -s WAStar
Domain parsed
Problem parsed
Grounding..
Grounding Time: 3236
UFX:true
|F|:16457
|X|:4
|A|:340
|P|:0
|E|:0
h(I):0.0
f(n) = 1.0 (Expanded Nodes: 14, Evaluated States: 42, Time: 0.032) Frontier Size: 28
f(n) = 2.0 (Expanded Nodes: 58, Evaluated States: 152, Time: 0.076) Frontier Size: 94
f(n) = 3.0 (Expanded Nodes: 140, Evaluated States: 343, Time: 0.119) Frontier Size: 203
f(n) = 4.0 (Expanded Nodes: 462, Evaluated States: 891, Time: 0.371) Frontier Size: 429
Problem Solved

Found Plan:
0.0: (validate_payload t0 a7 t1)
1.0: (sync_actions a7)
2.0: (validate_payload t1 a10 t2)
3.0: (sync_actions a10)
4.0: (validate_payload t2 a3 t3)
5.0: (sync_actions a3)
6.0: (validate_payload t3 a4 t4)
7.0: (sync_actions a4)
8.0: (validate_payload t4 a5 t5)
9.0: (sync_actions a5)
10.0: (add_action a12)
11.0: (check_added_variables_model a12)
12.0: (move_in_model_move_automata a12)
13.0: (validate_payload t5 a6 t6)
14.0: (sync_actions a6)
15.0: (validate_payload t6 a11 t7)
16.0: (sync_actions a11)
17.0: (validate_payload t7 a8 t8)
18.0: (sync_actions a8)
19.0: (validate_payload t8 a1 t9)
20.0: (sync_actions a1)
21.0: (validate_payload t9 a0 t10)
22.0: (sync_actions a0)
23.0: (validate_payload t10 a2 t11)
24.0: (sync_actions a2)
25.0: (add_action a9)
26.0: (check_added_variables_model a9)
27.0: (move_in_model_move_automata a9)

Plan-Length:28
Metric (Search):4.0
Planning Time (msec): 421
Heuristic Time (msec): 7
Search Time (msec): 415
Expanded Nodes:779
States Evaluated:1418
Number of Dead-Ends detected:0
Number of Duplicates detected:87
/usr/bin/time -v timeout 600 java -Xmx64g -jar ./enhsp3.jar -o ./domain_with_failure.pddl -f ./problems/BasePN-3And-del-2-d1/problem21.pddl -h blind -s WAStar
Domain parsed
Problem parsed
Grounding..
Grounding Time: 3289
UFX:true
|F|:16457
|X|:4
|A|:340
|P|:0
|E|:0
h(I):0.0
f(n) = 1.0 (Expanded Nodes: 14, Evaluated States: 39, Time: 0.033) Frontier Size: 25
f(n) = 2.0 (Expanded Nodes: 50, Evaluated States: 131, Time: 0.261) Frontier Size: 81
f(n) = 3.0 (Expanded Nodes: 120, Evaluated States: 269, Time: 0.298) Frontier Size: 149
f(n) = 4.0 (Expanded Nodes: 344, Evaluated States: 677, Time: 0.324) Frontier Size: 333
Problem Solved

Found Plan:
0.0: (validate_payload t0 a7 t1)
1.0: (sync_actions a7)
2.0: (validate_payload t1 a3 t2)
3.0: (sync_actions a3)
4.0: (validate_payload t2 a10 t3)
5.0: (sync_actions a10)
6.0: (validate_payload t3 a12 t4)
7.0: (sync_actions a12)
8.0: (validate_payload t4 a11 t5)
9.0: (sync_actions a11)
10.0: (add_action a4)
11.0: (check_added_variables_model a4)
12.0: (move_in_model_move_automata a4)
13.0: (validate_payload t5 a5 t6)
14.0: (sync_actions a5)
15.0: (validate_payload t6 a6 t7)
16.0: (sync_actions a6)
17.0: (add_action a8)
18.0: (check_added_variables_model a8)
19.0: (move_in_model_move_automata a8)
20.0: (validate_payload t7 a0 t8)
21.0: (sync_actions a0)
22.0: (validate_payload t8 a1 t9)
23.0: (sync_actions a1)
24.0: (validate_payload t9 a2 t10)
25.0: (sync_actions a2)
26.0: (validate_payload t10 a9 t11)
27.0: (sync_actions a9)

Plan-Length:28
Metric (Search):4.0
Planning Time (msec): 349
Heuristic Time (msec): 2
Search Time (msec): 343
Expanded Nodes:524
States Evaluated:905
Number of Dead-Ends detected:0
Number of Duplicates detected:96
/usr/bin/time -v timeout 600 java -Xmx64g -jar ./enhsp3.jar -o ./domain_with_failure.pddl -f ./problems/BasePN-3And-del-2-d1/problem22.pddl -h blind -s WAStar
Domain parsed
Problem parsed
Grounding..
Grounding Time: 3068
UFX:true
|F|:16457
|X|:3
|A|:340
|P|:0
|E|:0
h(I):0.0
f(n) = 2.0 (Expanded Nodes: 4, Evaluated States: 8, Time: 0.025) Frontier Size: 4
f(n) = 4.0 (Expanded Nodes: 25, Evaluated States: 53, Time: 0.076) Frontier Size: 28
Problem Solved

Found Plan:
0.0: (validate_payload t0 a7 t1)
1.0: (sync_actions a7)
2.0: (add_action a3)
3.0: (check_added_variables_model a3)
4.0: (move_in_model_move_automata a3)
5.0: (add_action a5)
6.0: (check_added_variables_model a5)
7.0: (move_in_model_move_automata a5)
8.0: (validate_payload t1 a4 t2)
9.0: (sync_actions a4)
10.0: (validate_payload t2 a10 t3)
11.0: (sync_actions a10)
12.0: (validate_payload t3 a12 t4)
13.0: (sync_actions a12)
14.0: (validate_payload t4 a6 t5)
15.0: (sync_actions a6)
16.0: (validate_payload t5 a11 t6)
17.0: (sync_actions a11)
18.0: (validate_payload t6 a8 t7)
19.0: (sync_actions a8)
20.0: (validate_payload t7 a1 t8)
21.0: (sync_actions a1)
22.0: (validate_payload t8 a0 t9)
23.0: (sync_actions a0)
24.0: (validate_payload t9 a2 t10)
25.0: (sync_actions a2)
26.0: (validate_payload t10 a9 t11)
27.0: (sync_actions a9)

Plan-Length:28
Metric (Search):4.0
Planning Time (msec): 124
Heuristic Time (msec): 10
Search Time (msec): 111
Expanded Nodes:113
States Evaluated:201
Number of Dead-Ends detected:0
Number of Duplicates detected:18
/usr/bin/time -v timeout 600 java -Xmx64g -jar ./enhsp3.jar -o ./domain_with_failure.pddl -f ./problems/BasePN-3And-del-2-d1/problem23.pddl -h blind -s WAStar
Domain parsed
Problem parsed
Grounding..
Grounding Time: 3164
UFX:true
|F|:16457
|X|:4
|A|:340
|P|:0
|E|:0
h(I):0.0
f(n) = 1.0 (Expanded Nodes: 22, Evaluated States: 53, Time: 0.039) Frontier Size: 31
f(n) = 2.0 (Expanded Nodes: 98, Evaluated States: 239, Time: 0.106) Frontier Size: 141
f(n) = 3.0 (Expanded Nodes: 199, Evaluated States: 421, Time: 0.144) Frontier Size: 222
f(n) = 4.0 (Expanded Nodes: 509, Evaluated States: 1003, Time: 0.206) Frontier Size: 494
Problem Solved

Found Plan:
0.0: (validate_payload t0 a7 t1)
1.0: (sync_actions a7)
2.0: (validate_payload t1 a10 t2)
3.0: (sync_actions a10)
4.0: (validate_payload t2 a12 t3)
5.0: (sync_actions a12)
6.0: (validate_payload t3 a11 t4)
7.0: (sync_actions a11)
8.0: (validate_payload t4 a3 t5)
9.0: (sync_actions a3)
10.0: (validate_payload t5 a4 t6)
11.0: (sync_actions a4)
12.0: (validate_payload t6 a5 t7)
13.0: (sync_actions a5)
14.0: (validate_payload t7 a6 t8)
15.0: (sync_actions a6)
16.0: (validate_payload t8 a8 t9)
17.0: (sync_actions a8)
18.0: (add_action a0)
19.0: (check_added_variables_model a0)
20.0: (move_in_model_move_automata a0)
21.0: (validate_payload t9 a1 t10)
22.0: (sync_actions a1)
23.0: (add_action a2)
24.0: (check_added_variables_model a2)
25.0: (move_in_model_move_automata a2)
26.0: (validate_payload t10 a9 t11)
27.0: (sync_actions a9)

Plan-Length:28
Metric (Search):4.0
Planning Time (msec): 235
Heuristic Time (msec): 8
Search Time (msec): 233
Expanded Nodes:818
States Evaluated:1401
Number of Dead-Ends detected:0
Number of Duplicates detected:114
/usr/bin/time -v timeout 600 java -Xmx64g -jar ./enhsp3.jar -o ./domain_with_failure.pddl -f ./problems/BasePN-3And-del-2-d1/problem24.pddl -h blind -s WAStar
Domain parsed
Problem parsed
Grounding..
Grounding Time: 3124
UFX:true
|F|:16457
|X|:3
|A|:340
|P|:0
|E|:0
h(I):0.0
f(n) = 1.0 (Expanded Nodes: 20, Evaluated States: 51, Time: 0.039) Frontier Size: 31
f(n) = 2.0 (Expanded Nodes: 80, Evaluated States: 195, Time: 0.086) Frontier Size: 115
f(n) = 3.0 (Expanded Nodes: 171, Evaluated States: 369, Time: 0.293) Frontier Size: 198
f(n) = 4.0 (Expanded Nodes: 463, Evaluated States: 901, Time: 0.35) Frontier Size: 438
Problem Solved

Found Plan:
0.0: (validate_payload t0 a7 t1)
1.0: (sync_actions a7)
2.0: (validate_payload t1 a3 t2)
3.0: (sync_actions a3)
4.0: (validate_payload t2 a10 t3)
5.0: (sync_actions a10)
6.0: (validate_payload t3 a5 t4)
7.0: (sync_actions a5)
8.0: (validate_payload t4 a4 t5)
9.0: (sync_actions a4)
10.0: (validate_payload t5 a6 t6)
11.0: (sync_actions a6)
12.0: (validate_payload t6 a12 t7)
13.0: (sync_actions a12)
14.0: (validate_payload t7 a11 t8)
15.0: (sync_actions a11)
16.0: (validate_payload t8 a8 t9)
17.0: (sync_actions a8)
18.0: (add_action a1)
19.0: (check_added_variables_model a1)
20.0: (move_in_model_move_automata a1)
21.0: (validate_payload t9 a2 t10)
22.0: (sync_actions a2)
23.0: (validate_payload t10 a0 t11)
24.0: (sync_actions a0)
25.0: (add_action a9)
26.0: (check_added_variables_model a9)
27.0: (move_in_model_move_automata a9)

Plan-Length:28
Metric (Search):4.0
Planning Time (msec): 378
Heuristic Time (msec): 12
Search Time (msec): 371
Expanded Nodes:638
States Evaluated:1108
Number of Dead-Ends detected:0
Number of Duplicates detected:102
/usr/bin/time -v timeout 600 java -Xmx64g -jar ./enhsp3.jar -o ./domain_with_failure.pddl -f ./problems/BasePN-3And-del-2-d1/problem25.pddl -h blind -s WAStar
Domain parsed
Problem parsed
Grounding..
Grounding Time: 3317
UFX:true
|F|:16457
|X|:3
|A|:340
|P|:0
|E|:0
h(I):0.0
f(n) = 2.0 (Expanded Nodes: 6, Evaluated States: 14, Time: 0.025) Frontier Size: 8
f(n) = 4.0 (Expanded Nodes: 44, Evaluated States: 91, Time: 0.259) Frontier Size: 47
Problem Solved

Found Plan:
0.0: (validate_payload t0 a7 t1)
1.0: (sync_actions a7)
2.0: (validate_payload t1 a3 t2)
3.0: (sync_actions a3)
4.0: (add_action a10)
5.0: (check_added_variables_model a10)
6.0: (move_in_model_move_automata a10)
7.0: (validate_payload t2 a12 t3)
8.0: (sync_actions a12)
9.0: (validate_payload t3 a11 t4)
10.0: (sync_actions a11)
11.0: (validate_payload t4 a5 t5)
12.0: (sync_actions a5)
13.0: (validate_payload t5 a4 t6)
14.0: (sync_actions a4)
15.0: (validate_payload t6 a6 t7)
16.0: (sync_actions a6)
17.0: (validate_payload t7 a8 t8)
18.0: (sync_actions a8)
19.0: (add_action a0)
20.0: (check_added_variables_model a0)
21.0: (move_in_model_move_automata a0)
22.0: (validate_payload t8 a1 t9)
23.0: (sync_actions a1)
24.0: (validate_payload t9 a2 t10)
25.0: (sync_actions a2)
26.0: (validate_payload t10 a9 t11)
27.0: (sync_actions a9)

Plan-Length:28
Metric (Search):4.0
Planning Time (msec): 297
Heuristic Time (msec): 1
Search Time (msec): 293
Expanded Nodes:133
States Evaluated:228
Number of Dead-Ends detected:0
Number of Duplicates detected:21
/usr/bin/time -v timeout 600 java -Xmx64g -jar ./enhsp3.jar -o ./domain_with_failure.pddl -f ./problems/BasePN-3And-del-2-d1/problem26.pddl -h blind -s WAStar
Domain parsed
Problem parsed
Grounding..
Grounding Time: 3500
UFX:true
|F|:16457
|X|:3
|A|:340
|P|:0
|E|:0
h(I):0.0
f(n) = 2.0 (Expanded Nodes: 14, Evaluated States: 34, Time: 0.04) Frontier Size: 20
f(n) = 4.0 (Expanded Nodes: 80, Evaluated States: 150, Time: 0.11) Frontier Size: 70
Problem Solved

Found Plan:
0.0: (validate_payload t0 a7 t1)
1.0: (sync_actions a7)
2.0: (validate_payload t1 a10 t2)
3.0: (sync_actions a10)
4.0: (validate_payload t2 a3 t3)
5.0: (sync_actions a3)
6.0: (validate_payload t3 a12 t4)
7.0: (sync_actions a12)
8.0: (validate_payload t4 a11 t5)
9.0: (sync_actions a11)
10.0: (add_action a4)
11.0: (check_added_variables_model a4)
12.0: (move_in_model_move_automata a4)
13.0: (validate_payload t5 a5 t6)
14.0: (sync_actions a5)
15.0: (validate_payload t6 a6 t7)
16.0: (sync_actions a6)
17.0: (add_action a8)
18.0: (check_added_variables_model a8)
19.0: (move_in_model_move_automata a8)
20.0: (validate_payload t7 a0 t8)
21.0: (sync_actions a0)
22.0: (validate_payload t8 a1 t9)
23.0: (sync_actions a1)
24.0: (validate_payload t9 a2 t10)
25.0: (sync_actions a2)
26.0: (validate_payload t10 a9 t11)
27.0: (sync_actions a9)

Plan-Length:28
Metric (Search):4.0
Planning Time (msec): 147
Heuristic Time (msec): 17
Search Time (msec): 146
Expanded Nodes:243
States Evaluated:363
Number of Dead-Ends detected:0
Number of Duplicates detected:64
/usr/bin/time -v timeout 600 java -Xmx64g -jar ./enhsp3.jar -o ./domain_with_failure.pddl -f ./problems/BasePN-3And-del-2-d1/problem27.pddl -h blind -s WAStar
Domain parsed
Problem parsed
Grounding..
Grounding Time: 3342
UFX:true
|F|:16457
|X|:4
|A|:340
|P|:0
|E|:0
h(I):0.0
f(n) = 1.0 (Expanded Nodes: 6, Evaluated States: 17, Time: 0.025) Frontier Size: 11
f(n) = 2.0 (Expanded Nodes: 18, Evaluated States: 39, Time: 0.066) Frontier Size: 21
f(n) = 3.0 (Expanded Nodes: 45, Evaluated States: 104, Time: 0.091) Frontier Size: 59
f(n) = 4.0 (Expanded Nodes: 125, Evaluated States: 264, Time: 0.111) Frontier Size: 139
Problem Solved

Found Plan:
0.0: (validate_payload t0 a7 t1)
1.0: (sync_actions a7)
2.0: (add_action a3)
3.0: (check_added_variables_model a3)
4.0: (move_in_model_move_automata a3)
5.0: (validate_payload t1 a10 t2)
6.0: (sync_actions a10)
7.0: (validate_payload t2 a4 t3)
8.0: (sync_actions a4)
9.0: (validate_payload t3 a5 t4)
10.0: (sync_actions a5)
11.0: (validate_payload t4 a12 t5)
12.0: (sync_actions a12)
13.0: (validate_payload t5 a11 t6)
14.0: (sync_actions a11)
15.0: (add_action a6)
16.0: (check_added_variables_model a6)
17.0: (move_in_model_move_automata a6)
18.0: (validate_payload t6 a8 t7)
19.0: (sync_actions a8)
20.0: (validate_payload t7 a0 t8)
21.0: (sync_actions a0)
22.0: (validate_payload t8 a1 t9)
23.0: (sync_actions a1)
24.0: (validate_payload t9 a2 t10)
25.0: (sync_actions a2)
26.0: (validate_payload t10 a9 t11)
27.0: (sync_actions a9)

Plan-Length:28
Metric (Search):4.0
Planning Time (msec): 145
Heuristic Time (msec): 7
Search Time (msec): 140
Expanded Nodes:219
States Evaluated:423
Number of Dead-Ends detected:0
Number of Duplicates detected:25
/usr/bin/time -v timeout 600 java -Xmx64g -jar ./enhsp3.jar -o ./domain_with_failure.pddl -f ./problems/BasePN-3And-del-2-d1/problem28.pddl -h blind -s WAStar
Domain parsed
Problem parsed
Grounding..
Grounding Time: 3181
UFX:true
|F|:16457
|X|:4
|A|:340
|P|:0
|E|:0
h(I):0.0
f(n) = 1.0 (Expanded Nodes: 6, Evaluated States: 17, Time: 0.024) Frontier Size: 11
f(n) = 2.0 (Expanded Nodes: 18, Evaluated States: 39, Time: 0.056) Frontier Size: 21
f(n) = 3.0 (Expanded Nodes: 55, Evaluated States: 123, Time: 0.087) Frontier Size: 68
f(n) = 4.0 (Expanded Nodes: 175, Evaluated States: 373, Time: 0.28) Frontier Size: 198
Problem Solved

Found Plan:
0.0: (validate_payload t0 a7 t1)
1.0: (sync_actions a7)
2.0: (add_action a3)
3.0: (check_added_variables_model a3)
4.0: (move_in_model_move_automata a3)
5.0: (validate_payload t1 a10 t2)
6.0: (sync_actions a10)
7.0: (validate_payload t2 a4 t3)
8.0: (sync_actions a4)
9.0: (validate_payload t3 a5 t4)
10.0: (sync_actions a5)
11.0: (validate_payload t4 a6 t5)
12.0: (sync_actions a6)
13.0: (validate_payload t5 a12 t6)
14.0: (sync_actions a12)
15.0: (validate_payload t6 a11 t7)
16.0: (sync_actions a11)
17.0: (validate_payload t7 a8 t8)
18.0: (sync_actions a8)
19.0: (validate_payload t8 a0 t9)
20.0: (sync_actions a0)
21.0: (validate_payload t9 a1 t10)
22.0: (sync_actions a1)
23.0: (validate_payload t10 a2 t11)
24.0: (sync_actions a2)
25.0: (add_action a9)
26.0: (check_added_variables_model a9)
27.0: (move_in_model_move_automata a9)

Plan-Length:28
Metric (Search):4.0
Planning Time (msec): 319
Heuristic Time (msec): 5
Search Time (msec): 314
Expanded Nodes:261
States Evaluated:508
Number of Dead-Ends detected:0
Number of Duplicates detected:14
/usr/bin/time -v timeout 600 java -Xmx64g -jar ./enhsp3.jar -o ./domain_with_failure.pddl -f ./problems/BasePN-3And-del-2-d1/problem29.pddl -h blind -s WAStar
Domain parsed
Problem parsed
Grounding..
Grounding Time: 3197
UFX:true
|F|:16457
|X|:3
|A|:340
|P|:0
|E|:0
h(I):0.0
f(n) = 2.0 (Expanded Nodes: 6, Evaluated States: 13, Time: 0.02) Frontier Size: 7
f(n) = 4.0 (Expanded Nodes: 35, Evaluated States: 71, Time: 0.074) Frontier Size: 36
Problem Solved

Found Plan:
0.0: (validate_payload t0 a7 t1)
1.0: (sync_actions a7)
2.0: (add_action a3)
3.0: (check_added_variables_model a3)
4.0: (move_in_model_move_automata a3)
5.0: (validate_payload t1 a10 t2)
6.0: (sync_actions a10)
7.0: (validate_payload t2 a4 t3)
8.0: (sync_actions a4)
9.0: (validate_payload t3 a12 t4)
10.0: (sync_actions a12)
11.0: (validate_payload t4 a5 t5)
12.0: (sync_actions a5)
13.0: (add_action a11)
14.0: (check_added_variables_model a11)
15.0: (move_in_model_move_automata a11)
16.0: (validate_payload t5 a6 t6)
17.0: (sync_actions a6)
18.0: (validate_payload t6 a8 t7)
19.0: (sync_actions a8)
20.0: (validate_payload t7 a1 t8)
21.0: (sync_actions a1)
22.0: (validate_payload t8 a0 t9)
23.0: (sync_actions a0)
24.0: (validate_payload t9 a2 t10)
25.0: (sync_actions a2)
26.0: (validate_payload t10 a9 t11)
27.0: (sync_actions a9)

Plan-Length:28
Metric (Search):4.0
Planning Time (msec): 101
Heuristic Time (msec): 2
Search Time (msec): 93
Expanded Nodes:78
States Evaluated:137
Number of Dead-Ends detected:0
Number of Duplicates detected:12
/usr/bin/time -v timeout 600 java -Xmx64g -jar ./enhsp3.jar -o ./domain_with_failure.pddl -f ./problems/BasePN-3And-del-2-d1/problem30.pddl -h blind -s WAStar
Domain parsed
Problem parsed
Grounding..
Grounding Time: 3539
UFX:true
|F|:16457
|X|:3
|A|:340
|P|:0
|E|:0
h(I):0.0
f(n) = 2.0 (Expanded Nodes: 12, Evaluated States: 30, Time: 0.026) Frontier Size: 18
f(n) = 4.0 (Expanded Nodes: 69, Evaluated States: 131, Time: 0.097) Frontier Size: 62
Problem Solved

Found Plan:
0.0: (validate_payload t0 a7 t1)
1.0: (sync_actions a7)
2.0: (validate_payload t1 a10 t2)
3.0: (sync_actions a10)
4.0: (validate_payload t2 a3 t3)
5.0: (sync_actions a3)
6.0: (validate_payload t3 a12 t4)
7.0: (sync_actions a12)
8.0: (validate_payload t4 a11 t5)
9.0: (sync_actions a11)
10.0: (add_action a4)
11.0: (check_added_variables_model a4)
12.0: (move_in_model_move_automata a4)
13.0: (add_action a5)
14.0: (check_added_variables_model a5)
15.0: (move_in_model_move_automata a5)
16.0: (validate_payload t5 a6 t6)
17.0: (sync_actions a6)
18.0: (validate_payload t6 a8 t7)
19.0: (sync_actions a8)
20.0: (validate_payload t7 a0 t8)
21.0: (sync_actions a0)
22.0: (validate_payload t8 a1 t9)
23.0: (sync_actions a1)
24.0: (validate_payload t9 a2 t10)
25.0: (sync_actions a2)
26.0: (validate_payload t10 a9 t11)
27.0: (sync_actions a9)

Plan-Length:28
Metric (Search):4.0
Planning Time (msec): 121
Heuristic Time (msec): 2
Search Time (msec): 114
Expanded Nodes:131
States Evaluated:231
Number of Dead-Ends detected:0
Number of Duplicates detected:26
/usr/bin/time -v timeout 600 java -Xmx64g -jar ./enhsp3.jar -o ./domain_with_failure.pddl -f ./problems/BasePN-3And-del-2-d1/problem31.pddl -h blind -s WAStar
Domain parsed
Problem parsed
Grounding..
Grounding Time: 3229
UFX:true
|F|:16457
|X|:4
|A|:340
|P|:0
|E|:0
h(I):0.0
f(n) = 1.0 (Expanded Nodes: 6, Evaluated States: 18, Time: 0.023) Frontier Size: 12
f(n) = 2.0 (Expanded Nodes: 18, Evaluated States: 40, Time: 0.057) Frontier Size: 22
f(n) = 3.0 (Expanded Nodes: 61, Evaluated States: 154, Time: 0.093) Frontier Size: 93
f(n) = 4.0 (Expanded Nodes: 235, Evaluated States: 504, Time: 0.136) Frontier Size: 269
Problem Solved

Found Plan:
0.0: (validate_payload t0 a7 t1)
1.0: (sync_actions a7)
2.0: (validate_payload t1 a10 t2)
3.0: (sync_actions a10)
4.0: (add_action a3)
5.0: (check_added_variables_model a3)
6.0: (move_in_model_move_automata a3)
7.0: (validate_payload t2 a4 t3)
8.0: (sync_actions a4)
9.0: (validate_payload t3 a12 t4)
10.0: (sync_actions a12)
11.0: (validate_payload t4 a11 t5)
12.0: (sync_actions a11)
13.0: (validate_payload t5 a5 t6)
14.0: (sync_actions a5)
15.0: (validate_payload t6 a6 t7)
16.0: (sync_actions a6)
17.0: (validate_payload t7 a8 t8)
18.0: (sync_actions a8)
19.0: (validate_payload t8 a1 t9)
20.0: (sync_actions a1)
21.0: (validate_payload t9 a0 t10)
22.0: (sync_actions a0)
23.0: (validate_payload t10 a2 t11)
24.0: (sync_actions a2)
25.0: (add_action a9)
26.0: (check_added_variables_model a9)
27.0: (move_in_model_move_automata a9)

Plan-Length:28
Metric (Search):4.0
Planning Time (msec): 156
Heuristic Time (msec): 7
Search Time (msec): 155
Expanded Nodes:312
States Evaluated:667
Number of Dead-Ends detected:0
Number of Duplicates detected:17
/usr/bin/time -v timeout 600 java -Xmx64g -jar ./enhsp3.jar -o ./domain_with_failure.pddl -f ./problems/BasePN-3And-del-2-d1/problem32.pddl -h blind -s WAStar
Domain parsed
Problem parsed
Grounding..
Grounding Time: 3339
UFX:true
|F|:16457
|X|:4
|A|:340
|P|:0
|E|:0
h(I):0.0
f(n) = 1.0 (Expanded Nodes: 14, Evaluated States: 37, Time: 0.027) Frontier Size: 23
f(n) = 2.0 (Expanded Nodes: 58, Evaluated States: 147, Time: 0.079) Frontier Size: 89
f(n) = 3.0 (Expanded Nodes: 120, Evaluated States: 271, Time: 0.108) Frontier Size: 151
f(n) = 4.0 (Expanded Nodes: 346, Evaluated States: 707, Time: 0.333) Frontier Size: 361
Problem Solved

Found Plan:
0.0: (validate_payload t0 a7 t1)
1.0: (sync_actions a7)
2.0: (validate_payload t1 a10 t2)
3.0: (sync_actions a10)
4.0: (validate_payload t2 a3 t3)
5.0: (sync_actions a3)
6.0: (validate_payload t3 a4 t4)
7.0: (sync_actions a4)
8.0: (validate_payload t4 a12 t5)
9.0: (sync_actions a12)
10.0: (validate_payload t5 a11 t6)
11.0: (sync_actions a11)
12.0: (add_action a5)
13.0: (check_added_variables_model a5)
14.0: (move_in_model_move_automata a5)
15.0: (validate_payload t6 a6 t7)
16.0: (sync_actions a6)
17.0: (add_action a8)
18.0: (check_added_variables_model a8)
19.0: (move_in_model_move_automata a8)
20.0: (validate_payload t7 a1 t8)
21.0: (sync_actions a1)
22.0: (validate_payload t8 a0 t9)
23.0: (sync_actions a0)
24.0: (validate_payload t9 a2 t10)
25.0: (sync_actions a2)
26.0: (validate_payload t10 a9 t11)
27.0: (sync_actions a9)

Plan-Length:28
Metric (Search):4.0
Planning Time (msec): 394
Heuristic Time (msec): 6
Search Time (msec): 384
Expanded Nodes:652
States Evaluated:1037
Number of Dead-Ends detected:0
Number of Duplicates detected:109
/usr/bin/time -v timeout 600 java -Xmx64g -jar ./enhsp3.jar -o ./domain_with_failure.pddl -f ./problems/BasePN-3And-del-2-d1/problem33.pddl -h blind -s WAStar
Domain parsed
Problem parsed
Grounding..
Grounding Time: 3346
UFX:true
|F|:16457
|X|:3
|A|:340
|P|:0
|E|:0
h(I):0.0
f(n) = 1.0 (Expanded Nodes: 22, Evaluated States: 55, Time: 0.221) Frontier Size: 33
f(n) = 2.0 (Expanded Nodes: 98, Evaluated States: 241, Time: 0.276) Frontier Size: 143
f(n) = 3.0 (Expanded Nodes: 190, Evaluated States: 411, Time: 0.314) Frontier Size: 221
f(n) = 4.0 (Expanded Nodes: 538, Evaluated States: 1063, Time: 0.365) Frontier Size: 525
Problem Solved

Found Plan:
0.0: (validate_payload t0 a7 t1)
1.0: (sync_actions a7)
2.0: (validate_payload t1 a10 t2)
3.0: (sync_actions a10)
4.0: (validate_payload t2 a3 t3)
5.0: (sync_actions a3)
6.0: (validate_payload t3 a4 t4)
7.0: (sync_actions a4)
8.0: (validate_payload t4 a12 t5)
9.0: (sync_actions a12)
10.0: (validate_payload t5 a5 t6)
11.0: (sync_actions a5)
12.0: (validate_payload t6 a11 t7)
13.0: (sync_actions a11)
14.0: (validate_payload t7 a6 t8)
15.0: (sync_actions a6)
16.0: (validate_payload t8 a8 t9)
17.0: (sync_actions a8)
18.0: (validate_payload t9 a0 t10)
19.0: (sync_actions a0)
20.0: (add_action a1)
21.0: (check_added_variables_model a1)
22.0: (move_in_model_move_automata a1)
23.0: (add_action a2)
24.0: (check_added_variables_model a2)
25.0: (move_in_model_move_automata a2)
26.0: (validate_payload t10 a9 t11)
27.0: (sync_actions a9)

Plan-Length:28
Metric (Search):4.0
Planning Time (msec): 383
Heuristic Time (msec): 6
Search Time (msec): 377
Expanded Nodes:685
States Evaluated:1238
Number of Dead-Ends detected:0
Number of Duplicates detected:106
/usr/bin/time -v timeout 600 java -Xmx64g -jar ./enhsp3.jar -o ./domain_with_failure.pddl -f ./problems/BasePN-3And-del-2-d1/problem34.pddl -h blind -s WAStar
Domain parsed
Problem parsed
Grounding..
Grounding Time: 3257
UFX:true
|F|:16457
|X|:4
|A|:340
|P|:0
|E|:0
h(I):0.0
f(n) = 1.0 (Expanded Nodes: 22, Evaluated States: 64, Time: 0.262) Frontier Size: 42
f(n) = 2.0 (Expanded Nodes: 110, Evaluated States: 272, Time: 0.318) Frontier Size: 162
f(n) = 3.0 (Expanded Nodes: 228, Evaluated States: 532, Time: 0.349) Frontier Size: 304
f(n) = 4.0 (Expanded Nodes: 682, Evaluated States: 1260, Time: 0.395) Frontier Size: 578
Problem Solved

Found Plan:
0.0: (validate_payload t0 a7 t1)
1.0: (sync_actions a7)
2.0: (validate_payload t1 a10 t2)
3.0: (sync_actions a10)
4.0: (validate_payload t2 a12 t3)
5.0: (sync_actions a12)
6.0: (validate_payload t3 a11 t4)
7.0: (sync_actions a11)
8.0: (validate_payload t4 a3 t5)
9.0: (sync_actions a3)
10.0: (validate_payload t5 a4 t6)
11.0: (sync_actions a4)
12.0: (validate_payload t6 a5 t7)
13.0: (sync_actions a5)
14.0: (validate_payload t7 a6 t8)
15.0: (sync_actions a6)
16.0: (validate_payload t8 a8 t9)
17.0: (sync_actions a8)
18.0: (validate_payload t9 a1 t10)
19.0: (sync_actions a1)
20.0: (add_action a2)
21.0: (check_added_variables_model a2)
22.0: (move_in_model_move_automata a2)
23.0: (add_action a0)
24.0: (check_added_variables_model a0)
25.0: (move_in_model_move_automata a0)
26.0: (validate_payload t10 a9 t11)
27.0: (sync_actions a9)

Plan-Length:28
Metric (Search):4.0
Planning Time (msec): 408
Heuristic Time (msec): 8
Search Time (msec): 405
Expanded Nodes:793
States Evaluated:1435
Number of Dead-Ends detected:0
Number of Duplicates detected:80
/usr/bin/time -v timeout 600 java -Xmx64g -jar ./enhsp3.jar -o ./domain_with_failure.pddl -f ./problems/BasePN-3And-del-2-d1/problem35.pddl -h blind -s WAStar
Domain parsed
Problem parsed
Grounding..
Grounding Time: 3455
UFX:true
|F|:16457
|X|:3
|A|:340
|P|:0
|E|:0
h(I):0.0
f(n) = 2.0 (Expanded Nodes: 10, Evaluated States: 24, Time: 0.024) Frontier Size: 14
f(n) = 4.0 (Expanded Nodes: 63, Evaluated States: 122, Time: 0.096) Frontier Size: 59
Problem Solved

Found Plan:
0.0: (validate_payload t0 a7 t1)
1.0: (sync_actions a7)
2.0: (validate_payload t1 a3 t2)
3.0: (sync_actions a3)
4.0: (validate_payload t2 a5 t3)
5.0: (sync_actions a5)
6.0: (add_action a10)
7.0: (check_added_variables_model a10)
8.0: (move_in_model_move_automata a10)
9.0: (validate_payload t3 a4 t4)
10.0: (sync_actions a4)
11.0: (validate_payload t4 a12 t5)
12.0: (sync_actions a12)
13.0: (validate_payload t5 a11 t6)
14.0: (sync_actions a11)
15.0: (validate_payload t6 a6 t7)
16.0: (sync_actions a6)
17.0: (validate_payload t7 a8 t8)
18.0: (sync_actions a8)
19.0: (validate_payload t8 a1 t9)
20.0: (sync_actions a1)
21.0: (validate_payload t9 a0 t10)
22.0: (sync_actions a0)
23.0: (add_action a2)
24.0: (check_added_variables_model a2)
25.0: (move_in_model_move_automata a2)
26.0: (validate_payload t10 a9 t11)
27.0: (sync_actions a9)

Plan-Length:28
Metric (Search):4.0
Planning Time (msec): 136
Heuristic Time (msec): 7
Search Time (msec): 133
Expanded Nodes:214
States Evaluated:333
Number of Dead-Ends detected:0
Number of Duplicates detected:50
/usr/bin/time -v timeout 600 java -Xmx64g -jar ./enhsp3.jar -o ./domain_with_failure.pddl -f ./problems/BasePN-3And-del-2-d1/problem36.pddl -h blind -s WAStar
Domain parsed
Problem parsed
Grounding..
Grounding Time: 3144
UFX:true
|F|:16457
|X|:4
|A|:340
|P|:0
|E|:0
h(I):0.0
f(n) = 1.0 (Expanded Nodes: 10, Evaluated States: 26, Time: 0.03) Frontier Size: 16
f(n) = 2.0 (Expanded Nodes: 38, Evaluated States: 88, Time: 0.237) Frontier Size: 50
f(n) = 3.0 (Expanded Nodes: 82, Evaluated States: 180, Time: 0.261) Frontier Size: 98
f(n) = 4.0 (Expanded Nodes: 238, Evaluated States: 488, Time: 0.303) Frontier Size: 250
Problem Solved

Found Plan:
0.0: (validate_payload t0 a7 t1)
1.0: (sync_actions a7)
2.0: (add_action a3)
3.0: (check_added_variables_model a3)
4.0: (move_in_model_move_automata a3)
5.0: (validate_payload t1 a10 t2)
6.0: (sync_actions a10)
7.0: (validate_payload t2 a12 t3)
8.0: (sync_actions a12)
9.0: (validate_payload t3 a11 t4)
10.0: (sync_actions a11)
11.0: (validate_payload t4 a4 t5)
12.0: (sync_actions a4)
13.0: (validate_payload t5 a5 t6)
14.0: (sync_actions a5)
15.0: (validate_payload t6 a6 t7)
16.0: (sync_actions a6)
17.0: (validate_payload t7 a8 t8)
18.0: (sync_actions a8)
19.0: (validate_payload t8 a1 t9)
20.0: (sync_actions a1)
21.0: (add_action a2)
22.0: (check_added_variables_model a2)
23.0: (move_in_model_move_automata a2)
24.0: (validate_payload t9 a0 t10)
25.0: (sync_actions a0)
26.0: (validate_payload t10 a9 t11)
27.0: (sync_actions a9)

Plan-Length:28
Metric (Search):4.0
Planning Time (msec): 348
Heuristic Time (msec): 7
Search Time (msec): 346
Expanded Nodes:425
States Evaluated:741
Number of Dead-Ends detected:0
Number of Duplicates detected:54
/usr/bin/time -v timeout 600 java -Xmx64g -jar ./enhsp3.jar -o ./domain_with_failure.pddl -f ./problems/BasePN-3And-del-2-d1/problem37.pddl -h blind -s WAStar
Domain parsed
Problem parsed
Grounding..
Grounding Time: 3399
UFX:true
|F|:16457
|X|:4
|A|:340
|P|:0
|E|:0
h(I):0.0
f(n) = 1.0 (Expanded Nodes: 14, Evaluated States: 42, Time: 0.03) Frontier Size: 28
f(n) = 2.0 (Expanded Nodes: 58, Evaluated States: 152, Time: 0.087) Frontier Size: 94
f(n) = 3.0 (Expanded Nodes: 130, Evaluated States: 317, Time: 0.116) Frontier Size: 187
f(n) = 4.0 (Expanded Nodes: 384, Evaluated States: 717, Time: 0.149) Frontier Size: 333
Problem Solved

Found Plan:
0.0: (validate_payload t0 a7 t1)
1.0: (sync_actions a7)
2.0: (validate_payload t1 a10 t2)
3.0: (sync_actions a10)
4.0: (validate_payload t2 a3 t3)
5.0: (sync_actions a3)
6.0: (validate_payload t3 a4 t4)
7.0: (sync_actions a4)
8.0: (validate_payload t4 a5 t5)
9.0: (sync_actions a5)
10.0: (add_action a12)
11.0: (check_added_variables_model a12)
12.0: (move_in_model_move_automata a12)
13.0: (validate_payload t5 a6 t6)
14.0: (sync_actions a6)
15.0: (add_action a11)
16.0: (check_added_variables_model a11)
17.0: (move_in_model_move_automata a11)
18.0: (validate_payload t6 a8 t7)
19.0: (sync_actions a8)
20.0: (validate_payload t7 a0 t8)
21.0: (sync_actions a0)
22.0: (validate_payload t8 a1 t9)
23.0: (sync_actions a1)
24.0: (validate_payload t9 a2 t10)
25.0: (sync_actions a2)
26.0: (validate_payload t10 a9 t11)
27.0: (sync_actions a9)

Plan-Length:28
Metric (Search):4.0
Planning Time (msec): 345
Heuristic Time (msec): 7
Search Time (msec): 343
Expanded Nodes:691
States Evaluated:1154
Number of Dead-Ends detected:0
Number of Duplicates detected:100
/usr/bin/time -v timeout 600 java -Xmx64g -jar ./enhsp3.jar -o ./domain_with_failure.pddl -f ./problems/BasePN-3And-del-2-d1/problem38.pddl -h blind -s WAStar
Domain parsed
Problem parsed
Grounding..
Grounding Time: 3145
UFX:true
|F|:16457
|X|:4
|A|:340
|P|:0
|E|:0
h(I):0.0
f(n) = 2.0 (Expanded Nodes: 2, Evaluated States: 3, Time: 0.02) Frontier Size: 1
f(n) = 3.0 (Expanded Nodes: 18, Evaluated States: 54, Time: 0.242) Frontier Size: 36
f(n) = 4.0 (Expanded Nodes: 66, Evaluated States: 164, Time: 0.26) Frontier Size: 98
Problem Solved

Found Plan:
0.0: (add_action a7)
1.0: (check_added_variables_model a7)
2.0: (move_in_model_move_automata a7)
3.0: (validate_payload t0 a3 t1)
4.0: (sync_actions a3)
5.0: (validate_payload t1 a10 t2)
6.0: (sync_actions a10)
7.0: (validate_payload t2 a4 t3)
8.0: (sync_actions a4)
9.0: (validate_payload t3 a12 t4)
10.0: (sync_actions a12)
11.0: (add_action a11)
12.0: (check_added_variables_model a11)
13.0: (move_in_model_move_automata a11)
14.0: (validate_payload t4 a5 t5)
15.0: (sync_actions a5)
16.0: (validate_payload t5 a6 t6)
17.0: (sync_actions a6)
18.0: (validate_payload t6 a8 t7)
19.0: (sync_actions a8)
20.0: (validate_payload t7 a1 t8)
21.0: (sync_actions a1)
22.0: (validate_payload t8 a2 t9)
23.0: (sync_actions a2)
24.0: (validate_payload t9 a0 t10)
25.0: (sync_actions a0)
26.0: (validate_payload t10 a9 t11)
27.0: (sync_actions a9)

Plan-Length:28
Metric (Search):4.0
Planning Time (msec): 302
Heuristic Time (msec): 6
Search Time (msec): 299
Expanded Nodes:162
States Evaluated:387
Number of Dead-Ends detected:0
Number of Duplicates detected:14
/usr/bin/time -v timeout 600 java -Xmx64g -jar ./enhsp3.jar -o ./domain_with_failure.pddl -f ./problems/BasePN-3And-del-2-d1/problem39.pddl -h blind -s WAStar
Domain parsed
Problem parsed
Grounding..
Grounding Time: 3230
UFX:true
|F|:16457
|X|:3
|A|:340
|P|:0
|E|:0
h(I):0.0
f(n) = 2.0 (Expanded Nodes: 14, Evaluated States: 34, Time: 0.03) Frontier Size: 20
f(n) = 4.0 (Expanded Nodes: 86, Evaluated States: 164, Time: 0.1) Frontier Size: 78
Problem Solved

Found Plan:
0.0: (validate_payload t0 a7 t1)
1.0: (sync_actions a7)
2.0: (validate_payload t1 a10 t2)
3.0: (sync_actions a10)
4.0: (validate_payload t2 a3 t3)
5.0: (sync_actions a3)
6.0: (validate_payload t3 a12 t4)
7.0: (sync_actions a12)
8.0: (validate_payload t4 a11 t5)
9.0: (sync_actions a11)
10.0: (add_action a4)
11.0: (check_added_variables_model a4)
12.0: (move_in_model_move_automata a4)
13.0: (validate_payload t5 a5 t6)
14.0: (sync_actions a5)
15.0: (validate_payload t6 a6 t7)
16.0: (sync_actions a6)
17.0: (validate_payload t7 a8 t8)
18.0: (sync_actions a8)
19.0: (validate_payload t8 a1 t9)
20.0: (sync_actions a1)
21.0: (add_action a2)
22.0: (check_added_variables_model a2)
23.0: (move_in_model_move_automata a2)
24.0: (validate_payload t9 a0 t10)
25.0: (sync_actions a0)
26.0: (validate_payload t10 a9 t11)
27.0: (sync_actions a9)

Plan-Length:28
Metric (Search):4.0
Planning Time (msec): 122
Heuristic Time (msec): 10
Search Time (msec): 119
Expanded Nodes:149
States Evaluated:259
Number of Dead-Ends detected:0
Number of Duplicates detected:28
/usr/bin/time -v timeout 600 java -Xmx64g -jar ./enhsp3.jar -o ./domain_with_failure.pddl -f ./problems/BasePN-3And-del-2-d1/problem40.pddl -h blind -s WAStar
Domain parsed
Problem parsed
Grounding..
Grounding Time: 3522
UFX:true
|F|:16457
|X|:3
|A|:340
|P|:0
|E|:0
h(I):0.0
f(n) = 2.0 (Expanded Nodes: 4, Evaluated States: 8, Time: 0.019) Frontier Size: 4
f(n) = 4.0 (Expanded Nodes: 23, Evaluated States: 46, Time: 0.063) Frontier Size: 23
Problem Solved

Found Plan:
0.0: (validate_payload t0 a7 t1)
1.0: (sync_actions a7)
2.0: (add_action a10)
3.0: (check_added_variables_model a10)
4.0: (move_in_model_move_automata a10)
5.0: (validate_payload t1 a12 t2)
6.0: (sync_actions a12)
7.0: (validate_payload t2 a11 t3)
8.0: (sync_actions a11)
9.0: (validate_payload t3 a3 t4)
10.0: (sync_actions a3)
11.0: (validate_payload t4 a5 t5)
12.0: (sync_actions a5)
13.0: (add_action a4)
14.0: (check_added_variables_model a4)
15.0: (move_in_model_move_automata a4)
16.0: (validate_payload t5 a6 t6)
17.0: (sync_actions a6)
18.0: (validate_payload t6 a8 t7)
19.0: (sync_actions a8)
20.0: (validate_payload t7 a1 t8)
21.0: (sync_actions a1)
22.0: (validate_payload t8 a2 t9)
23.0: (sync_actions a2)
24.0: (validate_payload t9 a0 t10)
25.0: (sync_actions a0)
26.0: (validate_payload t10 a9 t11)
27.0: (sync_actions a9)

Plan-Length:28
Metric (Search):4.0
Planning Time (msec): 105
Heuristic Time (msec): 3
Search Time (msec): 91
Expanded Nodes:91
States Evaluated:168
Number of Dead-Ends detected:0
Number of Duplicates detected:11
/usr/bin/time -v timeout 600 java -Xmx64g -jar ./enhsp3.jar -o ./domain_with_failure.pddl -f ./problems/BasePN-3And-del-2-d1/problem41.pddl -h blind -s WAStar
Domain parsed
Problem parsed
Grounding..
Grounding Time: 2957
UFX:true
|F|:16457
|X|:4
|A|:340
|P|:0
|E|:0
h(I):0.0
f(n) = 2.0 (Expanded Nodes: 4, Evaluated States: 8, Time: 0.018) Frontier Size: 4
f(n) = 3.0 (Expanded Nodes: 33, Evaluated States: 72, Time: 0.075) Frontier Size: 39
f(n) = 4.0 (Expanded Nodes: 93, Evaluated States: 208, Time: 0.094) Frontier Size: 115
Problem Solved

Found Plan:
0.0: (validate_payload t0 a7 t1)
1.0: (sync_actions a7)
2.0: (add_action a3)
3.0: (check_added_variables_model a3)
4.0: (move_in_model_move_automata a3)
5.0: (validate_payload t1 a5 t2)
6.0: (sync_actions a5)
7.0: (validate_payload t2 a4 t3)
8.0: (sync_actions a4)
9.0: (validate_payload t3 a10 t4)
10.0: (sync_actions a10)
11.0: (validate_payload t4 a6 t5)
12.0: (sync_actions a6)
13.0: (validate_payload t5 a12 t6)
14.0: (sync_actions a12)
15.0: (validate_payload t6 a11 t7)
16.0: (sync_actions a11)
17.0: (validate_payload t7 a8 t8)
18.0: (sync_actions a8)
19.0: (validate_payload t8 a0 t9)
20.0: (sync_actions a0)
21.0: (validate_payload t9 a1 t10)
22.0: (sync_actions a1)
23.0: (add_action a2)
24.0: (check_added_variables_model a2)
25.0: (move_in_model_move_automata a2)
26.0: (validate_payload t10 a9 t11)
27.0: (sync_actions a9)

Plan-Length:28
Metric (Search):4.0
Planning Time (msec): 111
Heuristic Time (msec): 2
Search Time (msec): 104
Expanded Nodes:119
States Evaluated:259
Number of Dead-Ends detected:0
Number of Duplicates detected:3
/usr/bin/time -v timeout 600 java -Xmx64g -jar ./enhsp3.jar -o ./domain_with_failure.pddl -f ./problems/BasePN-3And-del-2-d1/problem42.pddl -h blind -s WAStar
Domain parsed
Problem parsed
Grounding..
Grounding Time: 3137
UFX:true
|F|:16457
|X|:4
|A|:340
|P|:0
|E|:0
h(I):0.0
f(n) = 1.0 (Expanded Nodes: 18, Evaluated States: 54, Time: 0.034) Frontier Size: 36
f(n) = 2.0 (Expanded Nodes: 76, Evaluated States: 182, Time: 0.083) Frontier Size: 106
f(n) = 3.0 (Expanded Nodes: 190, Evaluated States: 419, Time: 0.132) Frontier Size: 229
f(n) = 4.0 (Expanded Nodes: 532, Evaluated States: 969, Time: 0.347) Frontier Size: 437
Problem Solved

Found Plan:
0.0: (validate_payload t0 a7 t1)
1.0: (sync_actions a7)
2.0: (validate_payload t1 a3 t2)
3.0: (sync_actions a3)
4.0: (validate_payload t2 a10 t3)
5.0: (sync_actions a10)
6.0: (validate_payload t3 a4 t4)
7.0: (sync_actions a4)
8.0: (validate_payload t4 a5 t5)
9.0: (sync_actions a5)
10.0: (add_action a6)
11.0: (check_added_variables_model a6)
12.0: (move_in_model_move_automata a6)
13.0: (validate_payload t5 a12 t6)
14.0: (sync_actions a12)
15.0: (validate_payload t6 a11 t7)
16.0: (sync_actions a11)
17.0: (add_action a8)
18.0: (check_added_variables_model a8)
19.0: (move_in_model_move_automata a8)
20.0: (validate_payload t7 a1 t8)
21.0: (sync_actions a1)
22.0: (validate_payload t8 a2 t9)
23.0: (sync_actions a2)
24.0: (validate_payload t9 a0 t10)
25.0: (sync_actions a0)
26.0: (validate_payload t10 a9 t11)
27.0: (sync_actions a9)

Plan-Length:28
Metric (Search):4.0
Planning Time (msec): 382
Heuristic Time (msec): 1
Search Time (msec): 375
Expanded Nodes:788
States Evaluated:1337
Number of Dead-Ends detected:0
Number of Duplicates detected:118
/usr/bin/time -v timeout 600 java -Xmx64g -jar ./enhsp3.jar -o ./domain_with_failure.pddl -f ./problems/BasePN-3And-del-2-d1/problem43.pddl -h blind -s WAStar
Domain parsed
Problem parsed
Grounding..
Grounding Time: 3110
UFX:true
|F|:16457
|X|:3
|A|:340
|P|:0
|E|:0
h(I):0.0
f(n) = 2.0 (Expanded Nodes: 6, Evaluated States: 14, Time: 0.027) Frontier Size: 8
f(n) = 4.0 (Expanded Nodes: 38, Evaluated States: 77, Time: 0.077) Frontier Size: 39
Problem Solved

Found Plan:
0.0: (validate_payload t0 a7 t1)
1.0: (sync_actions a7)
2.0: (validate_payload t1 a3 t2)
3.0: (sync_actions a3)
4.0: (add_action a10)
5.0: (check_added_variables_model a10)
6.0: (move_in_model_move_automata a10)
7.0: (validate_payload t2 a12 t3)
8.0: (sync_actions a12)
9.0: (validate_payload t3 a11 t4)
10.0: (sync_actions a11)
11.0: (validate_payload t4 a4 t5)
12.0: (sync_actions a4)
13.0: (validate_payload t5 a5 t6)
14.0: (sync_actions a5)
15.0: (validate_payload t6 a6 t7)
16.0: (sync_actions a6)
17.0: (add_action a8)
18.0: (check_added_variables_model a8)
19.0: (move_in_model_move_automata a8)
20.0: (validate_payload t7 a0 t8)
21.0: (sync_actions a0)
22.0: (validate_payload t8 a1 t9)
23.0: (sync_actions a1)
24.0: (validate_payload t9 a2 t10)
25.0: (sync_actions a2)
26.0: (validate_payload t10 a9 t11)
27.0: (sync_actions a9)

Plan-Length:28
Metric (Search):4.0
Planning Time (msec): 112
Heuristic Time (msec): 9
Search Time (msec): 110
Expanded Nodes:114
States Evaluated:201
Number of Dead-Ends detected:0
Number of Duplicates detected:18
/usr/bin/time -v timeout 600 java -Xmx64g -jar ./enhsp3.jar -o ./domain_with_failure.pddl -f ./problems/BasePN-3And-del-2-d1/problem44.pddl -h blind -s WAStar
Domain parsed
Problem parsed
Grounding..
Grounding Time: 3225
UFX:true
|F|:16457
|X|:3
|A|:340
|P|:0
|E|:0
h(I):0.0
f(n) = 2.0 (Expanded Nodes: 2, Evaluated States: 3, Time: 0.025) Frontier Size: 1
f(n) = 4.0 (Expanded Nodes: 26, Evaluated States: 57, Time: 0.076) Frontier Size: 31
Problem Solved

Found Plan:
0.0: (add_action a7)
1.0: (check_added_variables_model a7)
2.0: (move_in_model_move_automata a7)
3.0: (validate_payload t0 a10 t1)
4.0: (sync_actions a10)
5.0: (validate_payload t1 a3 t2)
6.0: (sync_actions a3)
7.0: (validate_payload t2 a4 t3)
8.0: (sync_actions a4)
9.0: (validate_payload t3 a5 t4)
10.0: (sync_actions a5)
11.0: (validate_payload t4 a6 t5)
12.0: (sync_actions a6)
13.0: (validate_payload t5 a12 t6)
14.0: (sync_actions a12)
15.0: (validate_payload t6 a11 t7)
16.0: (sync_actions a11)
17.0: (validate_payload t7 a8 t8)
18.0: (sync_actions a8)
19.0: (validate_payload t8 a1 t9)
20.0: (sync_actions a1)
21.0: (validate_payload t9 a0 t10)
22.0: (sync_actions a0)
23.0: (add_action a2)
24.0: (check_added_variables_model a2)
25.0: (move_in_model_move_automata a2)
26.0: (validate_payload t10 a9 t11)
27.0: (sync_actions a9)

Plan-Length:28
Metric (Search):4.0
Planning Time (msec): 91
Heuristic Time (msec): 2
Search Time (msec): 80
Expanded Nodes:38
States Evaluated:74
Number of Dead-Ends detected:0
Number of Duplicates detected:2
/usr/bin/time -v timeout 600 java -Xmx64g -jar ./enhsp3.jar -o ./domain_with_failure.pddl -f ./problems/BasePN-3And-del-2-d1/problem45.pddl -h blind -s WAStar
Domain parsed
Problem parsed
Grounding..
Grounding Time: 3257
UFX:true
|F|:16457
|X|:4
|A|:340
|P|:0
|E|:0
h(I):0.0
f(n) = 1.0 (Expanded Nodes: 6, Evaluated States: 17, Time: 0.026) Frontier Size: 11
f(n) = 2.0 (Expanded Nodes: 18, Evaluated States: 39, Time: 0.06) Frontier Size: 21
f(n) = 3.0 (Expanded Nodes: 55, Evaluated States: 124, Time: 0.258) Frontier Size: 69
f(n) = 4.0 (Expanded Nodes: 175, Evaluated States: 374, Time: 0.295) Frontier Size: 199
Problem Solved

Found Plan:
0.0: (validate_payload t0 a7 t1)
1.0: (sync_actions a7)
2.0: (add_action a3)
3.0: (check_added_variables_model a3)
4.0: (move_in_model_move_automata a3)
5.0: (validate_payload t1 a10 t2)
6.0: (sync_actions a10)
7.0: (validate_payload t2 a5 t3)
8.0: (sync_actions a5)
9.0: (validate_payload t3 a4 t4)
10.0: (sync_actions a4)
11.0: (validate_payload t4 a6 t5)
12.0: (sync_actions a6)
13.0: (validate_payload t5 a12 t6)
14.0: (sync_actions a12)
15.0: (validate_payload t6 a11 t7)
16.0: (sync_actions a11)
17.0: (validate_payload t7 a8 t8)
18.0: (sync_actions a8)
19.0: (validate_payload t8 a1 t9)
20.0: (sync_actions a1)
21.0: (validate_payload t9 a2 t10)
22.0: (sync_actions a2)
23.0: (validate_payload t10 a0 t11)
24.0: (sync_actions a0)
25.0: (add_action a9)
26.0: (check_added_variables_model a9)
27.0: (move_in_model_move_automata a9)

Plan-Length:28
Metric (Search):4.0
Planning Time (msec): 344
Heuristic Time (msec): 7
Search Time (msec): 341
Expanded Nodes:367
States Evaluated:685
Number of Dead-Ends detected:0
Number of Duplicates detected:35
/usr/bin/time -v timeout 600 java -Xmx64g -jar ./enhsp3.jar -o ./domain_with_failure.pddl -f ./problems/BasePN-3And-del-2-d1/problem46.pddl -h blind -s WAStar
Domain parsed
Problem parsed
Grounding..
Grounding Time: 3153
UFX:true
|F|:16457
|X|:4
|A|:340
|P|:0
|E|:0
h(I):0.0
f(n) = 2.0 (Expanded Nodes: 2, Evaluated States: 3, Time: 0.019) Frontier Size: 1
f(n) = 3.0 (Expanded Nodes: 20, Evaluated States: 52, Time: 0.067) Frontier Size: 32
f(n) = 4.0 (Expanded Nodes: 76, Evaluated States: 176, Time: 0.085) Frontier Size: 100
Problem Solved

Found Plan:
0.0: (add_action a7)
1.0: (check_added_variables_model a7)
2.0: (move_in_model_move_automata a7)
3.0: (validate_payload t0 a3 t1)
4.0: (sync_actions a3)
5.0: (validate_payload t1 a10 t2)
6.0: (sync_actions a10)
7.0: (validate_payload t2 a4 t3)
8.0: (sync_actions a4)
9.0: (validate_payload t3 a12 t4)
10.0: (sync_actions a12)
11.0: (validate_payload t4 a11 t5)
12.0: (sync_actions a11)
13.0: (validate_payload t5 a5 t6)
14.0: (sync_actions a5)
15.0: (validate_payload t6 a6 t7)
16.0: (sync_actions a6)
17.0: (add_action a8)
18.0: (check_added_variables_model a8)
19.0: (move_in_model_move_automata a8)
20.0: (validate_payload t7 a0 t8)
21.0: (sync_actions a0)
22.0: (validate_payload t8 a1 t9)
23.0: (sync_actions a1)
24.0: (validate_payload t9 a2 t10)
25.0: (sync_actions a2)
26.0: (validate_payload t10 a9 t11)
27.0: (sync_actions a9)

Plan-Length:28
Metric (Search):4.0
Planning Time (msec): 119
Heuristic Time (msec): 5
Search Time (msec): 112
Expanded Nodes:133
States Evaluated:290
Number of Dead-Ends detected:0
Number of Duplicates detected:8
/usr/bin/time -v timeout 600 java -Xmx64g -jar ./enhsp3.jar -o ./domain_with_failure.pddl -f ./problems/BasePN-3And-del-2-d1/problem47.pddl -h blind -s WAStar
Domain parsed
Problem parsed
Grounding..
Grounding Time: 3273
UFX:true
|F|:16457
|X|:3
|A|:340
|P|:0
|E|:0
h(I):0.0
f(n) = 2.0 (Expanded Nodes: 2, Evaluated States: 3, Time: 0.022) Frontier Size: 1
f(n) = 4.0 (Expanded Nodes: 16, Evaluated States: 36, Time: 0.068) Frontier Size: 20
Problem Solved

Found Plan:
0.0: (add_action a7)
1.0: (check_added_variables_model a7)
2.0: (move_in_model_move_automata a7)
3.0: (validate_payload t0 a3 t1)
4.0: (sync_actions a3)
5.0: (validate_payload t1 a10 t2)
6.0: (sync_actions a10)
7.0: (validate_payload t2 a4 t3)
8.0: (sync_actions a4)
9.0: (validate_payload t3 a12 t4)
10.0: (sync_actions a12)
11.0: (validate_payload t4 a11 t5)
12.0: (sync_actions a11)
13.0: (add_action a5)
14.0: (check_added_variables_model a5)
15.0: (move_in_model_move_automata a5)
16.0: (validate_payload t5 a6 t6)
17.0: (sync_actions a6)
18.0: (validate_payload t6 a8 t7)
19.0: (sync_actions a8)
20.0: (validate_payload t7 a1 t8)
21.0: (sync_actions a1)
22.0: (validate_payload t8 a0 t9)
23.0: (sync_actions a0)
24.0: (validate_payload t9 a2 t10)
25.0: (sync_actions a2)
26.0: (validate_payload t10 a9 t11)
27.0: (sync_actions a9)

Plan-Length:28
Metric (Search):4.0
Planning Time (msec): 113
Heuristic Time (msec): 10
Search Time (msec): 107
Expanded Nodes:90
States Evaluated:171
Number of Dead-Ends detected:0
Number of Duplicates detected:13
/usr/bin/time -v timeout 600 java -Xmx64g -jar ./enhsp3.jar -o ./domain_with_failure.pddl -f ./problems/BasePN-3And-del-2-d1/problem48.pddl -h blind -s WAStar
Domain parsed
Problem parsed
Grounding..
Grounding Time: 3463
UFX:true
|F|:16457
|X|:3
|A|:340
|P|:0
|E|:0
h(I):0.0
f(n) = 2.0 (Expanded Nodes: 12, Evaluated States: 28, Time: 0.024) Frontier Size: 16
f(n) = 4.0 (Expanded Nodes: 60, Evaluated States: 109, Time: 0.095) Frontier Size: 49
Problem Solved

Found Plan:
0.0: (validate_payload t0 a7 t1)
1.0: (sync_actions a7)
2.0: (validate_payload t1 a3 t2)
3.0: (sync_actions a3)
4.0: (validate_payload t2 a4 t3)
5.0: (sync_actions a4)
6.0: (validate_payload t3 a5 t4)
7.0: (sync_actions a5)
8.0: (validate_payload t4 a6 t5)
9.0: (sync_actions a6)
10.0: (add_action a10)
11.0: (check_added_variables_model a10)
12.0: (move_in_model_move_automata a10)
13.0: (validate_payload t5 a12 t6)
14.0: (sync_actions a12)
15.0: (add_action a11)
16.0: (check_added_variables_model a11)
17.0: (move_in_model_move_automata a11)
18.0: (validate_payload t6 a8 t7)
19.0: (sync_actions a8)
20.0: (validate_payload t7 a0 t8)
21.0: (sync_actions a0)
22.0: (validate_payload t8 a1 t9)
23.0: (sync_actions a1)
24.0: (validate_payload t9 a2 t10)
25.0: (sync_actions a2)
26.0: (validate_payload t10 a9 t11)
27.0: (sync_actions a9)

Plan-Length:28
Metric (Search):4.0
Planning Time (msec): 129
Heuristic Time (msec): 4
Search Time (msec): 122
Expanded Nodes:166
States Evaluated:263
Number of Dead-Ends detected:0
Number of Duplicates detected:38
/usr/bin/time -v timeout 600 java -Xmx64g -jar ./enhsp3.jar -o ./domain_with_failure.pddl -f ./problems/BasePN-3And-del-2-d1/problem49.pddl -h blind -s WAStar
Domain parsed
Problem parsed
Grounding..
Grounding Time: 3285
UFX:true
|F|:16457
|X|:4
|A|:340
|P|:0
|E|:0
h(I):0.0
f(n) = 1.0 (Expanded Nodes: 8, Evaluated States: 25, Time: 0.031) Frontier Size: 17
f(n) = 2.0 (Expanded Nodes: 28, Evaluated States: 73, Time: 0.071) Frontier Size: 45
f(n) = 3.0 (Expanded Nodes: 78, Evaluated States: 201, Time: 0.108) Frontier Size: 123
f(n) = 4.0 (Expanded Nodes: 250, Evaluated States: 525, Time: 0.143) Frontier Size: 275
Problem Solved

Found Plan:
0.0: (validate_payload t0 a7 t1)
1.0: (sync_actions a7)
2.0: (validate_payload t1 a10 t2)
3.0: (sync_actions a10)
4.0: (add_action a12)
5.0: (check_added_variables_model a12)
6.0: (move_in_model_move_automata a12)
7.0: (validate_payload t2 a3 t3)
8.0: (sync_actions a3)
9.0: (validate_payload t3 a11 t4)
10.0: (sync_actions a11)
11.0: (validate_payload t4 a4 t5)
12.0: (sync_actions a4)
13.0: (validate_payload t5 a5 t6)
14.0: (sync_actions a5)
15.0: (validate_payload t6 a6 t7)
16.0: (sync_actions a6)
17.0: (add_action a8)
18.0: (check_added_variables_model a8)
19.0: (move_in_model_move_automata a8)
20.0: (validate_payload t7 a0 t8)
21.0: (sync_actions a0)
22.0: (validate_payload t8 a1 t9)
23.0: (sync_actions a1)
24.0: (validate_payload t9 a2 t10)
25.0: (sync_actions a2)
26.0: (validate_payload t10 a9 t11)
27.0: (sync_actions a9)

Plan-Length:28
Metric (Search):4.0
Planning Time (msec): 193
Heuristic Time (msec): 11
Search Time (msec): 191
Expanded Nodes:475
States Evaluated:920
Number of Dead-Ends detected:0
Number of Duplicates detected:54
/usr/bin/time -v timeout 600 java -Xmx64g -jar ./enhsp3.jar -o ./domain_with_failure.pddl -f ./problems/BasePN-3And-del-2-d1/problem50.pddl -h blind -s WAStar
Domain parsed
Problem parsed
Grounding..
Grounding Time: 3487
UFX:true
|F|:16457
|X|:3
|A|:340
|P|:0
|E|:0
h(I):0.0
f(n) = 2.0 (Expanded Nodes: 2, Evaluated States: 3, Time: 0.032) Frontier Size: 1
f(n) = 4.0 (Expanded Nodes: 8, Evaluated States: 16, Time: 0.069) Frontier Size: 8
Problem Solved

Found Plan:
0.0: (add_action a7)
1.0: (check_added_variables_model a7)
2.0: (move_in_model_move_automata a7)
3.0: (validate_payload t0 a3 t1)
4.0: (sync_actions a3)
5.0: (add_action a10)
6.0: (check_added_variables_model a10)
7.0: (move_in_model_move_automata a10)
8.0: (validate_payload t1 a12 t2)
9.0: (sync_actions a12)
10.0: (validate_payload t2 a4 t3)
11.0: (sync_actions a4)
12.0: (validate_payload t3 a11 t4)
13.0: (sync_actions a11)
14.0: (validate_payload t4 a5 t5)
15.0: (sync_actions a5)
16.0: (validate_payload t5 a6 t6)
17.0: (sync_actions a6)
18.0: (validate_payload t6 a8 t7)
19.0: (sync_actions a8)
20.0: (validate_payload t7 a0 t8)
21.0: (sync_actions a0)
22.0: (validate_payload t8 a1 t9)
23.0: (sync_actions a1)
24.0: (validate_payload t9 a2 t10)
25.0: (sync_actions a2)
26.0: (validate_payload t10 a9 t11)
27.0: (sync_actions a9)

Plan-Length:28
Metric (Search):4.0
Planning Time (msec): 112
Heuristic Time (msec): 8
Search Time (msec): 103
Expanded Nodes:50
States Evaluated:100
Number of Dead-Ends detected:0
Number of Duplicates detected:3
/usr/bin/time -v timeout 600 java -Xmx64g -jar ./enhsp3.jar -o ./domain_with_failure.pddl -f ./problems/BasePN-3And-del-2-d1/problem51.pddl -h blind -s WAStar
Domain parsed
Problem parsed
Grounding..
Grounding Time: 3272
UFX:true
|F|:16457
|X|:3
|A|:340
|P|:0
|E|:0
h(I):0.0
f(n) = 1.0 (Expanded Nodes: 2, Evaluated States: 7, Time: 0.015) Frontier Size: 5
f(n) = 2.0 (Expanded Nodes: 6, Evaluated States: 7, Time: 0.05) Frontier Size: 1
f(n) = 3.0 (Expanded Nodes: 26, Evaluated States: 56, Time: 0.071) Frontier Size: 30
f(n) = 4.0 (Expanded Nodes: 94, Evaluated States: 222, Time: 0.113) Frontier Size: 128
Problem Solved

Found Plan:
0.0: (add_action a7)
1.0: (check_added_variables_model a7)
2.0: (move_in_model_move_automata a7)
3.0: (validate_payload t0 a10 t1)
4.0: (sync_actions a10)
5.0: (validate_payload t1 a3 t2)
6.0: (sync_actions a3)
7.0: (validate_payload t2 a5 t3)
8.0: (sync_actions a5)
9.0: (validate_payload t3 a12 t4)
10.0: (sync_actions a12)
11.0: (validate_payload t4 a11 t5)
12.0: (sync_actions a11)
13.0: (validate_payload t5 a4 t6)
14.0: (sync_actions a4)
15.0: (validate_payload t6 a6 t7)
16.0: (sync_actions a6)
17.0: (validate_payload t7 a8 t8)
18.0: (sync_actions a8)
19.0: (add_action a1)
20.0: (check_added_variables_model a1)
21.0: (move_in_model_move_automata a1)
22.0: (validate_payload t8 a2 t9)
23.0: (sync_actions a2)
24.0: (validate_payload t9 a0 t10)
25.0: (sync_actions a0)
26.0: (validate_payload t10 a9 t11)
27.0: (sync_actions a9)

Plan-Length:28
Metric (Search):4.0
Planning Time (msec): 153
Heuristic Time (msec): 4
Search Time (msec): 146
Expanded Nodes:181
States Evaluated:384
Number of Dead-Ends detected:0
Number of Duplicates detected:15
/usr/bin/time -v timeout 600 java -Xmx64g -jar ./enhsp3.jar -o ./domain_with_failure.pddl -f ./problems/BasePN-3And-del-2-d1/problem52.pddl -h blind -s WAStar
Domain parsed
Problem parsed
Grounding..
Grounding Time: 3809
UFX:true
|F|:16457
|X|:4
|A|:340
|P|:0
|E|:0
h(I):0.0
f(n) = 1.0 (Expanded Nodes: 6, Evaluated States: 18, Time: 0.03) Frontier Size: 12
f(n) = 2.0 (Expanded Nodes: 18, Evaluated States: 40, Time: 0.061) Frontier Size: 22
f(n) = 3.0 (Expanded Nodes: 53, Evaluated States: 133, Time: 0.089) Frontier Size: 80
f(n) = 4.0 (Expanded Nodes: 167, Evaluated States: 353, Time: 0.279) Frontier Size: 186
Problem Solved

Found Plan:
0.0: (validate_payload t0 a7 t1)
1.0: (sync_actions a7)
2.0: (validate_payload t1 a10 t2)
3.0: (sync_actions a10)
4.0: (add_action a3)
5.0: (check_added_variables_model a3)
6.0: (move_in_model_move_automata a3)
7.0: (validate_payload t2 a4 t3)
8.0: (sync_actions a4)
9.0: (validate_payload t3 a12 t4)
10.0: (sync_actions a12)
11.0: (validate_payload t4 a11 t5)
12.0: (sync_actions a11)
13.0: (validate_payload t5 a5 t6)
14.0: (sync_actions a5)
15.0: (validate_payload t6 a6 t7)
16.0: (sync_actions a6)
17.0: (add_action a8)
18.0: (check_added_variables_model a8)
19.0: (move_in_model_move_automata a8)
20.0: (validate_payload t7 a0 t8)
21.0: (sync_actions a0)
22.0: (validate_payload t8 a1 t9)
23.0: (sync_actions a1)
24.0: (validate_payload t9 a2 t10)
25.0: (sync_actions a2)
26.0: (validate_payload t10 a9 t11)
27.0: (sync_actions a9)

Plan-Length:28
Metric (Search):4.0
Planning Time (msec): 315
Heuristic Time (msec): 12
Search Time (msec): 307
Expanded Nodes:313
States Evaluated:640
Number of Dead-Ends detected:0
Number of Duplicates detected:26
/usr/bin/time -v timeout 600 java -Xmx64g -jar ./enhsp3.jar -o ./domain_with_failure.pddl -f ./problems/BasePN-3And-del-2-d1/problem53.pddl -h blind -s WAStar
Domain parsed
Problem parsed
Grounding..
Grounding Time: 3475
UFX:true
|F|:16457
|X|:4
|A|:340
|P|:0
|E|:0
h(I):0.0
f(n) = 1.0 (Expanded Nodes: 10, Evaluated States: 28, Time: 0.037) Frontier Size: 18
f(n) = 2.0 (Expanded Nodes: 22, Evaluated States: 50, Time: 0.075) Frontier Size: 28
f(n) = 3.0 (Expanded Nodes: 79, Evaluated States: 170, Time: 0.112) Frontier Size: 91
f(n) = 4.0 (Expanded Nodes: 199, Evaluated States: 426, Time: 0.127) Frontier Size: 227
Problem Solved

Found Plan:
0.0: (validate_payload t0 a7 t1)
1.0: (sync_actions a7)
2.0: (validate_payload t1 a3 t2)
3.0: (sync_actions a3)
4.0: (validate_payload t2 a4 t3)
5.0: (sync_actions a4)
6.0: (validate_payload t3 a10 t4)
7.0: (sync_actions a10)
8.0: (add_action a12)
9.0: (check_added_variables_model a12)
10.0: (move_in_model_move_automata a12)
11.0: (validate_payload t4 a11 t5)
12.0: (sync_actions a11)
13.0: (validate_payload t5 a5 t6)
14.0: (sync_actions a5)
15.0: (validate_payload t6 a6 t7)
16.0: (sync_actions a6)
17.0: (validate_payload t7 a8 t8)
18.0: (sync_actions a8)
19.0: (add_action a0)
20.0: (check_added_variables_model a0)
21.0: (move_in_model_move_automata a0)
22.0: (validate_payload t8 a1 t9)
23.0: (sync_actions a1)
24.0: (validate_payload t9 a2 t10)
25.0: (sync_actions a2)
26.0: (validate_payload t10 a9 t11)
27.0: (sync_actions a9)

Plan-Length:28
Metric (Search):4.0
Planning Time (msec): 327
Heuristic Time (msec): 5
Search Time (msec): 144
Expanded Nodes:288
States Evaluated:583
Number of Dead-Ends detected:0
Number of Duplicates detected:24
/usr/bin/time -v timeout 600 java -Xmx64g -jar ./enhsp3.jar -o ./domain_with_failure.pddl -f ./problems/BasePN-3And-del-2-d1/problem54.pddl -h blind -s WAStar
Domain parsed
Problem parsed
Grounding..
Grounding Time: 3000
UFX:true
|F|:16457
|X|:3
|A|:340
|P|:0
|E|:0
h(I):0.0
f(n) = 1.0 (Expanded Nodes: 16, Evaluated States: 42, Time: 0.032) Frontier Size: 26
f(n) = 2.0 (Expanded Nodes: 68, Evaluated States: 174, Time: 0.077) Frontier Size: 106
f(n) = 3.0 (Expanded Nodes: 142, Evaluated States: 319, Time: 0.11) Frontier Size: 177
f(n) = 4.0 (Expanded Nodes: 414, Evaluated States: 835, Time: 0.331) Frontier Size: 421
Problem Solved

Found Plan:
0.0: (validate_payload t0 a7 t1)
1.0: (sync_actions a7)
2.0: (validate_payload t1 a10 t2)
3.0: (sync_actions a10)
4.0: (validate_payload t2 a3 t3)
5.0: (sync_actions a3)
6.0: (validate_payload t3 a4 t4)
7.0: (sync_actions a4)
8.0: (validate_payload t4 a12 t5)
9.0: (sync_actions a12)
10.0: (validate_payload t5 a5 t6)
11.0: (sync_actions a5)
12.0: (validate_payload t6 a6 t7)
13.0: (sync_actions a6)
14.0: (add_action a11)
15.0: (check_added_variables_model a11)
16.0: (move_in_model_move_automata a11)
17.0: (validate_payload t7 a8 t8)
18.0: (sync_actions a8)
19.0: (add_action a1)
20.0: (check_added_variables_model a1)
21.0: (move_in_model_move_automata a1)
22.0: (validate_payload t8 a2 t9)
23.0: (sync_actions a2)
24.0: (validate_payload t9 a0 t10)
25.0: (sync_actions a0)
26.0: (validate_payload t10 a9 t11)
27.0: (sync_actions a9)

Plan-Length:28
Metric (Search):4.0
Planning Time (msec): 375
Heuristic Time (msec): 7
Search Time (msec): 372
Expanded Nodes:713
States Evaluated:1173
Number of Dead-Ends detected:0
Number of Duplicates detected:118
/usr/bin/time -v timeout 600 java -Xmx64g -jar ./enhsp3.jar -o ./domain_with_failure.pddl -f ./problems/BasePN-3And-del-2-d1/problem55.pddl -h blind -s WAStar
Domain parsed
Problem parsed
Grounding..
Grounding Time: 3413
UFX:true
|F|:16457
|X|:3
|A|:340
|P|:0
|E|:0
h(I):0.0
f(n) = 1.0 (Expanded Nodes: 6, Evaluated States: 18, Time: 0.021) Frontier Size: 12
f(n) = 2.0 (Expanded Nodes: 18, Evaluated States: 40, Time: 0.059) Frontier Size: 22
f(n) = 3.0 (Expanded Nodes: 55, Evaluated States: 138, Time: 0.087) Frontier Size: 83
f(n) = 4.0 (Expanded Nodes: 177, Evaluated States: 380, Time: 0.122) Frontier Size: 203
f(n) = 5.0 (Expanded Nodes: 340, Evaluated States: 690, Time: 0.334) Frontier Size: 350
Problem Solved

Found Plan:
0.0: (validate_payload t0 a7 t1)
1.0: (sync_actions a7)
2.0: (validate_payload t1 a10 t2)
3.0: (sync_actions a10)
4.0: (add_action a3)
5.0: (check_added_variables_model a3)
6.0: (move_in_model_move_automata a3)
7.0: (validate_payload t2 a4 t3)
8.0: (sync_actions a4)
9.0: (validate_payload t3 a12 t4)
10.0: (sync_actions a12)
11.0: (validate_payload t4 a5 t5)
12.0: (sync_actions a5)
13.0: (validate_payload t5 a11 t6)
14.0: (sync_actions a11)
15.0: (validate_payload t6 a6 t7)
16.0: (sync_actions a6)
17.0: (validate_payload t7 a8 t8)
18.0: (sync_actions a8)
19.0: (validate_payload t8 a0 t9)
20.0: (sync_actions a0)
21.0: (add_action a1)
22.0: (move_in_model_parameter a1 sDEC1_2 integer v5)
23.0: (check_added_variables_model a1)
24.0: (move_in_model_move_automata a1)
25.0: (validate_payload t9 a2 t10)
26.0: (sync_actions a2)
27.0: (validate_payload t10 a9 t11)
28.0: (sync_actions a9)

Plan-Length:29
Metric (Search):5.0
Planning Time (msec): 387
Heuristic Time (msec): 6
Search Time (msec): 380
Expanded Nodes:624
States Evaluated:1199
Number of Dead-Ends detected:0
Number of Duplicates detected:72
/usr/bin/time -v timeout 600 java -Xmx64g -jar ./enhsp3.jar -o ./domain_with_failure.pddl -f ./problems/BasePN-3And-del-2-d1/problem56.pddl -h blind -s WAStar
Domain parsed
Problem parsed
Grounding..
Grounding Time: 3404
UFX:true
|F|:16457
|X|:3
|A|:340
|P|:0
|E|:0
h(I):0.0
f(n) = 1.0 (Expanded Nodes: 14, Evaluated States: 40, Time: 0.028) Frontier Size: 26
f(n) = 2.0 (Expanded Nodes: 58, Evaluated States: 142, Time: 0.075) Frontier Size: 84
f(n) = 3.0 (Expanded Nodes: 122, Evaluated States: 290, Time: 0.11) Frontier Size: 168
f(n) = 4.0 (Expanded Nodes: 376, Evaluated States: 702, Time: 0.158) Frontier Size: 326
f(n) = 5.0 (Expanded Nodes: 658, Evaluated States: 1117, Time: 0.188) Frontier Size: 459
Problem Solved

Found Plan:
0.0: (validate_payload t0 a7 t1)
1.0: (sync_actions a7)
2.0: (change_value a10 integer v5)
3.0: (validate_payload t1 a10 t2)
4.0: (sync_actions a10)
5.0: (validate_payload t2 a12 t3)
6.0: (sync_actions a12)
7.0: (validate_payload t3 a11 t4)
8.0: (sync_actions a11)
9.0: (validate_payload t4 a3 t5)
10.0: (sync_actions a3)
11.0: (validate_payload t5 a5 t6)
12.0: (sync_actions a5)
13.0: (add_action a4)
14.0: (check_added_variables_model a4)
15.0: (move_in_model_move_automata a4)
16.0: (validate_payload t6 a6 t7)
17.0: (sync_actions a6)
18.0: (validate_payload t7 a8 t8)
19.0: (sync_actions a8)
20.0: (add_action a1)
21.0: (check_added_variables_model a1)
22.0: (move_in_model_move_automata a1)
23.0: (validate_payload t8 a0 t9)
24.0: (sync_actions a0)
25.0: (validate_payload t9 a2 t10)
26.0: (sync_actions a2)
27.0: (validate_payload t10 a9 t11)
28.0: (sync_actions a9)

Plan-Length:29
Metric (Search):5.0
Planning Time (msec): 204
Heuristic Time (msec): 15
Search Time (msec): 202
Expanded Nodes:865
States Evaluated:1469
Number of Dead-Ends detected:0
Number of Duplicates detected:113
/usr/bin/time -v timeout 600 java -Xmx64g -jar ./enhsp3.jar -o ./domain_with_failure.pddl -f ./problems/BasePN-3And-del-2-d1/problem57.pddl -h blind -s WAStar
Domain parsed
Problem parsed
Grounding..
Grounding Time: 3129
UFX:true
|F|:16457
|X|:4
|A|:340
|P|:0
|E|:0
h(I):0.0
f(n) = 1.0 (Expanded Nodes: 22, Evaluated States: 55, Time: 0.049) Frontier Size: 33
f(n) = 2.0 (Expanded Nodes: 98, Evaluated States: 251, Time: 0.099) Frontier Size: 153
f(n) = 3.0 (Expanded Nodes: 211, Evaluated States: 460, Time: 0.145) Frontier Size: 249
f(n) = 4.0 (Expanded Nodes: 555, Evaluated States: 1122, Time: 0.385) Frontier Size: 567
Problem Solved

Found Plan:
0.0: (validate_payload t0 a7 t1)
1.0: (sync_actions a7)
2.0: (validate_payload t1 a10 t2)
3.0: (sync_actions a10)
4.0: (validate_payload t2 a3 t3)
5.0: (sync_actions a3)
6.0: (validate_payload t3 a4 t4)
7.0: (sync_actions a4)
8.0: (validate_payload t4 a12 t5)
9.0: (sync_actions a12)
10.0: (validate_payload t5 a11 t6)
11.0: (sync_actions a11)
12.0: (validate_payload t6 a5 t7)
13.0: (sync_actions a5)
14.0: (validate_payload t7 a6 t8)
15.0: (sync_actions a6)
16.0: (validate_payload t8 a8 t9)
17.0: (sync_actions a8)
18.0: (validate_payload t9 a1 t10)
19.0: (sync_actions a1)
20.0: (add_action a2)
21.0: (check_added_variables_model a2)
22.0: (move_in_model_move_automata a2)
23.0: (add_action a0)
24.0: (check_added_variables_model a0)
25.0: (move_in_model_move_automata a0)
26.0: (validate_payload t10 a9 t11)
27.0: (sync_actions a9)

Plan-Length:28
Metric (Search):4.0
Planning Time (msec): 424
Heuristic Time (msec): 6
Search Time (msec): 421
Expanded Nodes:825
States Evaluated:1458
Number of Dead-Ends detected:0
Number of Duplicates detected:106
/usr/bin/time -v timeout 600 java -Xmx64g -jar ./enhsp3.jar -o ./domain_with_failure.pddl -f ./problems/BasePN-3And-del-2-d1/problem58.pddl -h blind -s WAStar
Domain parsed
Problem parsed
Grounding..
Grounding Time: 3347
UFX:true
|F|:16457
|X|:4
|A|:340
|P|:0
|E|:0
h(I):0.0
f(n) = 1.0 (Expanded Nodes: 2, Evaluated States: 7, Time: 0.029) Frontier Size: 5
f(n) = 2.0 (Expanded Nodes: 6, Evaluated States: 7, Time: 0.056) Frontier Size: 1
f(n) = 3.0 (Expanded Nodes: 20, Evaluated States: 46, Time: 0.072) Frontier Size: 26
f(n) = 4.0 (Expanded Nodes: 64, Evaluated States: 148, Time: 0.084) Frontier Size: 84
Problem Solved

Found Plan:
0.0: (add_action a7)
1.0: (check_added_variables_model a7)
2.0: (move_in_model_move_automata a7)
3.0: (validate_payload t0 a10 t1)
4.0: (sync_actions a10)
5.0: (validate_payload t1 a12 t2)
6.0: (sync_actions a12)
7.0: (validate_payload t2 a11 t3)
8.0: (sync_actions a11)
9.0: (validate_payload t3 a3 t4)
10.0: (sync_actions a3)
11.0: (validate_payload t4 a5 t5)
12.0: (sync_actions a5)
13.0: (add_action a4)
14.0: (check_added_variables_model a4)
15.0: (move_in_model_move_automata a4)
16.0: (validate_payload t5 a6 t6)
17.0: (sync_actions a6)
18.0: (validate_payload t6 a8 t7)
19.0: (sync_actions a8)
20.0: (validate_payload t7 a0 t8)
21.0: (sync_actions a0)
22.0: (validate_payload t8 a1 t9)
23.0: (sync_actions a1)
24.0: (validate_payload t9 a2 t10)
25.0: (sync_actions a2)
26.0: (validate_payload t10 a9 t11)
27.0: (sync_actions a9)

Plan-Length:28
Metric (Search):4.0
Planning Time (msec): 130
Heuristic Time (msec): 12
Search Time (msec): 128
Expanded Nodes:132
States Evaluated:303
Number of Dead-Ends detected:0
Number of Duplicates detected:9
/usr/bin/time -v timeout 600 java -Xmx64g -jar ./enhsp3.jar -o ./domain_with_failure.pddl -f ./problems/BasePN-3And-del-2-d1/problem59.pddl -h blind -s WAStar
Domain parsed
Problem parsed
Grounding..
Grounding Time: 3127
UFX:true
|F|:16457
|X|:4
|A|:340
|P|:0
|E|:0
h(I):0.0
f(n) = 1.0 (Expanded Nodes: 16, Evaluated States: 45, Time: 0.03) Frontier Size: 29
f(n) = 2.0 (Expanded Nodes: 52, Evaluated States: 125, Time: 0.074) Frontier Size: 73
f(n) = 3.0 (Expanded Nodes: 128, Evaluated States: 292, Time: 0.118) Frontier Size: 164
f(n) = 4.0 (Expanded Nodes: 334, Evaluated States: 612, Time: 0.317) Frontier Size: 278
Problem Solved

Found Plan:
0.0: (validate_payload t0 a7 t1)
1.0: (sync_actions a7)
2.0: (validate_payload t1 a3 t2)
3.0: (sync_actions a3)
4.0: (validate_payload t2 a4 t3)
5.0: (sync_actions a4)
6.0: (validate_payload t3 a10 t4)
7.0: (sync_actions a10)
8.0: (validate_payload t4 a5 t5)
9.0: (sync_actions a5)
10.0: (validate_payload t5 a6 t6)
11.0: (sync_actions a6)
12.0: (validate_payload t6 a12 t7)
13.0: (sync_actions a12)
14.0: (add_action a11)
15.0: (check_added_variables_model a11)
16.0: (move_in_model_move_automata a11)
17.0: (add_action a8)
18.0: (check_added_variables_model a8)
19.0: (move_in_model_move_automata a8)
20.0: (validate_payload t7 a0 t8)
21.0: (sync_actions a0)
22.0: (validate_payload t8 a1 t9)
23.0: (sync_actions a1)
24.0: (validate_payload t9 a2 t10)
25.0: (sync_actions a2)
26.0: (validate_payload t10 a9 t11)
27.0: (sync_actions a9)

Plan-Length:28
Metric (Search):4.0
Planning Time (msec): 369
Heuristic Time (msec): 3
Search Time (msec): 361
Expanded Nodes:575
States Evaluated:979
Number of Dead-Ends detected:0
Number of Duplicates detected:77
/usr/bin/time -v timeout 600 java -Xmx64g -jar ./enhsp3.jar -o ./domain_with_failure.pddl -f ./problems/BasePN-3And-del-2-d1/problem60.pddl -h blind -s WAStar
Domain parsed
Problem parsed
Grounding..
Grounding Time: 3067
UFX:true
|F|:16457
|X|:3
|A|:340
|P|:0
|E|:0
h(I):0.0
f(n) = 2.0 (Expanded Nodes: 14, Evaluated States: 33, Time: 0.026) Frontier Size: 19
f(n) = 4.0 (Expanded Nodes: 74, Evaluated States: 141, Time: 0.086) Frontier Size: 67
Problem Solved

Found Plan:
0.0: (validate_payload t0 a7 t1)
1.0: (sync_actions a7)
2.0: (validate_payload t1 a10 t2)
3.0: (sync_actions a10)
4.0: (validate_payload t2 a3 t3)
5.0: (sync_actions a3)
6.0: (validate_payload t3 a4 t4)
7.0: (sync_actions a4)
8.0: (validate_payload t4 a12 t5)
9.0: (sync_actions a12)
10.0: (add_action a5)
11.0: (check_added_variables_model a5)
12.0: (move_in_model_move_automata a5)
13.0: (add_action a6)
14.0: (check_added_variables_model a6)
15.0: (move_in_model_move_automata a6)
16.0: (validate_payload t5 a11 t6)
17.0: (sync_actions a11)
18.0: (validate_payload t6 a8 t7)
19.0: (sync_actions a8)
20.0: (validate_payload t7 a1 t8)
21.0: (sync_actions a1)
22.0: (validate_payload t8 a0 t9)
23.0: (sync_actions a0)
24.0: (validate_payload t9 a2 t10)
25.0: (sync_actions a2)
26.0: (validate_payload t10 a9 t11)
27.0: (sync_actions a9)

Plan-Length:28
Metric (Search):4.0
Planning Time (msec): 116
Heuristic Time (msec): 5
Search Time (msec): 110
Expanded Nodes:154
States Evaluated:260
Number of Dead-Ends detected:0
Number of Duplicates detected:31
/usr/bin/time -v timeout 600 java -Xmx64g -jar ./enhsp3.jar -o ./domain_with_failure.pddl -f ./problems/BasePN-3And-del-2-d1/problem61.pddl -h blind -s WAStar
Domain parsed
Problem parsed
Grounding..
Grounding Time: 3309
UFX:true
|F|:16457
|X|:3
|A|:340
|P|:0
|E|:0
h(I):0.0
f(n) = 2.0 (Expanded Nodes: 6, Evaluated States: 14, Time: 0.027) Frontier Size: 8
f(n) = 4.0 (Expanded Nodes: 34, Evaluated States: 69, Time: 0.087) Frontier Size: 35
Problem Solved

Found Plan:
0.0: (validate_payload t0 a7 t1)
1.0: (sync_actions a7)
2.0: (validate_payload t1 a3 t2)
3.0: (sync_actions a3)
4.0: (add_action a10)
5.0: (check_added_variables_model a10)
6.0: (move_in_model_move_automata a10)
7.0: (validate_payload t2 a12 t3)
8.0: (sync_actions a12)
9.0: (validate_payload t3 a11 t4)
10.0: (sync_actions a11)
11.0: (add_action a4)
12.0: (check_added_variables_model a4)
13.0: (move_in_model_move_automata a4)
14.0: (validate_payload t4 a5 t5)
15.0: (sync_actions a5)
16.0: (validate_payload t5 a6 t6)
17.0: (sync_actions a6)
18.0: (validate_payload t6 a8 t7)
19.0: (sync_actions a8)
20.0: (validate_payload t7 a1 t8)
21.0: (sync_actions a1)
22.0: (validate_payload t8 a2 t9)
23.0: (sync_actions a2)
24.0: (validate_payload t9 a0 t10)
25.0: (sync_actions a0)
26.0: (validate_payload t10 a9 t11)
27.0: (sync_actions a9)

Plan-Length:28
Metric (Search):4.0
Planning Time (msec): 115
Heuristic Time (msec): 6
Search Time (msec): 112
Expanded Nodes:87
States Evaluated:153
Number of Dead-Ends detected:0
Number of Duplicates detected:12
/usr/bin/time -v timeout 600 java -Xmx64g -jar ./enhsp3.jar -o ./domain_with_failure.pddl -f ./problems/BasePN-3And-del-2-d1/problem62.pddl -h blind -s WAStar
Domain parsed
Problem parsed
Grounding..
Grounding Time: 3332
UFX:true
|F|:16457
|X|:4
|A|:340
|P|:0
|E|:0
h(I):0.0
f(n) = 1.0 (Expanded Nodes: 16, Evaluated States: 48, Time: 0.029) Frontier Size: 32
f(n) = 2.0 (Expanded Nodes: 60, Evaluated States: 158, Time: 0.087) Frontier Size: 98
f(n) = 3.0 (Expanded Nodes: 154, Evaluated States: 377, Time: 0.131) Frontier Size: 223
f(n) = 4.0 (Expanded Nodes: 514, Evaluated States: 993, Time: 0.36) Frontier Size: 479
Problem Solved

Found Plan:
0.0: (validate_payload t0 a7 t1)
1.0: (sync_actions a7)
2.0: (validate_payload t1 a3 t2)
3.0: (sync_actions a3)
4.0: (validate_payload t2 a10 t3)
5.0: (sync_actions a10)
6.0: (validate_payload t3 a12 t4)
7.0: (sync_actions a12)
8.0: (validate_payload t4 a11 t5)
9.0: (sync_actions a11)
10.0: (validate_payload t5 a4 t6)
11.0: (sync_actions a4)
12.0: (validate_payload t6 a5 t7)
13.0: (sync_actions a5)
14.0: (add_action a6)
15.0: (check_added_variables_model a6)
16.0: (move_in_model_move_automata a6)
17.0: (validate_payload t7 a8 t8)
18.0: (sync_actions a8)
19.0: (validate_payload t8 a1 t9)
20.0: (sync_actions a1)
21.0: (add_action a0)
22.0: (check_added_variables_model a0)
23.0: (move_in_model_move_automata a0)
24.0: (validate_payload t9 a2 t10)
25.0: (sync_actions a2)
26.0: (validate_payload t10 a9 t11)
27.0: (sync_actions a9)

Plan-Length:28
Metric (Search):4.0
Planning Time (msec): 381
Heuristic Time (msec): 6
Search Time (msec): 378
Expanded Nodes:650
States Evaluated:1221
Number of Dead-Ends detected:0
Number of Duplicates detected:80
/usr/bin/time -v timeout 600 java -Xmx64g -jar ./enhsp3.jar -o ./domain_with_failure.pddl -f ./problems/BasePN-3And-del-2-d1/problem63.pddl -h blind -s WAStar
Domain parsed
Problem parsed
Grounding..
Grounding Time: 3140
UFX:true
|F|:16457
|X|:4
|A|:340
|P|:0
|E|:0
h(I):0.0
f(n) = 1.0 (Expanded Nodes: 6, Evaluated States: 18, Time: 0.03) Frontier Size: 12
f(n) = 2.0 (Expanded Nodes: 18, Evaluated States: 40, Time: 0.063) Frontier Size: 22
f(n) = 3.0 (Expanded Nodes: 49, Evaluated States: 123, Time: 0.09) Frontier Size: 74
f(n) = 4.0 (Expanded Nodes: 147, Evaluated States: 307, Time: 0.118) Frontier Size: 160
Problem Solved

Found Plan:
0.0: (validate_payload t0 a7 t1)
1.0: (sync_actions a7)
2.0: (validate_payload t1 a10 t2)
3.0: (sync_actions a10)
4.0: (add_action a3)
5.0: (check_added_variables_model a3)
6.0: (move_in_model_move_automata a3)
7.0: (validate_payload t2 a4 t3)
8.0: (sync_actions a4)
9.0: (validate_payload t3 a12 t4)
10.0: (sync_actions a12)
11.0: (validate_payload t4 a11 t5)
12.0: (sync_actions a11)
13.0: (add_action a5)
14.0: (check_added_variables_model a5)
15.0: (move_in_model_move_automata a5)
16.0: (validate_payload t5 a6 t6)
17.0: (sync_actions a6)
18.0: (validate_payload t6 a8 t7)
19.0: (sync_actions a8)
20.0: (validate_payload t7 a0 t8)
21.0: (sync_actions a0)
22.0: (validate_payload t8 a1 t9)
23.0: (sync_actions a1)
24.0: (validate_payload t9 a2 t10)
25.0: (sync_actions a2)
26.0: (validate_payload t10 a9 t11)
27.0: (sync_actions a9)

Plan-Length:28
Metric (Search):4.0
Planning Time (msec): 165
Heuristic Time (msec): 7
Search Time (msec): 158
Expanded Nodes:284
States Evaluated:561
Number of Dead-Ends detected:0
Number of Duplicates detected:28
/usr/bin/time -v timeout 600 java -Xmx64g -jar ./enhsp3.jar -o ./domain_with_failure.pddl -f ./problems/BasePN-3And-del-2-d1/problem64.pddl -h blind -s WAStar
Domain parsed
Problem parsed
Grounding..
Grounding Time: 3061
UFX:true
|F|:16457
|X|:4
|A|:340
|P|:0
|E|:0
h(I):0.0
f(n) = 1.0 (Expanded Nodes: 14, Evaluated States: 37, Time: 0.033) Frontier Size: 23
f(n) = 2.0 (Expanded Nodes: 58, Evaluated States: 147, Time: 0.08) Frontier Size: 89
f(n) = 3.0 (Expanded Nodes: 128, Evaluated States: 288, Time: 0.117) Frontier Size: 160
f(n) = 4.0 (Expanded Nodes: 380, Evaluated States: 784, Time: 0.175) Frontier Size: 404
Problem Solved

Found Plan:
0.0: (validate_payload t0 a7 t1)
1.0: (sync_actions a7)
2.0: (validate_payload t1 a10 t2)
3.0: (sync_actions a10)
4.0: (validate_payload t2 a3 t3)
5.0: (sync_actions a3)
6.0: (validate_payload t3 a5 t4)
7.0: (sync_actions a5)
8.0: (validate_payload t4 a12 t5)
9.0: (sync_actions a12)
10.0: (validate_payload t5 a11 t6)
11.0: (sync_actions a11)
12.0: (add_action a4)
13.0: (check_added_variables_model a4)
14.0: (move_in_model_move_automata a4)
15.0: (validate_payload t6 a6 t7)
16.0: (sync_actions a6)
17.0: (validate_payload t7 a8 t8)
18.0: (sync_actions a8)
19.0: (validate_payload t8 a1 t9)
20.0: (sync_actions a1)
21.0: (validate_payload t9 a2 t10)
22.0: (sync_actions a2)
23.0: (validate_payload t10 a0 t11)
24.0: (sync_actions a0)
25.0: (add_action a9)
26.0: (check_added_variables_model a9)
27.0: (move_in_model_move_automata a9)

Plan-Length:28
Metric (Search):4.0
Planning Time (msec): 233
Heuristic Time (msec): 6
Search Time (msec): 227
Expanded Nodes:647
States Evaluated:1126
Number of Dead-Ends detected:0
Number of Duplicates detected:98
/usr/bin/time -v timeout 600 java -Xmx64g -jar ./enhsp3.jar -o ./domain_with_failure.pddl -f ./problems/BasePN-3And-del-2-d1/problem65.pddl -h blind -s WAStar
Domain parsed
Problem parsed
Grounding..
Grounding Time: 3106
UFX:true
|F|:16457
|X|:4
|A|:340
|P|:0
|E|:0
h(I):0.0
f(n) = 2.0 (Expanded Nodes: 2, Evaluated States: 3, Time: 0.016) Frontier Size: 1
f(n) = 3.0 (Expanded Nodes: 16, Evaluated States: 44, Time: 0.232) Frontier Size: 28
f(n) = 4.0 (Expanded Nodes: 56, Evaluated States: 132, Time: 0.255) Frontier Size: 76
Problem Solved

Found Plan:
0.0: (add_action a7)
1.0: (check_added_variables_model a7)
2.0: (move_in_model_move_automata a7)
3.0: (validate_payload t0 a3 t1)
4.0: (sync_actions a3)
5.0: (validate_payload t1 a10 t2)
6.0: (sync_actions a10)
7.0: (validate_payload t2 a5 t3)
8.0: (sync_actions a5)
9.0: (validate_payload t3 a4 t4)
10.0: (sync_actions a4)
11.0: (validate_payload t4 a6 t5)
12.0: (sync_actions a6)
13.0: (add_action a12)
14.0: (check_added_variables_model a12)
15.0: (move_in_model_move_automata a12)
16.0: (validate_payload t5 a11 t6)
17.0: (sync_actions a11)
18.0: (validate_payload t6 a8 t7)
19.0: (sync_actions a8)
20.0: (validate_payload t7 a1 t8)
21.0: (sync_actions a1)
22.0: (validate_payload t8 a0 t9)
23.0: (sync_actions a0)
24.0: (validate_payload t9 a2 t10)
25.0: (sync_actions a2)
26.0: (validate_payload t10 a9 t11)
27.0: (sync_actions a9)

Plan-Length:28
Metric (Search):4.0
Planning Time (msec): 292
Heuristic Time (msec): 3
Search Time (msec): 284
Expanded Nodes:132
States Evaluated:286
Number of Dead-Ends detected:0
Number of Duplicates detected:13
/usr/bin/time -v timeout 600 java -Xmx64g -jar ./enhsp3.jar -o ./domain_with_failure.pddl -f ./problems/BasePN-3And-del-2-d1/problem66.pddl -h blind -s WAStar
Domain parsed
Problem parsed
Grounding..
Grounding Time: 3366
UFX:true
|F|:16457
|X|:4
|A|:340
|P|:0
|E|:0
h(I):0.0
f(n) = 1.0 (Expanded Nodes: 16, Evaluated States: 42, Time: 0.035) Frontier Size: 26
f(n) = 2.0 (Expanded Nodes: 68, Evaluated States: 174, Time: 0.092) Frontier Size: 106
f(n) = 3.0 (Expanded Nodes: 146, Evaluated States: 328, Time: 0.131) Frontier Size: 182
f(n) = 4.0 (Expanded Nodes: 436, Evaluated States: 902, Time: 0.399) Frontier Size: 466
Problem Solved

Found Plan:
0.0: (validate_payload t0 a7 t1)
1.0: (sync_actions a7)
2.0: (validate_payload t1 a10 t2)
3.0: (sync_actions a10)
4.0: (validate_payload t2 a3 t3)
5.0: (sync_actions a3)
6.0: (validate_payload t3 a5 t4)
7.0: (sync_actions a5)
8.0: (validate_payload t4 a12 t5)
9.0: (sync_actions a12)
10.0: (validate_payload t5 a4 t6)
11.0: (sync_actions a4)
12.0: (validate_payload t6 a6 t7)
13.0: (sync_actions a6)
14.0: (add_action a11)
15.0: (check_added_variables_model a11)
16.0: (move_in_model_move_automata a11)
17.0: (validate_payload t7 a8 t8)
18.0: (sync_actions a8)
19.0: (validate_payload t8 a1 t9)
20.0: (sync_actions a1)
21.0: (add_action a2)
22.0: (check_added_variables_model a2)
23.0: (move_in_model_move_automata a2)
24.0: (validate_payload t9 a0 t10)
25.0: (sync_actions a0)
26.0: (validate_payload t10 a9 t11)
27.0: (sync_actions a9)

Plan-Length:28
Metric (Search):4.0
Planning Time (msec): 411
Heuristic Time (msec): 5
Search Time (msec): 405
Expanded Nodes:448
States Evaluated:916
Number of Dead-Ends detected:0
Number of Duplicates detected:63
/usr/bin/time -v timeout 600 java -Xmx64g -jar ./enhsp3.jar -o ./domain_with_failure.pddl -f ./problems/BasePN-3And-del-2-d1/problem67.pddl -h blind -s WAStar
Domain parsed
Problem parsed
Grounding..
Grounding Time: 2961
UFX:true
|F|:16457
|X|:2
|A|:340
|P|:0
|E|:0
h(I):0.0
f(n) = 2.0 (Expanded Nodes: 10, Evaluated States: 22, Time: 0.021) Frontier Size: 12
f(n) = 4.0 (Expanded Nodes: 44, Evaluated States: 80, Time: 0.083) Frontier Size: 36
Problem Solved

Found Plan:
0.0: (validate_payload t0 a7 t1)
1.0: (sync_actions a7)
2.0: (validate_payload t1 a10 t2)
3.0: (sync_actions a10)
4.0: (validate_payload t2 a12 t3)
5.0: (sync_actions a12)
6.0: (validate_payload t3 a11 t4)
7.0: (sync_actions a11)
8.0: (add_action a3)
9.0: (check_added_variables_model a3)
10.0: (move_in_model_move_automata a3)
11.0: (add_action a4)
12.0: (check_added_variables_model a4)
13.0: (move_in_model_move_automata a4)
14.0: (validate_payload t4 a5 t5)
15.0: (sync_actions a5)
16.0: (validate_payload t5 a6 t6)
17.0: (sync_actions a6)
18.0: (validate_payload t6 a8 t7)
19.0: (sync_actions a8)
20.0: (validate_payload t7 a1 t8)
21.0: (sync_actions a1)
22.0: (validate_payload t8 a2 t9)
23.0: (sync_actions a2)
24.0: (validate_payload t9 a0 t10)
25.0: (sync_actions a0)
26.0: (validate_payload t10 a9 t11)
27.0: (sync_actions a9)

Plan-Length:28
Metric (Search):4.0
Planning Time (msec): 115
Heuristic Time (msec): 7
Search Time (msec): 108
Expanded Nodes:104
States Evaluated:179
Number of Dead-Ends detected:0
Number of Duplicates detected:18
/usr/bin/time -v timeout 600 java -Xmx64g -jar ./enhsp3.jar -o ./domain_with_failure.pddl -f ./problems/BasePN-3And-del-2-d1/problem68.pddl -h blind -s WAStar
Domain parsed
Problem parsed
Grounding..
Grounding Time: 3446
UFX:true
|F|:16457
|X|:4
|A|:340
|P|:0
|E|:0
h(I):0.0
f(n) = 1.0 (Expanded Nodes: 18, Evaluated States: 43, Time: 0.034) Frontier Size: 25
f(n) = 2.0 (Expanded Nodes: 82, Evaluated States: 193, Time: 0.093) Frontier Size: 111
f(n) = 3.0 (Expanded Nodes: 168, Evaluated States: 331, Time: 0.13) Frontier Size: 163
f(n) = 4.0 (Expanded Nodes: 432, Evaluated States: 851, Time: 0.381) Frontier Size: 419
Problem Solved

Found Plan:
0.0: (validate_payload t0 a7 t1)
1.0: (sync_actions a7)
2.0: (validate_payload t1 a10 t2)
3.0: (sync_actions a10)
4.0: (validate_payload t2 a12 t3)
5.0: (sync_actions a12)
6.0: (validate_payload t3 a11 t4)
7.0: (sync_actions a11)
8.0: (validate_payload t4 a3 t5)
9.0: (sync_actions a3)
10.0: (validate_payload t5 a4 t6)
11.0: (sync_actions a4)
12.0: (validate_payload t6 a5 t7)
13.0: (sync_actions a5)
14.0: (validate_payload t7 a6 t8)
15.0: (sync_actions a6)
16.0: (add_action a8)
17.0: (check_added_variables_model a8)
18.0: (move_in_model_move_automata a8)
19.0: (validate_payload t8 a1 t9)
20.0: (sync_actions a1)
21.0: (validate_payload t9 a2 t10)
22.0: (sync_actions a2)
23.0: (add_action a0)
24.0: (check_added_variables_model a0)
25.0: (move_in_model_move_automata a0)
26.0: (validate_payload t10 a9 t11)
27.0: (sync_actions a9)

Plan-Length:28
Metric (Search):4.0
Planning Time (msec): 397
Heuristic Time (msec): 12
Search Time (msec): 390
Expanded Nodes:504
States Evaluated:932
Number of Dead-Ends detected:0
Number of Duplicates detected:66
/usr/bin/time -v timeout 600 java -Xmx64g -jar ./enhsp3.jar -o ./domain_with_failure.pddl -f ./problems/BasePN-3And-del-2-d1/problem69.pddl -h blind -s WAStar
Domain parsed
Problem parsed
Grounding..
Grounding Time: 3299
UFX:true
|F|:16457
|X|:4
|A|:340
|P|:0
|E|:0
h(I):0.0
f(n) = 1.0 (Expanded Nodes: 14, Evaluated States: 42, Time: 0.029) Frontier Size: 28
f(n) = 2.0 (Expanded Nodes: 58, Evaluated States: 152, Time: 0.075) Frontier Size: 94
f(n) = 3.0 (Expanded Nodes: 132, Evaluated States: 322, Time: 0.108) Frontier Size: 190
f(n) = 4.0 (Expanded Nodes: 394, Evaluated States: 740, Time: 0.345) Frontier Size: 346
Problem Solved

Found Plan:
0.0: (validate_payload t0 a7 t1)
1.0: (sync_actions a7)
2.0: (validate_payload t1 a10 t2)
3.0: (sync_actions a10)
4.0: (validate_payload t2 a3 t3)
5.0: (sync_actions a3)
6.0: (validate_payload t3 a4 t4)
7.0: (sync_actions a4)
8.0: (validate_payload t4 a5 t5)
9.0: (sync_actions a5)
10.0: (add_action a12)
11.0: (check_added_variables_model a12)
12.0: (move_in_model_move_automata a12)
13.0: (validate_payload t5 a6 t6)
14.0: (sync_actions a6)
15.0: (validate_payload t6 a11 t7)
16.0: (sync_actions a11)
17.0: (add_action a8)
18.0: (check_added_variables_model a8)
19.0: (move_in_model_move_automata a8)
20.0: (validate_payload t7 a0 t8)
21.0: (sync_actions a0)
22.0: (validate_payload t8 a1 t9)
23.0: (sync_actions a1)
24.0: (validate_payload t9 a2 t10)
25.0: (sync_actions a2)
26.0: (validate_payload t10 a9 t11)
27.0: (sync_actions a9)

Plan-Length:28
Metric (Search):4.0
Planning Time (msec): 390
Heuristic Time (msec): 6
Search Time (msec): 384
Expanded Nodes:708
States Evaluated:1194
Number of Dead-Ends detected:0
Number of Duplicates detected:102
/usr/bin/time -v timeout 600 java -Xmx64g -jar ./enhsp3.jar -o ./domain_with_failure.pddl -f ./problems/BasePN-3And-del-2-d1/problem70.pddl -h blind -s WAStar
Domain parsed
Problem parsed
Grounding..
Grounding Time: 3322
UFX:true
|F|:16457
|X|:4
|A|:340
|P|:0
|E|:0
h(I):0.0
f(n) = 1.0 (Expanded Nodes: 14, Evaluated States: 43, Time: 0.029) Frontier Size: 29
f(n) = 2.0 (Expanded Nodes: 50, Evaluated States: 135, Time: 0.083) Frontier Size: 85
f(n) = 3.0 (Expanded Nodes: 128, Evaluated States: 315, Time: 0.12) Frontier Size: 187
f(n) = 4.0 (Expanded Nodes: 398, Evaluated States: 755, Time: 0.166) Frontier Size: 357
Problem Solved

Found Plan:
0.0: (validate_payload t0 a7 t1)
1.0: (sync_actions a7)
2.0: (validate_payload t1 a3 t2)
3.0: (sync_actions a3)
4.0: (validate_payload t2 a10 t3)
5.0: (sync_actions a10)
6.0: (validate_payload t3 a12 t4)
7.0: (sync_actions a12)
8.0: (validate_payload t4 a4 t5)
9.0: (sync_actions a4)
10.0: (add_action a5)
11.0: (check_added_variables_model a5)
12.0: (move_in_model_move_automata a5)
13.0: (validate_payload t5 a11 t6)
14.0: (sync_actions a11)
15.0: (add_action a6)
16.0: (check_added_variables_model a6)
17.0: (move_in_model_move_automata a6)
18.0: (validate_payload t6 a8 t7)
19.0: (sync_actions a8)
20.0: (validate_payload t7 a1 t8)
21.0: (sync_actions a1)
22.0: (validate_payload t8 a0 t9)
23.0: (sync_actions a0)
24.0: (validate_payload t9 a2 t10)
25.0: (sync_actions a2)
26.0: (validate_payload t10 a9 t11)
27.0: (sync_actions a9)

Plan-Length:28
Metric (Search):4.0
Planning Time (msec): 392
Heuristic Time (msec): 3
Search Time (msec): 388
Expanded Nodes:714
States Evaluated:1219
Number of Dead-Ends detected:0
Number of Duplicates detected:107
/usr/bin/time -v timeout 600 java -Xmx64g -jar ./enhsp3.jar -o ./domain_with_failure.pddl -f ./problems/BasePN-3And-del-2-d1/problem71.pddl -h blind -s WAStar
Domain parsed
Problem parsed
Grounding..
Grounding Time: 3484
UFX:true
|F|:16457
|X|:3
|A|:340
|P|:0
|E|:0
h(I):0.0
f(n) = 2.0 (Expanded Nodes: 14, Evaluated States: 35, Time: 0.034) Frontier Size: 21
f(n) = 4.0 (Expanded Nodes: 84, Evaluated States: 157, Time: 0.095) Frontier Size: 73
Problem Solved

Found Plan:
0.0: (validate_payload t0 a7 t1)
1.0: (sync_actions a7)
2.0: (validate_payload t1 a3 t2)
3.0: (sync_actions a3)
4.0: (validate_payload t2 a10 t3)
5.0: (sync_actions a10)
6.0: (validate_payload t3 a12 t4)
7.0: (sync_actions a12)
8.0: (validate_payload t4 a11 t5)
9.0: (sync_actions a11)
10.0: (add_action a4)
11.0: (check_added_variables_model a4)
12.0: (move_in_model_move_automata a4)
13.0: (validate_payload t5 a5 t6)
14.0: (sync_actions a5)
15.0: (validate_payload t6 a6 t7)
16.0: (sync_actions a6)
17.0: (add_action a8)
18.0: (check_added_variables_model a8)
19.0: (move_in_model_move_automata a8)
20.0: (validate_payload t7 a0 t8)
21.0: (sync_actions a0)
22.0: (validate_payload t8 a1 t9)
23.0: (sync_actions a1)
24.0: (validate_payload t9 a2 t10)
25.0: (sync_actions a2)
26.0: (validate_payload t10 a9 t11)
27.0: (sync_actions a9)

Plan-Length:28
Metric (Search):4.0
Planning Time (msec): 120
Heuristic Time (msec): 2
Search Time (msec): 114
Expanded Nodes:132
States Evaluated:234
Number of Dead-Ends detected:0
Number of Duplicates detected:24
/usr/bin/time -v timeout 600 java -Xmx64g -jar ./enhsp3.jar -o ./domain_with_failure.pddl -f ./problems/BasePN-3And-del-2-d1/problem72.pddl -h blind -s WAStar
Domain parsed
Problem parsed
Grounding..
Grounding Time: 3641
UFX:true
|F|:16457
|X|:4
|A|:340
|P|:0
|E|:0
h(I):0.0
f(n) = 1.0 (Expanded Nodes: 16, Evaluated States: 42, Time: 0.031) Frontier Size: 26
f(n) = 2.0 (Expanded Nodes: 68, Evaluated States: 174, Time: 0.082) Frontier Size: 106
f(n) = 3.0 (Expanded Nodes: 144, Evaluated States: 321, Time: 0.114) Frontier Size: 177
f(n) = 4.0 (Expanded Nodes: 442, Evaluated States: 913, Time: 0.177) Frontier Size: 471
Problem Solved

Found Plan:
0.0: (validate_payload t0 a7 t1)
1.0: (sync_actions a7)
2.0: (validate_payload t1 a10 t2)
3.0: (sync_actions a10)
4.0: (validate_payload t2 a12 t3)
5.0: (sync_actions a12)
6.0: (validate_payload t3 a3 t4)
7.0: (sync_actions a3)
8.0: (validate_payload t4 a4 t5)
9.0: (sync_actions a4)
10.0: (validate_payload t5 a5 t6)
11.0: (sync_actions a5)
12.0: (validate_payload t6 a6 t7)
13.0: (sync_actions a6)
14.0: (add_action a11)
15.0: (check_added_variables_model a11)
16.0: (move_in_model_move_automata a11)
17.0: (validate_payload t7 a8 t8)
18.0: (sync_actions a8)
19.0: (validate_payload t8 a1 t9)
20.0: (sync_actions a1)
21.0: (add_action a2)
22.0: (check_added_variables_model a2)
23.0: (move_in_model_move_automata a2)
24.0: (validate_payload t9 a0 t10)
25.0: (sync_actions a0)
26.0: (validate_payload t10 a9 t11)
27.0: (sync_actions a9)

Plan-Length:28
Metric (Search):4.0
Planning Time (msec): 203
Heuristic Time (msec): 6
Search Time (msec): 196
Expanded Nodes:599
States Evaluated:1146
Number of Dead-Ends detected:0
Number of Duplicates detected:89
/usr/bin/time -v timeout 600 java -Xmx64g -jar ./enhsp3.jar -o ./domain_with_failure.pddl -f ./problems/BasePN-3And-del-2-d1/problem73.pddl -h blind -s WAStar
Domain parsed
Problem parsed
Grounding..
Grounding Time: 3091
UFX:true
|F|:16457
|X|:4
|A|:340
|P|:0
|E|:0
h(I):0.0
f(n) = 1.0 (Expanded Nodes: 12, Evaluated States: 35, Time: 0.039) Frontier Size: 23
f(n) = 2.0 (Expanded Nodes: 40, Evaluated States: 109, Time: 0.078) Frontier Size: 69
f(n) = 3.0 (Expanded Nodes: 103, Evaluated States: 238, Time: 0.112) Frontier Size: 135
f(n) = 4.0 (Expanded Nodes: 295, Evaluated States: 594, Time: 0.143) Frontier Size: 299
Problem Solved

Found Plan:
0.0: (validate_payload t0 a7 t1)
1.0: (sync_actions a7)
2.0: (validate_payload t1 a3 t2)
3.0: (sync_actions a3)
4.0: (validate_payload t2 a10 t3)
5.0: (sync_actions a10)
6.0: (validate_payload t3 a12 t4)
7.0: (sync_actions a12)
8.0: (add_action a11)
9.0: (check_added_variables_model a11)
10.0: (move_in_model_move_automata a11)
11.0: (add_action a5)
12.0: (check_added_variables_model a5)
13.0: (move_in_model_move_automata a5)
14.0: (validate_payload t4 a4 t5)
15.0: (sync_actions a4)
16.0: (validate_payload t5 a6 t6)
17.0: (sync_actions a6)
18.0: (validate_payload t6 a8 t7)
19.0: (sync_actions a8)
20.0: (validate_payload t7 a1 t8)
21.0: (sync_actions a1)
22.0: (validate_payload t8 a2 t9)
23.0: (sync_actions a2)
24.0: (validate_payload t9 a0 t10)
25.0: (sync_actions a0)
26.0: (validate_payload t10 a9 t11)
27.0: (sync_actions a9)

Plan-Length:28
Metric (Search):4.0
Planning Time (msec): 190
Heuristic Time (msec): 9
Search Time (msec): 186
Expanded Nodes:441
States Evaluated:797
Number of Dead-Ends detected:0
Number of Duplicates detected:75
/usr/bin/time -v timeout 600 java -Xmx64g -jar ./enhsp3.jar -o ./domain_with_failure.pddl -f ./problems/BasePN-3And-del-2-d1/problem74.pddl -h blind -s WAStar
Domain parsed
Problem parsed
Grounding..
Grounding Time: 3340
UFX:true
|F|:16457
|X|:4
|A|:340
|P|:0
|E|:0
h(I):0.0
f(n) = 1.0 (Expanded Nodes: 16, Evaluated States: 48, Time: 0.032) Frontier Size: 32
f(n) = 2.0 (Expanded Nodes: 68, Evaluated States: 180, Time: 0.084) Frontier Size: 112
f(n) = 3.0 (Expanded Nodes: 158, Evaluated States: 391, Time: 0.124) Frontier Size: 233
f(n) = 4.0 (Expanded Nodes: 548, Evaluated States: 1063, Time: 0.367) Frontier Size: 515
Problem Solved

Found Plan:
0.0: (validate_payload t0 a7 t1)
1.0: (sync_actions a7)
2.0: (validate_payload t1 a10 t2)
3.0: (sync_actions a10)
4.0: (validate_payload t2 a12 t3)
5.0: (sync_actions a12)
6.0: (validate_payload t3 a3 t4)
7.0: (sync_actions a3)
8.0: (validate_payload t4 a5 t5)
9.0: (sync_actions a5)
10.0: (add_action a11)
11.0: (check_added_variables_model a11)
12.0: (move_in_model_move_automata a11)
13.0: (validate_payload t5 a4 t6)
14.0: (sync_actions a4)
15.0: (validate_payload t6 a6 t7)
16.0: (sync_actions a6)
17.0: (validate_payload t7 a8 t8)
18.0: (sync_actions a8)
19.0: (add_action a0)
20.0: (check_added_variables_model a0)
21.0: (move_in_model_move_automata a0)
22.0: (validate_payload t8 a1 t9)
23.0: (sync_actions a1)
24.0: (validate_payload t9 a2 t10)
25.0: (sync_actions a2)
26.0: (validate_payload t10 a9 t11)
27.0: (sync_actions a9)

Plan-Length:28
Metric (Search):4.0
Planning Time (msec): 382
Heuristic Time (msec): 7
Search Time (msec): 379
Expanded Nodes:682
States Evaluated:1279
Number of Dead-Ends detected:0
Number of Duplicates detected:80
/usr/bin/time -v timeout 600 java -Xmx64g -jar ./enhsp3.jar -o ./domain_with_failure.pddl -f ./problems/BasePN-3And-del-2-d1/problem75.pddl -h blind -s WAStar
Domain parsed
Problem parsed
Grounding..
Grounding Time: 3193
UFX:true
|F|:16457
|X|:4
|A|:340
|P|:0
|E|:0
h(I):0.0
f(n) = 1.0 (Expanded Nodes: 16, Evaluated States: 48, Time: 0.029) Frontier Size: 32
f(n) = 2.0 (Expanded Nodes: 68, Evaluated States: 180, Time: 0.275) Frontier Size: 112
f(n) = 3.0 (Expanded Nodes: 152, Evaluated States: 373, Time: 0.323) Frontier Size: 221
f(n) = 4.0 (Expanded Nodes: 498, Evaluated States: 941, Time: 0.388) Frontier Size: 443
Problem Solved

Found Plan:
0.0: (validate_payload t0 a7 t1)
1.0: (sync_actions a7)
2.0: (validate_payload t1 a10 t2)
3.0: (sync_actions a10)
4.0: (validate_payload t2 a12 t3)
5.0: (sync_actions a12)
6.0: (validate_payload t3 a3 t4)
7.0: (sync_actions a3)
8.0: (validate_payload t4 a4 t5)
9.0: (sync_actions a4)
10.0: (add_action a11)
11.0: (check_added_variables_model a11)
12.0: (move_in_model_move_automata a11)
13.0: (validate_payload t5 a5 t6)
14.0: (sync_actions a5)
15.0: (validate_payload t6 a6 t7)
16.0: (sync_actions a6)
17.0: (add_action a8)
18.0: (check_added_variables_model a8)
19.0: (move_in_model_move_automata a8)
20.0: (validate_payload t7 a0 t8)
21.0: (sync_actions a0)
22.0: (validate_payload t8 a1 t9)
23.0: (sync_actions a1)
24.0: (validate_payload t9 a2 t10)
25.0: (sync_actions a2)
26.0: (validate_payload t10 a9 t11)
27.0: (sync_actions a9)

Plan-Length:28
Metric (Search):4.0
Planning Time (msec): 411
Heuristic Time (msec): 2
Search Time (msec): 404
Expanded Nodes:635
States Evaluated:1190
Number of Dead-Ends detected:0
Number of Duplicates detected:80
/usr/bin/time -v timeout 600 java -Xmx64g -jar ./enhsp3.jar -o ./domain_with_failure.pddl -f ./problems/BasePN-3And-del-2-d1/problem76.pddl -h blind -s WAStar
Domain parsed
Problem parsed
Grounding..
Grounding Time: 3184
UFX:true
|F|:16457
|X|:3
|A|:340
|P|:0
|E|:0
h(I):0.0
f(n) = 2.0 (Expanded Nodes: 2, Evaluated States: 3, Time: 0.018) Frontier Size: 1
f(n) = 4.0 (Expanded Nodes: 14, Evaluated States: 30, Time: 0.078) Frontier Size: 16
Problem Solved

Found Plan:
0.0: (add_action a7)
1.0: (check_added_variables_model a7)
2.0: (move_in_model_move_automata a7)
3.0: (validate_payload t0 a3 t1)
4.0: (sync_actions a3)
5.0: (validate_payload t1 a5 t2)
6.0: (sync_actions a5)
7.0: (validate_payload t2 a4 t3)
8.0: (sync_actions a4)
9.0: (validate_payload t3 a6 t4)
10.0: (sync_actions a6)
11.0: (add_action a10)
12.0: (check_added_variables_model a10)
13.0: (move_in_model_move_automata a10)
14.0: (validate_payload t4 a12 t5)
15.0: (sync_actions a12)
16.0: (validate_payload t5 a11 t6)
17.0: (sync_actions a11)
18.0: (validate_payload t6 a8 t7)
19.0: (sync_actions a8)
20.0: (validate_payload t7 a1 t8)
21.0: (sync_actions a1)
22.0: (validate_payload t8 a0 t9)
23.0: (sync_actions a0)
24.0: (validate_payload t9 a2 t10)
25.0: (sync_actions a2)
26.0: (validate_payload t10 a9 t11)
27.0: (sync_actions a9)

Plan-Length:28
Metric (Search):4.0
Planning Time (msec): 121
Heuristic Time (msec): 6
Search Time (msec): 116
Expanded Nodes:72
States Evaluated:132
Number of Dead-Ends detected:0
Number of Duplicates detected:10
/usr/bin/time -v timeout 600 java -Xmx64g -jar ./enhsp3.jar -o ./domain_with_failure.pddl -f ./problems/BasePN-3And-del-2-d1/problem77.pddl -h blind -s WAStar
Domain parsed
Problem parsed
Grounding..
Grounding Time: 3177
UFX:true
|F|:16457
|X|:4
|A|:340
|P|:0
|E|:0
h(I):0.0
f(n) = 1.0 (Expanded Nodes: 2, Evaluated States: 7, Time: 0.021) Frontier Size: 5
f(n) = 2.0 (Expanded Nodes: 6, Evaluated States: 7, Time: 0.055) Frontier Size: 1
f(n) = 3.0 (Expanded Nodes: 22, Evaluated States: 49, Time: 0.074) Frontier Size: 27
f(n) = 4.0 (Expanded Nodes: 74, Evaluated States: 185, Time: 0.098) Frontier Size: 111
Problem Solved

Found Plan:
0.0: (add_action a7)
1.0: (check_added_variables_model a7)
2.0: (move_in_model_move_automata a7)
3.0: (validate_payload t0 a10 t1)
4.0: (sync_actions a10)
5.0: (validate_payload t1 a3 t2)
6.0: (sync_actions a3)
7.0: (validate_payload t2 a12 t3)
8.0: (sync_actions a12)
9.0: (validate_payload t3 a4 t4)
10.0: (sync_actions a4)
11.0: (validate_payload t4 a5 t5)
12.0: (sync_actions a5)
13.0: (add_action a11)
14.0: (check_added_variables_model a11)
15.0: (move_in_model_move_automata a11)
16.0: (validate_payload t5 a6 t6)
17.0: (sync_actions a6)
18.0: (validate_payload t6 a8 t7)
19.0: (sync_actions a8)
20.0: (validate_payload t7 a0 t8)
21.0: (sync_actions a0)
22.0: (validate_payload t8 a1 t9)
23.0: (sync_actions a1)
24.0: (validate_payload t9 a2 t10)
25.0: (sync_actions a2)
26.0: (validate_payload t10 a9 t11)
27.0: (sync_actions a9)

Plan-Length:28
Metric (Search):4.0
Planning Time (msec): 127
Heuristic Time (msec): 10
Search Time (msec): 120
Expanded Nodes:135
States Evaluated:299
Number of Dead-Ends detected:0
Number of Duplicates detected:6
/usr/bin/time -v timeout 600 java -Xmx64g -jar ./enhsp3.jar -o ./domain_with_failure.pddl -f ./problems/BasePN-3And-del-2-d1/problem78.pddl -h blind -s WAStar
Domain parsed
Problem parsed
Grounding..
Grounding Time: 3362
UFX:true
|F|:16457
|X|:4
|A|:340
|P|:0
|E|:0
h(I):0.0
f(n) = 1.0 (Expanded Nodes: 6, Evaluated States: 17, Time: 0.028) Frontier Size: 11
f(n) = 2.0 (Expanded Nodes: 18, Evaluated States: 39, Time: 0.061) Frontier Size: 21
f(n) = 3.0 (Expanded Nodes: 47, Evaluated States: 109, Time: 0.088) Frontier Size: 62
f(n) = 4.0 (Expanded Nodes: 135, Evaluated States: 291, Time: 0.11) Frontier Size: 156
Problem Solved

Found Plan:
0.0: (validate_payload t0 a7 t1)
1.0: (sync_actions a7)
2.0: (validate_payload t1 a10 t2)
3.0: (sync_actions a10)
4.0: (add_action a12)
5.0: (check_added_variables_model a12)
6.0: (move_in_model_move_automata a12)
7.0: (validate_payload t2 a11 t3)
8.0: (sync_actions a11)
9.0: (validate_payload t3 a3 t4)
10.0: (sync_actions a3)
11.0: (add_action a4)
12.0: (check_added_variables_model a4)
13.0: (move_in_model_move_automata a4)
14.0: (validate_payload t4 a5 t5)
15.0: (sync_actions a5)
16.0: (validate_payload t5 a6 t6)
17.0: (sync_actions a6)
18.0: (validate_payload t6 a8 t7)
19.0: (sync_actions a8)
20.0: (validate_payload t7 a0 t8)
21.0: (sync_actions a0)
22.0: (validate_payload t8 a1 t9)
23.0: (sync_actions a1)
24.0: (validate_payload t9 a2 t10)
25.0: (sync_actions a2)
26.0: (validate_payload t10 a9 t11)
27.0: (sync_actions a9)

Plan-Length:28
Metric (Search):4.0
Planning Time (msec): 142
Heuristic Time (msec): 10
Search Time (msec): 140
Expanded Nodes:261
States Evaluated:490
Number of Dead-Ends detected:0
Number of Duplicates detected:30
/usr/bin/time -v timeout 600 java -Xmx64g -jar ./enhsp3.jar -o ./domain_with_failure.pddl -f ./problems/BasePN-3And-del-2-d1/problem79.pddl -h blind -s WAStar
Domain parsed
Problem parsed
Grounding..
Grounding Time: 3461
UFX:true
|F|:16457
|X|:4
|A|:340
|P|:0
|E|:0
h(I):0.0
f(n) = 1.0 (Expanded Nodes: 8, Evaluated States: 24, Time: 0.026) Frontier Size: 16
f(n) = 2.0 (Expanded Nodes: 28, Evaluated States: 68, Time: 0.079) Frontier Size: 40
f(n) = 3.0 (Expanded Nodes: 75, Evaluated States: 188, Time: 0.12) Frontier Size: 113
f(n) = 4.0 (Expanded Nodes: 263, Evaluated States: 542, Time: 0.35) Frontier Size: 279
Problem Solved

Found Plan:
0.0: (validate_payload t0 a7 t1)
1.0: (sync_actions a7)
2.0: (validate_payload t1 a10 t2)
3.0: (sync_actions a10)
4.0: (validate_payload t2 a12 t3)
5.0: (sync_actions a12)
6.0: (add_action a3)
7.0: (check_added_variables_model a3)
8.0: (move_in_model_move_automata a3)
9.0: (validate_payload t3 a4 t4)
10.0: (sync_actions a4)
11.0: (validate_payload t4 a11 t5)
12.0: (sync_actions a11)
13.0: (validate_payload t5 a5 t6)
14.0: (sync_actions a5)
15.0: (validate_payload t6 a6 t7)
16.0: (sync_actions a6)
17.0: (validate_payload t7 a8 t8)
18.0: (sync_actions a8)
19.0: (validate_payload t8 a1 t9)
20.0: (sync_actions a1)
21.0: (validate_payload t9 a2 t10)
22.0: (sync_actions a2)
23.0: (add_action a0)
24.0: (check_added_variables_model a0)
25.0: (move_in_model_move_automata a0)
26.0: (validate_payload t10 a9 t11)
27.0: (sync_actions a9)

Plan-Length:28
Metric (Search):4.0
Planning Time (msec): 387
Heuristic Time (msec): 2
Search Time (msec): 381
Expanded Nodes:469
States Evaluated:906
Number of Dead-Ends detected:0
Number of Duplicates detected:43
/usr/bin/time -v timeout 600 java -Xmx64g -jar ./enhsp3.jar -o ./domain_with_failure.pddl -f ./problems/BasePN-3And-del-2-d1/problem80.pddl -h blind -s WAStar
Domain parsed
Problem parsed
Grounding..
Grounding Time: 3155
UFX:true
|F|:16457
|X|:3
|A|:340
|P|:0
|E|:0
h(I):0.0
f(n) = 2.0 (Expanded Nodes: 4, Evaluated States: 8, Time: 0.021) Frontier Size: 4
f(n) = 4.0 (Expanded Nodes: 23, Evaluated States: 46, Time: 0.068) Frontier Size: 23
Problem Solved

Found Plan:
0.0: (validate_payload t0 a7 t1)
1.0: (sync_actions a7)
2.0: (add_action a10)
3.0: (check_added_variables_model a10)
4.0: (move_in_model_move_automata a10)
5.0: (validate_payload t1 a12 t2)
6.0: (sync_actions a12)
7.0: (validate_payload t2 a11 t3)
8.0: (sync_actions a11)
9.0: (validate_payload t3 a3 t4)
10.0: (sync_actions a3)
11.0: (validate_payload t4 a5 t5)
12.0: (sync_actions a5)
13.0: (add_action a4)
14.0: (check_added_variables_model a4)
15.0: (move_in_model_move_automata a4)
16.0: (validate_payload t5 a6 t6)
17.0: (sync_actions a6)
18.0: (validate_payload t6 a8 t7)
19.0: (sync_actions a8)
20.0: (validate_payload t7 a1 t8)
21.0: (sync_actions a1)
22.0: (validate_payload t8 a0 t9)
23.0: (sync_actions a0)
24.0: (validate_payload t9 a2 t10)
25.0: (sync_actions a2)
26.0: (validate_payload t10 a9 t11)
27.0: (sync_actions a9)

Plan-Length:28
Metric (Search):4.0
Planning Time (msec): 108
Heuristic Time (msec): 6
Search Time (msec): 99
Expanded Nodes:91
States Evaluated:168
Number of Dead-Ends detected:0
Number of Duplicates detected:11
/usr/bin/time -v timeout 600 java -Xmx64g -jar ./enhsp3.jar -o ./domain_with_failure.pddl -f ./problems/BasePN-3And-del-2-d1/problem81.pddl -h blind -s WAStar
Domain parsed
Problem parsed
Grounding..
Grounding Time: 3777
UFX:true
|F|:16457
|X|:3
|A|:340
|P|:0
|E|:0
h(I):0.0
f(n) = 2.0 (Expanded Nodes: 12, Evaluated States: 28, Time: 0.03) Frontier Size: 16
f(n) = 4.0 (Expanded Nodes: 70, Evaluated States: 130, Time: 0.09) Frontier Size: 60
Problem Solved

Found Plan:
0.0: (validate_payload t0 a7 t1)
1.0: (sync_actions a7)
2.0: (validate_payload t1 a3 t2)
3.0: (sync_actions a3)
4.0: (validate_payload t2 a4 t3)
5.0: (sync_actions a4)
6.0: (validate_payload t3 a5 t4)
7.0: (sync_actions a5)
8.0: (validate_payload t4 a6 t5)
9.0: (sync_actions a6)
10.0: (add_action a10)
11.0: (check_added_variables_model a10)
12.0: (move_in_model_move_automata a10)
13.0: (validate_payload t5 a12 t6)
14.0: (sync_actions a12)
15.0: (validate_payload t6 a11 t7)
16.0: (sync_actions a11)
17.0: (validate_payload t7 a8 t8)
18.0: (sync_actions a8)
19.0: (validate_payload t8 a1 t9)
20.0: (sync_actions a1)
21.0: (validate_payload t9 a2 t10)
22.0: (sync_actions a2)
23.0: (validate_payload t10 a0 t11)
24.0: (sync_actions a0)
25.0: (add_action a9)
26.0: (check_added_variables_model a9)
27.0: (move_in_model_move_automata a9)

Plan-Length:28
Metric (Search):4.0
Planning Time (msec): 93
Heuristic Time (msec): 7
Search Time (msec): 90
Expanded Nodes:75
States Evaluated:135
Number of Dead-Ends detected:0
Number of Duplicates detected:11
/usr/bin/time -v timeout 600 java -Xmx64g -jar ./enhsp3.jar -o ./domain_with_failure.pddl -f ./problems/BasePN-3And-del-2-d1/problem82.pddl -h blind -s WAStar
Domain parsed
Problem parsed
Grounding..
Grounding Time: 3266
UFX:true
|F|:16457
|X|:3
|A|:340
|P|:0
|E|:0
h(I):0.0
f(n) = 2.0 (Expanded Nodes: 14, Evaluated States: 33, Time: 0.051) Frontier Size: 19
f(n) = 4.0 (Expanded Nodes: 82, Evaluated States: 152, Time: 0.113) Frontier Size: 70
Problem Solved

Found Plan:
0.0: (validate_payload t0 a7 t1)
1.0: (sync_actions a7)
2.0: (validate_payload t1 a10 t2)
3.0: (sync_actions a10)
4.0: (validate_payload t2 a12 t3)
5.0: (sync_actions a12)
6.0: (validate_payload t3 a3 t4)
7.0: (sync_actions a3)
8.0: (validate_payload t4 a11 t5)
9.0: (sync_actions a11)
10.0: (add_action a4)
11.0: (check_added_variables_model a4)
12.0: (move_in_model_move_automata a4)
13.0: (validate_payload t5 a5 t6)
14.0: (sync_actions a5)
15.0: (validate_payload t6 a6 t7)
16.0: (sync_actions a6)
17.0: (validate_payload t7 a8 t8)
18.0: (sync_actions a8)
19.0: (validate_payload t8 a0 t9)
20.0: (sync_actions a0)
21.0: (validate_payload t9 a1 t10)
22.0: (sync_actions a1)
23.0: (validate_payload t10 a2 t11)
24.0: (sync_actions a2)
25.0: (add_action a9)
26.0: (check_added_variables_model a9)
27.0: (move_in_model_move_automata a9)

Plan-Length:28
Metric (Search):4.0
Planning Time (msec): 117
Heuristic Time (msec): 12
Search Time (msec): 114
Expanded Nodes:87
States Evaluated:158
Number of Dead-Ends detected:0
Number of Duplicates detected:12
/usr/bin/time -v timeout 600 java -Xmx64g -jar ./enhsp3.jar -o ./domain_with_failure.pddl -f ./problems/BasePN-3And-del-2-d1/problem83.pddl -h blind -s WAStar
Domain parsed
Problem parsed
Grounding..
Grounding Time: 3230
UFX:true
|F|:16457
|X|:4
|A|:340
|P|:0
|E|:0
h(I):0.0
f(n) = 1.0 (Expanded Nodes: 14, Evaluated States: 37, Time: 0.031) Frontier Size: 23
f(n) = 2.0 (Expanded Nodes: 58, Evaluated States: 147, Time: 0.078) Frontier Size: 89
f(n) = 3.0 (Expanded Nodes: 118, Evaluated States: 267, Time: 0.285) Frontier Size: 149
f(n) = 4.0 (Expanded Nodes: 332, Evaluated States: 673, Time: 0.308) Frontier Size: 341
Problem Solved

Found Plan:
0.0: (validate_payload t0 a7 t1)
1.0: (sync_actions a7)
2.0: (validate_payload t1 a10 t2)
3.0: (sync_actions a10)
4.0: (validate_payload t2 a3 t3)
5.0: (sync_actions a3)
6.0: (validate_payload t3 a5 t4)
7.0: (sync_actions a5)
8.0: (validate_payload t4 a12 t5)
9.0: (sync_actions a12)
10.0: (validate_payload t5 a11 t6)
11.0: (sync_actions a11)
12.0: (add_action a4)
13.0: (check_added_variables_model a4)
14.0: (move_in_model_move_automata a4)
15.0: (add_action a6)
16.0: (check_added_variables_model a6)
17.0: (move_in_model_move_automata a6)
18.0: (validate_payload t6 a8 t7)
19.0: (sync_actions a8)
20.0: (validate_payload t7 a1 t8)
21.0: (sync_actions a1)
22.0: (validate_payload t8 a2 t9)
23.0: (sync_actions a2)
24.0: (validate_payload t9 a0 t10)
25.0: (sync_actions a0)
26.0: (validate_payload t10 a9 t11)
27.0: (sync_actions a9)

Plan-Length:28
Metric (Search):4.0
Planning Time (msec): 334
Heuristic Time (msec): 15
Search Time (msec): 327
Expanded Nodes:544
States Evaluated:912
Number of Dead-Ends detected:0
Number of Duplicates detected:89
/usr/bin/time -v timeout 600 java -Xmx64g -jar ./enhsp3.jar -o ./domain_with_failure.pddl -f ./problems/BasePN-3And-del-2-d1/problem84.pddl -h blind -s WAStar
Domain parsed
Problem parsed
Grounding..
Grounding Time: 3266
UFX:true
|F|:16457
|X|:4
|A|:340
|P|:0
|E|:0
h(I):0.0
f(n) = 1.0 (Expanded Nodes: 2, Evaluated States: 7, Time: 0.02) Frontier Size: 5
f(n) = 2.0 (Expanded Nodes: 6, Evaluated States: 7, Time: 0.043) Frontier Size: 1
f(n) = 3.0 (Expanded Nodes: 30, Evaluated States: 75, Time: 0.075) Frontier Size: 45
f(n) = 4.0 (Expanded Nodes: 126, Evaluated States: 299, Time: 0.268) Frontier Size: 173
Problem Solved

Found Plan:
0.0: (add_action a7)
1.0: (check_added_variables_model a7)
2.0: (move_in_model_move_automata a7)
3.0: (validate_payload t0 a10 t1)
4.0: (sync_actions a10)
5.0: (validate_payload t1 a3 t2)
6.0: (sync_actions a3)
7.0: (validate_payload t2 a5 t3)
8.0: (sync_actions a5)
9.0: (validate_payload t3 a4 t4)
10.0: (sync_actions a4)
11.0: (validate_payload t4 a6 t5)
12.0: (sync_actions a6)
13.0: (validate_payload t5 a12 t6)
14.0: (sync_actions a12)
15.0: (validate_payload t6 a11 t7)
16.0: (sync_actions a11)
17.0: (validate_payload t7 a8 t8)
18.0: (sync_actions a8)
19.0: (validate_payload t8 a0 t9)
20.0: (sync_actions a0)
21.0: (validate_payload t9 a1 t10)
22.0: (sync_actions a1)
23.0: (add_action a2)
24.0: (check_added_variables_model a2)
25.0: (move_in_model_move_automata a2)
26.0: (validate_payload t10 a9 t11)
27.0: (sync_actions a9)

Plan-Length:28
Metric (Search):4.0
Planning Time (msec): 300
Heuristic Time (msec): 6
Search Time (msec): 296
Expanded Nodes:228
States Evaluated:528
Number of Dead-Ends detected:0
Number of Duplicates detected:12
/usr/bin/time -v timeout 600 java -Xmx64g -jar ./enhsp3.jar -o ./domain_with_failure.pddl -f ./problems/BasePN-3And-del-2-d1/problem85.pddl -h blind -s WAStar
Domain parsed
Problem parsed
Grounding..
Grounding Time: 3202
UFX:true
|F|:16457
|X|:4
|A|:340
|P|:0
|E|:0
h(I):0.0
f(n) = 1.0 (Expanded Nodes: 14, Evaluated States: 35, Time: 0.032) Frontier Size: 21
f(n) = 2.0 (Expanded Nodes: 58, Evaluated States: 137, Time: 0.09) Frontier Size: 79
f(n) = 3.0 (Expanded Nodes: 114, Evaluated States: 248, Time: 0.128) Frontier Size: 134
f(n) = 4.0 (Expanded Nodes: 326, Evaluated States: 662, Time: 0.345) Frontier Size: 336
Problem Solved

Found Plan:
0.0: (validate_payload t0 a7 t1)
1.0: (sync_actions a7)
2.0: (validate_payload t1 a10 t2)
3.0: (sync_actions a10)
4.0: (validate_payload t2 a12 t3)
5.0: (sync_actions a12)
6.0: (validate_payload t3 a11 t4)
7.0: (sync_actions a11)
8.0: (validate_payload t4 a3 t5)
9.0: (sync_actions a3)
10.0: (add_action a4)
11.0: (check_added_variables_model a4)
12.0: (move_in_model_move_automata a4)
13.0: (validate_payload t5 a5 t6)
14.0: (sync_actions a5)
15.0: (validate_payload t6 a6 t7)
16.0: (sync_actions a6)
17.0: (validate_payload t7 a8 t8)
18.0: (sync_actions a8)
19.0: (validate_payload t8 a1 t9)
20.0: (sync_actions a1)
21.0: (validate_payload t9 a2 t10)
22.0: (sync_actions a2)
23.0: (add_action a0)
24.0: (check_added_variables_model a0)
25.0: (move_in_model_move_automata a0)
26.0: (validate_payload t10 a9 t11)
27.0: (sync_actions a9)

Plan-Length:28
Metric (Search):4.0
Planning Time (msec): 365
Heuristic Time (msec): 8
Search Time (msec): 362
Expanded Nodes:459
States Evaluated:856
Number of Dead-Ends detected:0
Number of Duplicates detected:56
/usr/bin/time -v timeout 600 java -Xmx64g -jar ./enhsp3.jar -o ./domain_with_failure.pddl -f ./problems/BasePN-3And-del-2-d1/problem86.pddl -h blind -s WAStar
Domain parsed
Problem parsed
Grounding..
Grounding Time: 3580
UFX:true
|F|:16457
|X|:3
|A|:340
|P|:0
|E|:0
h(I):0.0
f(n) = 1.0 (Expanded Nodes: 2, Evaluated States: 7, Time: 0.016) Frontier Size: 5
f(n) = 2.0 (Expanded Nodes: 6, Evaluated States: 7, Time: 0.045) Frontier Size: 1
f(n) = 3.0 (Expanded Nodes: 26, Evaluated States: 56, Time: 0.063) Frontier Size: 30
f(n) = 4.0 (Expanded Nodes: 94, Evaluated States: 222, Time: 0.088) Frontier Size: 128
Problem Solved

Found Plan:
0.0: (add_action a7)
1.0: (check_added_variables_model a7)
2.0: (move_in_model_move_automata a7)
3.0: (validate_payload t0 a10 t1)
4.0: (sync_actions a10)
5.0: (validate_payload t1 a3 t2)
6.0: (sync_actions a3)
7.0: (validate_payload t2 a4 t3)
8.0: (sync_actions a4)
9.0: (validate_payload t3 a5 t4)
10.0: (sync_actions a5)
11.0: (validate_payload t4 a6 t5)
12.0: (sync_actions a6)
13.0: (validate_payload t5 a12 t6)
14.0: (sync_actions a12)
15.0: (validate_payload t6 a11 t7)
16.0: (sync_actions a11)
17.0: (validate_payload t7 a8 t8)
18.0: (sync_actions a8)
19.0: (add_action a1)
20.0: (check_added_variables_model a1)
21.0: (move_in_model_move_automata a1)
22.0: (validate_payload t8 a2 t9)
23.0: (sync_actions a2)
24.0: (validate_payload t9 a0 t10)
25.0: (sync_actions a0)
26.0: (validate_payload t10 a9 t11)
27.0: (sync_actions a9)

Plan-Length:28
Metric (Search):4.0
Planning Time (msec): 124
Heuristic Time (msec): 6
Search Time (msec): 122
Expanded Nodes:181
States Evaluated:383
Number of Dead-Ends detected:0
Number of Duplicates detected:15
/usr/bin/time -v timeout 600 java -Xmx64g -jar ./enhsp3.jar -o ./domain_with_failure.pddl -f ./problems/BasePN-3And-del-2-d1/problem87.pddl -h blind -s WAStar
Domain parsed
Problem parsed
Grounding..
Grounding Time: 3085
UFX:true
|F|:16457
|X|:3
|A|:340
|P|:0
|E|:0
h(I):0.0
f(n) = 2.0 (Expanded Nodes: 2, Evaluated States: 3, Time: 0.023) Frontier Size: 1
f(n) = 3.0 (Expanded Nodes: 24, Evaluated States: 61, Time: 0.076) Frontier Size: 37
f(n) = 4.0 (Expanded Nodes: 96, Evaluated States: 221, Time: 0.096) Frontier Size: 125
Problem Solved

Found Plan:
0.0: (add_action a7)
1.0: (check_added_variables_model a7)
2.0: (move_in_model_move_automata a7)
3.0: (validate_payload t0 a3 t1)
4.0: (sync_actions a3)
5.0: (validate_payload t1 a10 t2)
6.0: (sync_actions a10)
7.0: (validate_payload t2 a4 t3)
8.0: (sync_actions a4)
9.0: (validate_payload t3 a12 t4)
10.0: (sync_actions a12)
11.0: (validate_payload t4 a11 t5)
12.0: (sync_actions a11)
13.0: (validate_payload t5 a5 t6)
14.0: (sync_actions a5)
15.0: (validate_payload t6 a6 t7)
16.0: (sync_actions a6)
17.0: (validate_payload t7 a8 t8)
18.0: (sync_actions a8)
19.0: (validate_payload t8 a0 t9)
20.0: (sync_actions a0)
21.0: (add_action a1)
22.0: (check_added_variables_model a1)
23.0: (move_in_model_move_automata a1)
24.0: (validate_payload t9 a2 t10)
25.0: (sync_actions a2)
26.0: (validate_payload t10 a9 t11)
27.0: (sync_actions a9)

Plan-Length:28
Metric (Search):4.0
Planning Time (msec): 134
Heuristic Time (msec): 6
Search Time (msec): 123
Expanded Nodes:164
States Evaluated:356
Number of Dead-Ends detected:0
Number of Duplicates detected:11
/usr/bin/time -v timeout 600 java -Xmx64g -jar ./enhsp3.jar -o ./domain_with_failure.pddl -f ./problems/BasePN-3And-del-2-d1/problem88.pddl -h blind -s WAStar
Domain parsed
Problem parsed
Grounding..
Grounding Time: 3253
UFX:true
|F|:16457
|X|:4
|A|:340
|P|:0
|E|:0
h(I):0.0
f(n) = 1.0 (Expanded Nodes: 12, Evaluated States: 31, Time: 0.036) Frontier Size: 19
f(n) = 2.0 (Expanded Nodes: 48, Evaluated States: 115, Time: 0.096) Frontier Size: 67
f(n) = 3.0 (Expanded Nodes: 89, Evaluated States: 197, Time: 0.119) Frontier Size: 108
f(n) = 4.0 (Expanded Nodes: 237, Evaluated States: 465, Time: 0.31) Frontier Size: 228
Problem Solved

Found Plan:
0.0: (validate_payload t0 a7 t1)
1.0: (sync_actions a7)
2.0: (validate_payload t1 a10 t2)
3.0: (sync_actions a10)
4.0: (validate_payload t2 a12 t3)
5.0: (sync_actions a12)
6.0: (validate_payload t3 a11 t4)
7.0: (sync_actions a11)
8.0: (validate_payload t4 a3 t5)
9.0: (sync_actions a3)
10.0: (add_action a5)
11.0: (check_added_variables_model a5)
12.0: (move_in_model_move_automata a5)
13.0: (add_action a4)
14.0: (check_added_variables_model a4)
15.0: (move_in_model_move_automata a4)
16.0: (validate_payload t5 a6 t6)
17.0: (sync_actions a6)
18.0: (validate_payload t6 a8 t7)
19.0: (sync_actions a8)
20.0: (validate_payload t7 a1 t8)
21.0: (sync_actions a1)
22.0: (validate_payload t8 a2 t9)
23.0: (sync_actions a2)
24.0: (validate_payload t9 a0 t10)
25.0: (sync_actions a0)
26.0: (validate_payload t10 a9 t11)
27.0: (sync_actions a9)

Plan-Length:28
Metric (Search):4.0
Planning Time (msec): 337
Heuristic Time (msec): 15
Search Time (msec): 335
Expanded Nodes:432
States Evaluated:695
Number of Dead-Ends detected:0
Number of Duplicates detected:63
/usr/bin/time -v timeout 600 java -Xmx64g -jar ./enhsp3.jar -o ./domain_with_failure.pddl -f ./problems/BasePN-3And-del-2-d1/problem89.pddl -h blind -s WAStar
Domain parsed
Problem parsed
Grounding..
Grounding Time: 3479
UFX:true
|F|:16457
|X|:4
|A|:340
|P|:0
|E|:0
h(I):0.0
f(n) = 1.0 (Expanded Nodes: 14, Evaluated States: 38, Time: 0.031) Frontier Size: 24
f(n) = 2.0 (Expanded Nodes: 50, Evaluated States: 126, Time: 0.074) Frontier Size: 76
f(n) = 3.0 (Expanded Nodes: 122, Evaluated States: 274, Time: 0.117) Frontier Size: 152
f(n) = 4.0 (Expanded Nodes: 346, Evaluated States: 710, Time: 0.163) Frontier Size: 364
Problem Solved

Found Plan:
0.0: (validate_payload t0 a7 t1)
1.0: (sync_actions a7)
2.0: (validate_payload t1 a3 t2)
3.0: (sync_actions a3)
4.0: (validate_payload t2 a10 t3)
5.0: (sync_actions a10)
6.0: (validate_payload t3 a4 t4)
7.0: (sync_actions a4)
8.0: (validate_payload t4 a12 t5)
9.0: (sync_actions a12)
10.0: (validate_payload t5 a11 t6)
11.0: (sync_actions a11)
12.0: (add_action a5)
13.0: (check_added_variables_model a5)
14.0: (move_in_model_move_automata a5)
15.0: (validate_payload t6 a6 t7)
16.0: (sync_actions a6)
17.0: (validate_payload t7 a8 t8)
18.0: (sync_actions a8)
19.0: (add_action a0)
20.0: (check_added_variables_model a0)
21.0: (move_in_model_move_automata a0)
22.0: (validate_payload t8 a1 t9)
23.0: (sync_actions a1)
24.0: (validate_payload t9 a2 t10)
25.0: (sync_actions a2)
26.0: (validate_payload t10 a9 t11)
27.0: (sync_actions a9)

Plan-Length:28
Metric (Search):4.0
Planning Time (msec): 218
Heuristic Time (msec): 9
Search Time (msec): 211
Expanded Nodes:619
States Evaluated:1054
Number of Dead-Ends detected:0
Number of Duplicates detected:101
/usr/bin/time -v timeout 600 java -Xmx64g -jar ./enhsp3.jar -o ./domain_with_failure.pddl -f ./problems/BasePN-3And-del-2-d1/problem90.pddl -h blind -s WAStar
Domain parsed
Problem parsed
Grounding..
Grounding Time: 3141
UFX:true
|F|:16457
|X|:4
|A|:340
|P|:0
|E|:0
h(I):0.0
f(n) = 1.0 (Expanded Nodes: 2, Evaluated States: 7, Time: 0.017) Frontier Size: 5
f(n) = 2.0 (Expanded Nodes: 6, Evaluated States: 7, Time: 0.04) Frontier Size: 1
f(n) = 3.0 (Expanded Nodes: 16, Evaluated States: 32, Time: 0.061) Frontier Size: 16
f(n) = 4.0 (Expanded Nodes: 44, Evaluated States: 94, Time: 0.073) Frontier Size: 50
Problem Solved

Found Plan:
0.0: (add_action a7)
1.0: (check_added_variables_model a7)
2.0: (move_in_model_move_automata a7)
3.0: (validate_payload t0 a10 t1)
4.0: (sync_actions a10)
5.0: (validate_payload t1 a12 t2)
6.0: (sync_actions a12)
7.0: (validate_payload t2 a11 t3)
8.0: (sync_actions a11)
9.0: (add_action a3)
10.0: (check_added_variables_model a3)
11.0: (move_in_model_move_automata a3)
12.0: (validate_payload t3 a4 t4)
13.0: (sync_actions a4)
14.0: (validate_payload t4 a5 t5)
15.0: (sync_actions a5)
16.0: (validate_payload t5 a6 t6)
17.0: (sync_actions a6)
18.0: (validate_payload t6 a8 t7)
19.0: (sync_actions a8)
20.0: (validate_payload t7 a0 t8)
21.0: (sync_actions a0)
22.0: (validate_payload t8 a1 t9)
23.0: (sync_actions a1)
24.0: (validate_payload t9 a2 t10)
25.0: (sync_actions a2)
26.0: (validate_payload t10 a9 t11)
27.0: (sync_actions a9)

Plan-Length:28
Metric (Search):4.0
Planning Time (msec): 102
Heuristic Time (msec): 5
Search Time (msec): 99
Expanded Nodes:90
States Evaluated:184
Number of Dead-Ends detected:0
Number of Duplicates detected:7
/usr/bin/time -v timeout 600 java -Xmx64g -jar ./enhsp3.jar -o ./domain_with_failure.pddl -f ./problems/BasePN-3And-del-2-d1/problem91.pddl -h blind -s WAStar
Domain parsed
Problem parsed
Grounding..
Grounding Time: 3225
UFX:true
|F|:16457
|X|:4
|A|:340
|P|:0
|E|:0
h(I):0.0
f(n) = 1.0 (Expanded Nodes: 10, Evaluated States: 29, Time: 0.029) Frontier Size: 19
f(n) = 2.0 (Expanded Nodes: 30, Evaluated States: 77, Time: 0.25) Frontier Size: 47
f(n) = 3.0 (Expanded Nodes: 95, Evaluated States: 215, Time: 0.292) Frontier Size: 120
f(n) = 4.0 (Expanded Nodes: 283, Evaluated States: 581, Time: 0.328) Frontier Size: 298
Problem Solved

Found Plan:
0.0: (validate_payload t0 a7 t1)
1.0: (sync_actions a7)
2.0: (validate_payload t1 a3 t2)
3.0: (sync_actions a3)
4.0: (validate_payload t2 a10 t3)
5.0: (sync_actions a10)
6.0: (validate_payload t3 a5 t4)
7.0: (sync_actions a5)
8.0: (add_action a4)
9.0: (check_added_variables_model a4)
10.0: (move_in_model_move_automata a4)
11.0: (validate_payload t4 a6 t5)
12.0: (sync_actions a6)
13.0: (validate_payload t5 a12 t6)
14.0: (sync_actions a12)
15.0: (validate_payload t6 a11 t7)
16.0: (sync_actions a11)
17.0: (validate_payload t7 a8 t8)
18.0: (sync_actions a8)
19.0: (validate_payload t8 a0 t9)
20.0: (sync_actions a0)
21.0: (validate_payload t9 a1 t10)
22.0: (sync_actions a1)
23.0: (validate_payload t10 a2 t11)
24.0: (sync_actions a2)
25.0: (add_action a9)
26.0: (check_added_variables_model a9)
27.0: (move_in_model_move_automata a9)

Plan-Length:28
Metric (Search):4.0
Planning Time (msec): 376
Heuristic Time (msec): 8
Search Time (msec): 373
Expanded Nodes:507
States Evaluated:897
Number of Dead-Ends detected:0
Number of Duplicates detected:77
/usr/bin/time -v timeout 600 java -Xmx64g -jar ./enhsp3.jar -o ./domain_with_failure.pddl -f ./problems/BasePN-3And-del-2-d1/problem92.pddl -h blind -s WAStar
Domain parsed
Problem parsed
Grounding..
Grounding Time: 3202
UFX:true
|F|:16457
|X|:3
|A|:340
|P|:0
|E|:0
h(I):0.0
f(n) = 2.0 (Expanded Nodes: 6, Evaluated States: 14, Time: 0.022) Frontier Size: 8
f(n) = 4.0 (Expanded Nodes: 44, Evaluated States: 91, Time: 0.266) Frontier Size: 47
Problem Solved

Found Plan:
0.0: (validate_payload t0 a7 t1)
1.0: (sync_actions a7)
2.0: (validate_payload t1 a3 t2)
3.0: (sync_actions a3)
4.0: (add_action a10)
5.0: (check_added_variables_model a10)
6.0: (move_in_model_move_automata a10)
7.0: (validate_payload t2 a12 t3)
8.0: (sync_actions a12)
9.0: (validate_payload t3 a11 t4)
10.0: (sync_actions a11)
11.0: (validate_payload t4 a4 t5)
12.0: (sync_actions a4)
13.0: (validate_payload t5 a5 t6)
14.0: (sync_actions a5)
15.0: (validate_payload t6 a6 t7)
16.0: (sync_actions a6)
17.0: (validate_payload t7 a8 t8)
18.0: (sync_actions a8)
19.0: (add_action a0)
20.0: (check_added_variables_model a0)
21.0: (move_in_model_move_automata a0)
22.0: (validate_payload t8 a1 t9)
23.0: (sync_actions a1)
24.0: (validate_payload t9 a2 t10)
25.0: (sync_actions a2)
26.0: (validate_payload t10 a9 t11)
27.0: (sync_actions a9)

Plan-Length:28
Metric (Search):4.0
Planning Time (msec): 301
Heuristic Time (msec): 6
Search Time (msec): 298
Expanded Nodes:133
States Evaluated:228
Number of Dead-Ends detected:0
Number of Duplicates detected:21
/usr/bin/time -v timeout 600 java -Xmx64g -jar ./enhsp3.jar -o ./domain_with_failure.pddl -f ./problems/BasePN-3And-del-2-d1/problem93.pddl -h blind -s WAStar
Domain parsed
Problem parsed
Grounding..
Grounding Time: 3500
UFX:true
|F|:16457
|X|:4
|A|:340
|P|:0
|E|:0
h(I):0.0
f(n) = 1.0 (Expanded Nodes: 6, Evaluated States: 17, Time: 0.024) Frontier Size: 11
f(n) = 2.0 (Expanded Nodes: 18, Evaluated States: 39, Time: 0.056) Frontier Size: 21
f(n) = 3.0 (Expanded Nodes: 43, Evaluated States: 99, Time: 0.081) Frontier Size: 56
f(n) = 4.0 (Expanded Nodes: 115, Evaluated States: 237, Time: 0.294) Frontier Size: 122
Problem Solved

Found Plan:
0.0: (validate_payload t0 a7 t1)
1.0: (sync_actions a7)
2.0: (add_action a3)
3.0: (check_added_variables_model a3)
4.0: (move_in_model_move_automata a3)
5.0: (validate_payload t1 a10 t2)
6.0: (sync_actions a10)
7.0: (add_action a12)
8.0: (check_added_variables_model a12)
9.0: (move_in_model_move_automata a12)
10.0: (validate_payload t2 a5 t3)
11.0: (sync_actions a5)
12.0: (validate_payload t3 a4 t4)
13.0: (sync_actions a4)
14.0: (validate_payload t4 a6 t5)
15.0: (sync_actions a6)
16.0: (validate_payload t5 a11 t6)
17.0: (sync_actions a11)
18.0: (validate_payload t6 a8 t7)
19.0: (sync_actions a8)
20.0: (validate_payload t7 a1 t8)
21.0: (sync_actions a1)
22.0: (validate_payload t8 a2 t9)
23.0: (sync_actions a2)
24.0: (validate_payload t9 a0 t10)
25.0: (sync_actions a0)
26.0: (validate_payload t10 a9 t11)
27.0: (sync_actions a9)

Plan-Length:28
Metric (Search):4.0
Planning Time (msec): 325
Heuristic Time (msec): 2
Search Time (msec): 319
Expanded Nodes:201
States Evaluated:380
Number of Dead-Ends detected:0
Number of Duplicates detected:17
/usr/bin/time -v timeout 600 java -Xmx64g -jar ./enhsp3.jar -o ./domain_with_failure.pddl -f ./problems/BasePN-3And-del-2-d1/problem94.pddl -h blind -s WAStar
Domain parsed
Problem parsed
Grounding..
Grounding Time: 3288
UFX:true
|F|:16457
|X|:4
|A|:340
|P|:0
|E|:0
h(I):0.0
f(n) = 1.0 (Expanded Nodes: 18, Evaluated States: 52, Time: 0.032) Frontier Size: 34
f(n) = 2.0 (Expanded Nodes: 78, Evaluated States: 198, Time: 0.08) Frontier Size: 120
f(n) = 3.0 (Expanded Nodes: 172, Evaluated States: 419, Time: 0.136) Frontier Size: 247
f(n) = 4.0 (Expanded Nodes: 560, Evaluated States: 1061, Time: 0.368) Frontier Size: 501
Problem Solved

Found Plan:
0.0: (validate_payload t0 a7 t1)
1.0: (sync_actions a7)
2.0: (validate_payload t1 a10 t2)
3.0: (sync_actions a10)
4.0: (validate_payload t2 a3 t3)
5.0: (sync_actions a3)
6.0: (validate_payload t3 a4 t4)
7.0: (sync_actions a4)
8.0: (validate_payload t4 a12 t5)
9.0: (sync_actions a12)
10.0: (validate_payload t5 a11 t6)
11.0: (sync_actions a11)
12.0: (validate_payload t6 a5 t7)
13.0: (sync_actions a5)
14.0: (validate_payload t7 a6 t8)
15.0: (sync_actions a6)
16.0: (add_action a8)
17.0: (check_added_variables_model a8)
18.0: (move_in_model_move_automata a8)
19.0: (validate_payload t8 a0 t9)
20.0: (sync_actions a0)
21.0: (validate_payload t9 a1 t10)
22.0: (sync_actions a1)
23.0: (add_action a2)
24.0: (check_added_variables_model a2)
25.0: (move_in_model_move_automata a2)
26.0: (validate_payload t10 a9 t11)
27.0: (sync_actions a9)

Plan-Length:28
Metric (Search):4.0
Planning Time (msec): 383
Heuristic Time (msec): 2
Search Time (msec): 376
Expanded Nodes:672
States Evaluated:1251
Number of Dead-Ends detected:0
Number of Duplicates detected:77
/usr/bin/time -v timeout 600 java -Xmx64g -jar ./enhsp3.jar -o ./domain_with_failure.pddl -f ./problems/BasePN-3And-del-2-d1/problem95.pddl -h blind -s WAStar
Domain parsed
Problem parsed
Grounding..
Grounding Time: 3238
UFX:true
|F|:16457
|X|:3
|A|:340
|P|:0
|E|:0
h(I):0.0
f(n) = 2.0 (Expanded Nodes: 10, Evaluated States: 24, Time: 0.026) Frontier Size: 14
f(n) = 4.0 (Expanded Nodes: 57, Evaluated States: 108, Time: 0.086) Frontier Size: 51
Problem Solved

Found Plan:
0.0: (validate_payload t0 a7 t1)
1.0: (sync_actions a7)
2.0: (validate_payload t1 a3 t2)
3.0: (sync_actions a3)
4.0: (validate_payload t2 a4 t3)
5.0: (sync_actions a4)
6.0: (validate_payload t3 a5 t4)
7.0: (sync_actions a5)
8.0: (add_action a10)
9.0: (check_added_variables_model a10)
10.0: (move_in_model_move_automata a10)
11.0: (validate_payload t4 a12 t5)
12.0: (sync_actions a12)
13.0: (add_action a11)
14.0: (check_added_variables_model a11)
15.0: (move_in_model_move_automata a11)
16.0: (validate_payload t5 a6 t6)
17.0: (sync_actions a6)
18.0: (validate_payload t6 a8 t7)
19.0: (sync_actions a8)
20.0: (validate_payload t7 a0 t8)
21.0: (sync_actions a0)
22.0: (validate_payload t8 a1 t9)
23.0: (sync_actions a1)
24.0: (validate_payload t9 a2 t10)
25.0: (sync_actions a2)
26.0: (validate_payload t10 a9 t11)
27.0: (sync_actions a9)

Plan-Length:28
Metric (Search):4.0
Planning Time (msec): 128
Heuristic Time (msec): 7
Search Time (msec): 125
Expanded Nodes:174
States Evaluated:274
Number of Dead-Ends detected:0
Number of Duplicates detected:41
/usr/bin/time -v timeout 600 java -Xmx64g -jar ./enhsp3.jar -o ./domain_with_failure.pddl -f ./problems/BasePN-3And-del-2-d1/problem96.pddl -h blind -s WAStar
Domain parsed
Problem parsed
Grounding..
Grounding Time: 3324
UFX:true
|F|:16457
|X|:4
|A|:340
|P|:0
|E|:0
h(I):0.0
f(n) = 1.0 (Expanded Nodes: 16, Evaluated States: 43, Time: 0.035) Frontier Size: 27
f(n) = 2.0 (Expanded Nodes: 60, Evaluated States: 153, Time: 0.095) Frontier Size: 93
f(n) = 3.0 (Expanded Nodes: 148, Evaluated States: 328, Time: 0.314) Frontier Size: 180
f(n) = 4.0 (Expanded Nodes: 434, Evaluated States: 884, Time: 0.362) Frontier Size: 450
Problem Solved

Found Plan:
0.0: (validate_payload t0 a7 t1)
1.0: (sync_actions a7)
2.0: (validate_payload t1 a3 t2)
3.0: (sync_actions a3)
4.0: (validate_payload t2 a10 t3)
5.0: (sync_actions a10)
6.0: (validate_payload t3 a4 t4)
7.0: (sync_actions a4)
8.0: (validate_payload t4 a5 t5)
9.0: (sync_actions a5)
10.0: (add_action a6)
11.0: (check_added_variables_model a6)
12.0: (move_in_model_move_automata a6)
13.0: (validate_payload t5 a12 t6)
14.0: (sync_actions a12)
15.0: (validate_payload t6 a11 t7)
16.0: (sync_actions a11)
17.0: (validate_payload t7 a8 t8)
18.0: (sync_actions a8)
19.0: (validate_payload t8 a1 t9)
20.0: (sync_actions a1)
21.0: (validate_payload t9 a2 t10)
22.0: (sync_actions a2)
23.0: (validate_payload t10 a0 t11)
24.0: (sync_actions a0)
25.0: (add_action a9)
26.0: (check_added_variables_model a9)
27.0: (move_in_model_move_automata a9)

Plan-Length:28
Metric (Search):4.0
Planning Time (msec): 382
Heuristic Time (msec): 10
Search Time (msec): 376
Expanded Nodes:684
States Evaluated:1208
Number of Dead-Ends detected:0
Number of Duplicates detected:95
/usr/bin/time -v timeout 600 java -Xmx64g -jar ./enhsp3.jar -o ./domain_with_failure.pddl -f ./problems/BasePN-3And-del-2-d1/problem97.pddl -h blind -s WAStar
Domain parsed
Problem parsed
Grounding..
Grounding Time: 3232
UFX:true
|F|:16457
|X|:3
|A|:340
|P|:0
|E|:0
h(I):0.0
f(n) = 2.0 (Expanded Nodes: 4, Evaluated States: 8, Time: 0.024) Frontier Size: 4
f(n) = 4.0 (Expanded Nodes: 21, Evaluated States: 43, Time: 0.07) Frontier Size: 22
Problem Solved

Found Plan:
0.0: (validate_payload t0 a7 t1)
1.0: (sync_actions a7)
2.0: (add_action a3)
3.0: (check_added_variables_model a3)
4.0: (move_in_model_move_automata a3)
5.0: (validate_payload t1 a5 t2)
6.0: (sync_actions a5)
7.0: (validate_payload t2 a10 t3)
8.0: (sync_actions a10)
9.0: (add_action a4)
10.0: (check_added_variables_model a4)
11.0: (move_in_model_move_automata a4)
12.0: (validate_payload t3 a6 t4)
13.0: (sync_actions a6)
14.0: (validate_payload t4 a12 t5)
15.0: (sync_actions a12)
16.0: (validate_payload t5 a11 t6)
17.0: (sync_actions a11)
18.0: (validate_payload t6 a8 t7)
19.0: (sync_actions a8)
20.0: (validate_payload t7 a1 t8)
21.0: (sync_actions a1)
22.0: (validate_payload t8 a2 t9)
23.0: (sync_actions a2)
24.0: (validate_payload t9 a0 t10)
25.0: (sync_actions a0)
26.0: (validate_payload t10 a9 t11)
27.0: (sync_actions a9)

Plan-Length:28
Metric (Search):4.0
Planning Time (msec): 108
Heuristic Time (msec): 3
Search Time (msec): 102
Expanded Nodes:99
States Evaluated:180
Number of Dead-Ends detected:0
Number of Duplicates detected:14
/usr/bin/time -v timeout 600 java -Xmx64g -jar ./enhsp3.jar -o ./domain_with_failure.pddl -f ./problems/BasePN-3And-del-2-d1/problem98.pddl -h blind -s WAStar
Domain parsed
Problem parsed
Grounding..
Grounding Time: 3212
UFX:true
|F|:16457
|X|:4
|A|:340
|P|:0
|E|:0
h(I):0.0
f(n) = 1.0 (Expanded Nodes: 2, Evaluated States: 7, Time: 0.019) Frontier Size: 5
f(n) = 2.0 (Expanded Nodes: 6, Evaluated States: 7, Time: 0.046) Frontier Size: 1
f(n) = 3.0 (Expanded Nodes: 30, Evaluated States: 66, Time: 0.066) Frontier Size: 36
f(n) = 4.0 (Expanded Nodes: 114, Evaluated States: 284, Time: 0.092) Frontier Size: 170
Problem Solved

Found Plan:
0.0: (add_action a7)
1.0: (check_added_variables_model a7)
2.0: (move_in_model_move_automata a7)
3.0: (validate_payload t0 a10 t1)
4.0: (sync_actions a10)
5.0: (validate_payload t1 a3 t2)
6.0: (sync_actions a3)
7.0: (validate_payload t2 a12 t3)
8.0: (sync_actions a12)
9.0: (validate_payload t3 a11 t4)
10.0: (sync_actions a11)
11.0: (validate_payload t4 a4 t5)
12.0: (sync_actions a4)
13.0: (validate_payload t5 a5 t6)
14.0: (sync_actions a5)
15.0: (validate_payload t6 a6 t7)
16.0: (sync_actions a6)
17.0: (validate_payload t7 a8 t8)
18.0: (sync_actions a8)
19.0: (validate_payload t8 a1 t9)
20.0: (sync_actions a1)
21.0: (validate_payload t9 a2 t10)
22.0: (sync_actions a2)
23.0: (add_action a0)
24.0: (check_added_variables_model a0)
25.0: (move_in_model_move_automata a0)
26.0: (validate_payload t10 a9 t11)
27.0: (sync_actions a9)

Plan-Length:28
Metric (Search):4.0
Planning Time (msec): 124
Heuristic Time (msec): 10
Search Time (msec): 117
Expanded Nodes:190
States Evaluated:427
Number of Dead-Ends detected:0
Number of Duplicates detected:6
/usr/bin/time -v timeout 600 java -Xmx64g -jar ./enhsp3.jar -o ./domain_with_failure.pddl -f ./problems/BasePN-3And-del-2-d1/problem99.pddl -h blind -s WAStar
Domain parsed
Problem parsed
Grounding..
Grounding Time: 3180
UFX:true
|F|:16457
|X|:4
|A|:340
|P|:0
|E|:0
h(I):0.0
f(n) = 1.0 (Expanded Nodes: 14, Evaluated States: 39, Time: 0.033) Frontier Size: 25
f(n) = 2.0 (Expanded Nodes: 50, Evaluated States: 131, Time: 0.079) Frontier Size: 81
f(n) = 3.0 (Expanded Nodes: 126, Evaluated States: 283, Time: 0.118) Frontier Size: 157
f(n) = 4.0 (Expanded Nodes: 374, Evaluated States: 759, Time: 0.342) Frontier Size: 385
Problem Solved

Found Plan:
0.0: (validate_payload t0 a7 t1)
1.0: (sync_actions a7)
2.0: (validate_payload t1 a3 t2)
3.0: (sync_actions a3)
4.0: (validate_payload t2 a10 t3)
5.0: (sync_actions a10)
6.0: (validate_payload t3 a12 t4)
7.0: (sync_actions a12)
8.0: (validate_payload t4 a11 t5)
9.0: (sync_actions a11)
10.0: (add_action a4)
11.0: (check_added_variables_model a4)
12.0: (move_in_model_move_automata a4)
13.0: (validate_payload t5 a5 t6)
14.0: (sync_actions a5)
15.0: (validate_payload t6 a6 t7)
16.0: (sync_actions a6)
17.0: (validate_payload t7 a8 t8)
18.0: (sync_actions a8)
19.0: (validate_payload t8 a1 t9)
20.0: (sync_actions a1)
21.0: (validate_payload t9 a2 t10)
22.0: (sync_actions a2)
23.0: (add_action a0)
24.0: (check_added_variables_model a0)
25.0: (move_in_model_move_automata a0)
26.0: (validate_payload t10 a9 t11)
27.0: (sync_actions a9)

Plan-Length:28
Metric (Search):4.0
Planning Time (msec): 390
Heuristic Time (msec): 8
Search Time (msec): 386
Expanded Nodes:651
States Evaluated:1120
Number of Dead-Ends detected:0
Number of Duplicates detected:109
/usr/bin/time -v timeout 600 java -Xmx64g -jar ./enhsp3.jar -o ./domain_with_failure.pddl -f ./problems/BasePN-3And-del-2-d1/problem100.pddl -h blind -s WAStar
Domain parsed
Problem parsed
Grounding..
Grounding Time: 3389
UFX:true
|F|:16457
|X|:3
|A|:340
|P|:0
|E|:0
h(I):0.0
f(n) = 1.0 (Expanded Nodes: 16, Evaluated States: 48, Time: 0.028) Frontier Size: 32
f(n) = 2.0 (Expanded Nodes: 68, Evaluated States: 180, Time: 0.079) Frontier Size: 112
f(n) = 3.0 (Expanded Nodes: 160, Evaluated States: 391, Time: 0.3) Frontier Size: 231
f(n) = 4.0 (Expanded Nodes: 508, Evaluated States: 973, Time: 0.338) Frontier Size: 465
f(n) = 5.0 (Expanded Nodes: 885, Evaluated States: 1514, Time: 0.369) Frontier Size: 629
Problem Solved

Found Plan:
0.0: (validate_payload t0 a7 t1)
1.0: (sync_actions a7)
2.0: (validate_payload t1 a10 t2)
3.0: (sync_actions a10)
4.0: (validate_payload t2 a3 t3)
5.0: (sync_actions a3)
6.0: (validate_payload t3 a4 t4)
7.0: (sync_actions a4)
8.0: (validate_payload t4 a5 t5)
9.0: (sync_actions a5)
10.0: (validate_payload t5 a12 t6)
11.0: (sync_actions a12)
12.0: (validate_payload t6 a11 t7)
13.0: (sync_actions a11)
14.0: (add_action a6)
15.0: (check_added_variables_model a6)
16.0: (move_in_model_move_automata a6)
17.0: (validate_payload t7 a8 t8)
18.0: (sync_actions a8)
19.0: (add_action a1)
20.0: (move_in_model_parameter a1 sDEC1_2 integer v5)
21.0: (check_added_variables_model a1)
22.0: (move_in_model_move_automata a1)
23.0: (validate_payload t8 a0 t9)
24.0: (sync_actions a0)
25.0: (validate_payload t9 a2 t10)
26.0: (sync_actions a2)
27.0: (validate_payload t10 a9 t11)
28.0: (sync_actions a9)

Plan-Length:29
Metric (Search):5.0
Planning Time (msec): 418
Heuristic Time (msec): 6
Search Time (msec): 412
Expanded Nodes:1443
States Evaluated:2256
Number of Dead-Ends detected:0
Number of Duplicates detected:267
Loading openjdk/17.0.8.1_1
  Loading requirement: glibc/2.35-aocc-3.2.0-wetwhfr
    gcc-runtime/12.1.0-gcc-12.1.0-uotjsm3 glibc/2.35-aocc-3.2.0-dkzxmta
	Command being timed: "timeout 600 java -Xmx64g -jar ./enhsp3.jar -o ./domain_with_failure.pddl -f ./problems/BasePN-3And-del-2-d1/problem1.pddl -h blind -s WAStar -dap"
	User time (seconds): 4.83
	System time (seconds): 0.42
	Percent of CPU this job got: 98%
	Elapsed (wall clock) time (h:mm:ss or m:ss): 0:05.32
	Average shared text size (kbytes): 0
	Average unshared data size (kbytes): 0
	Average stack size (kbytes): 0
	Average total size (kbytes): 0
	Maximum resident set size (kbytes): 935520
	Average resident set size (kbytes): 0
	Major (requiring I/O) page faults: 4
	Minor (reclaiming a frame) page faults: 297947
	Voluntary context switches: 1991
	Involuntary context switches: 2193
	Swaps: 0
	File system inputs: 0
	File system outputs: 64
	Socket messages sent: 0
	Socket messages received: 0
	Signals delivered: 0
	Page size (bytes): 4096
	Exit status: 0
	Command being timed: "timeout 600 java -Xmx64g -jar ./enhsp3.jar -o ./domain_with_failure.pddl -f ./problems/BasePN-3And-del-2-d1/problem2.pddl -h blind -s WAStar -dap"
	User time (seconds): 4.84
	System time (seconds): 0.46
	Percent of CPU this job got: 99%
	Elapsed (wall clock) time (h:mm:ss or m:ss): 0:05.35
	Average shared text size (kbytes): 0
	Average unshared data size (kbytes): 0
	Average stack size (kbytes): 0
	Average total size (kbytes): 0
	Maximum resident set size (kbytes): 935300
	Average resident set size (kbytes): 0
	Major (requiring I/O) page faults: 160
	Minor (reclaiming a frame) page faults: 353823
	Voluntary context switches: 2422
	Involuntary context switches: 2358
	Swaps: 0
	File system inputs: 0
	File system outputs: 112
	Socket messages sent: 0
	Socket messages received: 0
	Signals delivered: 0
	Page size (bytes): 4096
	Exit status: 0
	Command being timed: "timeout 600 java -Xmx64g -jar ./enhsp3.jar -o ./domain_with_failure.pddl -f ./problems/BasePN-3And-del-2-d1/problem3.pddl -h blind -s WAStar -dap"
	User time (seconds): 4.87
	System time (seconds): 0.41
	Percent of CPU this job got: 99%
	Elapsed (wall clock) time (h:mm:ss or m:ss): 0:05.32
	Average shared text size (kbytes): 0
	Average unshared data size (kbytes): 0
	Average stack size (kbytes): 0
	Average total size (kbytes): 0
	Maximum resident set size (kbytes): 933316
	Average resident set size (kbytes): 0
	Major (requiring I/O) page faults: 0
	Minor (reclaiming a frame) page faults: 297566
	Voluntary context switches: 2069
	Involuntary context switches: 2184
	Swaps: 0
	File system inputs: 0
	File system outputs: 96
	Socket messages sent: 0
	Socket messages received: 0
	Signals delivered: 0
	Page size (bytes): 4096
	Exit status: 0
	Command being timed: "timeout 600 java -Xmx64g -jar ./enhsp3.jar -o ./domain_with_failure.pddl -f ./problems/BasePN-3And-del-2-d1/problem4.pddl -h blind -s WAStar -dap"
	User time (seconds): 4.80
	System time (seconds): 0.43
	Percent of CPU this job got: 98%
	Elapsed (wall clock) time (h:mm:ss or m:ss): 0:05.32
	Average shared text size (kbytes): 0
	Average unshared data size (kbytes): 0
	Average stack size (kbytes): 0
	Average total size (kbytes): 0
	Maximum resident set size (kbytes): 936252
	Average resident set size (kbytes): 0
	Major (requiring I/O) page faults: 0
	Minor (reclaiming a frame) page faults: 299976
	Voluntary context switches: 2033
	Involuntary context switches: 2150
	Swaps: 0
	File system inputs: 0
	File system outputs: 88
	Socket messages sent: 0
	Socket messages received: 0
	Signals delivered: 0
	Page size (bytes): 4096
	Exit status: 0
	Command being timed: "timeout 600 java -Xmx64g -jar ./enhsp3.jar -o ./domain_with_failure.pddl -f ./problems/BasePN-3And-del-2-d1/problem5.pddl -h blind -s WAStar -dap"
	User time (seconds): 4.63
	System time (seconds): 0.41
	Percent of CPU this job got: 99%
	Elapsed (wall clock) time (h:mm:ss or m:ss): 0:05.06
	Average shared text size (kbytes): 0
	Average unshared data size (kbytes): 0
	Average stack size (kbytes): 0
	Average total size (kbytes): 0
	Maximum resident set size (kbytes): 936500
	Average resident set size (kbytes): 0
	Major (requiring I/O) page faults: 0
	Minor (reclaiming a frame) page faults: 298002
	Voluntary context switches: 2087
	Involuntary context switches: 2175
	Swaps: 0
	File system inputs: 0
	File system outputs: 96
	Socket messages sent: 0
	Socket messages received: 0
	Signals delivered: 0
	Page size (bytes): 4096
	Exit status: 0
	Command being timed: "timeout 600 java -Xmx64g -jar ./enhsp3.jar -o ./domain_with_failure.pddl -f ./problems/BasePN-3And-del-2-d1/problem6.pddl -h blind -s WAStar -dap"
	User time (seconds): 4.91
	System time (seconds): 0.42
	Percent of CPU this job got: 99%
	Elapsed (wall clock) time (h:mm:ss or m:ss): 0:05.36
	Average shared text size (kbytes): 0
	Average unshared data size (kbytes): 0
	Average stack size (kbytes): 0
	Average total size (kbytes): 0
	Maximum resident set size (kbytes): 937052
	Average resident set size (kbytes): 0
	Major (requiring I/O) page faults: 0
	Minor (reclaiming a frame) page faults: 312622
	Voluntary context switches: 2193
	Involuntary context switches: 2283
	Swaps: 0
	File system inputs: 0
	File system outputs: 88
	Socket messages sent: 0
	Socket messages received: 0
	Signals delivered: 0
	Page size (bytes): 4096
	Exit status: 0
	Command being timed: "timeout 600 java -Xmx64g -jar ./enhsp3.jar -o ./domain_with_failure.pddl -f ./problems/BasePN-3And-del-2-d1/problem7.pddl -h blind -s WAStar -dap"
	User time (seconds): 5.11
	System time (seconds): 0.44
	Percent of CPU this job got: 99%
	Elapsed (wall clock) time (h:mm:ss or m:ss): 0:05.57
	Average shared text size (kbytes): 0
	Average unshared data size (kbytes): 0
	Average stack size (kbytes): 0
	Average total size (kbytes): 0
	Maximum resident set size (kbytes): 934684
	Average resident set size (kbytes): 0
	Major (requiring I/O) page faults: 0
	Minor (reclaiming a frame) page faults: 313637
	Voluntary context switches: 2068
	Involuntary context switches: 2282
	Swaps: 0
	File system inputs: 0
	File system outputs: 96
	Socket messages sent: 0
	Socket messages received: 0
	Signals delivered: 0
	Page size (bytes): 4096
	Exit status: 0
	Command being timed: "timeout 600 java -Xmx64g -jar ./enhsp3.jar -o ./domain_with_failure.pddl -f ./problems/BasePN-3And-del-2-d1/problem8.pddl -h blind -s WAStar -dap"
	User time (seconds): 4.89
	System time (seconds): 0.41
	Percent of CPU this job got: 99%
	Elapsed (wall clock) time (h:mm:ss or m:ss): 0:05.32
	Average shared text size (kbytes): 0
	Average unshared data size (kbytes): 0
	Average stack size (kbytes): 0
	Average total size (kbytes): 0
	Maximum resident set size (kbytes): 936068
	Average resident set size (kbytes): 0
	Major (requiring I/O) page faults: 0
	Minor (reclaiming a frame) page faults: 309093
	Voluntary context switches: 2150
	Involuntary context switches: 2177
	Swaps: 0
	File system inputs: 0
	File system outputs: 96
	Socket messages sent: 0
	Socket messages received: 0
	Signals delivered: 0
	Page size (bytes): 4096
	Exit status: 0
	Command being timed: "timeout 600 java -Xmx64g -jar ./enhsp3.jar -o ./domain_with_failure.pddl -f ./problems/BasePN-3And-del-2-d1/problem9.pddl -h blind -s WAStar -dap"
	User time (seconds): 5.04
	System time (seconds): 0.42
	Percent of CPU this job got: 99%
	Elapsed (wall clock) time (h:mm:ss or m:ss): 0:05.49
	Average shared text size (kbytes): 0
	Average unshared data size (kbytes): 0
	Average stack size (kbytes): 0
	Average total size (kbytes): 0
	Maximum resident set size (kbytes): 934652
	Average resident set size (kbytes): 0
	Major (requiring I/O) page faults: 0
	Minor (reclaiming a frame) page faults: 314192
	Voluntary context switches: 2220
	Involuntary context switches: 2283
	Swaps: 0
	File system inputs: 0
	File system outputs: 88
	Socket messages sent: 0
	Socket messages received: 0
	Signals delivered: 0
	Page size (bytes): 4096
	Exit status: 0
	Command being timed: "timeout 600 java -Xmx64g -jar ./enhsp3.jar -o ./domain_with_failure.pddl -f ./problems/BasePN-3And-del-2-d1/problem10.pddl -h blind -s WAStar -dap"
	User time (seconds): 4.69
	System time (seconds): 0.46
	Percent of CPU this job got: 98%
	Elapsed (wall clock) time (h:mm:ss or m:ss): 0:05.21
	Average shared text size (kbytes): 0
	Average unshared data size (kbytes): 0
	Average stack size (kbytes): 0
	Average total size (kbytes): 0
	Maximum resident set size (kbytes): 934500
	Average resident set size (kbytes): 0
	Major (requiring I/O) page faults: 0
	Minor (reclaiming a frame) page faults: 299238
	Voluntary context switches: 2039
	Involuntary context switches: 2135
	Swaps: 0
	File system inputs: 0
	File system outputs: 96
	Socket messages sent: 0
	Socket messages received: 0
	Signals delivered: 0
	Page size (bytes): 4096
	Exit status: 0
	Command being timed: "timeout 600 java -Xmx64g -jar ./enhsp3.jar -o ./domain_with_failure.pddl -f ./problems/BasePN-3And-del-2-d1/problem11.pddl -h blind -s WAStar -dap"
	User time (seconds): 4.65
	System time (seconds): 0.43
	Percent of CPU this job got: 99%
	Elapsed (wall clock) time (h:mm:ss or m:ss): 0:05.13
	Average shared text size (kbytes): 0
	Average unshared data size (kbytes): 0
	Average stack size (kbytes): 0
	Average total size (kbytes): 0
	Maximum resident set size (kbytes): 935568
	Average resident set size (kbytes): 0
	Major (requiring I/O) page faults: 0
	Minor (reclaiming a frame) page faults: 299377
	Voluntary context switches: 2138
	Involuntary context switches: 2146
	Swaps: 0
	File system inputs: 0
	File system outputs: 88
	Socket messages sent: 0
	Socket messages received: 0
	Signals delivered: 0
	Page size (bytes): 4096
	Exit status: 0
	Command being timed: "timeout 600 java -Xmx64g -jar ./enhsp3.jar -o ./domain_with_failure.pddl -f ./problems/BasePN-3And-del-2-d1/problem12.pddl -h blind -s WAStar -dap"
	User time (seconds): 5.20
	System time (seconds): 0.45
	Percent of CPU this job got: 98%
	Elapsed (wall clock) time (h:mm:ss or m:ss): 0:05.74
	Average shared text size (kbytes): 0
	Average unshared data size (kbytes): 0
	Average stack size (kbytes): 0
	Average total size (kbytes): 0
	Maximum resident set size (kbytes): 935624
	Average resident set size (kbytes): 0
	Major (requiring I/O) page faults: 0
	Minor (reclaiming a frame) page faults: 312536
	Voluntary context switches: 2252
	Involuntary context switches: 2438
	Swaps: 0
	File system inputs: 0
	File system outputs: 88
	Socket messages sent: 0
	Socket messages received: 0
	Signals delivered: 0
	Page size (bytes): 4096
	Exit status: 0
	Command being timed: "timeout 600 java -Xmx64g -jar ./enhsp3.jar -o ./domain_with_failure.pddl -f ./problems/BasePN-3And-del-2-d1/problem13.pddl -h blind -s WAStar -dap"
	User time (seconds): 4.81
	System time (seconds): 0.42
	Percent of CPU this job got: 99%
	Elapsed (wall clock) time (h:mm:ss or m:ss): 0:05.26
	Average shared text size (kbytes): 0
	Average unshared data size (kbytes): 0
	Average stack size (kbytes): 0
	Average total size (kbytes): 0
	Maximum resident set size (kbytes): 935060
	Average resident set size (kbytes): 0
	Major (requiring I/O) page faults: 0
	Minor (reclaiming a frame) page faults: 298341
	Voluntary context switches: 2008
	Involuntary context switches: 2084
	Swaps: 0
	File system inputs: 0
	File system outputs: 104
	Socket messages sent: 0
	Socket messages received: 0
	Signals delivered: 0
	Page size (bytes): 4096
	Exit status: 0
	Command being timed: "timeout 600 java -Xmx64g -jar ./enhsp3.jar -o ./domain_with_failure.pddl -f ./problems/BasePN-3And-del-2-d1/problem14.pddl -h blind -s WAStar -dap"
	User time (seconds): 5.00
	System time (seconds): 0.42
	Percent of CPU this job got: 99%
	Elapsed (wall clock) time (h:mm:ss or m:ss): 0:05.45
	Average shared text size (kbytes): 0
	Average unshared data size (kbytes): 0
	Average stack size (kbytes): 0
	Average total size (kbytes): 0
	Maximum resident set size (kbytes): 936696
	Average resident set size (kbytes): 0
	Major (requiring I/O) page faults: 0
	Minor (reclaiming a frame) page faults: 314534
	Voluntary context switches: 2081
	Involuntary context switches: 2262
	Swaps: 0
	File system inputs: 0
	File system outputs: 88
	Socket messages sent: 0
	Socket messages received: 0
	Signals delivered: 0
	Page size (bytes): 4096
	Exit status: 0
	Command being timed: "timeout 600 java -Xmx64g -jar ./enhsp3.jar -o ./domain_with_failure.pddl -f ./problems/BasePN-3And-del-2-d1/problem15.pddl -h blind -s WAStar -dap"
	User time (seconds): 5.11
	System time (seconds): 0.46
	Percent of CPU this job got: 99%
	Elapsed (wall clock) time (h:mm:ss or m:ss): 0:05.60
	Average shared text size (kbytes): 0
	Average unshared data size (kbytes): 0
	Average stack size (kbytes): 0
	Average total size (kbytes): 0
	Maximum resident set size (kbytes): 935220
	Average resident set size (kbytes): 0
	Major (requiring I/O) page faults: 0
	Minor (reclaiming a frame) page faults: 315793
	Voluntary context switches: 2086
	Involuntary context switches: 2277
	Swaps: 0
	File system inputs: 0
	File system outputs: 96
	Socket messages sent: 0
	Socket messages received: 0
	Signals delivered: 0
	Page size (bytes): 4096
	Exit status: 0
	Command being timed: "timeout 600 java -Xmx64g -jar ./enhsp3.jar -o ./domain_with_failure.pddl -f ./problems/BasePN-3And-del-2-d1/problem16.pddl -h blind -s WAStar -dap"
	User time (seconds): 4.74
	System time (seconds): 0.43
	Percent of CPU this job got: 99%
	Elapsed (wall clock) time (h:mm:ss or m:ss): 0:05.19
	Average shared text size (kbytes): 0
	Average unshared data size (kbytes): 0
	Average stack size (kbytes): 0
	Average total size (kbytes): 0
	Maximum resident set size (kbytes): 933688
	Average resident set size (kbytes): 0
	Major (requiring I/O) page faults: 0
	Minor (reclaiming a frame) page faults: 297039
	Voluntary context switches: 2022
	Involuntary context switches: 2098
	Swaps: 0
	File system inputs: 0
	File system outputs: 88
	Socket messages sent: 0
	Socket messages received: 0
	Signals delivered: 0
	Page size (bytes): 4096
	Exit status: 0
	Command being timed: "timeout 600 java -Xmx64g -jar ./enhsp3.jar -o ./domain_with_failure.pddl -f ./problems/BasePN-3And-del-2-d1/problem17.pddl -h blind -s WAStar -dap"
	User time (seconds): 5.05
	System time (seconds): 0.46
	Percent of CPU this job got: 99%
	Elapsed (wall clock) time (h:mm:ss or m:ss): 0:05.53
	Average shared text size (kbytes): 0
	Average unshared data size (kbytes): 0
	Average stack size (kbytes): 0
	Average total size (kbytes): 0
	Maximum resident set size (kbytes): 934476
	Average resident set size (kbytes): 0
	Major (requiring I/O) page faults: 0
	Minor (reclaiming a frame) page faults: 315047
	Voluntary context switches: 2236
	Involuntary context switches: 2373
	Swaps: 0
	File system inputs: 0
	File system outputs: 88
	Socket messages sent: 0
	Socket messages received: 0
	Signals delivered: 0
	Page size (bytes): 4096
	Exit status: 0
	Command being timed: "timeout 600 java -Xmx64g -jar ./enhsp3.jar -o ./domain_with_failure.pddl -f ./problems/BasePN-3And-del-2-d1/problem18.pddl -h blind -s WAStar -dap"
	User time (seconds): 4.99
	System time (seconds): 0.45
	Percent of CPU this job got: 99%
	Elapsed (wall clock) time (h:mm:ss or m:ss): 0:05.45
	Average shared text size (kbytes): 0
	Average unshared data size (kbytes): 0
	Average stack size (kbytes): 0
	Average total size (kbytes): 0
	Maximum resident set size (kbytes): 935436
	Average resident set size (kbytes): 0
	Major (requiring I/O) page faults: 0
	Minor (reclaiming a frame) page faults: 313737
	Voluntary context switches: 2319
	Involuntary context switches: 2410
	Swaps: 0
	File system inputs: 0
	File system outputs: 96
	Socket messages sent: 0
	Socket messages received: 0
	Signals delivered: 0
	Page size (bytes): 4096
	Exit status: 0
	Command being timed: "timeout 600 java -Xmx64g -jar ./enhsp3.jar -o ./domain_with_failure.pddl -f ./problems/BasePN-3And-del-2-d1/problem19.pddl -h blind -s WAStar -dap"
	User time (seconds): 5.18
	System time (seconds): 0.46
	Percent of CPU this job got: 99%
	Elapsed (wall clock) time (h:mm:ss or m:ss): 0:05.70
	Average shared text size (kbytes): 0
	Average unshared data size (kbytes): 0
	Average stack size (kbytes): 0
	Average total size (kbytes): 0
	Maximum resident set size (kbytes): 936084
	Average resident set size (kbytes): 0
	Major (requiring I/O) page faults: 0
	Minor (reclaiming a frame) page faults: 358950
	Voluntary context switches: 2256
	Involuntary context switches: 2477
	Swaps: 0
	File system inputs: 0
	File system outputs: 96
	Socket messages sent: 0
	Socket messages received: 0
	Signals delivered: 0
	Page size (bytes): 4096
	Exit status: 0
	Command being timed: "timeout 600 java -Xmx64g -jar ./enhsp3.jar -o ./domain_with_failure.pddl -f ./problems/BasePN-3And-del-2-d1/problem20.pddl -h blind -s WAStar -dap"
	User time (seconds): 5.07
	System time (seconds): 0.46
	Percent of CPU this job got: 99%
	Elapsed (wall clock) time (h:mm:ss or m:ss): 0:05.58
	Average shared text size (kbytes): 0
	Average unshared data size (kbytes): 0
	Average stack size (kbytes): 0
	Average total size (kbytes): 0
	Maximum resident set size (kbytes): 936168
	Average resident set size (kbytes): 0
	Major (requiring I/O) page faults: 0
	Minor (reclaiming a frame) page faults: 316193
	Voluntary context switches: 2081
	Involuntary context switches: 2279
	Swaps: 0
	File system inputs: 0
	File system outputs: 120
	Socket messages sent: 0
	Socket messages received: 0
	Signals delivered: 0
	Page size (bytes): 4096
	Exit status: 0
	Command being timed: "timeout 600 java -Xmx64g -jar ./enhsp3.jar -o ./domain_with_failure.pddl -f ./problems/BasePN-3And-del-2-d1/problem21.pddl -h blind -s WAStar -dap"
	User time (seconds): 4.93
	System time (seconds): 0.43
	Percent of CPU this job got: 99%
	Elapsed (wall clock) time (h:mm:ss or m:ss): 0:05.38
	Average shared text size (kbytes): 0
	Average unshared data size (kbytes): 0
	Average stack size (kbytes): 0
	Average total size (kbytes): 0
	Maximum resident set size (kbytes): 936020
	Average resident set size (kbytes): 0
	Major (requiring I/O) page faults: 0
	Minor (reclaiming a frame) page faults: 311081
	Voluntary context switches: 2275
	Involuntary context switches: 2318
	Swaps: 0
	File system inputs: 0
	File system outputs: 88
	Socket messages sent: 0
	Socket messages received: 0
	Signals delivered: 0
	Page size (bytes): 4096
	Exit status: 0
	Command being timed: "timeout 600 java -Xmx64g -jar ./enhsp3.jar -o ./domain_with_failure.pddl -f ./problems/BasePN-3And-del-2-d1/problem22.pddl -h blind -s WAStar -dap"
	User time (seconds): 4.66
	System time (seconds): 0.43
	Percent of CPU this job got: 99%
	Elapsed (wall clock) time (h:mm:ss or m:ss): 0:05.12
	Average shared text size (kbytes): 0
	Average unshared data size (kbytes): 0
	Average stack size (kbytes): 0
	Average total size (kbytes): 0
	Maximum resident set size (kbytes): 936592
	Average resident set size (kbytes): 0
	Major (requiring I/O) page faults: 0
	Minor (reclaiming a frame) page faults: 308450
	Voluntary context switches: 2329
	Involuntary context switches: 2277
	Swaps: 0
	File system inputs: 0
	File system outputs: 88
	Socket messages sent: 0
	Socket messages received: 0
	Signals delivered: 0
	Page size (bytes): 4096
	Exit status: 0
	Command being timed: "timeout 600 java -Xmx64g -jar ./enhsp3.jar -o ./domain_with_failure.pddl -f ./problems/BasePN-3And-del-2-d1/problem23.pddl -h blind -s WAStar -dap"
	User time (seconds): 4.95
	System time (seconds): 0.43
	Percent of CPU this job got: 99%
	Elapsed (wall clock) time (h:mm:ss or m:ss): 0:05.44
	Average shared text size (kbytes): 0
	Average unshared data size (kbytes): 0
	Average stack size (kbytes): 0
	Average total size (kbytes): 0
	Maximum resident set size (kbytes): 934488
	Average resident set size (kbytes): 0
	Major (requiring I/O) page faults: 0
	Minor (reclaiming a frame) page faults: 294828
	Voluntary context switches: 2445
	Involuntary context switches: 2417
	Swaps: 0
	File system inputs: 0
	File system outputs: 96
	Socket messages sent: 0
	Socket messages received: 0
	Signals delivered: 0
	Page size (bytes): 4096
	Exit status: 0
	Command being timed: "timeout 600 java -Xmx64g -jar ./enhsp3.jar -o ./domain_with_failure.pddl -f ./problems/BasePN-3And-del-2-d1/problem24.pddl -h blind -s WAStar -dap"
	User time (seconds): 4.83
	System time (seconds): 0.44
	Percent of CPU this job got: 99%
	Elapsed (wall clock) time (h:mm:ss or m:ss): 0:05.30
	Average shared text size (kbytes): 0
	Average unshared data size (kbytes): 0
	Average stack size (kbytes): 0
	Average total size (kbytes): 0
	Maximum resident set size (kbytes): 936372
	Average resident set size (kbytes): 0
	Major (requiring I/O) page faults: 0
	Minor (reclaiming a frame) page faults: 297116
	Voluntary context switches: 2049
	Involuntary context switches: 2161
	Swaps: 0
	File system inputs: 0
	File system outputs: 88
	Socket messages sent: 0
	Socket messages received: 0
	Signals delivered: 0
	Page size (bytes): 4096
	Exit status: 0
	Command being timed: "timeout 600 java -Xmx64g -jar ./enhsp3.jar -o ./domain_with_failure.pddl -f ./problems/BasePN-3And-del-2-d1/problem25.pddl -h blind -s WAStar -dap"
	User time (seconds): 4.96
	System time (seconds): 0.47
	Percent of CPU this job got: 99%
	Elapsed (wall clock) time (h:mm:ss or m:ss): 0:05.48
	Average shared text size (kbytes): 0
	Average unshared data size (kbytes): 0
	Average stack size (kbytes): 0
	Average total size (kbytes): 0
	Maximum resident set size (kbytes): 934128
	Average resident set size (kbytes): 0
	Major (requiring I/O) page faults: 0
	Minor (reclaiming a frame) page faults: 313520
	Voluntary context switches: 2153
	Involuntary context switches: 2257
	Swaps: 0
	File system inputs: 0
	File system outputs: 96
	Socket messages sent: 0
	Socket messages received: 0
	Signals delivered: 0
	Page size (bytes): 4096
	Exit status: 0
	Command being timed: "timeout 600 java -Xmx64g -jar ./enhsp3.jar -o ./domain_with_failure.pddl -f ./problems/BasePN-3And-del-2-d1/problem26.pddl -h blind -s WAStar -dap"
	User time (seconds): 5.11
	System time (seconds): 0.51
	Percent of CPU this job got: 98%
	Elapsed (wall clock) time (h:mm:ss or m:ss): 0:05.69
	Average shared text size (kbytes): 0
	Average unshared data size (kbytes): 0
	Average stack size (kbytes): 0
	Average total size (kbytes): 0
	Maximum resident set size (kbytes): 938188
	Average resident set size (kbytes): 0
	Major (requiring I/O) page faults: 0
	Minor (reclaiming a frame) page faults: 354610
	Voluntary context switches: 2416
	Involuntary context switches: 2437
	Swaps: 0
	File system inputs: 0
	File system outputs: 96
	Socket messages sent: 0
	Socket messages received: 0
	Signals delivered: 0
	Page size (bytes): 4096
	Exit status: 0
	Command being timed: "timeout 600 java -Xmx64g -jar ./enhsp3.jar -o ./domain_with_failure.pddl -f ./problems/BasePN-3And-del-2-d1/problem27.pddl -h blind -s WAStar -dap"
	User time (seconds): 4.97
	System time (seconds): 0.47
	Percent of CPU this job got: 98%
	Elapsed (wall clock) time (h:mm:ss or m:ss): 0:05.50
	Average shared text size (kbytes): 0
	Average unshared data size (kbytes): 0
	Average stack size (kbytes): 0
	Average total size (kbytes): 0
	Maximum resident set size (kbytes): 935244
	Average resident set size (kbytes): 0
	Major (requiring I/O) page faults: 0
	Minor (reclaiming a frame) page faults: 352259
	Voluntary context switches: 2353
	Involuntary context switches: 2409
	Swaps: 0
	File system inputs: 0
	File system outputs: 88
	Socket messages sent: 0
	Socket messages received: 0
	Signals delivered: 0
	Page size (bytes): 4096
	Exit status: 0
	Command being timed: "timeout 600 java -Xmx64g -jar ./enhsp3.jar -o ./domain_with_failure.pddl -f ./problems/BasePN-3And-del-2-d1/problem28.pddl -h blind -s WAStar -dap"
	User time (seconds): 4.86
	System time (seconds): 0.46
	Percent of CPU this job got: 99%
	Elapsed (wall clock) time (h:mm:ss or m:ss): 0:05.36
	Average shared text size (kbytes): 0
	Average unshared data size (kbytes): 0
	Average stack size (kbytes): 0
	Average total size (kbytes): 0
	Maximum resident set size (kbytes): 936232
	Average resident set size (kbytes): 0
	Major (requiring I/O) page faults: 0
	Minor (reclaiming a frame) page faults: 297573
	Voluntary context switches: 2062
	Involuntary context switches: 2220
	Swaps: 0
	File system inputs: 0
	File system outputs: 96
	Socket messages sent: 0
	Socket messages received: 0
	Signals delivered: 0
	Page size (bytes): 4096
	Exit status: 0
	Command being timed: "timeout 600 java -Xmx64g -jar ./enhsp3.jar -o ./domain_with_failure.pddl -f ./problems/BasePN-3And-del-2-d1/problem29.pddl -h blind -s WAStar -dap"
	User time (seconds): 4.83
	System time (seconds): 0.44
	Percent of CPU this job got: 99%
	Elapsed (wall clock) time (h:mm:ss or m:ss): 0:05.29
	Average shared text size (kbytes): 0
	Average unshared data size (kbytes): 0
	Average stack size (kbytes): 0
	Average total size (kbytes): 0
	Maximum resident set size (kbytes): 934208
	Average resident set size (kbytes): 0
	Major (requiring I/O) page faults: 0
	Minor (reclaiming a frame) page faults: 296351
	Voluntary context switches: 2242
	Involuntary context switches: 2220
	Swaps: 0
	File system inputs: 0
	File system outputs: 88
	Socket messages sent: 0
	Socket messages received: 0
	Signals delivered: 0
	Page size (bytes): 4096
	Exit status: 0
	Command being timed: "timeout 600 java -Xmx64g -jar ./enhsp3.jar -o ./domain_with_failure.pddl -f ./problems/BasePN-3And-del-2-d1/problem30.pddl -h blind -s WAStar -dap"
	User time (seconds): 5.22
	System time (seconds): 0.46
	Percent of CPU this job got: 99%
	Elapsed (wall clock) time (h:mm:ss or m:ss): 0:05.71
	Average shared text size (kbytes): 0
	Average unshared data size (kbytes): 0
	Average stack size (kbytes): 0
	Average total size (kbytes): 0
	Maximum resident set size (kbytes): 935660
	Average resident set size (kbytes): 0
	Major (requiring I/O) page faults: 0
	Minor (reclaiming a frame) page faults: 357482
	Voluntary context switches: 2328
	Involuntary context switches: 2430
	Swaps: 0
	File system inputs: 0
	File system outputs: 96
	Socket messages sent: 0
	Socket messages received: 0
	Signals delivered: 0
	Page size (bytes): 4096
	Exit status: 0
	Command being timed: "timeout 600 java -Xmx64g -jar ./enhsp3.jar -o ./domain_with_failure.pddl -f ./problems/BasePN-3And-del-2-d1/problem31.pddl -h blind -s WAStar -dap"
	User time (seconds): 4.92
	System time (seconds): 0.44
	Percent of CPU this job got: 98%
	Elapsed (wall clock) time (h:mm:ss or m:ss): 0:05.43
	Average shared text size (kbytes): 0
	Average unshared data size (kbytes): 0
	Average stack size (kbytes): 0
	Average total size (kbytes): 0
	Maximum resident set size (kbytes): 934460
	Average resident set size (kbytes): 0
	Major (requiring I/O) page faults: 0
	Minor (reclaiming a frame) page faults: 299634
	Voluntary context switches: 2171
	Involuntary context switches: 2267
	Swaps: 0
	File system inputs: 0
	File system outputs: 88
	Socket messages sent: 0
	Socket messages received: 0
	Signals delivered: 0
	Page size (bytes): 4096
	Exit status: 0
	Command being timed: "timeout 600 java -Xmx64g -jar ./enhsp3.jar -o ./domain_with_failure.pddl -f ./problems/BasePN-3And-del-2-d1/problem32.pddl -h blind -s WAStar -dap"
	User time (seconds): 5.06
	System time (seconds): 0.45
	Percent of CPU this job got: 99%
	Elapsed (wall clock) time (h:mm:ss or m:ss): 0:05.55
	Average shared text size (kbytes): 0
	Average unshared data size (kbytes): 0
	Average stack size (kbytes): 0
	Average total size (kbytes): 0
	Maximum resident set size (kbytes): 935612
	Average resident set size (kbytes): 0
	Major (requiring I/O) page faults: 0
	Minor (reclaiming a frame) page faults: 311510
	Voluntary context switches: 2254
	Involuntary context switches: 2270
	Swaps: 0
	File system inputs: 0
	File system outputs: 96
	Socket messages sent: 0
	Socket messages received: 0
	Signals delivered: 0
	Page size (bytes): 4096
	Exit status: 0
	Command being timed: "timeout 600 java -Xmx64g -jar ./enhsp3.jar -o ./domain_with_failure.pddl -f ./problems/BasePN-3And-del-2-d1/problem33.pddl -h blind -s WAStar -dap"
	User time (seconds): 5.19
	System time (seconds): 0.45
	Percent of CPU this job got: 98%
	Elapsed (wall clock) time (h:mm:ss or m:ss): 0:05.71
	Average shared text size (kbytes): 0
	Average unshared data size (kbytes): 0
	Average stack size (kbytes): 0
	Average total size (kbytes): 0
	Maximum resident set size (kbytes): 936064
	Average resident set size (kbytes): 0
	Major (requiring I/O) page faults: 0
	Minor (reclaiming a frame) page faults: 314757
	Voluntary context switches: 2328
	Involuntary context switches: 2409
	Swaps: 0
	File system inputs: 0
	File system outputs: 104
	Socket messages sent: 0
	Socket messages received: 0
	Signals delivered: 0
	Page size (bytes): 4096
	Exit status: 0
	Command being timed: "timeout 600 java -Xmx64g -jar ./enhsp3.jar -o ./domain_with_failure.pddl -f ./problems/BasePN-3And-del-2-d1/problem34.pddl -h blind -s WAStar -dap"
	User time (seconds): 5.09
	System time (seconds): 0.42
	Percent of CPU this job got: 99%
	Elapsed (wall clock) time (h:mm:ss or m:ss): 0:05.55
	Average shared text size (kbytes): 0
	Average unshared data size (kbytes): 0
	Average stack size (kbytes): 0
	Average total size (kbytes): 0
	Maximum resident set size (kbytes): 934464
	Average resident set size (kbytes): 0
	Major (requiring I/O) page faults: 0
	Minor (reclaiming a frame) page faults: 316171
	Voluntary context switches: 2097
	Involuntary context switches: 2295
	Swaps: 0
	File system inputs: 0
	File system outputs: 96
	Socket messages sent: 0
	Socket messages received: 0
	Signals delivered: 0
	Page size (bytes): 4096
	Exit status: 0
	Command being timed: "timeout 600 java -Xmx64g -jar ./enhsp3.jar -o ./domain_with_failure.pddl -f ./problems/BasePN-3And-del-2-d1/problem35.pddl -h blind -s WAStar -dap"
	User time (seconds): 5.15
	System time (seconds): 0.48
	Percent of CPU this job got: 99%
	Elapsed (wall clock) time (h:mm:ss or m:ss): 0:05.67
	Average shared text size (kbytes): 0
	Average unshared data size (kbytes): 0
	Average stack size (kbytes): 0
	Average total size (kbytes): 0
	Maximum resident set size (kbytes): 935612
	Average resident set size (kbytes): 0
	Major (requiring I/O) page faults: 0
	Minor (reclaiming a frame) page faults: 355621
	Voluntary context switches: 2208
	Involuntary context switches: 2366
	Swaps: 0
	File system inputs: 0
	File system outputs: 104
	Socket messages sent: 0
	Socket messages received: 0
	Signals delivered: 0
	Page size (bytes): 4096
	Exit status: 0
	Command being timed: "timeout 600 java -Xmx64g -jar ./enhsp3.jar -o ./domain_with_failure.pddl -f ./problems/BasePN-3And-del-2-d1/problem36.pddl -h blind -s WAStar -dap"
	User time (seconds): 4.83
	System time (seconds): 0.42
	Percent of CPU this job got: 99%
	Elapsed (wall clock) time (h:mm:ss or m:ss): 0:05.29
	Average shared text size (kbytes): 0
	Average unshared data size (kbytes): 0
	Average stack size (kbytes): 0
	Average total size (kbytes): 0
	Maximum resident set size (kbytes): 932148
	Average resident set size (kbytes): 0
	Major (requiring I/O) page faults: 3
	Minor (reclaiming a frame) page faults: 293956
	Voluntary context switches: 2332
	Involuntary context switches: 2347
	Swaps: 0
	File system inputs: 0
	File system outputs: 96
	Socket messages sent: 0
	Socket messages received: 0
	Signals delivered: 0
	Page size (bytes): 4096
	Exit status: 0
	Command being timed: "timeout 600 java -Xmx64g -jar ./enhsp3.jar -o ./domain_with_failure.pddl -f ./problems/BasePN-3And-del-2-d1/problem37.pddl -h blind -s WAStar -dap"
	User time (seconds): 5.08
	System time (seconds): 0.44
	Percent of CPU this job got: 99%
	Elapsed (wall clock) time (h:mm:ss or m:ss): 0:05.55
	Average shared text size (kbytes): 0
	Average unshared data size (kbytes): 0
	Average stack size (kbytes): 0
	Average total size (kbytes): 0
	Maximum resident set size (kbytes): 934980
	Average resident set size (kbytes): 0
	Major (requiring I/O) page faults: 0
	Minor (reclaiming a frame) page faults: 314503
	Voluntary context switches: 2180
	Involuntary context switches: 2307
	Swaps: 0
	File system inputs: 0
	File system outputs: 96
	Socket messages sent: 0
	Socket messages received: 0
	Signals delivered: 0
	Page size (bytes): 4096
	Exit status: 0
	Command being timed: "timeout 600 java -Xmx64g -jar ./enhsp3.jar -o ./domain_with_failure.pddl -f ./problems/BasePN-3And-del-2-d1/problem38.pddl -h blind -s WAStar -dap"
	User time (seconds): 4.82
	System time (seconds): 0.44
	Percent of CPU this job got: 99%
	Elapsed (wall clock) time (h:mm:ss or m:ss): 0:05.28
	Average shared text size (kbytes): 0
	Average unshared data size (kbytes): 0
	Average stack size (kbytes): 0
	Average total size (kbytes): 0
	Maximum resident set size (kbytes): 930292
	Average resident set size (kbytes): 0
	Major (requiring I/O) page faults: 0
	Minor (reclaiming a frame) page faults: 300246
	Voluntary context switches: 2289
	Involuntary context switches: 2251
	Swaps: 0
	File system inputs: 0
	File system outputs: 104
	Socket messages sent: 0
	Socket messages received: 0
	Signals delivered: 0
	Page size (bytes): 4096
	Exit status: 0
	Command being timed: "timeout 600 java -Xmx64g -jar ./enhsp3.jar -o ./domain_with_failure.pddl -f ./problems/BasePN-3And-del-2-d1/problem39.pddl -h blind -s WAStar -dap"
	User time (seconds): 4.84
	System time (seconds): 0.42
	Percent of CPU this job got: 99%
	Elapsed (wall clock) time (h:mm:ss or m:ss): 0:05.29
	Average shared text size (kbytes): 0
	Average unshared data size (kbytes): 0
	Average stack size (kbytes): 0
	Average total size (kbytes): 0
	Maximum resident set size (kbytes): 933036
	Average resident set size (kbytes): 0
	Major (requiring I/O) page faults: 0
	Minor (reclaiming a frame) page faults: 312655
	Voluntary context switches: 2272
	Involuntary context switches: 2243
	Swaps: 0
	File system inputs: 0
	File system outputs: 96
	Socket messages sent: 0
	Socket messages received: 0
	Signals delivered: 0
	Page size (bytes): 4096
	Exit status: 0
	Command being timed: "timeout 600 java -Xmx64g -jar ./enhsp3.jar -o ./domain_with_failure.pddl -f ./problems/BasePN-3And-del-2-d1/problem40.pddl -h blind -s WAStar -dap"
	User time (seconds): 5.21
	System time (seconds): 0.43
	Percent of CPU this job got: 99%
	Elapsed (wall clock) time (h:mm:ss or m:ss): 0:05.67
	Average shared text size (kbytes): 0
	Average unshared data size (kbytes): 0
	Average stack size (kbytes): 0
	Average total size (kbytes): 0
	Maximum resident set size (kbytes): 934056
	Average resident set size (kbytes): 0
	Major (requiring I/O) page faults: 0
	Minor (reclaiming a frame) page faults: 315275
	Voluntary context switches: 2157
	Involuntary context switches: 2401
	Swaps: 0
	File system inputs: 0
	File system outputs: 104
	Socket messages sent: 0
	Socket messages received: 0
	Signals delivered: 0
	Page size (bytes): 4096
	Exit status: 0
	Command being timed: "timeout 600 java -Xmx64g -jar ./enhsp3.jar -o ./domain_with_failure.pddl -f ./problems/BasePN-3And-del-2-d1/problem41.pddl -h blind -s WAStar -dap"
	User time (seconds): 4.69
	System time (seconds): 0.40
	Percent of CPU this job got: 99%
	Elapsed (wall clock) time (h:mm:ss or m:ss): 0:05.14
	Average shared text size (kbytes): 0
	Average unshared data size (kbytes): 0
	Average stack size (kbytes): 0
	Average total size (kbytes): 0
	Maximum resident set size (kbytes): 933896
	Average resident set size (kbytes): 0
	Major (requiring I/O) page faults: 0
	Minor (reclaiming a frame) page faults: 308936
	Voluntary context switches: 1979
	Involuntary context switches: 2113
	Swaps: 0
	File system inputs: 0
	File system outputs: 96
	Socket messages sent: 0
	Socket messages received: 0
	Signals delivered: 0
	Page size (bytes): 4096
	Exit status: 0
	Command being timed: "timeout 600 java -Xmx64g -jar ./enhsp3.jar -o ./domain_with_failure.pddl -f ./problems/BasePN-3And-del-2-d1/problem42.pddl -h blind -s WAStar -dap"
	User time (seconds): 4.80
	System time (seconds): 0.44
	Percent of CPU this job got: 99%
	Elapsed (wall clock) time (h:mm:ss or m:ss): 0:05.26
	Average shared text size (kbytes): 0
	Average unshared data size (kbytes): 0
	Average stack size (kbytes): 0
	Average total size (kbytes): 0
	Maximum resident set size (kbytes): 934212
	Average resident set size (kbytes): 0
	Major (requiring I/O) page faults: 0
	Minor (reclaiming a frame) page faults: 294515
	Voluntary context switches: 2391
	Involuntary context switches: 2328
	Swaps: 0
	File system inputs: 0
	File system outputs: 96
	Socket messages sent: 0
	Socket messages received: 0
	Signals delivered: 0
	Page size (bytes): 4096
	Exit status: 0
	Command being timed: "timeout 600 java -Xmx64g -jar ./enhsp3.jar -o ./domain_with_failure.pddl -f ./problems/BasePN-3And-del-2-d1/problem43.pddl -h blind -s WAStar -dap"
	User time (seconds): 4.69
	System time (seconds): 0.42
	Percent of CPU this job got: 99%
	Elapsed (wall clock) time (h:mm:ss or m:ss): 0:05.15
	Average shared text size (kbytes): 0
	Average unshared data size (kbytes): 0
	Average stack size (kbytes): 0
	Average total size (kbytes): 0
	Maximum resident set size (kbytes): 934236
	Average resident set size (kbytes): 0
	Major (requiring I/O) page faults: 0
	Minor (reclaiming a frame) page faults: 291066
	Voluntary context switches: 2381
	Involuntary context switches: 2231
	Swaps: 0
	File system inputs: 0
	File system outputs: 96
	Socket messages sent: 0
	Socket messages received: 0
	Signals delivered: 0
	Page size (bytes): 4096
	Exit status: 0
	Command being timed: "timeout 600 java -Xmx64g -jar ./enhsp3.jar -o ./domain_with_failure.pddl -f ./problems/BasePN-3And-del-2-d1/problem44.pddl -h blind -s WAStar -dap"
	User time (seconds): 4.83
	System time (seconds): 0.47
	Percent of CPU this job got: 99%
	Elapsed (wall clock) time (h:mm:ss or m:ss): 0:05.33
	Average shared text size (kbytes): 0
	Average unshared data size (kbytes): 0
	Average stack size (kbytes): 0
	Average total size (kbytes): 0
	Maximum resident set size (kbytes): 935664
	Average resident set size (kbytes): 0
	Major (requiring I/O) page faults: 0
	Minor (reclaiming a frame) page faults: 352531
	Voluntary context switches: 2220
	Involuntary context switches: 2302
	Swaps: 0
	File system inputs: 0
	File system outputs: 88
	Socket messages sent: 0
	Socket messages received: 0
	Signals delivered: 0
	Page size (bytes): 4096
	Exit status: 0
	Command being timed: "timeout 600 java -Xmx64g -jar ./enhsp3.jar -o ./domain_with_failure.pddl -f ./problems/BasePN-3And-del-2-d1/problem45.pddl -h blind -s WAStar -dap"
	User time (seconds): 4.98
	System time (seconds): 0.43
	Percent of CPU this job got: 99%
	Elapsed (wall clock) time (h:mm:ss or m:ss): 0:05.46
	Average shared text size (kbytes): 0
	Average unshared data size (kbytes): 0
	Average stack size (kbytes): 0
	Average total size (kbytes): 0
	Maximum resident set size (kbytes): 934268
	Average resident set size (kbytes): 0
	Major (requiring I/O) page faults: 0
	Minor (reclaiming a frame) page faults: 297031
	Voluntary context switches: 1990
	Involuntary context switches: 2219
	Swaps: 0
	File system inputs: 0
	File system outputs: 96
	Socket messages sent: 0
	Socket messages received: 0
	Signals delivered: 0
	Page size (bytes): 4096
	Exit status: 0
	Command being timed: "timeout 600 java -Xmx64g -jar ./enhsp3.jar -o ./domain_with_failure.pddl -f ./problems/BasePN-3And-del-2-d1/problem46.pddl -h blind -s WAStar -dap"
	User time (seconds): 4.80
	System time (seconds): 0.45
	Percent of CPU this job got: 99%
	Elapsed (wall clock) time (h:mm:ss or m:ss): 0:05.27
	Average shared text size (kbytes): 0
	Average unshared data size (kbytes): 0
	Average stack size (kbytes): 0
	Average total size (kbytes): 0
	Maximum resident set size (kbytes): 936368
	Average resident set size (kbytes): 0
	Major (requiring I/O) page faults: 0
	Minor (reclaiming a frame) page faults: 294488
	Voluntary context switches: 2290
	Involuntary context switches: 2293
	Swaps: 0
	File system inputs: 0
	File system outputs: 88
	Socket messages sent: 0
	Socket messages received: 0
	Signals delivered: 0
	Page size (bytes): 4096
	Exit status: 0
	Command being timed: "timeout 600 java -Xmx64g -jar ./enhsp3.jar -o ./domain_with_failure.pddl -f ./problems/BasePN-3And-del-2-d1/problem47.pddl -h blind -s WAStar -dap"
	User time (seconds): 4.94
	System time (seconds): 0.47
	Percent of CPU this job got: 97%
	Elapsed (wall clock) time (h:mm:ss or m:ss): 0:05.55
	Average shared text size (kbytes): 0
	Average unshared data size (kbytes): 0
	Average stack size (kbytes): 0
	Average total size (kbytes): 0
	Maximum resident set size (kbytes): 932704
	Average resident set size (kbytes): 0
	Major (requiring I/O) page faults: 0
	Minor (reclaiming a frame) page faults: 352715
	Voluntary context switches: 2237
	Involuntary context switches: 2271
	Swaps: 0
	File system inputs: 0
	File system outputs: 88
	Socket messages sent: 0
	Socket messages received: 0
	Signals delivered: 0
	Page size (bytes): 4096
	Exit status: 0
	Command being timed: "timeout 600 java -Xmx64g -jar ./enhsp3.jar -o ./domain_with_failure.pddl -f ./problems/BasePN-3And-del-2-d1/problem48.pddl -h blind -s WAStar -dap"
	User time (seconds): 5.12
	System time (seconds): 0.45
	Percent of CPU this job got: 99%
	Elapsed (wall clock) time (h:mm:ss or m:ss): 0:05.62
	Average shared text size (kbytes): 0
	Average unshared data size (kbytes): 0
	Average stack size (kbytes): 0
	Average total size (kbytes): 0
	Maximum resident set size (kbytes): 934808
	Average resident set size (kbytes): 0
	Major (requiring I/O) page faults: 0
	Minor (reclaiming a frame) page faults: 297750
	Voluntary context switches: 2132
	Involuntary context switches: 2305
	Swaps: 0
	File system inputs: 0
	File system outputs: 104
	Socket messages sent: 0
	Socket messages received: 0
	Signals delivered: 0
	Page size (bytes): 4096
	Exit status: 0
	Command being timed: "timeout 600 java -Xmx64g -jar ./enhsp3.jar -o ./domain_with_failure.pddl -f ./problems/BasePN-3And-del-2-d1/problem49.pddl -h blind -s WAStar -dap"
	User time (seconds): 5.18
	System time (seconds): 0.45
	Percent of CPU this job got: 99%
	Elapsed (wall clock) time (h:mm:ss or m:ss): 0:05.69
	Average shared text size (kbytes): 0
	Average unshared data size (kbytes): 0
	Average stack size (kbytes): 0
	Average total size (kbytes): 0
	Maximum resident set size (kbytes): 935520
	Average resident set size (kbytes): 0
	Major (requiring I/O) page faults: 0
	Minor (reclaiming a frame) page faults: 295700
	Voluntary context switches: 2196
	Involuntary context switches: 2346
	Swaps: 0
	File system inputs: 0
	File system outputs: 88
	Socket messages sent: 0
	Socket messages received: 0
	Signals delivered: 0
	Page size (bytes): 4096
	Exit status: 0
	Command being timed: "timeout 600 java -Xmx64g -jar ./enhsp3.jar -o ./domain_with_failure.pddl -f ./problems/BasePN-3And-del-2-d1/problem50.pddl -h blind -s WAStar -dap"
	User time (seconds): 5.14
	System time (seconds): 0.47
	Percent of CPU this job got: 99%
	Elapsed (wall clock) time (h:mm:ss or m:ss): 0:05.64
	Average shared text size (kbytes): 0
	Average unshared data size (kbytes): 0
	Average stack size (kbytes): 0
	Average total size (kbytes): 0
	Maximum resident set size (kbytes): 934320
	Average resident set size (kbytes): 0
	Major (requiring I/O) page faults: 0
	Minor (reclaiming a frame) page faults: 353577
	Voluntary context switches: 2161
	Involuntary context switches: 2339
	Swaps: 0
	File system inputs: 0
	File system outputs: 88
	Socket messages sent: 0
	Socket messages received: 0
	Signals delivered: 0
	Page size (bytes): 4096
	Exit status: 0
	Command being timed: "timeout 600 java -Xmx64g -jar ./enhsp3.jar -o ./domain_with_failure.pddl -f ./problems/BasePN-3And-del-2-d1/problem51.pddl -h blind -s WAStar -dap"
	User time (seconds): 5.07
	System time (seconds): 0.47
	Percent of CPU this job got: 99%
	Elapsed (wall clock) time (h:mm:ss or m:ss): 0:05.55
	Average shared text size (kbytes): 0
	Average unshared data size (kbytes): 0
	Average stack size (kbytes): 0
	Average total size (kbytes): 0
	Maximum resident set size (kbytes): 936124
	Average resident set size (kbytes): 0
	Major (requiring I/O) page faults: 0
	Minor (reclaiming a frame) page faults: 358781
	Voluntary context switches: 2303
	Involuntary context switches: 2350
	Swaps: 0
	File system inputs: 0
	File system outputs: 128
	Socket messages sent: 0
	Socket messages received: 0
	Signals delivered: 0
	Page size (bytes): 4096
	Exit status: 0
	Command being timed: "timeout 600 java -Xmx64g -jar ./enhsp3.jar -o ./domain_with_failure.pddl -f ./problems/BasePN-3And-del-2-d1/problem52.pddl -h blind -s WAStar -dap"
	User time (seconds): 5.50
	System time (seconds): 0.45
	Percent of CPU this job got: 99%
	Elapsed (wall clock) time (h:mm:ss or m:ss): 0:05.98
	Average shared text size (kbytes): 0
	Average unshared data size (kbytes): 0
	Average stack size (kbytes): 0
	Average total size (kbytes): 0
	Maximum resident set size (kbytes): 944476
	Average resident set size (kbytes): 0
	Major (requiring I/O) page faults: 0
	Minor (reclaiming a frame) page faults: 317641
	Voluntary context switches: 2182
	Involuntary context switches: 2453
	Swaps: 0
	File system inputs: 0
	File system outputs: 88
	Socket messages sent: 0
	Socket messages received: 0
	Signals delivered: 0
	Page size (bytes): 4096
	Exit status: 0
	Command being timed: "timeout 600 java -Xmx64g -jar ./enhsp3.jar -o ./domain_with_failure.pddl -f ./problems/BasePN-3And-del-2-d1/problem53.pddl -h blind -s WAStar -dap"
	User time (seconds): 5.13
	System time (seconds): 0.45
	Percent of CPU this job got: 99%
	Elapsed (wall clock) time (h:mm:ss or m:ss): 0:05.60
	Average shared text size (kbytes): 0
	Average unshared data size (kbytes): 0
	Average stack size (kbytes): 0
	Average total size (kbytes): 0
	Maximum resident set size (kbytes): 934944
	Average resident set size (kbytes): 0
	Major (requiring I/O) page faults: 0
	Minor (reclaiming a frame) page faults: 313643
	Voluntary context switches: 2461
	Involuntary context switches: 2501
	Swaps: 0
	File system inputs: 0
	File system outputs: 96
	Socket messages sent: 0
	Socket messages received: 0
	Signals delivered: 0
	Page size (bytes): 4096
	Exit status: 0
	Command being timed: "timeout 600 java -Xmx64g -jar ./enhsp3.jar -o ./domain_with_failure.pddl -f ./problems/BasePN-3And-del-2-d1/problem54.pddl -h blind -s WAStar -dap"
	User time (seconds): 4.78
	System time (seconds): 0.44
	Percent of CPU this job got: 98%
	Elapsed (wall clock) time (h:mm:ss or m:ss): 0:05.29
	Average shared text size (kbytes): 0
	Average unshared data size (kbytes): 0
	Average stack size (kbytes): 0
	Average total size (kbytes): 0
	Maximum resident set size (kbytes): 934560
	Average resident set size (kbytes): 0
	Major (requiring I/O) page faults: 0
	Minor (reclaiming a frame) page faults: 296229
	Voluntary context switches: 1881
	Involuntary context switches: 2100
	Swaps: 0
	File system inputs: 0
	File system outputs: 96
	Socket messages sent: 0
	Socket messages received: 0
	Signals delivered: 0
	Page size (bytes): 4096
	Exit status: 0
	Command being timed: "timeout 600 java -Xmx64g -jar ./enhsp3.jar -o ./domain_with_failure.pddl -f ./problems/BasePN-3And-del-2-d1/problem55.pddl -h blind -s WAStar -dap"
	User time (seconds): 5.28
	System time (seconds): 0.44
	Percent of CPU this job got: 99%
	Elapsed (wall clock) time (h:mm:ss or m:ss): 0:05.74
	Average shared text size (kbytes): 0
	Average unshared data size (kbytes): 0
	Average stack size (kbytes): 0
	Average total size (kbytes): 0
	Maximum resident set size (kbytes): 937076
	Average resident set size (kbytes): 0
	Major (requiring I/O) page faults: 0
	Minor (reclaiming a frame) page faults: 314261
	Voluntary context switches: 2200
	Involuntary context switches: 2459
	Swaps: 0
	File system inputs: 0
	File system outputs: 96
	Socket messages sent: 0
	Socket messages received: 0
	Signals delivered: 0
	Page size (bytes): 4096
	Exit status: 0
	Command being timed: "timeout 600 java -Xmx64g -jar ./enhsp3.jar -o ./domain_with_failure.pddl -f ./problems/BasePN-3And-del-2-d1/problem56.pddl -h blind -s WAStar -dap"
	User time (seconds): 5.19
	System time (seconds): 0.45
	Percent of CPU this job got: 99%
	Elapsed (wall clock) time (h:mm:ss or m:ss): 0:05.68
	Average shared text size (kbytes): 0
	Average unshared data size (kbytes): 0
	Average stack size (kbytes): 0
	Average total size (kbytes): 0
	Maximum resident set size (kbytes): 935052
	Average resident set size (kbytes): 0
	Major (requiring I/O) page faults: 0
	Minor (reclaiming a frame) page faults: 314734
	Voluntary context switches: 2177
	Involuntary context switches: 2336
	Swaps: 0
	File system inputs: 0
	File system outputs: 88
	Socket messages sent: 0
	Socket messages received: 0
	Signals delivered: 0
	Page size (bytes): 4096
	Exit status: 0
	Command being timed: "timeout 600 java -Xmx64g -jar ./enhsp3.jar -o ./domain_with_failure.pddl -f ./problems/BasePN-3And-del-2-d1/problem57.pddl -h blind -s WAStar -dap"
	User time (seconds): 4.97
	System time (seconds): 0.45
	Percent of CPU this job got: 99%
	Elapsed (wall clock) time (h:mm:ss or m:ss): 0:05.44
	Average shared text size (kbytes): 0
	Average unshared data size (kbytes): 0
	Average stack size (kbytes): 0
	Average total size (kbytes): 0
	Maximum resident set size (kbytes): 934616
	Average resident set size (kbytes): 0
	Major (requiring I/O) page faults: 0
	Minor (reclaiming a frame) page faults: 316193
	Voluntary context switches: 2127
	Involuntary context switches: 2220
	Swaps: 0
	File system inputs: 0
	File system outputs: 88
	Socket messages sent: 0
	Socket messages received: 0
	Signals delivered: 0
	Page size (bytes): 4096
	Exit status: 0
	Command being timed: "timeout 600 java -Xmx64g -jar ./enhsp3.jar -o ./domain_with_failure.pddl -f ./problems/BasePN-3And-del-2-d1/problem58.pddl -h blind -s WAStar -dap"
	User time (seconds): 5.09
	System time (seconds): 0.45
	Percent of CPU this job got: 99%
	Elapsed (wall clock) time (h:mm:ss or m:ss): 0:05.55
	Average shared text size (kbytes): 0
	Average unshared data size (kbytes): 0
	Average stack size (kbytes): 0
	Average total size (kbytes): 0
	Maximum resident set size (kbytes): 932420
	Average resident set size (kbytes): 0
	Major (requiring I/O) page faults: 0
	Minor (reclaiming a frame) page faults: 358970
	Voluntary context switches: 2228
	Involuntary context switches: 2303
	Swaps: 0
	File system inputs: 0
	File system outputs: 96
	Socket messages sent: 0
	Socket messages received: 0
	Signals delivered: 0
	Page size (bytes): 4096
	Exit status: 0
	Command being timed: "timeout 600 java -Xmx64g -jar ./enhsp3.jar -o ./domain_with_failure.pddl -f ./problems/BasePN-3And-del-2-d1/problem59.pddl -h blind -s WAStar -dap"
	User time (seconds): 4.90
	System time (seconds): 0.40
	Percent of CPU this job got: 99%
	Elapsed (wall clock) time (h:mm:ss or m:ss): 0:05.35
	Average shared text size (kbytes): 0
	Average unshared data size (kbytes): 0
	Average stack size (kbytes): 0
	Average total size (kbytes): 0
	Maximum resident set size (kbytes): 936076
	Average resident set size (kbytes): 0
	Major (requiring I/O) page faults: 0
	Minor (reclaiming a frame) page faults: 300151
	Voluntary context switches: 2087
	Involuntary context switches: 2172
	Swaps: 0
	File system inputs: 0
	File system outputs: 88
	Socket messages sent: 0
	Socket messages received: 0
	Signals delivered: 0
	Page size (bytes): 4096
	Exit status: 0
	Command being timed: "timeout 600 java -Xmx64g -jar ./enhsp3.jar -o ./domain_with_failure.pddl -f ./problems/BasePN-3And-del-2-d1/problem60.pddl -h blind -s WAStar -dap"
	User time (seconds): 4.89
	System time (seconds): 0.40
	Percent of CPU this job got: 99%
	Elapsed (wall clock) time (h:mm:ss or m:ss): 0:05.30
	Average shared text size (kbytes): 0
	Average unshared data size (kbytes): 0
	Average stack size (kbytes): 0
	Average total size (kbytes): 0
	Maximum resident set size (kbytes): 934288
	Average resident set size (kbytes): 0
	Major (requiring I/O) page faults: 0
	Minor (reclaiming a frame) page faults: 299478
	Voluntary context switches: 2155
	Involuntary context switches: 2254
	Swaps: 0
	File system inputs: 0
	File system outputs: 104
	Socket messages sent: 0
	Socket messages received: 0
	Signals delivered: 0
	Page size (bytes): 4096
	Exit status: 0
	Command being timed: "timeout 600 java -Xmx64g -jar ./enhsp3.jar -o ./domain_with_failure.pddl -f ./problems/BasePN-3And-del-2-d1/problem61.pddl -h blind -s WAStar -dap"
	User time (seconds): 4.89
	System time (seconds): 0.44
	Percent of CPU this job got: 97%
	Elapsed (wall clock) time (h:mm:ss or m:ss): 0:05.45
	Average shared text size (kbytes): 0
	Average unshared data size (kbytes): 0
	Average stack size (kbytes): 0
	Average total size (kbytes): 0
	Maximum resident set size (kbytes): 930908
	Average resident set size (kbytes): 0
	Major (requiring I/O) page faults: 0
	Minor (reclaiming a frame) page faults: 312143
	Voluntary context switches: 2364
	Involuntary context switches: 2301
	Swaps: 0
	File system inputs: 0
	File system outputs: 88
	Socket messages sent: 0
	Socket messages received: 0
	Signals delivered: 0
	Page size (bytes): 4096
	Exit status: 0
	Command being timed: "timeout 600 java -Xmx64g -jar ./enhsp3.jar -o ./domain_with_failure.pddl -f ./problems/BasePN-3And-del-2-d1/problem62.pddl -h blind -s WAStar -dap"
	User time (seconds): 5.04
	System time (seconds): 0.44
	Percent of CPU this job got: 99%
	Elapsed (wall clock) time (h:mm:ss or m:ss): 0:05.51
	Average shared text size (kbytes): 0
	Average unshared data size (kbytes): 0
	Average stack size (kbytes): 0
	Average total size (kbytes): 0
	Maximum resident set size (kbytes): 934552
	Average resident set size (kbytes): 0
	Major (requiring I/O) page faults: 0
	Minor (reclaiming a frame) page faults: 299259
	Voluntary context switches: 2154
	Involuntary context switches: 2287
	Swaps: 0
	File system inputs: 0
	File system outputs: 88
	Socket messages sent: 0
	Socket messages received: 0
	Signals delivered: 0
	Page size (bytes): 4096
	Exit status: 0
	Command being timed: "timeout 600 java -Xmx64g -jar ./enhsp3.jar -o ./domain_with_failure.pddl -f ./problems/BasePN-3And-del-2-d1/problem63.pddl -h blind -s WAStar -dap"
	User time (seconds): 4.83
	System time (seconds): 0.47
	Percent of CPU this job got: 99%
	Elapsed (wall clock) time (h:mm:ss or m:ss): 0:05.35
	Average shared text size (kbytes): 0
	Average unshared data size (kbytes): 0
	Average stack size (kbytes): 0
	Average total size (kbytes): 0
	Maximum resident set size (kbytes): 934920
	Average resident set size (kbytes): 0
	Major (requiring I/O) page faults: 0
	Minor (reclaiming a frame) page faults: 354778
	Voluntary context switches: 2171
	Involuntary context switches: 2214
	Swaps: 0
	File system inputs: 0
	File system outputs: 128
	Socket messages sent: 0
	Socket messages received: 0
	Signals delivered: 0
	Page size (bytes): 4096
	Exit status: 0
	Command being timed: "timeout 600 java -Xmx64g -jar ./enhsp3.jar -o ./domain_with_failure.pddl -f ./problems/BasePN-3And-del-2-d1/problem64.pddl -h blind -s WAStar -dap"
	User time (seconds): 4.89
	System time (seconds): 0.45
	Percent of CPU this job got: 99%
	Elapsed (wall clock) time (h:mm:ss or m:ss): 0:05.36
	Average shared text size (kbytes): 0
	Average unshared data size (kbytes): 0
	Average stack size (kbytes): 0
	Average total size (kbytes): 0
	Maximum resident set size (kbytes): 938168
	Average resident set size (kbytes): 0
	Major (requiring I/O) page faults: 0
	Minor (reclaiming a frame) page faults: 311962
	Voluntary context switches: 2033
	Involuntary context switches: 2180
	Swaps: 0
	File system inputs: 0
	File system outputs: 88
	Socket messages sent: 0
	Socket messages received: 0
	Signals delivered: 0
	Page size (bytes): 4096
	Exit status: 0
	Command being timed: "timeout 600 java -Xmx64g -jar ./enhsp3.jar -o ./domain_with_failure.pddl -f ./problems/BasePN-3And-del-2-d1/problem65.pddl -h blind -s WAStar -dap"
	User time (seconds): 4.86
	System time (seconds): 0.41
	Percent of CPU this job got: 99%
	Elapsed (wall clock) time (h:mm:ss or m:ss): 0:05.31
	Average shared text size (kbytes): 0
	Average unshared data size (kbytes): 0
	Average stack size (kbytes): 0
	Average total size (kbytes): 0
	Maximum resident set size (kbytes): 934684
	Average resident set size (kbytes): 0
	Major (requiring I/O) page faults: 0
	Minor (reclaiming a frame) page faults: 300307
	Voluntary context switches: 2125
	Involuntary context switches: 2268
	Swaps: 0
	File system inputs: 0
	File system outputs: 96
	Socket messages sent: 0
	Socket messages received: 0
	Signals delivered: 0
	Page size (bytes): 4096
	Exit status: 0
	Command being timed: "timeout 600 java -Xmx64g -jar ./enhsp3.jar -o ./domain_with_failure.pddl -f ./problems/BasePN-3And-del-2-d1/problem66.pddl -h blind -s WAStar -dap"
	User time (seconds): 5.07
	System time (seconds): 0.46
	Percent of CPU this job got: 98%
	Elapsed (wall clock) time (h:mm:ss or m:ss): 0:05.59
	Average shared text size (kbytes): 0
	Average unshared data size (kbytes): 0
	Average stack size (kbytes): 0
	Average total size (kbytes): 0
	Maximum resident set size (kbytes): 935120
	Average resident set size (kbytes): 0
	Major (requiring I/O) page faults: 0
	Minor (reclaiming a frame) page faults: 315014
	Voluntary context switches: 2329
	Involuntary context switches: 2405
	Swaps: 0
	File system inputs: 0
	File system outputs: 96
	Socket messages sent: 0
	Socket messages received: 0
	Signals delivered: 0
	Page size (bytes): 4096
	Exit status: 0
	Command being timed: "timeout 600 java -Xmx64g -jar ./enhsp3.jar -o ./domain_with_failure.pddl -f ./problems/BasePN-3And-del-2-d1/problem67.pddl -h blind -s WAStar -dap"
	User time (seconds): 4.56
	System time (seconds): 0.44
	Percent of CPU this job got: 99%
	Elapsed (wall clock) time (h:mm:ss or m:ss): 0:05.04
	Average shared text size (kbytes): 0
	Average unshared data size (kbytes): 0
	Average stack size (kbytes): 0
	Average total size (kbytes): 0
	Maximum resident set size (kbytes): 936852
	Average resident set size (kbytes): 0
	Major (requiring I/O) page faults: 0
	Minor (reclaiming a frame) page faults: 309677
	Voluntary context switches: 2284
	Involuntary context switches: 2189
	Swaps: 0
	File system inputs: 0
	File system outputs: 88
	Socket messages sent: 0
	Socket messages received: 0
	Signals delivered: 0
	Page size (bytes): 4096
	Exit status: 0
	Command being timed: "timeout 600 java -Xmx64g -jar ./enhsp3.jar -o ./domain_with_failure.pddl -f ./problems/BasePN-3And-del-2-d1/problem68.pddl -h blind -s WAStar -dap"
	User time (seconds): 5.20
	System time (seconds): 0.43
	Percent of CPU this job got: 99%
	Elapsed (wall clock) time (h:mm:ss or m:ss): 0:05.66
	Average shared text size (kbytes): 0
	Average unshared data size (kbytes): 0
	Average stack size (kbytes): 0
	Average total size (kbytes): 0
	Maximum resident set size (kbytes): 935076
	Average resident set size (kbytes): 0
	Major (requiring I/O) page faults: 0
	Minor (reclaiming a frame) page faults: 314361
	Voluntary context switches: 2143
	Involuntary context switches: 2353
	Swaps: 0
	File system inputs: 0
	File system outputs: 96
	Socket messages sent: 0
	Socket messages received: 0
	Signals delivered: 0
	Page size (bytes): 4096
	Exit status: 0
	Command being timed: "timeout 600 java -Xmx64g -jar ./enhsp3.jar -o ./domain_with_failure.pddl -f ./problems/BasePN-3And-del-2-d1/problem69.pddl -h blind -s WAStar -dap"
	User time (seconds): 5.02
	System time (seconds): 0.47
	Percent of CPU this job got: 99%
	Elapsed (wall clock) time (h:mm:ss or m:ss): 0:05.53
	Average shared text size (kbytes): 0
	Average unshared data size (kbytes): 0
	Average stack size (kbytes): 0
	Average total size (kbytes): 0
	Maximum resident set size (kbytes): 935036
	Average resident set size (kbytes): 0
	Major (requiring I/O) page faults: 0
	Minor (reclaiming a frame) page faults: 300389
	Voluntary context switches: 2186
	Involuntary context switches: 2300
	Swaps: 0
	File system inputs: 0
	File system outputs: 88
	Socket messages sent: 0
	Socket messages received: 0
	Signals delivered: 0
	Page size (bytes): 4096
	Exit status: 0
	Command being timed: "timeout 600 java -Xmx64g -jar ./enhsp3.jar -o ./domain_with_failure.pddl -f ./problems/BasePN-3And-del-2-d1/problem70.pddl -h blind -s WAStar -dap"
	User time (seconds): 5.06
	System time (seconds): 0.45
	Percent of CPU this job got: 99%
	Elapsed (wall clock) time (h:mm:ss or m:ss): 0:05.54
	Average shared text size (kbytes): 0
	Average unshared data size (kbytes): 0
	Average stack size (kbytes): 0
	Average total size (kbytes): 0
	Maximum resident set size (kbytes): 935712
	Average resident set size (kbytes): 0
	Major (requiring I/O) page faults: 0
	Minor (reclaiming a frame) page faults: 309233
	Voluntary context switches: 2176
	Involuntary context switches: 2334
	Swaps: 0
	File system inputs: 0
	File system outputs: 96
	Socket messages sent: 0
	Socket messages received: 0
	Signals delivered: 0
	Page size (bytes): 4096
	Exit status: 0
	Command being timed: "timeout 600 java -Xmx64g -jar ./enhsp3.jar -o ./domain_with_failure.pddl -f ./problems/BasePN-3And-del-2-d1/problem71.pddl -h blind -s WAStar -dap"
	User time (seconds): 5.13
	System time (seconds): 0.46
	Percent of CPU this job got: 99%
	Elapsed (wall clock) time (h:mm:ss or m:ss): 0:05.62
	Average shared text size (kbytes): 0
	Average unshared data size (kbytes): 0
	Average stack size (kbytes): 0
	Average total size (kbytes): 0
	Maximum resident set size (kbytes): 937936
	Average resident set size (kbytes): 0
	Major (requiring I/O) page faults: 0
	Minor (reclaiming a frame) page faults: 351895
	Voluntary context switches: 2259
	Involuntary context switches: 2368
	Swaps: 0
	File system inputs: 0
	File system outputs: 88
	Socket messages sent: 0
	Socket messages received: 0
	Signals delivered: 0
	Page size (bytes): 4096
	Exit status: 0
	Command being timed: "timeout 600 java -Xmx64g -jar ./enhsp3.jar -o ./domain_with_failure.pddl -f ./problems/BasePN-3And-del-2-d1/problem72.pddl -h blind -s WAStar -dap"
	User time (seconds): 5.47
	System time (seconds): 0.41
	Percent of CPU this job got: 99%
	Elapsed (wall clock) time (h:mm:ss or m:ss): 0:05.91
	Average shared text size (kbytes): 0
	Average unshared data size (kbytes): 0
	Average stack size (kbytes): 0
	Average total size (kbytes): 0
	Maximum resident set size (kbytes): 937600
	Average resident set size (kbytes): 0
	Major (requiring I/O) page faults: 0
	Minor (reclaiming a frame) page faults: 313840
	Voluntary context switches: 2198
	Involuntary context switches: 2453
	Swaps: 0
	File system inputs: 0
	File system outputs: 96
	Socket messages sent: 0
	Socket messages received: 0
	Signals delivered: 0
	Page size (bytes): 4096
	Exit status: 0
	Command being timed: "timeout 600 java -Xmx64g -jar ./enhsp3.jar -o ./domain_with_failure.pddl -f ./problems/BasePN-3And-del-2-d1/problem73.pddl -h blind -s WAStar -dap"
	User time (seconds): 4.78
	System time (seconds): 0.44
	Percent of CPU this job got: 99%
	Elapsed (wall clock) time (h:mm:ss or m:ss): 0:05.25
	Average shared text size (kbytes): 0
	Average unshared data size (kbytes): 0
	Average stack size (kbytes): 0
	Average total size (kbytes): 0
	Maximum resident set size (kbytes): 928552
	Average resident set size (kbytes): 0
	Major (requiring I/O) page faults: 0
	Minor (reclaiming a frame) page faults: 298574
	Voluntary context switches: 1904
	Involuntary context switches: 2024
	Swaps: 0
	File system inputs: 0
	File system outputs: 96
	Socket messages sent: 0
	Socket messages received: 0
	Signals delivered: 0
	Page size (bytes): 4096
	Exit status: 0
	Command being timed: "timeout 600 java -Xmx64g -jar ./enhsp3.jar -o ./domain_with_failure.pddl -f ./problems/BasePN-3And-del-2-d1/problem74.pddl -h blind -s WAStar -dap"
	User time (seconds): 5.04
	System time (seconds): 0.45
	Percent of CPU this job got: 99%
	Elapsed (wall clock) time (h:mm:ss or m:ss): 0:05.55
	Average shared text size (kbytes): 0
	Average unshared data size (kbytes): 0
	Average stack size (kbytes): 0
	Average total size (kbytes): 0
	Maximum resident set size (kbytes): 934840
	Average resident set size (kbytes): 0
	Major (requiring I/O) page faults: 0
	Minor (reclaiming a frame) page faults: 312905
	Voluntary context switches: 2284
	Involuntary context switches: 2290
	Swaps: 0
	File system inputs: 0
	File system outputs: 88
	Socket messages sent: 0
	Socket messages received: 0
	Signals delivered: 0
	Page size (bytes): 4096
	Exit status: 0
	Command being timed: "timeout 600 java -Xmx64g -jar ./enhsp3.jar -o ./domain_with_failure.pddl -f ./problems/BasePN-3And-del-2-d1/problem75.pddl -h blind -s WAStar -dap"
	User time (seconds): 4.93
	System time (seconds): 0.44
	Percent of CPU this job got: 99%
	Elapsed (wall clock) time (h:mm:ss or m:ss): 0:05.42
	Average shared text size (kbytes): 0
	Average unshared data size (kbytes): 0
	Average stack size (kbytes): 0
	Average total size (kbytes): 0
	Maximum resident set size (kbytes): 934552
	Average resident set size (kbytes): 0
	Major (requiring I/O) page faults: 0
	Minor (reclaiming a frame) page faults: 298857
	Voluntary context switches: 1997
	Involuntary context switches: 2203
	Swaps: 0
	File system inputs: 0
	File system outputs: 96
	Socket messages sent: 0
	Socket messages received: 0
	Signals delivered: 0
	Page size (bytes): 4096
	Exit status: 0
	Command being timed: "timeout 600 java -Xmx64g -jar ./enhsp3.jar -o ./domain_with_failure.pddl -f ./problems/BasePN-3And-del-2-d1/problem76.pddl -h blind -s WAStar -dap"
	User time (seconds): 4.82
	System time (seconds): 0.48
	Percent of CPU this job got: 99%
	Elapsed (wall clock) time (h:mm:ss or m:ss): 0:05.33
	Average shared text size (kbytes): 0
	Average unshared data size (kbytes): 0
	Average stack size (kbytes): 0
	Average total size (kbytes): 0
	Maximum resident set size (kbytes): 934200
	Average resident set size (kbytes): 0
	Major (requiring I/O) page faults: 0
	Minor (reclaiming a frame) page faults: 350855
	Voluntary context switches: 2300
	Involuntary context switches: 2275
	Swaps: 0
	File system inputs: 0
	File system outputs: 96
	Socket messages sent: 0
	Socket messages received: 0
	Signals delivered: 0
	Page size (bytes): 4096
	Exit status: 0
	Command being timed: "timeout 600 java -Xmx64g -jar ./enhsp3.jar -o ./domain_with_failure.pddl -f ./problems/BasePN-3And-del-2-d1/problem77.pddl -h blind -s WAStar -dap"
	User time (seconds): 4.86
	System time (seconds): 0.42
	Percent of CPU this job got: 99%
	Elapsed (wall clock) time (h:mm:ss or m:ss): 0:05.33
	Average shared text size (kbytes): 0
	Average unshared data size (kbytes): 0
	Average stack size (kbytes): 0
	Average total size (kbytes): 0
	Maximum resident set size (kbytes): 932256
	Average resident set size (kbytes): 0
	Major (requiring I/O) page faults: 0
	Minor (reclaiming a frame) page faults: 314288
	Voluntary context switches: 2331
	Involuntary context switches: 2273
	Swaps: 0
	File system inputs: 0
	File system outputs: 88
	Socket messages sent: 0
	Socket messages received: 0
	Signals delivered: 0
	Page size (bytes): 4096
	Exit status: 0
	Command being timed: "timeout 600 java -Xmx64g -jar ./enhsp3.jar -o ./domain_with_failure.pddl -f ./problems/BasePN-3And-del-2-d1/problem78.pddl -h blind -s WAStar -dap"
	User time (seconds): 5.02
	System time (seconds): 0.44
	Percent of CPU this job got: 99%
	Elapsed (wall clock) time (h:mm:ss or m:ss): 0:05.49
	Average shared text size (kbytes): 0
	Average unshared data size (kbytes): 0
	Average stack size (kbytes): 0
	Average total size (kbytes): 0
	Maximum resident set size (kbytes): 936352
	Average resident set size (kbytes): 0
	Major (requiring I/O) page faults: 0
	Minor (reclaiming a frame) page faults: 314763
	Voluntary context switches: 2057
	Involuntary context switches: 2249
	Swaps: 0
	File system inputs: 0
	File system outputs: 112
	Socket messages sent: 0
	Socket messages received: 0
	Signals delivered: 0
	Page size (bytes): 4096
	Exit status: 0
	Command being timed: "timeout 600 java -Xmx64g -jar ./enhsp3.jar -o ./domain_with_failure.pddl -f ./problems/BasePN-3And-del-2-d1/problem79.pddl -h blind -s WAStar -dap"
	User time (seconds): 5.17
	System time (seconds): 0.42
	Percent of CPU this job got: 98%
	Elapsed (wall clock) time (h:mm:ss or m:ss): 0:05.66
	Average shared text size (kbytes): 0
	Average unshared data size (kbytes): 0
	Average stack size (kbytes): 0
	Average total size (kbytes): 0
	Maximum resident set size (kbytes): 932552
	Average resident set size (kbytes): 0
	Major (requiring I/O) page faults: 0
	Minor (reclaiming a frame) page faults: 314438
	Voluntary context switches: 2325
	Involuntary context switches: 2440
	Swaps: 0
	File system inputs: 0
	File system outputs: 88
	Socket messages sent: 0
	Socket messages received: 0
	Signals delivered: 0
	Page size (bytes): 4096
	Exit status: 0
	Command being timed: "timeout 600 java -Xmx64g -jar ./enhsp3.jar -o ./domain_with_failure.pddl -f ./problems/BasePN-3And-del-2-d1/problem80.pddl -h blind -s WAStar -dap"
	User time (seconds): 4.73
	System time (seconds): 0.45
	Percent of CPU this job got: 99%
	Elapsed (wall clock) time (h:mm:ss or m:ss): 0:05.23
	Average shared text size (kbytes): 0
	Average unshared data size (kbytes): 0
	Average stack size (kbytes): 0
	Average total size (kbytes): 0
	Maximum resident set size (kbytes): 930992
	Average resident set size (kbytes): 0
	Major (requiring I/O) page faults: 0
	Minor (reclaiming a frame) page faults: 306051
	Voluntary context switches: 2184
	Involuntary context switches: 2176
	Swaps: 0
	File system inputs: 0
	File system outputs: 96
	Socket messages sent: 0
	Socket messages received: 0
	Signals delivered: 0
	Page size (bytes): 4096
	Exit status: 0
	Command being timed: "timeout 600 java -Xmx64g -jar ./enhsp3.jar -o ./domain_with_failure.pddl -f ./problems/BasePN-3And-del-2-d1/problem81.pddl -h blind -s WAStar -dap"
	User time (seconds): 5.42
	System time (seconds): 0.47
	Percent of CPU this job got: 99%
	Elapsed (wall clock) time (h:mm:ss or m:ss): 0:05.92
	Average shared text size (kbytes): 0
	Average unshared data size (kbytes): 0
	Average stack size (kbytes): 0
	Average total size (kbytes): 0
	Maximum resident set size (kbytes): 940080
	Average resident set size (kbytes): 0
	Major (requiring I/O) page faults: 0
	Minor (reclaiming a frame) page faults: 318584
	Voluntary context switches: 2144
	Involuntary context switches: 2441
	Swaps: 0
	File system inputs: 0
	File system outputs: 88
	Socket messages sent: 0
	Socket messages received: 0
	Signals delivered: 0
	Page size (bytes): 4096
	Exit status: 0
	Command being timed: "timeout 600 java -Xmx64g -jar ./enhsp3.jar -o ./domain_with_failure.pddl -f ./problems/BasePN-3And-del-2-d1/problem82.pddl -h blind -s WAStar -dap"
	User time (seconds): 4.99
	System time (seconds): 0.43
	Percent of CPU this job got: 99%
	Elapsed (wall clock) time (h:mm:ss or m:ss): 0:05.44
	Average shared text size (kbytes): 0
	Average unshared data size (kbytes): 0
	Average stack size (kbytes): 0
	Average total size (kbytes): 0
	Maximum resident set size (kbytes): 934772
	Average resident set size (kbytes): 0
	Major (requiring I/O) page faults: 0
	Minor (reclaiming a frame) page faults: 298351
	Voluntary context switches: 2229
	Involuntary context switches: 2338
	Swaps: 0
	File system inputs: 0
	File system outputs: 96
	Socket messages sent: 0
	Socket messages received: 0
	Signals delivered: 0
	Page size (bytes): 4096
	Exit status: 0
	Command being timed: "timeout 600 java -Xmx64g -jar ./enhsp3.jar -o ./domain_with_failure.pddl -f ./problems/BasePN-3And-del-2-d1/problem83.pddl -h blind -s WAStar -dap"
	User time (seconds): 4.98
	System time (seconds): 0.39
	Percent of CPU this job got: 99%
	Elapsed (wall clock) time (h:mm:ss or m:ss): 0:05.40
	Average shared text size (kbytes): 0
	Average unshared data size (kbytes): 0
	Average stack size (kbytes): 0
	Average total size (kbytes): 0
	Maximum resident set size (kbytes): 928572
	Average resident set size (kbytes): 0
	Major (requiring I/O) page faults: 0
	Minor (reclaiming a frame) page faults: 300211
	Voluntary context switches: 2104
	Involuntary context switches: 2228
	Swaps: 0
	File system inputs: 0
	File system outputs: 96
	Socket messages sent: 0
	Socket messages received: 0
	Signals delivered: 0
	Page size (bytes): 4096
	Exit status: 0
	Command being timed: "timeout 600 java -Xmx64g -jar ./enhsp3.jar -o ./domain_with_failure.pddl -f ./problems/BasePN-3And-del-2-d1/problem84.pddl -h blind -s WAStar -dap"
	User time (seconds): 4.91
	System time (seconds): 0.42
	Percent of CPU this job got: 99%
	Elapsed (wall clock) time (h:mm:ss or m:ss): 0:05.35
	Average shared text size (kbytes): 0
	Average unshared data size (kbytes): 0
	Average stack size (kbytes): 0
	Average total size (kbytes): 0
	Maximum resident set size (kbytes): 936200
	Average resident set size (kbytes): 0
	Major (requiring I/O) page faults: 0
	Minor (reclaiming a frame) page faults: 302193
	Voluntary context switches: 2196
	Involuntary context switches: 2287
	Swaps: 0
	File system inputs: 0
	File system outputs: 88
	Socket messages sent: 0
	Socket messages received: 0
	Signals delivered: 0
	Page size (bytes): 4096
	Exit status: 0
	Command being timed: "timeout 600 java -Xmx64g -jar ./enhsp3.jar -o ./domain_with_failure.pddl -f ./problems/BasePN-3And-del-2-d1/problem85.pddl -h blind -s WAStar -dap"
	User time (seconds): 4.86
	System time (seconds): 0.44
	Percent of CPU this job got: 99%
	Elapsed (wall clock) time (h:mm:ss or m:ss): 0:05.32
	Average shared text size (kbytes): 0
	Average unshared data size (kbytes): 0
	Average stack size (kbytes): 0
	Average total size (kbytes): 0
	Maximum resident set size (kbytes): 936320
	Average resident set size (kbytes): 0
	Major (requiring I/O) page faults: 0
	Minor (reclaiming a frame) page faults: 310200
	Voluntary context switches: 2407
	Involuntary context switches: 2338
	Swaps: 0
	File system inputs: 0
	File system outputs: 96
	Socket messages sent: 0
	Socket messages received: 0
	Signals delivered: 0
	Page size (bytes): 4096
	Exit status: 0
	Command being timed: "timeout 600 java -Xmx64g -jar ./enhsp3.jar -o ./domain_with_failure.pddl -f ./problems/BasePN-3And-del-2-d1/problem86.pddl -h blind -s WAStar -dap"
	User time (seconds): 5.37
	System time (seconds): 0.43
	Percent of CPU this job got: 99%
	Elapsed (wall clock) time (h:mm:ss or m:ss): 0:05.85
	Average shared text size (kbytes): 0
	Average unshared data size (kbytes): 0
	Average stack size (kbytes): 0
	Average total size (kbytes): 0
	Maximum resident set size (kbytes): 937256
	Average resident set size (kbytes): 0
	Major (requiring I/O) page faults: 0
	Minor (reclaiming a frame) page faults: 318587
	Voluntary context switches: 1964
	Involuntary context switches: 2316
	Swaps: 0
	File system inputs: 0
	File system outputs: 88
	Socket messages sent: 0
	Socket messages received: 0
	Signals delivered: 0
	Page size (bytes): 4096
	Exit status: 0
	Command being timed: "timeout 600 java -Xmx64g -jar ./enhsp3.jar -o ./domain_with_failure.pddl -f ./problems/BasePN-3And-del-2-d1/problem87.pddl -h blind -s WAStar -dap"
	User time (seconds): 4.89
	System time (seconds): 0.46
	Percent of CPU this job got: 99%
	Elapsed (wall clock) time (h:mm:ss or m:ss): 0:05.37
	Average shared text size (kbytes): 0
	Average unshared data size (kbytes): 0
	Average stack size (kbytes): 0
	Average total size (kbytes): 0
	Maximum resident set size (kbytes): 934912
	Average resident set size (kbytes): 0
	Major (requiring I/O) page faults: 0
	Minor (reclaiming a frame) page faults: 356183
	Voluntary context switches: 2166
	Involuntary context switches: 2239
	Swaps: 0
	File system inputs: 0
	File system outputs: 88
	Socket messages sent: 0
	Socket messages received: 0
	Signals delivered: 0
	Page size (bytes): 4096
	Exit status: 0
	Command being timed: "timeout 600 java -Xmx64g -jar ./enhsp3.jar -o ./domain_with_failure.pddl -f ./problems/BasePN-3And-del-2-d1/problem88.pddl -h blind -s WAStar -dap"
	User time (seconds): 4.89
	System time (seconds): 0.47
	Percent of CPU this job got: 99%
	Elapsed (wall clock) time (h:mm:ss or m:ss): 0:05.40
	Average shared text size (kbytes): 0
	Average unshared data size (kbytes): 0
	Average stack size (kbytes): 0
	Average total size (kbytes): 0
	Maximum resident set size (kbytes): 934952
	Average resident set size (kbytes): 0
	Major (requiring I/O) page faults: 0
	Minor (reclaiming a frame) page faults: 311029
	Voluntary context switches: 2245
	Involuntary context switches: 2312
	Swaps: 0
	File system inputs: 0
	File system outputs: 96
	Socket messages sent: 0
	Socket messages received: 0
	Signals delivered: 0
	Page size (bytes): 4096
	Exit status: 0
	Command being timed: "timeout 600 java -Xmx64g -jar ./enhsp3.jar -o ./domain_with_failure.pddl -f ./problems/BasePN-3And-del-2-d1/problem89.pddl -h blind -s WAStar -dap"
	User time (seconds): 5.27
	System time (seconds): 0.45
	Percent of CPU this job got: 99%
	Elapsed (wall clock) time (h:mm:ss or m:ss): 0:05.76
	Average shared text size (kbytes): 0
	Average unshared data size (kbytes): 0
	Average stack size (kbytes): 0
	Average total size (kbytes): 0
	Maximum resident set size (kbytes): 934920
	Average resident set size (kbytes): 0
	Major (requiring I/O) page faults: 0
	Minor (reclaiming a frame) page faults: 315437
	Voluntary context switches: 2135
	Involuntary context switches: 2329
	Swaps: 0
	File system inputs: 0
	File system outputs: 88
	Socket messages sent: 0
	Socket messages received: 0
	Signals delivered: 0
	Page size (bytes): 4096
	Exit status: 0
	Command being timed: "timeout 600 java -Xmx64g -jar ./enhsp3.jar -o ./domain_with_failure.pddl -f ./problems/BasePN-3And-del-2-d1/problem90.pddl -h blind -s WAStar -dap"
	User time (seconds): 4.78
	System time (seconds): 0.42
	Percent of CPU this job got: 99%
	Elapsed (wall clock) time (h:mm:ss or m:ss): 0:05.23
	Average shared text size (kbytes): 0
	Average unshared data size (kbytes): 0
	Average stack size (kbytes): 0
	Average total size (kbytes): 0
	Maximum resident set size (kbytes): 935852
	Average resident set size (kbytes): 0
	Major (requiring I/O) page faults: 0
	Minor (reclaiming a frame) page faults: 294261
	Voluntary context switches: 2225
	Involuntary context switches: 2201
	Swaps: 0
	File system inputs: 0
	File system outputs: 96
	Socket messages sent: 0
	Socket messages received: 0
	Signals delivered: 0
	Page size (bytes): 4096
	Exit status: 0
	Command being timed: "timeout 600 java -Xmx64g -jar ./enhsp3.jar -o ./domain_with_failure.pddl -f ./problems/BasePN-3And-del-2-d1/problem91.pddl -h blind -s WAStar -dap"
	User time (seconds): 4.94
	System time (seconds): 0.43
	Percent of CPU this job got: 99%
	Elapsed (wall clock) time (h:mm:ss or m:ss): 0:05.41
	Average shared text size (kbytes): 0
	Average unshared data size (kbytes): 0
	Average stack size (kbytes): 0
	Average total size (kbytes): 0
	Maximum resident set size (kbytes): 936248
	Average resident set size (kbytes): 0
	Major (requiring I/O) page faults: 0
	Minor (reclaiming a frame) page faults: 291061
	Voluntary context switches: 2305
	Involuntary context switches: 2342
	Swaps: 0
	File system inputs: 0
	File system outputs: 88
	Socket messages sent: 0
	Socket messages received: 0
	Signals delivered: 0
	Page size (bytes): 4096
	Exit status: 0
	Command being timed: "timeout 600 java -Xmx64g -jar ./enhsp3.jar -o ./domain_with_failure.pddl -f ./problems/BasePN-3And-del-2-d1/problem92.pddl -h blind -s WAStar -dap"
	User time (seconds): 4.85
	System time (seconds): 0.45
	Percent of CPU this job got: 99%
	Elapsed (wall clock) time (h:mm:ss or m:ss): 0:05.34
	Average shared text size (kbytes): 0
	Average unshared data size (kbytes): 0
	Average stack size (kbytes): 0
	Average total size (kbytes): 0
	Maximum resident set size (kbytes): 932164
	Average resident set size (kbytes): 0
	Major (requiring I/O) page faults: 0
	Minor (reclaiming a frame) page faults: 297827
	Voluntary context switches: 1941
	Involuntary context switches: 2124
	Swaps: 0
	File system inputs: 0
	File system outputs: 96
	Socket messages sent: 0
	Socket messages received: 0
	Signals delivered: 0
	Page size (bytes): 4096
	Exit status: 0
	Command being timed: "timeout 600 java -Xmx64g -jar ./enhsp3.jar -o ./domain_with_failure.pddl -f ./problems/BasePN-3And-del-2-d1/problem93.pddl -h blind -s WAStar -dap"
	User time (seconds): 5.21
	System time (seconds): 0.45
	Percent of CPU this job got: 99%
	Elapsed (wall clock) time (h:mm:ss or m:ss): 0:05.69
	Average shared text size (kbytes): 0
	Average unshared data size (kbytes): 0
	Average stack size (kbytes): 0
	Average total size (kbytes): 0
	Maximum resident set size (kbytes): 938004
	Average resident set size (kbytes): 0
	Major (requiring I/O) page faults: 0
	Minor (reclaiming a frame) page faults: 311450
	Voluntary context switches: 2259
	Involuntary context switches: 2444
	Swaps: 0
	File system inputs: 0
	File system outputs: 88
	Socket messages sent: 0
	Socket messages received: 0
	Signals delivered: 0
	Page size (bytes): 4096
	Exit status: 0
	Command being timed: "timeout 600 java -Xmx64g -jar ./enhsp3.jar -o ./domain_with_failure.pddl -f ./problems/BasePN-3And-del-2-d1/problem94.pddl -h blind -s WAStar -dap"
	User time (seconds): 4.97
	System time (seconds): 0.45
	Percent of CPU this job got: 99%
	Elapsed (wall clock) time (h:mm:ss or m:ss): 0:05.45
	Average shared text size (kbytes): 0
	Average unshared data size (kbytes): 0
	Average stack size (kbytes): 0
	Average total size (kbytes): 0
	Maximum resident set size (kbytes): 935292
	Average resident set size (kbytes): 0
	Major (requiring I/O) page faults: 0
	Minor (reclaiming a frame) page faults: 312272
	Voluntary context switches: 2200
	Involuntary context switches: 2337
	Swaps: 0
	File system inputs: 0
	File system outputs: 88
	Socket messages sent: 0
	Socket messages received: 0
	Signals delivered: 0
	Page size (bytes): 4096
	Exit status: 0
	Command being timed: "timeout 600 java -Xmx64g -jar ./enhsp3.jar -o ./domain_with_failure.pddl -f ./problems/BasePN-3And-del-2-d1/problem95.pddl -h blind -s WAStar -dap"
	User time (seconds): 4.84
	System time (seconds): 0.45
	Percent of CPU this job got: 99%
	Elapsed (wall clock) time (h:mm:ss or m:ss): 0:05.33
	Average shared text size (kbytes): 0
	Average unshared data size (kbytes): 0
	Average stack size (kbytes): 0
	Average total size (kbytes): 0
	Maximum resident set size (kbytes): 929032
	Average resident set size (kbytes): 0
	Major (requiring I/O) page faults: 0
	Minor (reclaiming a frame) page faults: 295324
	Voluntary context switches: 2326
	Involuntary context switches: 2314
	Swaps: 0
	File system inputs: 0
	File system outputs: 96
	Socket messages sent: 0
	Socket messages received: 0
	Signals delivered: 0
	Page size (bytes): 4096
	Exit status: 0
	Command being timed: "timeout 600 java -Xmx64g -jar ./enhsp3.jar -o ./domain_with_failure.pddl -f ./problems/BasePN-3And-del-2-d1/problem96.pddl -h blind -s WAStar -dap"
	User time (seconds): 5.01
	System time (seconds): 0.46
	Percent of CPU this job got: 99%
	Elapsed (wall clock) time (h:mm:ss or m:ss): 0:05.50
	Average shared text size (kbytes): 0
	Average unshared data size (kbytes): 0
	Average stack size (kbytes): 0
	Average total size (kbytes): 0
	Maximum resident set size (kbytes): 936028
	Average resident set size (kbytes): 0
	Major (requiring I/O) page faults: 0
	Minor (reclaiming a frame) page faults: 312565
	Voluntary context switches: 2234
	Involuntary context switches: 2294
	Swaps: 0
	File system inputs: 0
	File system outputs: 88
	Socket messages sent: 0
	Socket messages received: 0
	Signals delivered: 0
	Page size (bytes): 4096
	Exit status: 0
	Command being timed: "timeout 600 java -Xmx64g -jar ./enhsp3.jar -o ./domain_with_failure.pddl -f ./problems/BasePN-3And-del-2-d1/problem97.pddl -h blind -s WAStar -dap"
	User time (seconds): 4.89
	System time (seconds): 0.42
	Percent of CPU this job got: 99%
	Elapsed (wall clock) time (h:mm:ss or m:ss): 0:05.35
	Average shared text size (kbytes): 0
	Average unshared data size (kbytes): 0
	Average stack size (kbytes): 0
	Average total size (kbytes): 0
	Maximum resident set size (kbytes): 935968
	Average resident set size (kbytes): 0
	Major (requiring I/O) page faults: 0
	Minor (reclaiming a frame) page faults: 314613
	Voluntary context switches: 2035
	Involuntary context switches: 2149
	Swaps: 0
	File system inputs: 0
	File system outputs: 96
	Socket messages sent: 0
	Socket messages received: 0
	Signals delivered: 0
	Page size (bytes): 4096
	Exit status: 0
	Command being timed: "timeout 600 java -Xmx64g -jar ./enhsp3.jar -o ./domain_with_failure.pddl -f ./problems/BasePN-3And-del-2-d1/problem98.pddl -h blind -s WAStar -dap"
	User time (seconds): 4.93
	System time (seconds): 0.41
	Percent of CPU this job got: 99%
	Elapsed (wall clock) time (h:mm:ss or m:ss): 0:05.37
	Average shared text size (kbytes): 0
	Average unshared data size (kbytes): 0
	Average stack size (kbytes): 0
	Average total size (kbytes): 0
	Maximum resident set size (kbytes): 933444
	Average resident set size (kbytes): 0
	Major (requiring I/O) page faults: 0
	Minor (reclaiming a frame) page faults: 314963
	Voluntary context switches: 2166
	Involuntary context switches: 2282
	Swaps: 0
	File system inputs: 0
	File system outputs: 88
	Socket messages sent: 0
	Socket messages received: 0
	Signals delivered: 0
	Page size (bytes): 4096
	Exit status: 0
	Command being timed: "timeout 600 java -Xmx64g -jar ./enhsp3.jar -o ./domain_with_failure.pddl -f ./problems/BasePN-3And-del-2-d1/problem99.pddl -h blind -s WAStar -dap"
	User time (seconds): 4.97
	System time (seconds): 0.45
	Percent of CPU this job got: 99%
	Elapsed (wall clock) time (h:mm:ss or m:ss): 0:05.46
	Average shared text size (kbytes): 0
	Average unshared data size (kbytes): 0
	Average stack size (kbytes): 0
	Average total size (kbytes): 0
	Maximum resident set size (kbytes): 935360
	Average resident set size (kbytes): 0
	Major (requiring I/O) page faults: 0
	Minor (reclaiming a frame) page faults: 300283
	Voluntary context switches: 2172
	Involuntary context switches: 2304
	Swaps: 0
	File system inputs: 0
	File system outputs: 88
	Socket messages sent: 0
	Socket messages received: 0
	Signals delivered: 0
	Page size (bytes): 4096
	Exit status: 0
	Command being timed: "timeout 600 java -Xmx64g -jar ./enhsp3.jar -o ./domain_with_failure.pddl -f ./problems/BasePN-3And-del-2-d1/problem100.pddl -h blind -s WAStar -dap"
	User time (seconds): 5.24
	System time (seconds): 0.43
	Percent of CPU this job got: 99%
	Elapsed (wall clock) time (h:mm:ss or m:ss): 0:05.70
	Average shared text size (kbytes): 0
	Average unshared data size (kbytes): 0
	Average stack size (kbytes): 0
	Average total size (kbytes): 0
	Maximum resident set size (kbytes): 933368
	Average resident set size (kbytes): 0
	Major (requiring I/O) page faults: 0
	Minor (reclaiming a frame) page faults: 299718
	Voluntary context switches: 1989
	Involuntary context switches: 2283
	Swaps: 0
	File system inputs: 0
	File system outputs: 104
	Socket messages sent: 0
	Socket messages received: 0
	Signals delivered: 0
	Page size (bytes): 4096
	Exit status: 0
