/usr/bin/time -v timeout 600 java -Xmx64g -jar ./enhsp3.jar -o ./domain_with_failure.pddl -f ./problems/BasePN-2And-add-5-d3/problem1.pddl -h blind -s WAStar
Domain parsed
Problem parsed
Grounding..
Grounding Time: 4683
UFX:true
|F|:15120
|X|:11
|A|:582
|P|:0
|E|:0
h(I):0.0
f(n) = 2.0 (Expanded Nodes: 6, Evaluated States: 14, Time: 0.025) Frontier Size: 8
f(n) = 3.0 (Expanded Nodes: 29, Evaluated States: 58, Time: 0.083) Frontier Size: 29
f(n) = 4.0 (Expanded Nodes: 38, Evaluated States: 70, Time: 0.089) Frontier Size: 32
f(n) = 5.0 (Expanded Nodes: 97, Evaluated States: 159, Time: 0.12) Frontier Size: 62
f(n) = 6.0 (Expanded Nodes: 124, Evaluated States: 187, Time: 0.128) Frontier Size: 63
f(n) = 7.0 (Expanded Nodes: 223, Evaluated States: 315, Time: 0.153) Frontier Size: 92
f(n) = 8.0 (Expanded Nodes: 272, Evaluated States: 359, Time: 0.164) Frontier Size: 87
f(n) = 9.0 (Expanded Nodes: 402, Evaluated States: 517, Time: 0.193) Frontier Size: 115
f(n) = 10.0 (Expanded Nodes: 516, Evaluated States: 699, Time: 0.21) Frontier Size: 183
Problem Solved

Found Plan:
0.0: (validate_payload t0 a7 t1)
1.0: (sync_actions a7)
2.0: (validate_payload t1 a3 t2)
3.0: (sync_actions a3)
4.0: (del a8)
5.0: (validate_payload t3 a4 t4)
6.0: (sync_actions a4)
7.0: (del a1)
8.0: (del a5)
9.0: (del a4)
10.0: (validate_payload t7 a10 t8)
11.0: (sync_actions a10)
12.0: (validate_payload t8 a12 t9)
13.0: (sync_actions a12)
14.0: (validate_payload t9 a11 t10)
15.0: (sync_actions a11)
16.0: (validate_payload t10 a6 t11)
17.0: (sync_actions a6)
18.0: (del a12)
19.0: (validate_payload t12 a8 t13)
20.0: (sync_actions a8)
21.0: (validate_payload t13 a1 t14)
22.0: (sync_actions a1)
23.0: (validate_payload t14 a2 t15)
24.0: (sync_actions a2)
25.0: (validate_payload t15 a0 t16)
26.0: (sync_actions a0)
27.0: (validate_payload t16 a9 t17)
28.0: (sync_actions a9)

Plan-Length:29
Metric (Search):10.0
Planning Time (msec): 251
Heuristic Time (msec): 5
Search Time (msec): 248
Expanded Nodes:750
States Evaluated:1077
Number of Dead-Ends detected:0
Number of Duplicates detected:182
/usr/bin/time -v timeout 600 java -Xmx64g -jar ./enhsp3.jar -o ./domain_with_failure.pddl -f ./problems/BasePN-2And-add-5-d3/problem2.pddl -h blind -s WAStar
Domain parsed
Problem parsed
Grounding..
Grounding Time: 4877
UFX:true
|F|:15120
|X|:10
|A|:582
|P|:0
|E|:0
h(I):0.0
f(n) = 2.0 (Expanded Nodes: 2, Evaluated States: 3, Time: 0.017) Frontier Size: 1
f(n) = 4.0 (Expanded Nodes: 6, Evaluated States: 10, Time: 0.054) Frontier Size: 4
f(n) = 6.0 (Expanded Nodes: 16, Evaluated States: 27, Time: 0.07) Frontier Size: 11
f(n) = 8.0 (Expanded Nodes: 43, Evaluated States: 69, Time: 0.088) Frontier Size: 26
f(n) = 10.0 (Expanded Nodes: 100, Evaluated States: 150, Time: 0.112) Frontier Size: 50
f(n) = 11.0 (Expanded Nodes: 210, Evaluated States: 303, Time: 0.145) Frontier Size: 93
Problem Solved

Found Plan:
0.0: (del a11)
1.0: (del a12)
2.0: (del a1)
3.0: (del a3)
4.0: (del a9)
5.0: (validate_payload t5 a7 t6)
6.0: (sync_actions a7)
7.0: (validate_payload t6 a10 t7)
8.0: (sync_actions a10)
9.0: (validate_payload t7 a3 t8)
10.0: (sync_actions a3)
11.0: (validate_payload t8 a12 t9)
12.0: (sync_actions a12)
13.0: (change_value a4 categorical c2)
14.0: (validate_payload t9 a4 t10)
15.0: (sync_actions a4)
16.0: (validate_payload t10 a6 t11)
17.0: (sync_actions a6)
18.0: (validate_payload t11 a11 t12)
19.0: (sync_actions a11)
20.0: (validate_payload t12 a8 t13)
21.0: (sync_actions a8)
22.0: (validate_payload t13 a1 t14)
23.0: (sync_actions a1)
24.0: (validate_payload t14 a2 t15)
25.0: (sync_actions a2)
26.0: (validate_payload t15 a0 t16)
27.0: (sync_actions a0)
28.0: (validate_payload t16 a9 t17)
29.0: (sync_actions a9)

Plan-Length:30
Metric (Search):11.0
Planning Time (msec): 170
Heuristic Time (msec): 7
Search Time (msec): 163
Expanded Nodes:263
States Evaluated:428
Number of Dead-Ends detected:0
Number of Duplicates detected:57
/usr/bin/time -v timeout 600 java -Xmx64g -jar ./enhsp3.jar -o ./domain_with_failure.pddl -f ./problems/BasePN-2And-add-5-d3/problem3.pddl -h blind -s WAStar
Domain parsed
Problem parsed
Grounding..
Grounding Time: 4621
UFX:true
|F|:15120
|X|:9
|A|:582
|P|:0
|E|:0
h(I):0.0
f(n) = 2.0 (Expanded Nodes: 2, Evaluated States: 3, Time: 0.017) Frontier Size: 1
f(n) = 4.0 (Expanded Nodes: 12, Evaluated States: 26, Time: 0.062) Frontier Size: 14
f(n) = 6.0 (Expanded Nodes: 49, Evaluated States: 88, Time: 0.094) Frontier Size: 39
f(n) = 7.0 (Expanded Nodes: 143, Evaluated States: 222, Time: 0.13) Frontier Size: 79
f(n) = 8.0 (Expanded Nodes: 179, Evaluated States: 298, Time: 0.143) Frontier Size: 119
f(n) = 9.0 (Expanded Nodes: 345, Evaluated States: 535, Time: 0.193) Frontier Size: 190
f(n) = 10.0 (Expanded Nodes: 538, Evaluated States: 848, Time: 0.238) Frontier Size: 310
Problem Solved

Found Plan:
0.0: (del a10)
1.0: (validate_payload t1 a7 t2)
2.0: (sync_actions a7)
3.0: (validate_payload t2 a3 t3)
4.0: (sync_actions a3)
5.0: (del a3)
6.0: (validate_payload t4 a5 t5)
7.0: (sync_actions a5)
8.0: (del a1)
9.0: (validate_payload t6 a10 t7)
10.0: (sync_actions a10)
11.0: (validate_payload t7 a6 t8)
12.0: (sync_actions a6)
13.0: (validate_payload t8 a12 t9)
14.0: (sync_actions a12)
15.0: (validate_payload t9 a11 t10)
16.0: (sync_actions a11)
17.0: (del a12)
18.0: (validate_payload t11 a8 t12)
19.0: (sync_actions a8)
20.0: (del a10)
21.0: (validate_payload t13 a1 t14)
22.0: (sync_actions a1)
23.0: (validate_payload t14 a2 t15)
24.0: (sync_actions a2)
25.0: (validate_payload t15 a0 t16)
26.0: (sync_actions a0)
27.0: (validate_payload t16 a9 t17)
28.0: (sync_actions a9)

Plan-Length:29
Metric (Search):10.0
Planning Time (msec): 304
Heuristic Time (msec): 6
Search Time (msec): 302
Expanded Nodes:827
States Evaluated:1246
Number of Dead-Ends detected:0
Number of Duplicates detected:175
/usr/bin/time -v timeout 600 java -Xmx64g -jar ./enhsp3.jar -o ./domain_with_failure.pddl -f ./problems/BasePN-2And-add-5-d3/problem4.pddl -h blind -s WAStar
Domain parsed
Problem parsed
Grounding..
Grounding Time: 5044
UFX:true
|F|:15120
|X|:11
|A|:582
|P|:0
|E|:0
h(I):0.0
f(n) = 1.0 (Expanded Nodes: 12, Evaluated States: 38, Time: 0.034) Frontier Size: 26
f(n) = 2.0 (Expanded Nodes: 40, Evaluated States: 112, Time: 0.077) Frontier Size: 72
f(n) = 3.0 (Expanded Nodes: 101, Evaluated States: 241, Time: 0.117) Frontier Size: 140
f(n) = 4.0 (Expanded Nodes: 289, Evaluated States: 529, Time: 0.173) Frontier Size: 240
f(n) = 5.0 (Expanded Nodes: 496, Evaluated States: 815, Time: 0.228) Frontier Size: 319
f(n) = 6.0 (Expanded Nodes: 924, Evaluated States: 1315, Time: 0.289) Frontier Size: 391
f(n) = 7.0 (Expanded Nodes: 1324, Evaluated States: 1733, Time: 0.331) Frontier Size: 409
f(n) = 8.0 (Expanded Nodes: 1864, Evaluated States: 2319, Time: 0.393) Frontier Size: 455
f(n) = 9.0 (Expanded Nodes: 2396, Evaluated States: 2805, Time: 0.434) Frontier Size: 409
f(n) = 10.0 (Expanded Nodes: 2932, Evaluated States: 3447, Time: 0.481) Frontier Size: 515
f(n) = 11.0 (Expanded Nodes: 3488, Evaluated States: 3985, Time: 0.522) Frontier Size: 497
Problem Solved

Found Plan:
0.0: (validate_payload t0 a7 t1)
1.0: (sync_actions a7)
2.0: (validate_payload t1 a3 t2)
3.0: (sync_actions a3)
4.0: (validate_payload t2 a10 t3)
5.0: (sync_actions a10)
6.0: (validate_payload t3 a12 t4)
7.0: (sync_actions a12)
8.0: (validate_payload t4 a11 t5)
9.0: (sync_actions a11)
10.0: (del a12)
11.0: (del a1)
12.0: (del a0)
13.0: (del a1)
14.0: (del a9)
15.0: (change_value a4 categorical c3)
16.0: (validate_payload t10 a4 t11)
17.0: (sync_actions a4)
18.0: (validate_payload t11 a6 t12)
19.0: (sync_actions a6)
20.0: (validate_payload t12 a8 t13)
21.0: (sync_actions a8)
22.0: (validate_payload t13 a1 t14)
23.0: (sync_actions a1)
24.0: (validate_payload t14 a0 t15)
25.0: (sync_actions a0)
26.0: (validate_payload t15 a2 t16)
27.0: (sync_actions a2)
28.0: (validate_payload t16 a9 t17)
29.0: (sync_actions a9)

Plan-Length:30
Metric (Search):11.0
Planning Time (msec): 557
Heuristic Time (msec): 6
Search Time (msec): 551
Expanded Nodes:3856
States Evaluated:4455
Number of Dead-Ends detected:0
Number of Duplicates detected:968
/usr/bin/time -v timeout 600 java -Xmx64g -jar ./enhsp3.jar -o ./domain_with_failure.pddl -f ./problems/BasePN-2And-add-5-d3/problem5.pddl -h blind -s WAStar
Domain parsed
Problem parsed
Grounding..
Grounding Time: 4818
UFX:true
|F|:15120
|X|:9
|A|:582
|P|:0
|E|:0
h(I):0.0
f(n) = 2.0 (Expanded Nodes: 4, Evaluated States: 8, Time: 0.027) Frontier Size: 4
f(n) = 3.0 (Expanded Nodes: 25, Evaluated States: 66, Time: 0.093) Frontier Size: 41
f(n) = 4.0 (Expanded Nodes: 65, Evaluated States: 158, Time: 0.111) Frontier Size: 93
f(n) = 5.0 (Expanded Nodes: 149, Evaluated States: 331, Time: 0.139) Frontier Size: 182
f(n) = 6.0 (Expanded Nodes: 355, Evaluated States: 623, Time: 0.178) Frontier Size: 268
f(n) = 7.0 (Expanded Nodes: 617, Evaluated States: 961, Time: 0.227) Frontier Size: 344
f(n) = 8.0 (Expanded Nodes: 1031, Evaluated States: 1459, Time: 0.265) Frontier Size: 428
f(n) = 9.0 (Expanded Nodes: 1491, Evaluated States: 1961, Time: 0.318) Frontier Size: 470
f(n) = 10.0 (Expanded Nodes: 2094, Evaluated States: 2721, Time: 0.362) Frontier Size: 627
Problem Solved

Found Plan:
0.0: (validate_payload t0 a7 t1)
1.0: (sync_actions a7)
2.0: (del a4)
3.0: (del a10)
4.0: (validate_payload t3 a3 t4)
5.0: (sync_actions a3)
6.0: (validate_payload t4 a4 t5)
7.0: (sync_actions a4)
8.0: (validate_payload t5 a10 t6)
9.0: (sync_actions a10)
10.0: (del a9)
11.0: (validate_payload t7 a6 t8)
12.0: (sync_actions a6)
13.0: (del a8)
14.0: (validate_payload t9 a12 t10)
15.0: (sync_actions a12)
16.0: (validate_payload t10 a11 t11)
17.0: (sync_actions a11)
18.0: (validate_payload t11 a8 t12)
19.0: (sync_actions a8)
20.0: (validate_payload t12 a1 t13)
21.0: (sync_actions a1)
22.0: (del a5)
23.0: (validate_payload t14 a0 t15)
24.0: (sync_actions a0)
25.0: (validate_payload t15 a2 t16)
26.0: (sync_actions a2)
27.0: (validate_payload t16 a9 t17)
28.0: (sync_actions a9)

Plan-Length:29
Metric (Search):10.0
Planning Time (msec): 402
Heuristic Time (msec): 6
Search Time (msec): 395
Expanded Nodes:2515
States Evaluated:3282
Number of Dead-Ends detected:0
Number of Duplicates detected:562
/usr/bin/time -v timeout 600 java -Xmx64g -jar ./enhsp3.jar -o ./domain_with_failure.pddl -f ./problems/BasePN-2And-add-5-d3/problem6.pddl -h blind -s WAStar
Domain parsed
Problem parsed
Grounding..
Grounding Time: 4861
UFX:true
|F|:15120
|X|:11
|A|:582
|P|:0
|E|:0
h(I):0.0
f(n) = 1.0 (Expanded Nodes: 8, Evaluated States: 24, Time: 0.031) Frontier Size: 16
f(n) = 2.0 (Expanded Nodes: 20, Evaluated States: 50, Time: 0.066) Frontier Size: 30
f(n) = 3.0 (Expanded Nodes: 56, Evaluated States: 125, Time: 0.099) Frontier Size: 69
f(n) = 4.0 (Expanded Nodes: 145, Evaluated States: 279, Time: 0.131) Frontier Size: 134
f(n) = 5.0 (Expanded Nodes: 318, Evaluated States: 554, Time: 0.179) Frontier Size: 236
f(n) = 6.0 (Expanded Nodes: 540, Evaluated States: 894, Time: 0.237) Frontier Size: 354
f(n) = 7.0 (Expanded Nodes: 957, Evaluated States: 1444, Time: 0.309) Frontier Size: 487
f(n) = 8.0 (Expanded Nodes: 1457, Evaluated States: 2076, Time: 0.398) Frontier Size: 619
f(n) = 9.0 (Expanded Nodes: 2164, Evaluated States: 2917, Time: 0.483) Frontier Size: 753
f(n) = 10.0 (Expanded Nodes: 2965, Evaluated States: 3815, Time: 0.558) Frontier Size: 850
f(n) = 11.0 (Expanded Nodes: 3913, Evaluated States: 4880, Time: 0.624) Frontier Size: 967
Problem Solved

Found Plan:
0.0: (validate_payload t0 a7 t1)
1.0: (sync_actions a7)
2.0: (validate_payload t1 a3 t2)
3.0: (sync_actions a3)
4.0: (validate_payload t2 a10 t3)
5.0: (sync_actions a10)
6.0: (del a10)
7.0: (change_value a4 categorical c2)
8.0: (validate_payload t4 a4 t5)
9.0: (sync_actions a4)
10.0: (validate_payload t5 a6 t6)
11.0: (sync_actions a6)
12.0: (validate_payload t6 a12 t7)
13.0: (sync_actions a12)
14.0: (del a5)
15.0: (del a8)
16.0: (del a4)
17.0: (validate_payload t10 a11 t11)
18.0: (sync_actions a11)
19.0: (del a7)
20.0: (validate_payload t12 a8 t13)
21.0: (sync_actions a8)
22.0: (validate_payload t13 a0 t14)
23.0: (sync_actions a0)
24.0: (validate_payload t14 a1 t15)
25.0: (sync_actions a1)
26.0: (validate_payload t15 a2 t16)
27.0: (sync_actions a2)
28.0: (validate_payload t16 a9 t17)
29.0: (sync_actions a9)

Plan-Length:30
Metric (Search):11.0
Planning Time (msec): 647
Heuristic Time (msec): 8
Search Time (msec): 644
Expanded Nodes:4134
States Evaluated:5188
Number of Dead-Ends detected:0
Number of Duplicates detected:913
/usr/bin/time -v timeout 600 java -Xmx64g -jar ./enhsp3.jar -o ./domain_with_failure.pddl -f ./problems/BasePN-2And-add-5-d3/problem7.pddl -h blind -s WAStar
Domain parsed
Problem parsed
Grounding..
Grounding Time: 4790
UFX:true
|F|:15120
|X|:10
|A|:582
|P|:0
|E|:0
h(I):0.0
f(n) = 2.0 (Expanded Nodes: 2, Evaluated States: 3, Time: 0.017) Frontier Size: 1
f(n) = 3.0 (Expanded Nodes: 22, Evaluated States: 55, Time: 0.077) Frontier Size: 33
f(n) = 4.0 (Expanded Nodes: 109, Evaluated States: 262, Time: 0.115) Frontier Size: 153
f(n) = 5.0 (Expanded Nodes: 290, Evaluated States: 632, Time: 0.188) Frontier Size: 342
f(n) = 6.0 (Expanded Nodes: 604, Evaluated States: 1189, Time: 0.25) Frontier Size: 585
f(n) = 7.0 (Expanded Nodes: 1226, Evaluated States: 2039, Time: 0.318) Frontier Size: 813
f(n) = 8.0 (Expanded Nodes: 2134, Evaluated States: 3261, Time: 0.408) Frontier Size: 1127
f(n) = 9.0 (Expanded Nodes: 3357, Evaluated States: 4692, Time: 0.49) Frontier Size: 1335
f(n) = 10.0 (Expanded Nodes: 4930, Evaluated States: 6545, Time: 0.603) Frontier Size: 1615
Problem Solved

Found Plan:
0.0: (del a1)
1.0: (validate_payload t1 a7 t2)
2.0: (sync_actions a7)
3.0: (validate_payload t2 a10 t3)
4.0: (sync_actions a10)
5.0: (validate_payload t3 a3 t4)
6.0: (sync_actions a3)
7.0: (validate_payload t4 a4 t5)
8.0: (sync_actions a4)
9.0: (validate_payload t5 a6 t6)
10.0: (sync_actions a6)
11.0: (validate_payload t6 a12 t7)
12.0: (sync_actions a12)
13.0: (validate_payload t7 a11 t8)
14.0: (sync_actions a11)
15.0: (validate_payload t8 a8 t9)
16.0: (sync_actions a8)
17.0: (del a4)
18.0: (del a8)
19.0: (del a8)
20.0: (del a7)
21.0: (validate_payload t13 a1 t14)
22.0: (sync_actions a1)
23.0: (validate_payload t14 a2 t15)
24.0: (sync_actions a2)
25.0: (validate_payload t15 a0 t16)
26.0: (sync_actions a0)
27.0: (validate_payload t16 a9 t17)
28.0: (sync_actions a9)

Plan-Length:29
Metric (Search):10.0
Planning Time (msec): 716
Heuristic Time (msec): 2
Search Time (msec): 709
Expanded Nodes:6524
States Evaluated:8428
Number of Dead-Ends detected:0
Number of Duplicates detected:1623
/usr/bin/time -v timeout 600 java -Xmx64g -jar ./enhsp3.jar -o ./domain_with_failure.pddl -f ./problems/BasePN-2And-add-5-d3/problem8.pddl -h blind -s WAStar
Domain parsed
Problem parsed
Grounding..
Grounding Time: 4894
UFX:true
|F|:15120
|X|:10
|A|:582
|P|:0
|E|:0
h(I):0.0
f(n) = 2.0 (Expanded Nodes: 4, Evaluated States: 8, Time: 0.024) Frontier Size: 4
f(n) = 3.0 (Expanded Nodes: 21, Evaluated States: 54, Time: 0.07) Frontier Size: 33
f(n) = 4.0 (Expanded Nodes: 45, Evaluated States: 102, Time: 0.083) Frontier Size: 57
f(n) = 5.0 (Expanded Nodes: 112, Evaluated States: 250, Time: 0.117) Frontier Size: 138
f(n) = 6.0 (Expanded Nodes: 257, Evaluated States: 485, Time: 0.155) Frontier Size: 228
f(n) = 7.0 (Expanded Nodes: 504, Evaluated States: 858, Time: 0.214) Frontier Size: 354
f(n) = 8.0 (Expanded Nodes: 894, Evaluated States: 1402, Time: 0.288) Frontier Size: 508
f(n) = 9.0 (Expanded Nodes: 1448, Evaluated States: 2030, Time: 0.387) Frontier Size: 582
f(n) = 10.0 (Expanded Nodes: 2146, Evaluated States: 2839, Time: 0.455) Frontier Size: 693
Problem Solved

Found Plan:
0.0: (validate_payload t0 a7 t1)
1.0: (sync_actions a7)
2.0: (del a12)
3.0: (validate_payload t2 a10 t3)
4.0: (sync_actions a10)
5.0: (validate_payload t3 a3 t4)
6.0: (sync_actions a3)
7.0: (del a0)
8.0: (validate_payload t5 a4 t6)
9.0: (sync_actions a4)
10.0: (validate_payload t6 a6 t7)
11.0: (sync_actions a6)
12.0: (del a7)
13.0: (del a2)
14.0: (del a10)
15.0: (validate_payload t10 a12 t11)
16.0: (sync_actions a12)
17.0: (validate_payload t11 a11 t12)
18.0: (sync_actions a11)
19.0: (validate_payload t12 a8 t13)
20.0: (sync_actions a8)
21.0: (validate_payload t13 a0 t14)
22.0: (sync_actions a0)
23.0: (validate_payload t14 a1 t15)
24.0: (sync_actions a1)
25.0: (validate_payload t15 a2 t16)
26.0: (sync_actions a2)
27.0: (validate_payload t16 a9 t17)
28.0: (sync_actions a9)

Plan-Length:29
Metric (Search):10.0
Planning Time (msec): 504
Heuristic Time (msec): 5
Search Time (msec): 501
Expanded Nodes:2676
States Evaluated:3400
Number of Dead-Ends detected:0
Number of Duplicates detected:560
/usr/bin/time -v timeout 600 java -Xmx64g -jar ./enhsp3.jar -o ./domain_with_failure.pddl -f ./problems/BasePN-2And-add-5-d3/problem9.pddl -h blind -s WAStar
Domain parsed
Problem parsed
Grounding..
Grounding Time: 4839
UFX:true
|F|:15120
|X|:10
|A|:582
|P|:0
|E|:0
h(I):0.0
f(n) = 1.0 (Expanded Nodes: 10, Evaluated States: 34, Time: 0.032) Frontier Size: 24
f(n) = 2.0 (Expanded Nodes: 47, Evaluated States: 130, Time: 0.084) Frontier Size: 83
f(n) = 3.0 (Expanded Nodes: 132, Evaluated States: 309, Time: 0.133) Frontier Size: 177
f(n) = 4.0 (Expanded Nodes: 342, Evaluated States: 667, Time: 0.195) Frontier Size: 325
f(n) = 5.0 (Expanded Nodes: 686, Evaluated States: 1145, Time: 0.248) Frontier Size: 459
f(n) = 6.0 (Expanded Nodes: 1217, Evaluated States: 1843, Time: 0.302) Frontier Size: 626
f(n) = 7.0 (Expanded Nodes: 1924, Evaluated States: 2636, Time: 0.368) Frontier Size: 712
f(n) = 8.0 (Expanded Nodes: 2764, Evaluated States: 3558, Time: 0.445) Frontier Size: 794
f(n) = 9.0 (Expanded Nodes: 3712, Evaluated States: 4520, Time: 0.503) Frontier Size: 808
f(n) = 10.0 (Expanded Nodes: 4685, Evaluated States: 5530, Time: 0.567) Frontier Size: 845
Problem Solved

Found Plan:
0.0: (validate_payload t0 a7 t1)
1.0: (sync_actions a7)
2.0: (validate_payload t1 a10 t2)
3.0: (sync_actions a10)
4.0: (validate_payload t2 a3 t3)
5.0: (sync_actions a3)
6.0: (validate_payload t3 a4 t4)
7.0: (sync_actions a4)
8.0: (del a2)
9.0: (validate_payload t5 a6 t6)
10.0: (sync_actions a6)
11.0: (del a2)
12.0: (del a9)
13.0: (del a6)
14.0: (validate_payload t9 a12 t10)
15.0: (sync_actions a12)
16.0: (del a10)
17.0: (validate_payload t11 a11 t12)
18.0: (sync_actions a11)
19.0: (validate_payload t12 a8 t13)
20.0: (sync_actions a8)
21.0: (validate_payload t13 a0 t14)
22.0: (sync_actions a0)
23.0: (validate_payload t14 a1 t15)
24.0: (sync_actions a1)
25.0: (validate_payload t15 a2 t16)
26.0: (sync_actions a2)
27.0: (validate_payload t16 a9 t17)
28.0: (sync_actions a9)

Plan-Length:29
Metric (Search):10.0
Planning Time (msec): 670
Heuristic Time (msec): 6
Search Time (msec): 663
Expanded Nodes:5726
States Evaluated:6645
Number of Dead-Ends detected:0
Number of Duplicates detected:1285
/usr/bin/time -v timeout 600 java -Xmx64g -jar ./enhsp3.jar -o ./domain_with_failure.pddl -f ./problems/BasePN-2And-add-5-d3/problem10.pddl -h blind -s WAStar
Domain parsed
Problem parsed
Grounding..
Grounding Time: 4737
UFX:true
|F|:15120
|X|:9
|A|:582
|P|:0
|E|:0
h(I):0.0
f(n) = 2.0 (Expanded Nodes: 6, Evaluated States: 14, Time: 0.027) Frontier Size: 8
f(n) = 4.0 (Expanded Nodes: 33, Evaluated States: 66, Time: 0.083) Frontier Size: 33
f(n) = 5.0 (Expanded Nodes: 114, Evaluated States: 191, Time: 0.125) Frontier Size: 77
f(n) = 6.0 (Expanded Nodes: 130, Evaluated States: 213, Time: 0.13) Frontier Size: 83
f(n) = 7.0 (Expanded Nodes: 276, Evaluated States: 415, Time: 0.17) Frontier Size: 139
f(n) = 8.0 (Expanded Nodes: 358, Evaluated States: 515, Time: 0.191) Frontier Size: 157
f(n) = 9.0 (Expanded Nodes: 568, Evaluated States: 786, Time: 0.246) Frontier Size: 218
f(n) = 10.0 (Expanded Nodes: 782, Evaluated States: 1070, Time: 0.29) Frontier Size: 288
Problem Solved

Found Plan:
0.0: (validate_payload t0 a7 t1)
1.0: (sync_actions a7)
2.0: (validate_payload t1 a3 t2)
3.0: (sync_actions a3)
4.0: (del a12)
5.0: (validate_payload t3 a4 t4)
6.0: (sync_actions a4)
7.0: (del a8)
8.0: (validate_payload t5 a10 t6)
9.0: (sync_actions a10)
10.0: (del a3)
11.0: (del a5)
12.0: (validate_payload t8 a12 t9)
13.0: (sync_actions a12)
14.0: (validate_payload t9 a11 t10)
15.0: (sync_actions a11)
16.0: (validate_payload t10 a6 t11)
17.0: (sync_actions a6)
18.0: (del a9)
19.0: (validate_payload t12 a8 t13)
20.0: (sync_actions a8)
21.0: (validate_payload t13 a0 t14)
22.0: (sync_actions a0)
23.0: (validate_payload t14 a1 t15)
24.0: (sync_actions a1)
25.0: (validate_payload t15 a2 t16)
26.0: (sync_actions a2)
27.0: (validate_payload t16 a9 t17)
28.0: (sync_actions a9)

Plan-Length:29
Metric (Search):10.0
Planning Time (msec): 338
Heuristic Time (msec): 4
Search Time (msec): 331
Expanded Nodes:1015
States Evaluated:1382
Number of Dead-Ends detected:0
Number of Duplicates detected:246
/usr/bin/time -v timeout 600 java -Xmx64g -jar ./enhsp3.jar -o ./domain_with_failure.pddl -f ./problems/BasePN-2And-add-5-d3/problem11.pddl -h blind -s WAStar
Domain parsed
Problem parsed
Grounding..
Grounding Time: 5016
UFX:true
|F|:15120
|X|:10
|A|:582
|P|:0
|E|:0
h(I):0.0
f(n) = 1.0 (Expanded Nodes: 8, Evaluated States: 19, Time: 0.022) Frontier Size: 11
f(n) = 2.0 (Expanded Nodes: 25, Evaluated States: 57, Time: 0.065) Frontier Size: 32
f(n) = 3.0 (Expanded Nodes: 90, Evaluated States: 194, Time: 0.111) Frontier Size: 104
f(n) = 4.0 (Expanded Nodes: 159, Evaluated States: 308, Time: 0.139) Frontier Size: 149
f(n) = 5.0 (Expanded Nodes: 362, Evaluated States: 642, Time: 0.196) Frontier Size: 280
f(n) = 6.0 (Expanded Nodes: 621, Evaluated States: 938, Time: 0.259) Frontier Size: 317
f(n) = 7.0 (Expanded Nodes: 1033, Evaluated States: 1539, Time: 0.326) Frontier Size: 506
f(n) = 8.0 (Expanded Nodes: 1511, Evaluated States: 2037, Time: 0.38) Frontier Size: 526
f(n) = 9.0 (Expanded Nodes: 2160, Evaluated States: 2907, Time: 0.44) Frontier Size: 747
f(n) = 10.0 (Expanded Nodes: 2941, Evaluated States: 3733, Time: 0.506) Frontier Size: 792
f(n) = 11.0 (Expanded Nodes: 3969, Evaluated States: 5181, Time: 0.592) Frontier Size: 1212
Problem Solved

Found Plan:
0.0: (validate_payload t0 a7 t1)
1.0: (sync_actions a7)
2.0: (validate_payload t1 a3 t2)
3.0: (sync_actions a3)
4.0: (change_value a4 categorical c2)
5.0: (validate_payload t2 a4 t3)
6.0: (sync_actions a4)
7.0: (validate_payload t3 a10 t4)
8.0: (sync_actions a10)
9.0: (validate_payload t4 a6 t5)
10.0: (sync_actions a6)
11.0: (del a7)
12.0: (del a6)
13.0: (validate_payload t7 a12 t8)
14.0: (sync_actions a12)
15.0: (validate_payload t8 a11 t9)
16.0: (sync_actions a11)
17.0: (del a11)
18.0: (del a6)
19.0: (validate_payload t11 a8 t12)
20.0: (sync_actions a8)
21.0: (validate_payload t12 a1 t13)
22.0: (sync_actions a1)
23.0: (validate_payload t13 a2 t14)
24.0: (sync_actions a2)
25.0: (validate_payload t14 a0 t15)
26.0: (sync_actions a0)
27.0: (del a0)
28.0: (validate_payload t16 a9 t17)
29.0: (sync_actions a9)

Plan-Length:30
Metric (Search):11.0
Planning Time (msec): 692
Heuristic Time (msec): 3
Search Time (msec): 686
Expanded Nodes:5029
States Evaluated:6690
Number of Dead-Ends detected:0
Number of Duplicates detected:1109
/usr/bin/time -v timeout 600 java -Xmx64g -jar ./enhsp3.jar -o ./domain_with_failure.pddl -f ./problems/BasePN-2And-add-5-d3/problem12.pddl -h blind -s WAStar
Domain parsed
Problem parsed
Grounding..
Grounding Time: 4660
UFX:true
|F|:15120
|X|:11
|A|:582
|P|:0
|E|:0
h(I):0.0
f(n) = 2.0 (Expanded Nodes: 4, Evaluated States: 8, Time: 0.021) Frontier Size: 4
f(n) = 3.0 (Expanded Nodes: 17, Evaluated States: 38, Time: 0.076) Frontier Size: 21
f(n) = 4.0 (Expanded Nodes: 29, Evaluated States: 60, Time: 0.083) Frontier Size: 31
f(n) = 5.0 (Expanded Nodes: 68, Evaluated States: 137, Time: 0.109) Frontier Size: 69
f(n) = 6.0 (Expanded Nodes: 126, Evaluated States: 219, Time: 0.122) Frontier Size: 93
f(n) = 7.0 (Expanded Nodes: 241, Evaluated States: 403, Time: 0.155) Frontier Size: 162
f(n) = 8.0 (Expanded Nodes: 452, Evaluated States: 777, Time: 0.201) Frontier Size: 325
f(n) = 9.0 (Expanded Nodes: 786, Evaluated States: 1317, Time: 0.242) Frontier Size: 531
f(n) = 10.0 (Expanded Nodes: 1441, Evaluated States: 2353, Time: 0.322) Frontier Size: 912
Problem Solved

Found Plan:
0.0: (validate_payload t0 a7 t1)
1.0: (sync_actions a7)
2.0: (del a0)
3.0: (validate_payload t2 a10 t3)
4.0: (sync_actions a10)
5.0: (del a6)
6.0: (del a5)
7.0: (validate_payload t5 a3 t6)
8.0: (sync_actions a3)
9.0: (validate_payload t6 a4 t7)
10.0: (sync_actions a4)
11.0: (validate_payload t7 a6 t8)
12.0: (sync_actions a6)
13.0: (validate_payload t8 a12 t9)
14.0: (sync_actions a12)
15.0: (validate_payload t9 a11 t10)
16.0: (sync_actions a11)
17.0: (del a2)
18.0: (validate_payload t11 a8 t12)
19.0: (sync_actions a8)
20.0: (validate_payload t12 a1 t13)
21.0: (sync_actions a1)
22.0: (del a1)
23.0: (validate_payload t14 a2 t15)
24.0: (sync_actions a2)
25.0: (validate_payload t15 a0 t16)
26.0: (sync_actions a0)
27.0: (validate_payload t16 a9 t17)
28.0: (sync_actions a9)

Plan-Length:29
Metric (Search):10.0
Planning Time (msec): 422
Heuristic Time (msec): 6
Search Time (msec): 420
Expanded Nodes:2508
States Evaluated:3921
Number of Dead-Ends detected:0
Number of Duplicates detected:391
/usr/bin/time -v timeout 600 java -Xmx64g -jar ./enhsp3.jar -o ./domain_with_failure.pddl -f ./problems/BasePN-2And-add-5-d3/problem13.pddl -h blind -s WAStar
Domain parsed
Problem parsed
Grounding..
Grounding Time: 5150
UFX:true
|F|:15120
|X|:9
|A|:582
|P|:0
|E|:0
h(I):0.0
f(n) = 2.0 (Expanded Nodes: 8, Evaluated States: 20, Time: 0.028) Frontier Size: 12
f(n) = 4.0 (Expanded Nodes: 45, Evaluated States: 87, Time: 0.096) Frontier Size: 42
f(n) = 6.0 (Expanded Nodes: 144, Evaluated States: 222, Time: 0.126) Frontier Size: 78
f(n) = 8.0 (Expanded Nodes: 305, Evaluated States: 395, Time: 0.157) Frontier Size: 90
f(n) = 9.0 (Expanded Nodes: 483, Evaluated States: 566, Time: 0.192) Frontier Size: 83
f(n) = 10.0 (Expanded Nodes: 492, Evaluated States: 578, Time: 0.192) Frontier Size: 86
Problem Solved

Found Plan:
0.0: (validate_payload t0 a7 t1)
1.0: (sync_actions a7)
2.0: (validate_payload t1 a3 t2)
3.0: (sync_actions a3)
4.0: (validate_payload t2 a10 t3)
5.0: (sync_actions a10)
6.0: (del a0)
7.0: (validate_payload t4 a5 t5)
8.0: (sync_actions a5)
9.0: (validate_payload t5 a12 t6)
10.0: (sync_actions a12)
11.0: (del a3)
12.0: (del a2)
13.0: (del a7)
14.0: (validate_payload t9 a11 t10)
15.0: (sync_actions a11)
16.0: (validate_payload t10 a6 t11)
17.0: (sync_actions a6)
18.0: (del a4)
19.0: (validate_payload t12 a8 t13)
20.0: (sync_actions a8)
21.0: (validate_payload t13 a1 t14)
22.0: (sync_actions a1)
23.0: (validate_payload t14 a0 t15)
24.0: (sync_actions a0)
25.0: (validate_payload t15 a2 t16)
26.0: (sync_actions a2)
27.0: (validate_payload t16 a9 t17)
28.0: (sync_actions a9)

Plan-Length:29
Metric (Search):10.0
Planning Time (msec): 214
Heuristic Time (msec): 8
Search Time (msec): 211
Expanded Nodes:593
States Evaluated:705
Number of Dead-Ends detected:0
Number of Duplicates detected:201
/usr/bin/time -v timeout 600 java -Xmx64g -jar ./enhsp3.jar -o ./domain_with_failure.pddl -f ./problems/BasePN-2And-add-5-d3/problem14.pddl -h blind -s WAStar
Domain parsed
Problem parsed
Grounding..
Grounding Time: 4837
UFX:true
|F|:15120
|X|:11
|A|:582
|P|:0
|E|:0
h(I):0.0
f(n) = 1.0 (Expanded Nodes: 8, Evaluated States: 19, Time: 0.025) Frontier Size: 11
f(n) = 2.0 (Expanded Nodes: 21, Evaluated States: 49, Time: 0.074) Frontier Size: 28
f(n) = 3.0 (Expanded Nodes: 54, Evaluated States: 106, Time: 0.105) Frontier Size: 52
f(n) = 4.0 (Expanded Nodes: 137, Evaluated States: 280, Time: 0.147) Frontier Size: 143
f(n) = 5.0 (Expanded Nodes: 416, Evaluated States: 853, Time: 0.225) Frontier Size: 437
f(n) = 6.0 (Expanded Nodes: 879, Evaluated States: 1733, Time: 0.313) Frontier Size: 854
f(n) = 7.0 (Expanded Nodes: 1816, Evaluated States: 3303, Time: 0.465) Frontier Size: 1487
f(n) = 8.0 (Expanded Nodes: 3531, Evaluated States: 5842, Time: 0.639) Frontier Size: 2311
f(n) = 9.0 (Expanded Nodes: 6140, Evaluated States: 9453, Time: 0.864) Frontier Size: 3313
f(n) = 10.0 (Expanded Nodes: 10021, Evaluated States: 14596, Time: 1.17) Frontier Size: 4575
f(n) = 11.0 (Expanded Nodes: 15243, Evaluated States: 21113, Time: 1.458) Frontier Size: 5870
Problem Solved

Found Plan:
0.0: (validate_payload t0 a7 t1)
1.0: (sync_actions a7)
2.0: (validate_payload t1 a3 t2)
3.0: (sync_actions a3)
4.0: (change_value a4 categorical c2)
5.0: (validate_payload t2 a4 t3)
6.0: (sync_actions a4)
7.0: (validate_payload t3 a10 t4)
8.0: (sync_actions a10)
9.0: (del a10)
10.0: (validate_payload t5 a6 t6)
11.0: (sync_actions a6)
12.0: (validate_payload t6 a12 t7)
13.0: (sync_actions a12)
14.0: (validate_payload t7 a11 t8)
15.0: (sync_actions a11)
16.0: (validate_payload t8 a8 t9)
17.0: (sync_actions a8)
18.0: (del a3)
19.0: (validate_payload t10 a0 t11)
20.0: (sync_actions a0)
21.0: (del a3)
22.0: (validate_payload t12 a1 t13)
23.0: (sync_actions a1)
24.0: (del a9)
25.0: (del a1)
26.0: (validate_payload t15 a2 t16)
27.0: (sync_actions a2)
28.0: (validate_payload t16 a9 t17)
29.0: (sync_actions a9)

Plan-Length:30
Metric (Search):11.0
Planning Time (msec): 1549
Heuristic Time (msec): 2
Search Time (msec): 1542
Expanded Nodes:17955
States Evaluated:23966
Number of Dead-Ends detected:0
Number of Duplicates detected:3875
/usr/bin/time -v timeout 600 java -Xmx64g -jar ./enhsp3.jar -o ./domain_with_failure.pddl -f ./problems/BasePN-2And-add-5-d3/problem15.pddl -h blind -s WAStar
Domain parsed
Problem parsed
Grounding..
Grounding Time: 4940
UFX:true
|F|:15120
|X|:10
|A|:582
|P|:0
|E|:0
h(I):0.0
f(n) = 2.0 (Expanded Nodes: 4, Evaluated States: 8, Time: 0.024) Frontier Size: 4
f(n) = 3.0 (Expanded Nodes: 17, Evaluated States: 38, Time: 0.076) Frontier Size: 21
f(n) = 4.0 (Expanded Nodes: 29, Evaluated States: 60, Time: 0.079) Frontier Size: 31
f(n) = 5.0 (Expanded Nodes: 74, Evaluated States: 155, Time: 0.112) Frontier Size: 81
f(n) = 6.0 (Expanded Nodes: 169, Evaluated States: 329, Time: 0.14) Frontier Size: 160
f(n) = 7.0 (Expanded Nodes: 352, Evaluated States: 632, Time: 0.194) Frontier Size: 280
f(n) = 8.0 (Expanded Nodes: 672, Evaluated States: 1158, Time: 0.255) Frontier Size: 486
f(n) = 9.0 (Expanded Nodes: 1206, Evaluated States: 1834, Time: 0.31) Frontier Size: 628
f(n) = 10.0 (Expanded Nodes: 1943, Evaluated States: 2784, Time: 0.382) Frontier Size: 841
f(n) = 11.0 (Expanded Nodes: 2909, Evaluated States: 3911, Time: 0.466) Frontier Size: 1002
Problem Solved

Found Plan:
0.0: (validate_payload t0 a7 t1)
1.0: (sync_actions a7)
2.0: (del a0)
3.0: (validate_payload t2 a10 t3)
4.0: (sync_actions a10)
5.0: (del a8)
6.0: (validate_payload t4 a12 t5)
7.0: (sync_actions a12)
8.0: (validate_payload t5 a3 t6)
9.0: (sync_actions a3)
10.0: (change_value a4 categorical c3)
11.0: (validate_payload t6 a4 t7)
12.0: (sync_actions a4)
13.0: (validate_payload t7 a11 t8)
14.0: (sync_actions a11)
15.0: (del a10)
16.0: (del a10)
17.0: (validate_payload t10 a6 t11)
18.0: (sync_actions a6)
19.0: (validate_payload t11 a8 t12)
20.0: (sync_actions a8)
21.0: (del a7)
22.0: (validate_payload t13 a1 t14)
23.0: (sync_actions a1)
24.0: (validate_payload t14 a2 t15)
25.0: (sync_actions a2)
26.0: (validate_payload t15 a0 t16)
27.0: (sync_actions a0)
28.0: (validate_payload t16 a9 t17)
29.0: (sync_actions a9)

Plan-Length:30
Metric (Search):11.0
Planning Time (msec): 529
Heuristic Time (msec): 5
Search Time (msec): 522
Expanded Nodes:3691
States Evaluated:4953
Number of Dead-Ends detected:0
Number of Duplicates detected:711
/usr/bin/time -v timeout 600 java -Xmx64g -jar ./enhsp3.jar -o ./domain_with_failure.pddl -f ./problems/BasePN-2And-add-5-d3/problem16.pddl -h blind -s WAStar
Domain parsed
Problem parsed
Grounding..
Grounding Time: 4899
UFX:true
|F|:15120
|X|:11
|A|:582
|P|:0
|E|:0
h(I):0.0
f(n) = 2.0 (Expanded Nodes: 4, Evaluated States: 8, Time: 0.028) Frontier Size: 4
f(n) = 3.0 (Expanded Nodes: 22, Evaluated States: 52, Time: 0.079) Frontier Size: 30
f(n) = 4.0 (Expanded Nodes: 42, Evaluated States: 100, Time: 0.089) Frontier Size: 58
f(n) = 5.0 (Expanded Nodes: 110, Evaluated States: 235, Time: 0.131) Frontier Size: 125
f(n) = 6.0 (Expanded Nodes: 251, Evaluated States: 466, Time: 0.167) Frontier Size: 215
f(n) = 7.0 (Expanded Nodes: 482, Evaluated States: 807, Time: 0.235) Frontier Size: 325
f(n) = 8.0 (Expanded Nodes: 855, Evaluated States: 1322, Time: 0.308) Frontier Size: 467
f(n) = 9.0 (Expanded Nodes: 1393, Evaluated States: 1971, Time: 0.398) Frontier Size: 578
f(n) = 10.0 (Expanded Nodes: 2158, Evaluated States: 3061, Time: 0.473) Frontier Size: 903
Problem Solved

Found Plan:
0.0: (validate_payload t0 a7 t1)
1.0: (sync_actions a7)
2.0: (del a7)
3.0: (validate_payload t2 a3 t3)
4.0: (sync_actions a3)
5.0: (validate_payload t3 a10 t4)
6.0: (sync_actions a10)
7.0: (validate_payload t4 a5 t5)
8.0: (sync_actions a5)
9.0: (del a5)
10.0: (validate_payload t6 a6 t7)
11.0: (sync_actions a6)
12.0: (del a11)
13.0: (del a5)
14.0: (validate_payload t9 a12 t10)
15.0: (sync_actions a12)
16.0: (validate_payload t10 a11 t11)
17.0: (sync_actions a11)
18.0: (validate_payload t11 a8 t12)
19.0: (sync_actions a8)
20.0: (validate_payload t12 a0 t13)
21.0: (sync_actions a0)
22.0: (validate_payload t13 a1 t14)
23.0: (sync_actions a1)
24.0: (validate_payload t14 a2 t15)
25.0: (sync_actions a2)
26.0: (del a1)
27.0: (validate_payload t16 a9 t17)
28.0: (sync_actions a9)

Plan-Length:29
Metric (Search):10.0
Planning Time (msec): 588
Heuristic Time (msec): 12
Search Time (msec): 582
Expanded Nodes:3425
States Evaluated:4957
Number of Dead-Ends detected:0
Number of Duplicates detected:583
/usr/bin/time -v timeout 600 java -Xmx64g -jar ./enhsp3.jar -o ./domain_with_failure.pddl -f ./problems/BasePN-2And-add-5-d3/problem17.pddl -h blind -s WAStar
Domain parsed
Problem parsed
Grounding..
Grounding Time: 4996
UFX:true
|F|:15120
|X|:8
|A|:582
|P|:0
|E|:0
h(I):0.0
f(n) = 2.0 (Expanded Nodes: 8, Evaluated States: 20, Time: 0.021) Frontier Size: 12
f(n) = 4.0 (Expanded Nodes: 42, Evaluated States: 78, Time: 0.084) Frontier Size: 36
f(n) = 6.0 (Expanded Nodes: 130, Evaluated States: 197, Time: 0.12) Frontier Size: 67
f(n) = 8.0 (Expanded Nodes: 280, Evaluated States: 372, Time: 0.159) Frontier Size: 92
f(n) = 9.0 (Expanded Nodes: 473, Evaluated States: 577, Time: 0.209) Frontier Size: 104
f(n) = 10.0 (Expanded Nodes: 494, Evaluated States: 619, Time: 0.211) Frontier Size: 125
Problem Solved

Found Plan:
0.0: (validate_payload t0 a7 t1)
1.0: (sync_actions a7)
2.0: (validate_payload t1 a3 t2)
3.0: (sync_actions a3)
4.0: (validate_payload t2 a10 t3)
5.0: (sync_actions a10)
6.0: (del a10)
7.0: (del a3)
8.0: (validate_payload t5 a12 t6)
9.0: (sync_actions a12)
10.0: (validate_payload t6 a4 t7)
11.0: (sync_actions a4)
12.0: (validate_payload t7 a6 t8)
13.0: (sync_actions a6)
14.0: (del a4)
15.0: (del a12)
16.0: (validate_payload t10 a11 t11)
17.0: (sync_actions a11)
18.0: (validate_payload t11 a8 t12)
19.0: (sync_actions a8)
20.0: (validate_payload t12 a1 t13)
21.0: (sync_actions a1)
22.0: (validate_payload t13 a2 t14)
23.0: (sync_actions a2)
24.0: (del a4)
25.0: (validate_payload t15 a0 t16)
26.0: (sync_actions a0)
27.0: (validate_payload t16 a9 t17)
28.0: (sync_actions a9)

Plan-Length:29
Metric (Search):10.0
Planning Time (msec): 234
Heuristic Time (msec): 6
Search Time (msec): 227
Expanded Nodes:560
States Evaluated:690
Number of Dead-Ends detected:0
Number of Duplicates detected:187
/usr/bin/time -v timeout 600 java -Xmx64g -jar ./enhsp3.jar -o ./domain_with_failure.pddl -f ./problems/BasePN-2And-add-5-d3/problem18.pddl -h blind -s WAStar
Domain parsed
Problem parsed
Grounding..
Grounding Time: 4955
UFX:true
|F|:15120
|X|:11
|A|:582
|P|:0
|E|:0
h(I):0.0
f(n) = 1.0 (Expanded Nodes: 6, Evaluated States: 18, Time: 0.024) Frontier Size: 12
f(n) = 2.0 (Expanded Nodes: 18, Evaluated States: 40, Time: 0.062) Frontier Size: 22
f(n) = 3.0 (Expanded Nodes: 48, Evaluated States: 121, Time: 0.097) Frontier Size: 73
f(n) = 4.0 (Expanded Nodes: 151, Evaluated States: 311, Time: 0.132) Frontier Size: 160
f(n) = 5.0 (Expanded Nodes: 307, Evaluated States: 570, Time: 0.169) Frontier Size: 263
f(n) = 6.0 (Expanded Nodes: 663, Evaluated States: 1151, Time: 0.217) Frontier Size: 488
f(n) = 7.0 (Expanded Nodes: 1201, Evaluated States: 1908, Time: 0.28) Frontier Size: 707
f(n) = 8.0 (Expanded Nodes: 2126, Evaluated States: 3287, Time: 0.369) Frontier Size: 1161
f(n) = 9.0 (Expanded Nodes: 3442, Evaluated States: 5140, Time: 0.468) Frontier Size: 1698
f(n) = 10.0 (Expanded Nodes: 5494, Evaluated States: 8026, Time: 0.626) Frontier Size: 2532
Problem Solved

Found Plan:
0.0: (validate_payload t0 a7 t1)
1.0: (sync_actions a7)
2.0: (validate_payload t1 a10 t2)
3.0: (sync_actions a10)
4.0: (del a8)
5.0: (validate_payload t3 a12 t4)
6.0: (sync_actions a12)
7.0: (validate_payload t4 a11 t5)
8.0: (sync_actions a11)
9.0: (validate_payload t5 a3 t6)
10.0: (sync_actions a3)
11.0: (validate_payload t6 a4 t7)
12.0: (sync_actions a4)
13.0: (del a1)
14.0: (validate_payload t8 a6 t9)
15.0: (sync_actions a6)
16.0: (del a10)
17.0: (validate_payload t10 a8 t11)
18.0: (sync_actions a8)
19.0: (del a1)
20.0: (del a4)
21.0: (validate_payload t13 a0 t14)
22.0: (sync_actions a0)
23.0: (validate_payload t14 a1 t15)
24.0: (sync_actions a1)
25.0: (validate_payload t15 a2 t16)
26.0: (sync_actions a2)
27.0: (validate_payload t16 a9 t17)
28.0: (sync_actions a9)

Plan-Length:29
Metric (Search):10.0
Planning Time (msec): 759
Heuristic Time (msec): 7
Search Time (msec): 752
Expanded Nodes:7236
States Evaluated:10356
Number of Dead-Ends detected:0
Number of Duplicates detected:1110
/usr/bin/time -v timeout 600 java -Xmx64g -jar ./enhsp3.jar -o ./domain_with_failure.pddl -f ./problems/BasePN-2And-add-5-d3/problem19.pddl -h blind -s WAStar
Domain parsed
Problem parsed
Grounding..
Grounding Time: 4860
UFX:true
|F|:15120
|X|:11
|A|:582
|P|:0
|E|:0
h(I):0.0
f(n) = 2.0 (Expanded Nodes: 4, Evaluated States: 8, Time: 0.027) Frontier Size: 4
f(n) = 3.0 (Expanded Nodes: 25, Evaluated States: 63, Time: 0.09) Frontier Size: 38
f(n) = 4.0 (Expanded Nodes: 65, Evaluated States: 159, Time: 0.115) Frontier Size: 94
f(n) = 5.0 (Expanded Nodes: 150, Evaluated States: 325, Time: 0.152) Frontier Size: 175
f(n) = 6.0 (Expanded Nodes: 411, Evaluated States: 838, Time: 0.234) Frontier Size: 427
f(n) = 7.0 (Expanded Nodes: 904, Evaluated States: 1657, Time: 0.303) Frontier Size: 753
f(n) = 8.0 (Expanded Nodes: 1877, Evaluated States: 3395, Time: 0.408) Frontier Size: 1518
f(n) = 9.0 (Expanded Nodes: 3365, Evaluated States: 5610, Time: 0.51) Frontier Size: 2245
f(n) = 10.0 (Expanded Nodes: 5781, Evaluated States: 9472, Time: 0.694) Frontier Size: 3691
Problem Solved

Found Plan:
0.0: (validate_payload t0 a7 t1)
1.0: (sync_actions a7)
2.0: (del a5)
3.0: (validate_payload t2 a10 t3)
4.0: (sync_actions a10)
5.0: (validate_payload t3 a3 t4)
6.0: (sync_actions a3)
7.0: (validate_payload t4 a12 t5)
8.0: (sync_actions a12)
9.0: (del a3)
10.0: (validate_payload t6 a11 t7)
11.0: (sync_actions a11)
12.0: (validate_payload t7 a4 t8)
13.0: (sync_actions a4)
14.0: (validate_payload t8 a6 t9)
15.0: (sync_actions a6)
16.0: (validate_payload t9 a8 t10)
17.0: (sync_actions a8)
18.0: (del a4)
19.0: (del a5)
20.0: (validate_payload t12 a1 t13)
21.0: (sync_actions a1)
22.0: (validate_payload t13 a2 t14)
23.0: (sync_actions a2)
24.0: (del a4)
25.0: (validate_payload t15 a0 t16)
26.0: (sync_actions a0)
27.0: (validate_payload t16 a9 t17)
28.0: (sync_actions a9)

Plan-Length:29
Metric (Search):10.0
Planning Time (msec): 963
Heuristic Time (msec): 8
Search Time (msec): 959
Expanded Nodes:9194
States Evaluated:14345
Number of Dead-Ends detected:0
Number of Duplicates detected:1157
/usr/bin/time -v timeout 600 java -Xmx64g -jar ./enhsp3.jar -o ./domain_with_failure.pddl -f ./problems/BasePN-2And-add-5-d3/problem20.pddl -h blind -s WAStar
Domain parsed
Problem parsed
Grounding..
Grounding Time: 4941
UFX:true
|F|:15120
|X|:8
|A|:582
|P|:0
|E|:0
h(I):0.0
f(n) = 2.0 (Expanded Nodes: 2, Evaluated States: 3, Time: 0.019) Frontier Size: 1
f(n) = 4.0 (Expanded Nodes: 8, Evaluated States: 15, Time: 0.057) Frontier Size: 7
f(n) = 6.0 (Expanded Nodes: 37, Evaluated States: 73, Time: 0.087) Frontier Size: 36
f(n) = 7.0 (Expanded Nodes: 130, Evaluated States: 220, Time: 0.127) Frontier Size: 90
f(n) = 8.0 (Expanded Nodes: 145, Evaluated States: 250, Time: 0.129) Frontier Size: 105
f(n) = 9.0 (Expanded Nodes: 331, Evaluated States: 488, Time: 0.184) Frontier Size: 157
f(n) = 10.0 (Expanded Nodes: 385, Evaluated States: 557, Time: 0.199) Frontier Size: 172
Problem Solved

Found Plan:
0.0: (del a0)
1.0: (validate_payload t1 a7 t2)
2.0: (sync_actions a7)
3.0: (del a2)
4.0: (validate_payload t3 a3 t4)
5.0: (sync_actions a3)
6.0: (validate_payload t4 a4 t5)
7.0: (sync_actions a4)
8.0: (validate_payload t5 a10 t6)
9.0: (sync_actions a10)
10.0: (validate_payload t6 a6 t7)
11.0: (sync_actions a6)
12.0: (validate_payload t7 a12 t8)
13.0: (sync_actions a12)
14.0: (validate_payload t8 a11 t9)
15.0: (sync_actions a11)
16.0: (del a10)
17.0: (validate_payload t10 a8 t11)
18.0: (sync_actions a8)
19.0: (validate_payload t11 a1 t12)
20.0: (sync_actions a1)
21.0: (del a12)
22.0: (del a1)
23.0: (validate_payload t14 a2 t15)
24.0: (sync_actions a2)
25.0: (validate_payload t15 a0 t16)
26.0: (sync_actions a0)
27.0: (validate_payload t16 a9 t17)
28.0: (sync_actions a9)

Plan-Length:29
Metric (Search):10.0
Planning Time (msec): 232
Heuristic Time (msec): 5
Search Time (msec): 225
Expanded Nodes:553
States Evaluated:757
Number of Dead-Ends detected:0
Number of Duplicates detected:148
/usr/bin/time -v timeout 600 java -Xmx64g -jar ./enhsp3.jar -o ./domain_with_failure.pddl -f ./problems/BasePN-2And-add-5-d3/problem21.pddl -h blind -s WAStar
Domain parsed
Problem parsed
Grounding..
Grounding Time: 5452
UFX:true
|F|:15120
|X|:11
|A|:582
|P|:0
|E|:0
h(I):0.0
f(n) = 1.0 (Expanded Nodes: 10, Evaluated States: 32, Time: 0.027) Frontier Size: 22
f(n) = 2.0 (Expanded Nodes: 39, Evaluated States: 104, Time: 0.071) Frontier Size: 65
f(n) = 3.0 (Expanded Nodes: 122, Evaluated States: 265, Time: 0.126) Frontier Size: 143
f(n) = 4.0 (Expanded Nodes: 297, Evaluated States: 605, Time: 0.185) Frontier Size: 308
f(n) = 5.0 (Expanded Nodes: 690, Evaluated States: 1223, Time: 0.238) Frontier Size: 533
f(n) = 6.0 (Expanded Nodes: 1279, Evaluated States: 2164, Time: 0.318) Frontier Size: 885
f(n) = 7.0 (Expanded Nodes: 2222, Evaluated States: 3419, Time: 0.419) Frontier Size: 1197
f(n) = 8.0 (Expanded Nodes: 3551, Evaluated States: 5148, Time: 0.508) Frontier Size: 1597
f(n) = 9.0 (Expanded Nodes: 5330, Evaluated States: 7253, Time: 0.656) Frontier Size: 1923
f(n) = 10.0 (Expanded Nodes: 7520, Evaluated States: 10036, Time: 0.802) Frontier Size: 2516
Problem Solved

Found Plan:
0.0: (validate_payload t0 a7 t1)
1.0: (sync_actions a7)
2.0: (validate_payload t1 a3 t2)
3.0: (sync_actions a3)
4.0: (validate_payload t2 a10 t3)
5.0: (sync_actions a10)
6.0: (validate_payload t3 a4 t4)
7.0: (sync_actions a4)
8.0: (del a7)
9.0: (validate_payload t5 a6 t6)
10.0: (sync_actions a6)
11.0: (validate_payload t6 a12 t7)
12.0: (sync_actions a12)
13.0: (del a8)
14.0: (del a3)
15.0: (validate_payload t9 a11 t10)
16.0: (sync_actions a11)
17.0: (del a2)
18.0: (validate_payload t11 a8 t12)
19.0: (sync_actions a8)
20.0: (del a8)
21.0: (validate_payload t13 a1 t14)
22.0: (sync_actions a1)
23.0: (validate_payload t14 a2 t15)
24.0: (sync_actions a2)
25.0: (validate_payload t15 a0 t16)
26.0: (sync_actions a0)
27.0: (validate_payload t16 a9 t17)
28.0: (sync_actions a9)

Plan-Length:29
Metric (Search):10.0
Planning Time (msec): 991
Heuristic Time (msec): 6
Search Time (msec): 980
Expanded Nodes:9772
States Evaluated:12644
Number of Dead-Ends detected:0
Number of Duplicates detected:1924
/usr/bin/time -v timeout 600 java -Xmx64g -jar ./enhsp3.jar -o ./domain_with_failure.pddl -f ./problems/BasePN-2And-add-5-d3/problem22.pddl -h blind -s WAStar
Domain parsed
Problem parsed
Grounding..
Grounding Time: 4858
UFX:true
|F|:15120
|X|:10
|A|:582
|P|:0
|E|:0
h(I):0.0
f(n) = 2.0 (Expanded Nodes: 2, Evaluated States: 3, Time: 0.018) Frontier Size: 1
f(n) = 3.0 (Expanded Nodes: 14, Evaluated States: 38, Time: 0.063) Frontier Size: 24
f(n) = 4.0 (Expanded Nodes: 42, Evaluated States: 108, Time: 0.083) Frontier Size: 66
f(n) = 5.0 (Expanded Nodes: 100, Evaluated States: 241, Time: 0.114) Frontier Size: 141
f(n) = 6.0 (Expanded Nodes: 286, Evaluated States: 549, Time: 0.166) Frontier Size: 263
f(n) = 7.0 (Expanded Nodes: 508, Evaluated States: 864, Time: 0.225) Frontier Size: 356
f(n) = 8.0 (Expanded Nodes: 1000, Evaluated States: 1488, Time: 0.318) Frontier Size: 488
f(n) = 9.0 (Expanded Nodes: 1482, Evaluated States: 2030, Time: 0.421) Frontier Size: 548
f(n) = 10.0 (Expanded Nodes: 2262, Evaluated States: 2970, Time: 0.54) Frontier Size: 708
Problem Solved

Found Plan:
0.0: (del a4)
1.0: (validate_payload t1 a7 t2)
2.0: (sync_actions a7)
3.0: (validate_payload t2 a10 t3)
4.0: (sync_actions a10)
5.0: (validate_payload t3 a12 t4)
6.0: (sync_actions a12)
7.0: (validate_payload t4 a3 t5)
8.0: (sync_actions a3)
9.0: (del a3)
10.0: (validate_payload t6 a11 t7)
11.0: (sync_actions a11)
12.0: (validate_payload t7 a4 t8)
13.0: (sync_actions a4)
14.0: (del a5)
15.0: (del a1)
16.0: (validate_payload t10 a6 t11)
17.0: (sync_actions a6)
18.0: (validate_payload t11 a8 t12)
19.0: (sync_actions a8)
20.0: (validate_payload t12 a0 t13)
21.0: (sync_actions a0)
22.0: (del a10)
23.0: (validate_payload t14 a1 t15)
24.0: (sync_actions a1)
25.0: (validate_payload t15 a2 t16)
26.0: (sync_actions a2)
27.0: (validate_payload t16 a9 t17)
28.0: (sync_actions a9)

Plan-Length:29
Metric (Search):10.0
Planning Time (msec): 600
Heuristic Time (msec): 6
Search Time (msec): 596
Expanded Nodes:2915
States Evaluated:3639
Number of Dead-Ends detected:0
Number of Duplicates detected:690
/usr/bin/time -v timeout 600 java -Xmx64g -jar ./enhsp3.jar -o ./domain_with_failure.pddl -f ./problems/BasePN-2And-add-5-d3/problem23.pddl -h blind -s WAStar
Domain parsed
Problem parsed
Grounding..
Grounding Time: 4521
UFX:true
|F|:15120
|X|:6
|A|:582
|P|:0
|E|:0
h(I):0.0
f(n) = 2.0 (Expanded Nodes: 4, Evaluated States: 8, Time: 0.024) Frontier Size: 4
f(n) = 4.0 (Expanded Nodes: 16, Evaluated States: 29, Time: 0.07) Frontier Size: 13
f(n) = 6.0 (Expanded Nodes: 55, Evaluated States: 98, Time: 0.098) Frontier Size: 43
f(n) = 8.0 (Expanded Nodes: 158, Evaluated States: 244, Time: 0.134) Frontier Size: 86
f(n) = 10.0 (Expanded Nodes: 342, Evaluated States: 456, Time: 0.167) Frontier Size: 114
Problem Solved

Found Plan:
0.0: (validate_payload t0 a7 t1)
1.0: (sync_actions a7)
2.0: (del a7)
3.0: (del a5)
4.0: (validate_payload t3 a3 t4)
5.0: (sync_actions a3)
6.0: (validate_payload t4 a10 t5)
7.0: (sync_actions a10)
8.0: (validate_payload t5 a4 t6)
9.0: (sync_actions a4)
10.0: (validate_payload t6 a12 t7)
11.0: (sync_actions a12)
12.0: (del a8)
13.0: (del a3)
14.0: (validate_payload t9 a11 t10)
15.0: (sync_actions a11)
16.0: (validate_payload t10 a6 t11)
17.0: (sync_actions a6)
18.0: (validate_payload t11 a8 t12)
19.0: (sync_actions a8)
20.0: (del a4)
21.0: (validate_payload t13 a1 t14)
22.0: (sync_actions a1)
23.0: (validate_payload t14 a2 t15)
24.0: (sync_actions a2)
25.0: (validate_payload t15 a0 t16)
26.0: (sync_actions a0)
27.0: (validate_payload t16 a9 t17)
28.0: (sync_actions a9)

Plan-Length:29
Metric (Search):10.0
Planning Time (msec): 182
Heuristic Time (msec): 5
Search Time (msec): 181
Expanded Nodes:397
States Evaluated:526
Number of Dead-Ends detected:0
Number of Duplicates detected:121
/usr/bin/time -v timeout 600 java -Xmx64g -jar ./enhsp3.jar -o ./domain_with_failure.pddl -f ./problems/BasePN-2And-add-5-d3/problem24.pddl -h blind -s WAStar
Domain parsed
Problem parsed
Grounding..
Grounding Time: 4787
UFX:true
|F|:15120
|X|:9
|A|:582
|P|:0
|E|:0
h(I):0.0
f(n) = 2.0 (Expanded Nodes: 6, Evaluated States: 13, Time: 0.025) Frontier Size: 7
f(n) = 4.0 (Expanded Nodes: 27, Evaluated States: 53, Time: 0.081) Frontier Size: 26
f(n) = 5.0 (Expanded Nodes: 93, Evaluated States: 152, Time: 0.108) Frontier Size: 59
f(n) = 6.0 (Expanded Nodes: 106, Evaluated States: 178, Time: 0.117) Frontier Size: 72
f(n) = 7.0 (Expanded Nodes: 249, Evaluated States: 361, Time: 0.161) Frontier Size: 112
f(n) = 8.0 (Expanded Nodes: 302, Evaluated States: 439, Time: 0.175) Frontier Size: 137
f(n) = 9.0 (Expanded Nodes: 512, Evaluated States: 680, Time: 0.219) Frontier Size: 168
f(n) = 10.0 (Expanded Nodes: 614, Evaluated States: 786, Time: 0.242) Frontier Size: 172
f(n) = 11.0 (Expanded Nodes: 833, Evaluated States: 1025, Time: 0.281) Frontier Size: 192
Problem Solved

Found Plan:
0.0: (validate_payload t0 a7 t1)
1.0: (sync_actions a7)
2.0: (validate_payload t1 a10 t2)
3.0: (sync_actions a10)
4.0: (del a6)
5.0: (validate_payload t3 a3 t4)
6.0: (sync_actions a3)
7.0: (del a10)
8.0: (change_value a4 categorical c3)
9.0: (validate_payload t5 a4 t6)
10.0: (sync_actions a4)
11.0: (validate_payload t6 a6 t7)
12.0: (sync_actions a6)
13.0: (del a3)
14.0: (del a3)
15.0: (del a1)
16.0: (validate_payload t10 a12 t11)
17.0: (sync_actions a12)
18.0: (validate_payload t11 a11 t12)
19.0: (sync_actions a11)
20.0: (validate_payload t12 a8 t13)
21.0: (sync_actions a8)
22.0: (validate_payload t13 a1 t14)
23.0: (sync_actions a1)
24.0: (validate_payload t14 a2 t15)
25.0: (sync_actions a2)
26.0: (validate_payload t15 a0 t16)
27.0: (sync_actions a0)
28.0: (validate_payload t16 a9 t17)
29.0: (sync_actions a9)

Plan-Length:30
Metric (Search):11.0
Planning Time (msec): 314
Heuristic Time (msec): 4
Search Time (msec): 308
Expanded Nodes:966
States Evaluated:1174
Number of Dead-Ends detected:0
Number of Duplicates detected:250
/usr/bin/time -v timeout 600 java -Xmx64g -jar ./enhsp3.jar -o ./domain_with_failure.pddl -f ./problems/BasePN-2And-add-5-d3/problem25.pddl -h blind -s WAStar
Domain parsed
Problem parsed
Grounding..
Grounding Time: 4682
UFX:true
|F|:15120
|X|:10
|A|:582
|P|:0
|E|:0
h(I):0.0
f(n) = 2.0 (Expanded Nodes: 2, Evaluated States: 3, Time: 0.017) Frontier Size: 1
f(n) = 4.0 (Expanded Nodes: 8, Evaluated States: 15, Time: 0.058) Frontier Size: 7
f(n) = 5.0 (Expanded Nodes: 39, Evaluated States: 85, Time: 0.083) Frontier Size: 46
f(n) = 6.0 (Expanded Nodes: 75, Evaluated States: 160, Time: 0.104) Frontier Size: 85
f(n) = 7.0 (Expanded Nodes: 212, Evaluated States: 401, Time: 0.161) Frontier Size: 189
f(n) = 8.0 (Expanded Nodes: 356, Evaluated States: 633, Time: 0.197) Frontier Size: 277
f(n) = 9.0 (Expanded Nodes: 724, Evaluated States: 1167, Time: 0.269) Frontier Size: 443
f(n) = 10.0 (Expanded Nodes: 1060, Evaluated States: 1566, Time: 0.323) Frontier Size: 506
Problem Solved

Found Plan:
0.0: (del a9)
1.0: (validate_payload t1 a7 t2)
2.0: (sync_actions a7)
3.0: (del a11)
4.0: (validate_payload t3 a3 t4)
5.0: (sync_actions a3)
6.0: (validate_payload t4 a10 t5)
7.0: (sync_actions a10)
8.0: (validate_payload t5 a4 t6)
9.0: (sync_actions a4)
10.0: (validate_payload t6 a6 t7)
11.0: (sync_actions a6)
12.0: (validate_payload t7 a12 t8)
13.0: (sync_actions a12)
14.0: (validate_payload t8 a11 t9)
15.0: (sync_actions a11)
16.0: (validate_payload t9 a8 t10)
17.0: (sync_actions a8)
18.0: (del a2)
19.0: (validate_payload t11 a1 t12)
20.0: (sync_actions a1)
21.0: (validate_payload t12 a0 t13)
22.0: (sync_actions a0)
23.0: (del a6)
24.0: (del a10)
25.0: (validate_payload t15 a2 t16)
26.0: (sync_actions a2)
27.0: (validate_payload t16 a9 t17)
28.0: (sync_actions a9)

Plan-Length:29
Metric (Search):10.0
Planning Time (msec): 338
Heuristic Time (msec): 6
Search Time (msec): 330
Expanded Nodes:1118
States Evaluated:1648
Number of Dead-Ends detected:0
Number of Duplicates detected:218
/usr/bin/time -v timeout 600 java -Xmx64g -jar ./enhsp3.jar -o ./domain_with_failure.pddl -f ./problems/BasePN-2And-add-5-d3/problem26.pddl -h blind -s WAStar
Domain parsed
Problem parsed
Grounding..
Grounding Time: 4984
UFX:true
|F|:15120
|X|:11
|A|:582
|P|:0
|E|:0
h(I):0.0
f(n) = 2.0 (Expanded Nodes: 4, Evaluated States: 8, Time: 0.026) Frontier Size: 4
f(n) = 4.0 (Expanded Nodes: 21, Evaluated States: 43, Time: 0.08) Frontier Size: 22
f(n) = 5.0 (Expanded Nodes: 76, Evaluated States: 133, Time: 0.111) Frontier Size: 57
f(n) = 6.0 (Expanded Nodes: 84, Evaluated States: 133, Time: 0.112) Frontier Size: 49
f(n) = 7.0 (Expanded Nodes: 189, Evaluated States: 278, Time: 0.144) Frontier Size: 89
f(n) = 8.0 (Expanded Nodes: 229, Evaluated States: 322, Time: 0.157) Frontier Size: 93
f(n) = 9.0 (Expanded Nodes: 370, Evaluated States: 517, Time: 0.198) Frontier Size: 147
f(n) = 10.0 (Expanded Nodes: 561, Evaluated States: 919, Time: 0.247) Frontier Size: 358
Problem Solved

Found Plan:
0.0: (validate_payload t0 a7 t1)
1.0: (sync_actions a7)
2.0: (del a4)
3.0: (validate_payload t2 a10 t3)
4.0: (sync_actions a10)
5.0: (del a10)
6.0: (del a10)
7.0: (del a9)
8.0: (validate_payload t6 a3 t7)
9.0: (sync_actions a3)
10.0: (validate_payload t7 a4 t8)
11.0: (sync_actions a4)
12.0: (validate_payload t8 a12 t9)
13.0: (sync_actions a12)
14.0: (validate_payload t9 a11 t10)
15.0: (sync_actions a11)
16.0: (validate_payload t10 a6 t11)
17.0: (sync_actions a6)
18.0: (del a8)
19.0: (validate_payload t12 a8 t13)
20.0: (sync_actions a8)
21.0: (validate_payload t13 a1 t14)
22.0: (sync_actions a1)
23.0: (validate_payload t14 a0 t15)
24.0: (sync_actions a0)
25.0: (validate_payload t15 a2 t16)
26.0: (sync_actions a2)
27.0: (validate_payload t16 a9 t17)
28.0: (sync_actions a9)

Plan-Length:29
Metric (Search):10.0
Planning Time (msec): 332
Heuristic Time (msec): 8
Search Time (msec): 329
Expanded Nodes:945
States Evaluated:1561
Number of Dead-Ends detected:0
Number of Duplicates detected:166
/usr/bin/time -v timeout 600 java -Xmx64g -jar ./enhsp3.jar -o ./domain_with_failure.pddl -f ./problems/BasePN-2And-add-5-d3/problem27.pddl -h blind -s WAStar
Domain parsed
Problem parsed
Grounding..
Grounding Time: 5088
UFX:true
|F|:15120
|X|:11
|A|:582
|P|:0
|E|:0
h(I):0.0
f(n) = 1.0 (Expanded Nodes: 8, Evaluated States: 22, Time: 0.025) Frontier Size: 14
f(n) = 2.0 (Expanded Nodes: 17, Evaluated States: 34, Time: 0.059) Frontier Size: 17
f(n) = 3.0 (Expanded Nodes: 46, Evaluated States: 91, Time: 0.091) Frontier Size: 45
f(n) = 4.0 (Expanded Nodes: 73, Evaluated States: 119, Time: 0.104) Frontier Size: 46
f(n) = 5.0 (Expanded Nodes: 140, Evaluated States: 219, Time: 0.13) Frontier Size: 79
f(n) = 6.0 (Expanded Nodes: 189, Evaluated States: 263, Time: 0.14) Frontier Size: 74
f(n) = 7.0 (Expanded Nodes: 292, Evaluated States: 398, Time: 0.172) Frontier Size: 106
f(n) = 8.0 (Expanded Nodes: 370, Evaluated States: 498, Time: 0.187) Frontier Size: 128
f(n) = 9.0 (Expanded Nodes: 531, Evaluated States: 731, Time: 0.222) Frontier Size: 200
f(n) = 10.0 (Expanded Nodes: 757, Evaluated States: 1141, Time: 0.255) Frontier Size: 384
Problem Solved

Found Plan:
0.0: (validate_payload t0 a7 t1)
1.0: (sync_actions a7)
2.0: (validate_payload t1 a3 t2)
3.0: (sync_actions a3)
4.0: (validate_payload t2 a4 t3)
5.0: (sync_actions a4)
6.0: (del a3)
7.0: (del a2)
8.0: (del a2)
9.0: (validate_payload t6 a10 t7)
10.0: (sync_actions a10)
11.0: (del a0)
12.0: (validate_payload t8 a6 t9)
13.0: (sync_actions a6)
14.0: (validate_payload t9 a12 t10)
15.0: (sync_actions a12)
16.0: (validate_payload t10 a11 t11)
17.0: (sync_actions a11)
18.0: (validate_payload t11 a8 t12)
19.0: (sync_actions a8)
20.0: (del a3)
21.0: (validate_payload t13 a1 t14)
22.0: (sync_actions a1)
23.0: (validate_payload t14 a2 t15)
24.0: (sync_actions a2)
25.0: (validate_payload t15 a0 t16)
26.0: (sync_actions a0)
27.0: (validate_payload t16 a9 t17)
28.0: (sync_actions a9)

Plan-Length:29
Metric (Search):10.0
Planning Time (msec): 325
Heuristic Time (msec): 7
Search Time (msec): 318
Expanded Nodes:1224
States Evaluated:1981
Number of Dead-Ends detected:0
Number of Duplicates detected:212
/usr/bin/time -v timeout 600 java -Xmx64g -jar ./enhsp3.jar -o ./domain_with_failure.pddl -f ./problems/BasePN-2And-add-5-d3/problem28.pddl -h blind -s WAStar
Domain parsed
Problem parsed
Grounding..
Grounding Time: 4878
UFX:true
|F|:15120
|X|:11
|A|:582
|P|:0
|E|:0
h(I):0.0
f(n) = 2.0 (Expanded Nodes: 2, Evaluated States: 3, Time: 0.025) Frontier Size: 1
f(n) = 4.0 (Expanded Nodes: 8, Evaluated States: 15, Time: 0.062) Frontier Size: 7
f(n) = 5.0 (Expanded Nodes: 29, Evaluated States: 62, Time: 0.085) Frontier Size: 33
f(n) = 6.0 (Expanded Nodes: 49, Evaluated States: 110, Time: 0.095) Frontier Size: 61
f(n) = 7.0 (Expanded Nodes: 117, Evaluated States: 238, Time: 0.13) Frontier Size: 121
f(n) = 8.0 (Expanded Nodes: 254, Evaluated States: 466, Time: 0.17) Frontier Size: 212
f(n) = 9.0 (Expanded Nodes: 533, Evaluated States: 927, Time: 0.252) Frontier Size: 394
f(n) = 10.0 (Expanded Nodes: 1012, Evaluated States: 1711, Time: 0.35) Frontier Size: 699
f(n) = 11.0 (Expanded Nodes: 1833, Evaluated States: 2958, Time: 0.448) Frontier Size: 1125
Problem Solved

Found Plan:
0.0: (del a1)
1.0: (validate_payload t1 a7 t2)
2.0: (sync_actions a7)
3.0: (del a9)
4.0: (validate_payload t3 a10 t4)
5.0: (sync_actions a10)
6.0: (validate_payload t4 a3 t5)
7.0: (sync_actions a3)
8.0: (del a7)
9.0: (change_value a4 categorical c3)
10.0: (validate_payload t6 a4 t7)
11.0: (sync_actions a4)
12.0: (validate_payload t7 a6 t8)
13.0: (sync_actions a6)
14.0: (validate_payload t8 a12 t9)
15.0: (sync_actions a12)
16.0: (del a8)
17.0: (validate_payload t10 a11 t11)
18.0: (sync_actions a11)
19.0: (validate_payload t11 a8 t12)
20.0: (sync_actions a8)
21.0: (validate_payload t12 a0 t13)
22.0: (sync_actions a0)
23.0: (del a9)
24.0: (validate_payload t14 a1 t15)
25.0: (sync_actions a1)
26.0: (validate_payload t15 a2 t16)
27.0: (sync_actions a2)
28.0: (validate_payload t16 a9 t17)
29.0: (sync_actions a9)

Plan-Length:30
Metric (Search):11.0
Planning Time (msec): 536
Heuristic Time (msec): 11
Search Time (msec): 526
Expanded Nodes:2667
States Evaluated:4279
Number of Dead-Ends detected:0
Number of Duplicates detected:376
/usr/bin/time -v timeout 600 java -Xmx64g -jar ./enhsp3.jar -o ./domain_with_failure.pddl -f ./problems/BasePN-2And-add-5-d3/problem29.pddl -h blind -s WAStar
Domain parsed
Problem parsed
Grounding..
Grounding Time: 4838
UFX:true
|F|:15120
|X|:9
|A|:582
|P|:0
|E|:0
h(I):0.0
f(n) = 1.0 (Expanded Nodes: 6, Evaluated States: 17, Time: 0.026) Frontier Size: 11
f(n) = 2.0 (Expanded Nodes: 18, Evaluated States: 39, Time: 0.069) Frontier Size: 21
f(n) = 3.0 (Expanded Nodes: 39, Evaluated States: 91, Time: 0.096) Frontier Size: 52
f(n) = 4.0 (Expanded Nodes: 95, Evaluated States: 193, Time: 0.118) Frontier Size: 98
f(n) = 5.0 (Expanded Nodes: 184, Evaluated States: 323, Time: 0.15) Frontier Size: 139
f(n) = 6.0 (Expanded Nodes: 368, Evaluated States: 641, Time: 0.202) Frontier Size: 273
f(n) = 7.0 (Expanded Nodes: 584, Evaluated States: 873, Time: 0.256) Frontier Size: 289
f(n) = 8.0 (Expanded Nodes: 978, Evaluated States: 1437, Time: 0.329) Frontier Size: 459
f(n) = 9.0 (Expanded Nodes: 1389, Evaluated States: 1757, Time: 0.406) Frontier Size: 368
f(n) = 10.0 (Expanded Nodes: 1944, Evaluated States: 2530, Time: 0.462) Frontier Size: 586
Problem Solved

Found Plan:
0.0: (validate_payload t0 a7 t1)
1.0: (sync_actions a7)
2.0: (validate_payload t1 a10 t2)
3.0: (sync_actions a10)
4.0: (del a6)
5.0: (validate_payload t3 a3 t4)
6.0: (sync_actions a3)
7.0: (del a6)
8.0: (validate_payload t5 a5 t6)
9.0: (sync_actions a5)
10.0: (validate_payload t6 a6 t7)
11.0: (sync_actions a6)
12.0: (del a0)
13.0: (validate_payload t8 a12 t9)
14.0: (sync_actions a12)
15.0: (del a1)
16.0: (validate_payload t10 a11 t11)
17.0: (sync_actions a11)
18.0: (validate_payload t11 a8 t12)
19.0: (sync_actions a8)
20.0: (del a7)
21.0: (validate_payload t13 a0 t14)
22.0: (sync_actions a0)
23.0: (validate_payload t14 a1 t15)
24.0: (sync_actions a1)
25.0: (validate_payload t15 a2 t16)
26.0: (sync_actions a2)
27.0: (validate_payload t16 a9 t17)
28.0: (sync_actions a9)

Plan-Length:29
Metric (Search):10.0
Planning Time (msec): 506
Heuristic Time (msec): 4
Search Time (msec): 493
Expanded Nodes:2318
States Evaluated:2840
Number of Dead-Ends detected:0
Number of Duplicates detected:603
/usr/bin/time -v timeout 600 java -Xmx64g -jar ./enhsp3.jar -o ./domain_with_failure.pddl -f ./problems/BasePN-2And-add-5-d3/problem30.pddl -h blind -s WAStar
Domain parsed
Problem parsed
Grounding..
Grounding Time: 4925
UFX:true
|F|:15120
|X|:11
|A|:582
|P|:0
|E|:0
h(I):0.0
f(n) = 2.0 (Expanded Nodes: 2, Evaluated States: 3, Time: 0.022) Frontier Size: 1
f(n) = 3.0 (Expanded Nodes: 10, Evaluated States: 25, Time: 0.069) Frontier Size: 15
f(n) = 4.0 (Expanded Nodes: 22, Evaluated States: 47, Time: 0.077) Frontier Size: 25
f(n) = 5.0 (Expanded Nodes: 53, Evaluated States: 124, Time: 0.107) Frontier Size: 71
f(n) = 6.0 (Expanded Nodes: 140, Evaluated States: 276, Time: 0.141) Frontier Size: 136
f(n) = 7.0 (Expanded Nodes: 301, Evaluated States: 547, Time: 0.188) Frontier Size: 246
f(n) = 8.0 (Expanded Nodes: 555, Evaluated States: 943, Time: 0.235) Frontier Size: 388
f(n) = 9.0 (Expanded Nodes: 999, Evaluated States: 1507, Time: 0.276) Frontier Size: 508
f(n) = 10.0 (Expanded Nodes: 1578, Evaluated States: 2241, Time: 0.338) Frontier Size: 663
f(n) = 11.0 (Expanded Nodes: 2354, Evaluated States: 3126, Time: 0.407) Frontier Size: 772
Problem Solved

Found Plan:
0.0: (del a11)
1.0: (validate_payload t1 a7 t2)
2.0: (sync_actions a7)
3.0: (validate_payload t2 a10 t3)
4.0: (sync_actions a10)
5.0: (del a0)
6.0: (validate_payload t4 a3 t5)
7.0: (sync_actions a3)
8.0: (change_value a4 categorical c2)
9.0: (validate_payload t5 a4 t6)
10.0: (sync_actions a4)
11.0: (validate_payload t6 a6 t7)
12.0: (sync_actions a6)
13.0: (del a3)
14.0: (del a2)
15.0: (validate_payload t9 a12 t10)
16.0: (sync_actions a12)
17.0: (validate_payload t10 a11 t11)
18.0: (sync_actions a11)
19.0: (del a7)
20.0: (validate_payload t12 a8 t13)
21.0: (sync_actions a8)
22.0: (validate_payload t13 a1 t14)
23.0: (sync_actions a1)
24.0: (validate_payload t14 a2 t15)
25.0: (sync_actions a2)
26.0: (validate_payload t15 a0 t16)
27.0: (sync_actions a0)
28.0: (validate_payload t16 a9 t17)
29.0: (sync_actions a9)

Plan-Length:30
Metric (Search):11.0
Planning Time (msec): 464
Heuristic Time (msec): 11
Search Time (msec): 461
Expanded Nodes:3092
States Evaluated:3982
Number of Dead-Ends detected:0
Number of Duplicates detected:609
/usr/bin/time -v timeout 600 java -Xmx64g -jar ./enhsp3.jar -o ./domain_with_failure.pddl -f ./problems/BasePN-2And-add-5-d3/problem31.pddl -h blind -s WAStar
Domain parsed
Problem parsed
Grounding..
Grounding Time: 5362
UFX:true
|F|:15120
|X|:10
|A|:582
|P|:0
|E|:0
h(I):0.0
f(n) = 1.0 (Expanded Nodes: 6, Evaluated States: 18, Time: 0.03) Frontier Size: 12
f(n) = 2.0 (Expanded Nodes: 18, Evaluated States: 40, Time: 0.06) Frontier Size: 22
f(n) = 3.0 (Expanded Nodes: 39, Evaluated States: 95, Time: 0.09) Frontier Size: 56
f(n) = 4.0 (Expanded Nodes: 97, Evaluated States: 177, Time: 0.115) Frontier Size: 80
f(n) = 5.0 (Expanded Nodes: 177, Evaluated States: 306, Time: 0.144) Frontier Size: 129
f(n) = 6.0 (Expanded Nodes: 344, Evaluated States: 562, Time: 0.19) Frontier Size: 218
f(n) = 7.0 (Expanded Nodes: 584, Evaluated States: 926, Time: 0.229) Frontier Size: 342
f(n) = 8.0 (Expanded Nodes: 954, Evaluated States: 1462, Time: 0.264) Frontier Size: 508
f(n) = 9.0 (Expanded Nodes: 1545, Evaluated States: 2206, Time: 0.331) Frontier Size: 661
f(n) = 10.0 (Expanded Nodes: 2304, Evaluated States: 3176, Time: 0.412) Frontier Size: 872
f(n) = 11.0 (Expanded Nodes: 3327, Evaluated States: 4362, Time: 0.478) Frontier Size: 1035
Problem Solved

Found Plan:
0.0: (validate_payload t0 a7 t1)
1.0: (sync_actions a7)
2.0: (validate_payload t1 a10 t2)
3.0: (sync_actions a10)
4.0: (del a2)
5.0: (del a0)
6.0: (validate_payload t4 a3 t5)
7.0: (sync_actions a3)
8.0: (change_value a4 categorical c3)
9.0: (validate_payload t5 a4 t6)
10.0: (sync_actions a4)
11.0: (validate_payload t6 a6 t7)
12.0: (sync_actions a6)
13.0: (validate_payload t7 a12 t8)
14.0: (sync_actions a12)
15.0: (del a5)
16.0: (del a5)
17.0: (validate_payload t10 a11 t11)
18.0: (sync_actions a11)
19.0: (validate_payload t11 a8 t12)
20.0: (sync_actions a8)
21.0: (del a2)
22.0: (validate_payload t13 a1 t14)
23.0: (sync_actions a1)
24.0: (validate_payload t14 a2 t15)
25.0: (sync_actions a2)
26.0: (validate_payload t15 a0 t16)
27.0: (sync_actions a0)
28.0: (validate_payload t16 a9 t17)
29.0: (sync_actions a9)

Plan-Length:30
Metric (Search):11.0
Planning Time (msec): 495
Heuristic Time (msec): 8
Search Time (msec): 492
Expanded Nodes:3487
States Evaluated:4553
Number of Dead-Ends detected:0
Number of Duplicates detected:672
/usr/bin/time -v timeout 600 java -Xmx64g -jar ./enhsp3.jar -o ./domain_with_failure.pddl -f ./problems/BasePN-2And-add-5-d3/problem32.pddl -h blind -s WAStar
Domain parsed
Problem parsed
Grounding..
Grounding Time: 5061
UFX:true
|F|:15120
|X|:9
|A|:582
|P|:0
|E|:0
h(I):0.0
f(n) = 1.0 (Expanded Nodes: 8, Evaluated States: 23, Time: 0.028) Frontier Size: 15
f(n) = 2.0 (Expanded Nodes: 28, Evaluated States: 71, Time: 0.065) Frontier Size: 43
f(n) = 3.0 (Expanded Nodes: 62, Evaluated States: 145, Time: 0.094) Frontier Size: 83
f(n) = 4.0 (Expanded Nodes: 166, Evaluated States: 327, Time: 0.129) Frontier Size: 161
f(n) = 5.0 (Expanded Nodes: 302, Evaluated States: 493, Time: 0.172) Frontier Size: 191
f(n) = 6.0 (Expanded Nodes: 570, Evaluated States: 903, Time: 0.237) Frontier Size: 333
f(n) = 7.0 (Expanded Nodes: 847, Evaluated States: 1155, Time: 0.283) Frontier Size: 308
f(n) = 8.0 (Expanded Nodes: 1283, Evaluated States: 1753, Time: 0.362) Frontier Size: 470
f(n) = 9.0 (Expanded Nodes: 1729, Evaluated States: 2087, Time: 0.408) Frontier Size: 358
f(n) = 10.0 (Expanded Nodes: 2268, Evaluated States: 2861, Time: 0.467) Frontier Size: 593
Problem Solved

Found Plan:
0.0: (validate_payload t0 a7 t1)
1.0: (sync_actions a7)
2.0: (validate_payload t1 a10 t2)
3.0: (sync_actions a10)
4.0: (validate_payload t2 a3 t3)
5.0: (sync_actions a3)
6.0: (del a3)
7.0: (validate_payload t4 a4 t5)
8.0: (sync_actions a4)
9.0: (del a4)
10.0: (validate_payload t6 a6 t7)
11.0: (sync_actions a6)
12.0: (validate_payload t7 a12 t8)
13.0: (sync_actions a12)
14.0: (del a2)
15.0: (del a10)
16.0: (validate_payload t10 a11 t11)
17.0: (sync_actions a11)
18.0: (validate_payload t11 a8 t12)
19.0: (sync_actions a8)
20.0: (validate_payload t12 a0 t13)
21.0: (sync_actions a0)
22.0: (del a7)
23.0: (validate_payload t14 a1 t15)
24.0: (sync_actions a1)
25.0: (validate_payload t15 a2 t16)
26.0: (sync_actions a2)
27.0: (validate_payload t16 a9 t17)
28.0: (sync_actions a9)

Plan-Length:29
Metric (Search):10.0
Planning Time (msec): 523
Heuristic Time (msec): 11
Search Time (msec): 522
Expanded Nodes:2893
States Evaluated:3388
Number of Dead-Ends detected:0
Number of Duplicates detected:762
/usr/bin/time -v timeout 600 java -Xmx64g -jar ./enhsp3.jar -o ./domain_with_failure.pddl -f ./problems/BasePN-2And-add-5-d3/problem33.pddl -h blind -s WAStar
Domain parsed
Problem parsed
Grounding..
Grounding Time: 4696
UFX:true
|F|:15120
|X|:11
|A|:582
|P|:0
|E|:0
h(I):0.0
f(n) = 2.0 (Expanded Nodes: 2, Evaluated States: 3, Time: 0.015) Frontier Size: 1
f(n) = 3.0 (Expanded Nodes: 18, Evaluated States: 47, Time: 0.066) Frontier Size: 29
f(n) = 4.0 (Expanded Nodes: 67, Evaluated States: 159, Time: 0.091) Frontier Size: 92
f(n) = 5.0 (Expanded Nodes: 185, Evaluated States: 365, Time: 0.142) Frontier Size: 180
f(n) = 6.0 (Expanded Nodes: 388, Evaluated States: 731, Time: 0.195) Frontier Size: 343
f(n) = 7.0 (Expanded Nodes: 761, Evaluated States: 1245, Time: 0.266) Frontier Size: 484
f(n) = 8.0 (Expanded Nodes: 1279, Evaluated States: 1923, Time: 0.37) Frontier Size: 644
f(n) = 9.0 (Expanded Nodes: 2055, Evaluated States: 2855, Time: 0.479) Frontier Size: 800
f(n) = 10.0 (Expanded Nodes: 2880, Evaluated States: 3827, Time: 0.545) Frontier Size: 947
f(n) = 11.0 (Expanded Nodes: 3970, Evaluated States: 5013, Time: 0.622) Frontier Size: 1043
Problem Solved

Found Plan:
0.0: (del a1)
1.0: (validate_payload t1 a7 t2)
2.0: (sync_actions a7)
3.0: (validate_payload t2 a3 t3)
4.0: (sync_actions a3)
5.0: (validate_payload t3 a10 t4)
6.0: (sync_actions a10)
7.0: (validate_payload t4 a12 t5)
8.0: (sync_actions a12)
9.0: (validate_payload t5 a11 t6)
10.0: (sync_actions a11)
11.0: (change_value a4 categorical c3)
12.0: (validate_payload t6 a4 t7)
13.0: (sync_actions a4)
14.0: (validate_payload t7 a6 t8)
15.0: (sync_actions a6)
16.0: (del a1)
17.0: (del a6)
18.0: (del a10)
19.0: (del a6)
20.0: (validate_payload t12 a8 t13)
21.0: (sync_actions a8)
22.0: (validate_payload t13 a1 t14)
23.0: (sync_actions a1)
24.0: (validate_payload t14 a2 t15)
25.0: (sync_actions a2)
26.0: (validate_payload t15 a0 t16)
27.0: (sync_actions a0)
28.0: (validate_payload t16 a9 t17)
29.0: (sync_actions a9)

Plan-Length:30
Metric (Search):11.0
Planning Time (msec): 644
Heuristic Time (msec): 8
Search Time (msec): 642
Expanded Nodes:4229
States Evaluated:5300
Number of Dead-Ends detected:0
Number of Duplicates detected:933
/usr/bin/time -v timeout 600 java -Xmx64g -jar ./enhsp3.jar -o ./domain_with_failure.pddl -f ./problems/BasePN-2And-add-5-d3/problem34.pddl -h blind -s WAStar
Domain parsed
Problem parsed
Grounding..
Grounding Time: 4853
UFX:true
|F|:15120
|X|:10
|A|:582
|P|:0
|E|:0
h(I):0.0
f(n) = 1.0 (Expanded Nodes: 10, Evaluated States: 28, Time: 0.029) Frontier Size: 18
f(n) = 2.0 (Expanded Nodes: 38, Evaluated States: 98, Time: 0.079) Frontier Size: 60
f(n) = 3.0 (Expanded Nodes: 79, Evaluated States: 183, Time: 0.112) Frontier Size: 104
f(n) = 4.0 (Expanded Nodes: 207, Evaluated States: 403, Time: 0.147) Frontier Size: 196
f(n) = 5.0 (Expanded Nodes: 373, Evaluated States: 590, Time: 0.192) Frontier Size: 217
f(n) = 6.0 (Expanded Nodes: 698, Evaluated States: 1092, Time: 0.252) Frontier Size: 394
f(n) = 7.0 (Expanded Nodes: 1090, Evaluated States: 1530, Time: 0.312) Frontier Size: 440
f(n) = 8.0 (Expanded Nodes: 1603, Evaluated States: 2268, Time: 0.399) Frontier Size: 665
f(n) = 9.0 (Expanded Nodes: 2318, Evaluated States: 2987, Time: 0.462) Frontier Size: 669
f(n) = 10.0 (Expanded Nodes: 3173, Evaluated States: 4098, Time: 0.522) Frontier Size: 925
Problem Solved

Found Plan:
0.0: (validate_payload t0 a7 t1)
1.0: (sync_actions a7)
2.0: (validate_payload t1 a10 t2)
3.0: (sync_actions a10)
4.0: (validate_payload t2 a3 t3)
5.0: (sync_actions a3)
6.0: (validate_payload t3 a5 t4)
7.0: (sync_actions a5)
8.0: (del a9)
9.0: (del a3)
10.0: (validate_payload t6 a6 t7)
11.0: (sync_actions a6)
12.0: (validate_payload t7 a12 t8)
13.0: (sync_actions a12)
14.0: (validate_payload t8 a11 t9)
15.0: (sync_actions a11)
16.0: (del a5)
17.0: (del a11)
18.0: (validate_payload t11 a8 t12)
19.0: (sync_actions a8)
20.0: (validate_payload t12 a1 t13)
21.0: (sync_actions a1)
22.0: (del a5)
23.0: (validate_payload t14 a0 t15)
24.0: (sync_actions a0)
25.0: (validate_payload t15 a2 t16)
26.0: (sync_actions a2)
27.0: (validate_payload t16 a9 t17)
28.0: (sync_actions a9)

Plan-Length:29
Metric (Search):10.0
Planning Time (msec): 590
Heuristic Time (msec): 9
Search Time (msec): 582
Expanded Nodes:4145
States Evaluated:5171
Number of Dead-Ends detected:0
Number of Duplicates detected:943
/usr/bin/time -v timeout 600 java -Xmx64g -jar ./enhsp3.jar -o ./domain_with_failure.pddl -f ./problems/BasePN-2And-add-5-d3/problem35.pddl -h blind -s WAStar
Domain parsed
Problem parsed
Grounding..
Grounding Time: 4905
UFX:true
|F|:15120
|X|:9
|A|:582
|P|:0
|E|:0
h(I):0.0
f(n) = 2.0 (Expanded Nodes: 4, Evaluated States: 8, Time: 0.021) Frontier Size: 4
f(n) = 3.0 (Expanded Nodes: 25, Evaluated States: 57, Time: 0.081) Frontier Size: 32
f(n) = 4.0 (Expanded Nodes: 69, Evaluated States: 167, Time: 0.101) Frontier Size: 98
f(n) = 5.0 (Expanded Nodes: 144, Evaluated States: 297, Time: 0.133) Frontier Size: 153
f(n) = 6.0 (Expanded Nodes: 360, Evaluated States: 689, Time: 0.179) Frontier Size: 329
f(n) = 7.0 (Expanded Nodes: 616, Evaluated States: 954, Time: 0.207) Frontier Size: 338
f(n) = 8.0 (Expanded Nodes: 1107, Evaluated States: 1681, Time: 0.265) Frontier Size: 574
f(n) = 9.0 (Expanded Nodes: 1658, Evaluated States: 2186, Time: 0.317) Frontier Size: 528
f(n) = 10.0 (Expanded Nodes: 2356, Evaluated States: 3187, Time: 0.386) Frontier Size: 831
Problem Solved

Found Plan:
0.0: (validate_payload t0 a7 t1)
1.0: (sync_actions a7)
2.0: (del a1)
3.0: (validate_payload t2 a10 t3)
4.0: (sync_actions a10)
5.0: (validate_payload t3 a12 t4)
6.0: (sync_actions a12)
7.0: (validate_payload t4 a3 t5)
8.0: (sync_actions a3)
9.0: (validate_payload t5 a4 t6)
10.0: (sync_actions a4)
11.0: (validate_payload t6 a11 t7)
12.0: (sync_actions a11)
13.0: (del a4)
14.0: (del a12)
15.0: (validate_payload t9 a6 t10)
16.0: (sync_actions a6)
17.0: (validate_payload t10 a8 t11)
18.0: (sync_actions a8)
19.0: (del a4)
20.0: (validate_payload t12 a1 t13)
21.0: (sync_actions a1)
22.0: (del a4)
23.0: (validate_payload t14 a2 t15)
24.0: (sync_actions a2)
25.0: (validate_payload t15 a0 t16)
26.0: (sync_actions a0)
27.0: (validate_payload t16 a9 t17)
28.0: (sync_actions a9)

Plan-Length:29
Metric (Search):10.0
Planning Time (msec): 431
Heuristic Time (msec): 7
Search Time (msec): 425
Expanded Nodes:2986
States Evaluated:3812
Number of Dead-Ends detected:0
Number of Duplicates detected:735
/usr/bin/time -v timeout 600 java -Xmx64g -jar ./enhsp3.jar -o ./domain_with_failure.pddl -f ./problems/BasePN-2And-add-5-d3/problem36.pddl -h blind -s WAStar
Domain parsed
Problem parsed
Grounding..
Grounding Time: 5173
UFX:true
|F|:15120
|X|:12
|A|:582
|P|:0
|E|:0
h(I):0.0
f(n) = 2.0 (Expanded Nodes: 2, Evaluated States: 3, Time: 0.018) Frontier Size: 1
f(n) = 3.0 (Expanded Nodes: 14, Evaluated States: 38, Time: 0.069) Frontier Size: 24
f(n) = 4.0 (Expanded Nodes: 51, Evaluated States: 132, Time: 0.092) Frontier Size: 81
f(n) = 5.0 (Expanded Nodes: 140, Evaluated States: 305, Time: 0.132) Frontier Size: 165
f(n) = 6.0 (Expanded Nodes: 328, Evaluated States: 659, Time: 0.19) Frontier Size: 331
f(n) = 7.0 (Expanded Nodes: 674, Evaluated States: 1127, Time: 0.268) Frontier Size: 453
f(n) = 8.0 (Expanded Nodes: 1164, Evaluated States: 1841, Time: 0.334) Frontier Size: 677
f(n) = 9.0 (Expanded Nodes: 1888, Evaluated States: 2636, Time: 0.414) Frontier Size: 748
f(n) = 10.0 (Expanded Nodes: 2754, Evaluated States: 3690, Time: 0.495) Frontier Size: 936
Problem Solved

Found Plan:
0.0: (del a12)
1.0: (validate_payload t1 a7 t2)
2.0: (sync_actions a7)
3.0: (validate_payload t2 a10 t3)
4.0: (sync_actions a10)
5.0: (validate_payload t3 a3 t4)
6.0: (sync_actions a3)
7.0: (validate_payload t4 a4 t5)
8.0: (sync_actions a4)
9.0: (del a8)
10.0: (validate_payload t6 a12 t7)
11.0: (sync_actions a12)
12.0: (validate_payload t7 a11 t8)
13.0: (sync_actions a11)
14.0: (del a4)
15.0: (del a4)
16.0: (validate_payload t10 a6 t11)
17.0: (sync_actions a6)
18.0: (del a2)
19.0: (validate_payload t12 a8 t13)
20.0: (sync_actions a8)
21.0: (validate_payload t13 a1 t14)
22.0: (sync_actions a1)
23.0: (validate_payload t14 a0 t15)
24.0: (sync_actions a0)
25.0: (validate_payload t15 a2 t16)
26.0: (sync_actions a2)
27.0: (validate_payload t16 a9 t17)
28.0: (sync_actions a9)

Plan-Length:29
Metric (Search):10.0
Planning Time (msec): 535
Heuristic Time (msec): 8
Search Time (msec): 534
Expanded Nodes:3202
States Evaluated:4255
Number of Dead-Ends detected:0
Number of Duplicates detected:695
/usr/bin/time -v timeout 600 java -Xmx64g -jar ./enhsp3.jar -o ./domain_with_failure.pddl -f ./problems/BasePN-2And-add-5-d3/problem37.pddl -h blind -s WAStar
Domain parsed
Problem parsed
Grounding..
Grounding Time: 4828
UFX:true
|F|:15120
|X|:9
|A|:582
|P|:0
|E|:0
h(I):0.0
f(n) = 2.0 (Expanded Nodes: 2, Evaluated States: 3, Time: 0.018) Frontier Size: 1
f(n) = 4.0 (Expanded Nodes: 6, Evaluated States: 10, Time: 0.057) Frontier Size: 4
f(n) = 6.0 (Expanded Nodes: 22, Evaluated States: 42, Time: 0.072) Frontier Size: 20
f(n) = 7.0 (Expanded Nodes: 76, Evaluated States: 136, Time: 0.101) Frontier Size: 60
f(n) = 8.0 (Expanded Nodes: 91, Evaluated States: 160, Time: 0.111) Frontier Size: 69
f(n) = 9.0 (Expanded Nodes: 227, Evaluated States: 358, Time: 0.149) Frontier Size: 131
f(n) = 10.0 (Expanded Nodes: 278, Evaluated States: 418, Time: 0.161) Frontier Size: 140
Problem Solved

Found Plan:
0.0: (del a4)
1.0: (del a11)
2.0: (validate_payload t2 a7 t3)
3.0: (sync_actions a7)
4.0: (validate_payload t3 a10 t4)
5.0: (sync_actions a10)
6.0: (del a7)
7.0: (validate_payload t5 a3 t6)
8.0: (sync_actions a3)
9.0: (validate_payload t6 a5 t7)
10.0: (sync_actions a5)
11.0: (validate_payload t7 a6 t8)
12.0: (sync_actions a6)
13.0: (validate_payload t8 a12 t9)
14.0: (sync_actions a12)
15.0: (del a3)
16.0: (validate_payload t10 a11 t11)
17.0: (sync_actions a11)
18.0: (del a6)
19.0: (validate_payload t12 a8 t13)
20.0: (sync_actions a8)
21.0: (validate_payload t13 a1 t14)
22.0: (sync_actions a1)
23.0: (validate_payload t14 a0 t15)
24.0: (sync_actions a0)
25.0: (validate_payload t15 a2 t16)
26.0: (sync_actions a2)
27.0: (validate_payload t16 a9 t17)
28.0: (sync_actions a9)

Plan-Length:29
Metric (Search):10.0
Planning Time (msec): 194
Heuristic Time (msec): 7
Search Time (msec): 186
Expanded Nodes:351
States Evaluated:524
Number of Dead-Ends detected:0
Number of Duplicates detected:77
/usr/bin/time -v timeout 600 java -Xmx64g -jar ./enhsp3.jar -o ./domain_with_failure.pddl -f ./problems/BasePN-2And-add-5-d3/problem38.pddl -h blind -s WAStar
Domain parsed
Problem parsed
Grounding..
Grounding Time: 4895
UFX:true
|F|:15120
|X|:10
|A|:582
|P|:0
|E|:0
h(I):0.0
f(n) = 2.0 (Expanded Nodes: 2, Evaluated States: 3, Time: 0.019) Frontier Size: 1
f(n) = 3.0 (Expanded Nodes: 10, Evaluated States: 24, Time: 0.073) Frontier Size: 14
f(n) = 4.0 (Expanded Nodes: 22, Evaluated States: 46, Time: 0.079) Frontier Size: 24
f(n) = 5.0 (Expanded Nodes: 57, Evaluated States: 129, Time: 0.108) Frontier Size: 72
f(n) = 6.0 (Expanded Nodes: 162, Evaluated States: 349, Time: 0.149) Frontier Size: 187
f(n) = 7.0 (Expanded Nodes: 362, Evaluated States: 672, Time: 0.211) Frontier Size: 310
f(n) = 8.0 (Expanded Nodes: 727, Evaluated States: 1318, Time: 0.265) Frontier Size: 591
f(n) = 9.0 (Expanded Nodes: 1369, Evaluated States: 2176, Time: 0.34) Frontier Size: 807
f(n) = 10.0 (Expanded Nodes: 2317, Evaluated States: 3541, Time: 0.42) Frontier Size: 1224
Problem Solved

Found Plan:
0.0: (del a6)
1.0: (validate_payload t1 a7 t2)
2.0: (sync_actions a7)
3.0: (validate_payload t2 a10 t3)
4.0: (sync_actions a10)
5.0: (del a4)
6.0: (validate_payload t4 a3 t5)
7.0: (sync_actions a3)
8.0: (validate_payload t5 a4 t6)
9.0: (sync_actions a4)
10.0: (validate_payload t6 a6 t7)
11.0: (sync_actions a6)
12.0: (validate_payload t7 a12 t8)
13.0: (sync_actions a12)
14.0: (del a1)
15.0: (validate_payload t9 a11 t10)
16.0: (sync_actions a11)
17.0: (validate_payload t10 a8 t11)
18.0: (sync_actions a8)
19.0: (validate_payload t11 a1 t12)
20.0: (sync_actions a1)
21.0: (del a3)
22.0: (validate_payload t13 a2 t14)
23.0: (sync_actions a2)
24.0: (del a3)
25.0: (validate_payload t15 a0 t16)
26.0: (sync_actions a0)
27.0: (validate_payload t16 a9 t17)
28.0: (sync_actions a9)

Plan-Length:29
Metric (Search):10.0
Planning Time (msec): 485
Heuristic Time (msec): 2
Search Time (msec): 476
Expanded Nodes:3205
States Evaluated:4701
Number of Dead-Ends detected:0
Number of Duplicates detected:595
/usr/bin/time -v timeout 600 java -Xmx64g -jar ./enhsp3.jar -o ./domain_with_failure.pddl -f ./problems/BasePN-2And-add-5-d3/problem39.pddl -h blind -s WAStar
Domain parsed
Problem parsed
Grounding..
Grounding Time: 4750
UFX:true
|F|:15120
|X|:8
|A|:582
|P|:0
|E|:0
h(I):0.0
f(n) = 2.0 (Expanded Nodes: 2, Evaluated States: 3, Time: 0.018) Frontier Size: 1
f(n) = 3.0 (Expanded Nodes: 22, Evaluated States: 52, Time: 0.086) Frontier Size: 30
f(n) = 4.0 (Expanded Nodes: 74, Evaluated States: 172, Time: 0.111) Frontier Size: 98
f(n) = 5.0 (Expanded Nodes: 141, Evaluated States: 292, Time: 0.15) Frontier Size: 151
f(n) = 6.0 (Expanded Nodes: 341, Evaluated States: 656, Time: 0.2) Frontier Size: 315
f(n) = 7.0 (Expanded Nodes: 613, Evaluated States: 933, Time: 0.258) Frontier Size: 320
f(n) = 8.0 (Expanded Nodes: 1083, Evaluated States: 1677, Time: 0.343) Frontier Size: 594
f(n) = 9.0 (Expanded Nodes: 1617, Evaluated States: 2134, Time: 0.402) Frontier Size: 517
f(n) = 10.0 (Expanded Nodes: 2341, Evaluated States: 3160, Time: 0.481) Frontier Size: 819
Problem Solved

Found Plan:
0.0: (del a3)
1.0: (validate_payload t1 a7 t2)
2.0: (sync_actions a7)
3.0: (validate_payload t2 a10 t3)
4.0: (sync_actions a10)
5.0: (validate_payload t3 a12 t4)
6.0: (sync_actions a12)
7.0: (validate_payload t4 a11 t5)
8.0: (sync_actions a11)
9.0: (validate_payload t5 a3 t6)
10.0: (sync_actions a3)
11.0: (validate_payload t6 a5 t7)
12.0: (sync_actions a5)
13.0: (validate_payload t7 a6 t8)
14.0: (sync_actions a6)
15.0: (del a10)
16.0: (del a6)
17.0: (validate_payload t10 a8 t11)
18.0: (sync_actions a8)
19.0: (validate_payload t11 a1 t12)
20.0: (sync_actions a1)
21.0: (del a1)
22.0: (del a9)
23.0: (validate_payload t14 a2 t15)
24.0: (sync_actions a2)
25.0: (validate_payload t15 a0 t16)
26.0: (sync_actions a0)
27.0: (validate_payload t16 a9 t17)
28.0: (sync_actions a9)

Plan-Length:29
Metric (Search):10.0
Planning Time (msec): 542
Heuristic Time (msec): 8
Search Time (msec): 539
Expanded Nodes:3138
States Evaluated:3824
Number of Dead-Ends detected:0
Number of Duplicates detected:812
/usr/bin/time -v timeout 600 java -Xmx64g -jar ./enhsp3.jar -o ./domain_with_failure.pddl -f ./problems/BasePN-2And-add-5-d3/problem40.pddl -h blind -s WAStar
Domain parsed
Problem parsed
Grounding..
Grounding Time: 4998
UFX:true
|F|:15120
|X|:10
|A|:582
|P|:0
|E|:0
h(I):0.0
f(n) = 2.0 (Expanded Nodes: 2, Evaluated States: 3, Time: 0.018) Frontier Size: 1
f(n) = 4.0 (Expanded Nodes: 6, Evaluated States: 10, Time: 0.06) Frontier Size: 4
f(n) = 5.0 (Expanded Nodes: 26, Evaluated States: 61, Time: 0.081) Frontier Size: 35
f(n) = 6.0 (Expanded Nodes: 62, Evaluated States: 153, Time: 0.097) Frontier Size: 91
f(n) = 7.0 (Expanded Nodes: 140, Evaluated States: 311, Time: 0.131) Frontier Size: 171
f(n) = 8.0 (Expanded Nodes: 368, Evaluated States: 667, Time: 0.172) Frontier Size: 299
f(n) = 9.0 (Expanded Nodes: 629, Evaluated States: 1020, Time: 0.209) Frontier Size: 391
f(n) = 10.0 (Expanded Nodes: 1153, Evaluated States: 1670, Time: 0.265) Frontier Size: 517
Problem Solved

Found Plan:
0.0: (del a0)
1.0: (del a2)
2.0: (validate_payload t2 a7 t3)
3.0: (sync_actions a7)
4.0: (validate_payload t3 a10 t4)
5.0: (sync_actions a10)
6.0: (validate_payload t4 a12 t5)
7.0: (sync_actions a12)
8.0: (validate_payload t5 a3 t6)
9.0: (sync_actions a3)
10.0: (validate_payload t6 a11 t7)
11.0: (sync_actions a11)
12.0: (del a3)
13.0: (validate_payload t8 a5 t9)
14.0: (sync_actions a5)
15.0: (del a0)
16.0: (validate_payload t10 a6 t11)
17.0: (sync_actions a6)
18.0: (del a0)
19.0: (validate_payload t12 a8 t13)
20.0: (sync_actions a8)
21.0: (validate_payload t13 a0 t14)
22.0: (sync_actions a0)
23.0: (validate_payload t14 a1 t15)
24.0: (sync_actions a1)
25.0: (validate_payload t15 a2 t16)
26.0: (sync_actions a2)
27.0: (validate_payload t16 a9 t17)
28.0: (sync_actions a9)

Plan-Length:29
Metric (Search):10.0
Planning Time (msec): 281
Heuristic Time (msec): 2
Search Time (msec): 278
Expanded Nodes:1239
States Evaluated:1782
Number of Dead-Ends detected:0
Number of Duplicates detected:263
/usr/bin/time -v timeout 600 java -Xmx64g -jar ./enhsp3.jar -o ./domain_with_failure.pddl -f ./problems/BasePN-2And-add-5-d3/problem41.pddl -h blind -s WAStar
Domain parsed
Problem parsed
Grounding..
Grounding Time: 4967
UFX:true
|F|:15120
|X|:11
|A|:582
|P|:0
|E|:0
h(I):0.0
f(n) = 2.0 (Expanded Nodes: 4, Evaluated States: 8, Time: 0.024) Frontier Size: 4
f(n) = 4.0 (Expanded Nodes: 16, Evaluated States: 29, Time: 0.077) Frontier Size: 13
f(n) = 5.0 (Expanded Nodes: 49, Evaluated States: 87, Time: 0.097) Frontier Size: 38
f(n) = 6.0 (Expanded Nodes: 61, Evaluated States: 113, Time: 0.104) Frontier Size: 52
f(n) = 7.0 (Expanded Nodes: 145, Evaluated States: 254, Time: 0.135) Frontier Size: 109
f(n) = 8.0 (Expanded Nodes: 245, Evaluated States: 436, Time: 0.16) Frontier Size: 191
f(n) = 9.0 (Expanded Nodes: 498, Evaluated States: 807, Time: 0.222) Frontier Size: 309
f(n) = 10.0 (Expanded Nodes: 848, Evaluated States: 1373, Time: 0.267) Frontier Size: 525
f(n) = 11.0 (Expanded Nodes: 1475, Evaluated States: 2245, Time: 0.346) Frontier Size: 770
Problem Solved

Found Plan:
0.0: (validate_payload t0 a7 t1)
1.0: (sync_actions a7)
2.0: (del a7)
3.0: (del a11)
4.0: (validate_payload t3 a3 t4)
5.0: (sync_actions a3)
6.0: (validate_payload t4 a10 t5)
7.0: (sync_actions a10)
8.0: (del a6)
9.0: (change_value a4 categorical c2)
10.0: (validate_payload t6 a4 t7)
11.0: (sync_actions a4)
12.0: (validate_payload t7 a6 t8)
13.0: (sync_actions a6)
14.0: (del a1)
15.0: (validate_payload t9 a12 t10)
16.0: (sync_actions a12)
17.0: (validate_payload t10 a11 t11)
18.0: (sync_actions a11)
19.0: (validate_payload t11 a8 t12)
20.0: (sync_actions a8)
21.0: (del a6)
22.0: (validate_payload t13 a0 t14)
23.0: (sync_actions a0)
24.0: (validate_payload t14 a1 t15)
25.0: (sync_actions a1)
26.0: (validate_payload t15 a2 t16)
27.0: (sync_actions a2)
28.0: (validate_payload t16 a9 t17)
29.0: (sync_actions a9)

Plan-Length:30
Metric (Search):11.0
Planning Time (msec): 395
Heuristic Time (msec): 7
Search Time (msec): 392
Expanded Nodes:1941
States Evaluated:2970
Number of Dead-Ends detected:0
Number of Duplicates detected:269
/usr/bin/time -v timeout 600 java -Xmx64g -jar ./enhsp3.jar -o ./domain_with_failure.pddl -f ./problems/BasePN-2And-add-5-d3/problem42.pddl -h blind -s WAStar
Domain parsed
Problem parsed
Grounding..
Grounding Time: 4875
UFX:true
|F|:15120
|X|:8
|A|:582
|P|:0
|E|:0
h(I):0.0
f(n) = 2.0 (Expanded Nodes: 2, Evaluated States: 3, Time: 0.019) Frontier Size: 1
f(n) = 4.0 (Expanded Nodes: 8, Evaluated States: 15, Time: 0.06) Frontier Size: 7
f(n) = 6.0 (Expanded Nodes: 35, Evaluated States: 68, Time: 0.081) Frontier Size: 33
f(n) = 7.0 (Expanded Nodes: 122, Evaluated States: 203, Time: 0.119) Frontier Size: 81
f(n) = 8.0 (Expanded Nodes: 131, Evaluated States: 218, Time: 0.121) Frontier Size: 87
f(n) = 9.0 (Expanded Nodes: 303, Evaluated States: 437, Time: 0.173) Frontier Size: 134
f(n) = 10.0 (Expanded Nodes: 333, Evaluated States: 473, Time: 0.179) Frontier Size: 140
Problem Solved

Found Plan:
0.0: (del a10)
1.0: (del a10)
2.0: (validate_payload t2 a7 t3)
3.0: (sync_actions a7)
4.0: (validate_payload t3 a3 t4)
5.0: (sync_actions a3)
6.0: (validate_payload t4 a5 t5)
7.0: (sync_actions a5)
8.0: (validate_payload t5 a10 t6)
9.0: (sync_actions a10)
10.0: (del a4)
11.0: (validate_payload t7 a6 t8)
12.0: (sync_actions a6)
13.0: (validate_payload t8 a12 t9)
14.0: (sync_actions a12)
15.0: (validate_payload t9 a11 t10)
16.0: (sync_actions a11)
17.0: (validate_payload t10 a8 t11)
18.0: (sync_actions a8)
19.0: (del a9)
20.0: (del a7)
21.0: (validate_payload t13 a0 t14)
22.0: (sync_actions a0)
23.0: (validate_payload t14 a1 t15)
24.0: (sync_actions a1)
25.0: (validate_payload t15 a2 t16)
26.0: (sync_actions a2)
27.0: (validate_payload t16 a9 t17)
28.0: (sync_actions a9)

Plan-Length:29
Metric (Search):10.0
Planning Time (msec): 237
Heuristic Time (msec): 4
Search Time (msec): 227
Expanded Nodes:545
States Evaluated:711
Number of Dead-Ends detected:0
Number of Duplicates detected:161
/usr/bin/time -v timeout 600 java -Xmx64g -jar ./enhsp3.jar -o ./domain_with_failure.pddl -f ./problems/BasePN-2And-add-5-d3/problem43.pddl -h blind -s WAStar
Domain parsed
Problem parsed
Grounding..
Grounding Time: 4852
UFX:true
|F|:15120
|X|:10
|A|:582
|P|:0
|E|:0
h(I):0.0
f(n) = 2.0 (Expanded Nodes: 6, Evaluated States: 14, Time: 0.019) Frontier Size: 8
f(n) = 3.0 (Expanded Nodes: 37, Evaluated States: 85, Time: 0.08) Frontier Size: 48
f(n) = 4.0 (Expanded Nodes: 77, Evaluated States: 177, Time: 0.097) Frontier Size: 100
f(n) = 5.0 (Expanded Nodes: 179, Evaluated States: 348, Time: 0.136) Frontier Size: 169
f(n) = 6.0 (Expanded Nodes: 379, Evaluated States: 676, Time: 0.188) Frontier Size: 297
f(n) = 7.0 (Expanded Nodes: 637, Evaluated States: 943, Time: 0.239) Frontier Size: 306
f(n) = 8.0 (Expanded Nodes: 1045, Evaluated States: 1505, Time: 0.3) Frontier Size: 460
f(n) = 9.0 (Expanded Nodes: 1472, Evaluated States: 1830, Time: 0.368) Frontier Size: 358
f(n) = 10.0 (Expanded Nodes: 2024, Evaluated States: 2661, Time: 0.437) Frontier Size: 637
Problem Solved

Found Plan:
0.0: (validate_payload t0 a7 t1)
1.0: (sync_actions a7)
2.0: (validate_payload t1 a3 t2)
3.0: (sync_actions a3)
4.0: (del a12)
5.0: (validate_payload t3 a10 t4)
6.0: (sync_actions a10)
7.0: (validate_payload t4 a12 t5)
8.0: (sync_actions a12)
9.0: (validate_payload t5 a11 t6)
10.0: (sync_actions a11)
11.0: (validate_payload t6 a5 t7)
12.0: (sync_actions a5)
13.0: (del a5)
14.0: (del a12)
15.0: (del a11)
16.0: (validate_payload t10 a6 t11)
17.0: (sync_actions a6)
18.0: (validate_payload t11 a8 t12)
19.0: (sync_actions a8)
20.0: (validate_payload t12 a1 t13)
21.0: (sync_actions a1)
22.0: (del a5)
23.0: (validate_payload t14 a2 t15)
24.0: (sync_actions a2)
25.0: (validate_payload t15 a0 t16)
26.0: (sync_actions a0)
27.0: (validate_payload t16 a9 t17)
28.0: (sync_actions a9)

Plan-Length:29
Metric (Search):10.0
Planning Time (msec): 494
Heuristic Time (msec): 2
Search Time (msec): 487
Expanded Nodes:2440
States Evaluated:3104
Number of Dead-Ends detected:0
Number of Duplicates detected:631
/usr/bin/time -v timeout 600 java -Xmx64g -jar ./enhsp3.jar -o ./domain_with_failure.pddl -f ./problems/BasePN-2And-add-5-d3/problem44.pddl -h blind -s WAStar
Domain parsed
Problem parsed
Grounding..
Grounding Time: 4768
UFX:true
|F|:15120
|X|:10
|A|:582
|P|:0
|E|:0
h(I):0.0
f(n) = 1.0 (Expanded Nodes: 6, Evaluated States: 18, Time: 0.028) Frontier Size: 12
f(n) = 2.0 (Expanded Nodes: 18, Evaluated States: 40, Time: 0.063) Frontier Size: 22
f(n) = 3.0 (Expanded Nodes: 45, Evaluated States: 114, Time: 0.093) Frontier Size: 69
f(n) = 4.0 (Expanded Nodes: 127, Evaluated States: 266, Time: 0.124) Frontier Size: 139
f(n) = 5.0 (Expanded Nodes: 241, Evaluated States: 459, Time: 0.162) Frontier Size: 218
f(n) = 6.0 (Expanded Nodes: 519, Evaluated States: 845, Time: 0.227) Frontier Size: 326
f(n) = 7.0 (Expanded Nodes: 821, Evaluated States: 1213, Time: 0.275) Frontier Size: 392
f(n) = 8.0 (Expanded Nodes: 1351, Evaluated States: 1841, Time: 0.36) Frontier Size: 490
f(n) = 9.0 (Expanded Nodes: 1844, Evaluated States: 2334, Time: 0.418) Frontier Size: 490
f(n) = 10.0 (Expanded Nodes: 2510, Evaluated States: 3082, Time: 0.486) Frontier Size: 572
Problem Solved

Found Plan:
0.0: (validate_payload t0 a7 t1)
1.0: (sync_actions a7)
2.0: (validate_payload t1 a10 t2)
3.0: (sync_actions a10)
4.0: (del a5)
5.0: (validate_payload t3 a3 t4)
6.0: (sync_actions a3)
7.0: (validate_payload t4 a4 t5)
8.0: (sync_actions a4)
9.0: (del a5)
10.0: (del a3)
11.0: (validate_payload t7 a6 t8)
12.0: (sync_actions a6)
13.0: (validate_payload t8 a12 t9)
14.0: (sync_actions a12)
15.0: (del a5)
16.0: (validate_payload t10 a11 t11)
17.0: (sync_actions a11)
18.0: (del a11)
19.0: (validate_payload t12 a8 t13)
20.0: (sync_actions a8)
21.0: (validate_payload t13 a0 t14)
22.0: (sync_actions a0)
23.0: (validate_payload t14 a1 t15)
24.0: (sync_actions a1)
25.0: (validate_payload t15 a2 t16)
26.0: (sync_actions a2)
27.0: (validate_payload t16 a9 t17)
28.0: (sync_actions a9)

Plan-Length:29
Metric (Search):10.0
Planning Time (msec): 510
Heuristic Time (msec): 8
Search Time (msec): 505
Expanded Nodes:2738
States Evaluated:3279
Number of Dead-Ends detected:0
Number of Duplicates detected:678
/usr/bin/time -v timeout 600 java -Xmx64g -jar ./enhsp3.jar -o ./domain_with_failure.pddl -f ./problems/BasePN-2And-add-5-d3/problem45.pddl -h blind -s WAStar
Domain parsed
Problem parsed
Grounding..
Grounding Time: 4932
UFX:true
|F|:15120
|X|:10
|A|:582
|P|:0
|E|:0
h(I):0.0
f(n) = 2.0 (Expanded Nodes: 2, Evaluated States: 3, Time: 0.018) Frontier Size: 1
f(n) = 4.0 (Expanded Nodes: 8, Evaluated States: 15, Time: 0.058) Frontier Size: 7
f(n) = 6.0 (Expanded Nodes: 29, Evaluated States: 55, Time: 0.077) Frontier Size: 26
f(n) = 7.0 (Expanded Nodes: 96, Evaluated States: 174, Time: 0.114) Frontier Size: 78
f(n) = 8.0 (Expanded Nodes: 153, Evaluated States: 311, Time: 0.134) Frontier Size: 158
f(n) = 9.0 (Expanded Nodes: 344, Evaluated States: 633, Time: 0.187) Frontier Size: 289
f(n) = 10.0 (Expanded Nodes: 674, Evaluated States: 1196, Time: 0.256) Frontier Size: 522
Problem Solved

Found Plan:
0.0: (del a5)
1.0: (validate_payload t1 a7 t2)
2.0: (sync_actions a7)
3.0: (del a4)
4.0: (del a1)
5.0: (validate_payload t4 a10 t5)
6.0: (sync_actions a10)
7.0: (validate_payload t5 a3 t6)
8.0: (sync_actions a3)
9.0: (validate_payload t6 a5 t7)
10.0: (sync_actions a5)
11.0: (validate_payload t7 a6 t8)
12.0: (sync_actions a6)
13.0: (del a9)
14.0: (validate_payload t9 a12 t10)
15.0: (sync_actions a12)
16.0: (validate_payload t10 a11 t11)
17.0: (sync_actions a11)
18.0: (validate_payload t11 a8 t12)
19.0: (sync_actions a8)
20.0: (del a12)
21.0: (validate_payload t13 a0 t14)
22.0: (sync_actions a0)
23.0: (validate_payload t14 a1 t15)
24.0: (sync_actions a1)
25.0: (validate_payload t15 a2 t16)
26.0: (sync_actions a2)
27.0: (validate_payload t16 a9 t17)
28.0: (sync_actions a9)

Plan-Length:29
Metric (Search):10.0
Planning Time (msec): 351
Heuristic Time (msec): 7
Search Time (msec): 344
Expanded Nodes:1154
States Evaluated:1927
Number of Dead-Ends detected:0
Number of Duplicates detected:172
/usr/bin/time -v timeout 600 java -Xmx64g -jar ./enhsp3.jar -o ./domain_with_failure.pddl -f ./problems/BasePN-2And-add-5-d3/problem46.pddl -h blind -s WAStar
Domain parsed
Problem parsed
Grounding..
Grounding Time: 4892
UFX:true
|F|:15120
|X|:11
|A|:582
|P|:0
|E|:0
h(I):0.0
f(n) = 2.0 (Expanded Nodes: 2, Evaluated States: 3, Time: 0.021) Frontier Size: 1
f(n) = 4.0 (Expanded Nodes: 6, Evaluated States: 10, Time: 0.056) Frontier Size: 4
f(n) = 6.0 (Expanded Nodes: 16, Evaluated States: 27, Time: 0.064) Frontier Size: 11
f(n) = 7.0 (Expanded Nodes: 45, Evaluated States: 78, Time: 0.09) Frontier Size: 33
f(n) = 8.0 (Expanded Nodes: 57, Evaluated States: 100, Time: 0.096) Frontier Size: 43
f(n) = 9.0 (Expanded Nodes: 133, Evaluated States: 236, Time: 0.134) Frontier Size: 103
f(n) = 10.0 (Expanded Nodes: 253, Evaluated States: 505, Time: 0.17) Frontier Size: 252
Problem Solved

Found Plan:
0.0: (del a11)
1.0: (del a6)
2.0: (del a9)
3.0: (validate_payload t3 a7 t4)
4.0: (sync_actions a7)
5.0: (validate_payload t4 a10 t5)
6.0: (sync_actions a10)
7.0: (del a10)
8.0: (validate_payload t6 a12 t7)
9.0: (sync_actions a12)
10.0: (validate_payload t7 a11 t8)
11.0: (sync_actions a11)
12.0: (validate_payload t8 a3 t9)
13.0: (sync_actions a3)
14.0: (validate_payload t9 a4 t10)
15.0: (sync_actions a4)
16.0: (validate_payload t10 a6 t11)
17.0: (sync_actions a6)
18.0: (validate_payload t11 a8 t12)
19.0: (sync_actions a8)
20.0: (del a3)
21.0: (validate_payload t13 a1 t14)
22.0: (sync_actions a1)
23.0: (validate_payload t14 a2 t15)
24.0: (sync_actions a2)
25.0: (validate_payload t15 a0 t16)
26.0: (sync_actions a0)
27.0: (validate_payload t16 a9 t17)
28.0: (sync_actions a9)

Plan-Length:29
Metric (Search):10.0
Planning Time (msec): 215
Heuristic Time (msec): 6
Search Time (msec): 205
Expanded Nodes:364
States Evaluated:703
Number of Dead-Ends detected:0
Number of Duplicates detected:45
/usr/bin/time -v timeout 600 java -Xmx64g -jar ./enhsp3.jar -o ./domain_with_failure.pddl -f ./problems/BasePN-2And-add-5-d3/problem47.pddl -h blind -s WAStar
Domain parsed
Problem parsed
Grounding..
Grounding Time: 4454
UFX:true
|F|:15120
|X|:11
|A|:582
|P|:0
|E|:0
h(I):0.0
f(n) = 2.0 (Expanded Nodes: 2, Evaluated States: 3, Time: 0.017) Frontier Size: 1
f(n) = 4.0 (Expanded Nodes: 6, Evaluated States: 10, Time: 0.051) Frontier Size: 4
f(n) = 6.0 (Expanded Nodes: 16, Evaluated States: 27, Time: 0.068) Frontier Size: 11
f(n) = 7.0 (Expanded Nodes: 57, Evaluated States: 115, Time: 0.099) Frontier Size: 58
f(n) = 8.0 (Expanded Nodes: 130, Evaluated States: 295, Time: 0.128) Frontier Size: 165
f(n) = 9.0 (Expanded Nodes: 347, Evaluated States: 723, Time: 0.191) Frontier Size: 376
f(n) = 10.0 (Expanded Nodes: 784, Evaluated States: 1523, Time: 0.279) Frontier Size: 739
Problem Solved

Found Plan:
0.0: (del a11)
1.0: (del a5)
2.0: (del a5)
3.0: (validate_payload t3 a7 t4)
4.0: (sync_actions a7)
5.0: (validate_payload t4 a10 t5)
6.0: (sync_actions a10)
7.0: (validate_payload t5 a3 t6)
8.0: (sync_actions a3)
9.0: (validate_payload t6 a4 t7)
10.0: (sync_actions a4)
11.0: (validate_payload t7 a6 t8)
12.0: (sync_actions a6)
13.0: (validate_payload t8 a12 t9)
14.0: (sync_actions a12)
15.0: (validate_payload t9 a11 t10)
16.0: (sync_actions a11)
17.0: (del a10)
18.0: (validate_payload t11 a8 t12)
19.0: (sync_actions a8)
20.0: (del a1)
21.0: (validate_payload t13 a0 t14)
22.0: (sync_actions a0)
23.0: (validate_payload t14 a1 t15)
24.0: (sync_actions a1)
25.0: (validate_payload t15 a2 t16)
26.0: (sync_actions a2)
27.0: (validate_payload t16 a9 t17)
28.0: (sync_actions a9)

Plan-Length:29
Metric (Search):10.0
Planning Time (msec): 382
Heuristic Time (msec): 7
Search Time (msec): 374
Expanded Nodes:1384
States Evaluated:2490
Number of Dead-Ends detected:0
Number of Duplicates detected:151
/usr/bin/time -v timeout 600 java -Xmx64g -jar ./enhsp3.jar -o ./domain_with_failure.pddl -f ./problems/BasePN-2And-add-5-d3/problem48.pddl -h blind -s WAStar
Domain parsed
Problem parsed
Grounding..
Grounding Time: 4884
UFX:true
|F|:15120
|X|:11
|A|:582
|P|:0
|E|:0
h(I):0.0
f(n) = 2.0 (Expanded Nodes: 6, Evaluated States: 14, Time: 0.032) Frontier Size: 8
f(n) = 3.0 (Expanded Nodes: 33, Evaluated States: 78, Time: 0.092) Frontier Size: 45
f(n) = 4.0 (Expanded Nodes: 66, Evaluated States: 150, Time: 0.109) Frontier Size: 84
f(n) = 5.0 (Expanded Nodes: 187, Evaluated States: 360, Time: 0.142) Frontier Size: 173
f(n) = 6.0 (Expanded Nodes: 339, Evaluated States: 610, Time: 0.174) Frontier Size: 271
f(n) = 7.0 (Expanded Nodes: 646, Evaluated States: 988, Time: 0.22) Frontier Size: 342
f(n) = 8.0 (Expanded Nodes: 1000, Evaluated States: 1464, Time: 0.259) Frontier Size: 464
f(n) = 9.0 (Expanded Nodes: 1511, Evaluated States: 1992, Time: 0.295) Frontier Size: 481
f(n) = 10.0 (Expanded Nodes: 2038, Evaluated States: 2634, Time: 0.331) Frontier Size: 596
Problem Solved

Found Plan:
0.0: (validate_payload t0 a7 t1)
1.0: (sync_actions a7)
2.0: (validate_payload t1 a3 t2)
3.0: (sync_actions a3)
4.0: (del a12)
5.0: (validate_payload t3 a10 t4)
6.0: (sync_actions a10)
7.0: (validate_payload t4 a4 t5)
8.0: (sync_actions a4)
9.0: (del a4)
10.0: (del a3)
11.0: (validate_payload t7 a6 t8)
12.0: (sync_actions a6)
13.0: (del a1)
14.0: (validate_payload t9 a12 t10)
15.0: (sync_actions a12)
16.0: (del a1)
17.0: (validate_payload t11 a11 t12)
18.0: (sync_actions a11)
19.0: (validate_payload t12 a8 t13)
20.0: (sync_actions a8)
21.0: (validate_payload t13 a1 t14)
22.0: (sync_actions a1)
23.0: (validate_payload t14 a2 t15)
24.0: (sync_actions a2)
25.0: (validate_payload t15 a0 t16)
26.0: (sync_actions a0)
27.0: (validate_payload t16 a9 t17)
28.0: (sync_actions a9)

Plan-Length:29
Metric (Search):10.0
Planning Time (msec): 390
Heuristic Time (msec): 9
Search Time (msec): 387
Expanded Nodes:2668
States Evaluated:3315
Number of Dead-Ends detected:0
Number of Duplicates detected:588
/usr/bin/time -v timeout 600 java -Xmx64g -jar ./enhsp3.jar -o ./domain_with_failure.pddl -f ./problems/BasePN-2And-add-5-d3/problem49.pddl -h blind -s WAStar
Domain parsed
Problem parsed
Grounding..
Grounding Time: 4783
UFX:true
|F|:15120
|X|:10
|A|:582
|P|:0
|E|:0
h(I):0.0
f(n) = 1.0 (Expanded Nodes: 10, Evaluated States: 26, Time: 0.027) Frontier Size: 16
f(n) = 2.0 (Expanded Nodes: 19, Evaluated States: 38, Time: 0.064) Frontier Size: 19
f(n) = 3.0 (Expanded Nodes: 56, Evaluated States: 111, Time: 0.1) Frontier Size: 55
f(n) = 4.0 (Expanded Nodes: 103, Evaluated States: 182, Time: 0.118) Frontier Size: 79
f(n) = 5.0 (Expanded Nodes: 228, Evaluated States: 374, Time: 0.153) Frontier Size: 146
f(n) = 6.0 (Expanded Nodes: 335, Evaluated States: 528, Time: 0.186) Frontier Size: 193
f(n) = 7.0 (Expanded Nodes: 598, Evaluated States: 882, Time: 0.24) Frontier Size: 284
f(n) = 8.0 (Expanded Nodes: 886, Evaluated States: 1262, Time: 0.284) Frontier Size: 376
f(n) = 9.0 (Expanded Nodes: 1354, Evaluated States: 1903, Time: 0.369) Frontier Size: 549
f(n) = 10.0 (Expanded Nodes: 1914, Evaluated States: 2659, Time: 0.441) Frontier Size: 745
Problem Solved

Found Plan:
0.0: (validate_payload t0 a7 t1)
1.0: (sync_actions a7)
2.0: (validate_payload t1 a3 t2)
3.0: (sync_actions a3)
4.0: (validate_payload t2 a5 t3)
5.0: (sync_actions a5)
6.0: (validate_payload t3 a6 t4)
7.0: (sync_actions a6)
8.0: (del a1)
9.0: (validate_payload t5 a10 t6)
10.0: (sync_actions a10)
11.0: (del a1)
12.0: (del a3)
13.0: (validate_payload t8 a12 t9)
14.0: (sync_actions a12)
15.0: (validate_payload t9 a11 t10)
16.0: (sync_actions a11)
17.0: (del a12)
18.0: (del a0)
19.0: (validate_payload t12 a8 t13)
20.0: (sync_actions a8)
21.0: (validate_payload t13 a1 t14)
22.0: (sync_actions a1)
23.0: (validate_payload t14 a2 t15)
24.0: (sync_actions a2)
25.0: (validate_payload t15 a0 t16)
26.0: (sync_actions a0)
27.0: (validate_payload t16 a9 t17)
28.0: (sync_actions a9)

Plan-Length:29
Metric (Search):10.0
Planning Time (msec): 518
Heuristic Time (msec): 2
Search Time (msec): 509
Expanded Nodes:2516
States Evaluated:3333
Number of Dead-Ends detected:0
Number of Duplicates detected:367
/usr/bin/time -v timeout 600 java -Xmx64g -jar ./enhsp3.jar -o ./domain_with_failure.pddl -f ./problems/BasePN-2And-add-5-d3/problem50.pddl -h blind -s WAStar
Domain parsed
Problem parsed
Grounding..
Grounding Time: 4872
UFX:true
|F|:15120
|X|:10
|A|:582
|P|:0
|E|:0
h(I):0.0
f(n) = 1.0 (Expanded Nodes: 12, Evaluated States: 32, Time: 0.032) Frontier Size: 20
f(n) = 2.0 (Expanded Nodes: 48, Evaluated States: 120, Time: 0.083) Frontier Size: 72
f(n) = 3.0 (Expanded Nodes: 97, Evaluated States: 216, Time: 0.118) Frontier Size: 119
f(n) = 4.0 (Expanded Nodes: 249, Evaluated States: 474, Time: 0.166) Frontier Size: 225
f(n) = 5.0 (Expanded Nodes: 440, Evaluated States: 671, Time: 0.213) Frontier Size: 231
f(n) = 6.0 (Expanded Nodes: 759, Evaluated States: 1135, Time: 0.266) Frontier Size: 376
f(n) = 7.0 (Expanded Nodes: 1102, Evaluated States: 1404, Time: 0.3) Frontier Size: 302
f(n) = 8.0 (Expanded Nodes: 1529, Evaluated States: 1982, Time: 0.354) Frontier Size: 453
f(n) = 9.0 (Expanded Nodes: 2004, Evaluated States: 2348, Time: 0.389) Frontier Size: 344
f(n) = 10.0 (Expanded Nodes: 2453, Evaluated States: 2977, Time: 0.427) Frontier Size: 524
Problem Solved

Found Plan:
0.0: (validate_payload t0 a7 t1)
1.0: (sync_actions a7)
2.0: (validate_payload t1 a10 t2)
3.0: (sync_actions a10)
4.0: (validate_payload t2 a3 t3)
5.0: (sync_actions a3)
6.0: (validate_payload t3 a5 t4)
7.0: (sync_actions a5)
8.0: (validate_payload t4 a6 t5)
9.0: (sync_actions a6)
10.0: (del a10)
11.0: (del a5)
12.0: (del a6)
13.0: (del a5)
14.0: (del a9)
15.0: (validate_payload t10 a12 t11)
16.0: (sync_actions a12)
17.0: (validate_payload t11 a11 t12)
18.0: (sync_actions a11)
19.0: (validate_payload t12 a8 t13)
20.0: (sync_actions a8)
21.0: (validate_payload t13 a1 t14)
22.0: (sync_actions a1)
23.0: (validate_payload t14 a2 t15)
24.0: (sync_actions a2)
25.0: (validate_payload t15 a0 t16)
26.0: (sync_actions a0)
27.0: (validate_payload t16 a9 t17)
28.0: (sync_actions a9)

Plan-Length:29
Metric (Search):10.0
Planning Time (msec): 458
Heuristic Time (msec): 6
Search Time (msec): 456
Expanded Nodes:2717
States Evaluated:3262
Number of Dead-Ends detected:0
Number of Duplicates detected:708
/usr/bin/time -v timeout 600 java -Xmx64g -jar ./enhsp3.jar -o ./domain_with_failure.pddl -f ./problems/BasePN-2And-add-5-d3/problem51.pddl -h blind -s WAStar
Domain parsed
Problem parsed
Grounding..
Grounding Time: 4955
UFX:true
|F|:15120
|X|:11
|A|:582
|P|:0
|E|:0
h(I):0.0
f(n) = 2.0 (Expanded Nodes: 2, Evaluated States: 3, Time: 0.022) Frontier Size: 1
f(n) = 4.0 (Expanded Nodes: 10, Evaluated States: 21, Time: 0.069) Frontier Size: 11
f(n) = 5.0 (Expanded Nodes: 40, Evaluated States: 73, Time: 0.091) Frontier Size: 33
f(n) = 6.0 (Expanded Nodes: 49, Evaluated States: 85, Time: 0.098) Frontier Size: 36
f(n) = 7.0 (Expanded Nodes: 116, Evaluated States: 181, Time: 0.129) Frontier Size: 65
f(n) = 8.0 (Expanded Nodes: 147, Evaluated States: 229, Time: 0.137) Frontier Size: 82
f(n) = 9.0 (Expanded Nodes: 278, Evaluated States: 418, Time: 0.178) Frontier Size: 140
f(n) = 10.0 (Expanded Nodes: 379, Evaluated States: 606, Time: 0.209) Frontier Size: 227
f(n) = 11.0 (Expanded Nodes: 753, Evaluated States: 1241, Time: 0.291) Frontier Size: 488
Problem Solved

Found Plan:
0.0: (del a3)
1.0: (validate_payload t1 a7 t2)
2.0: (sync_actions a7)
3.0: (del a2)
4.0: (validate_payload t3 a3 t4)
5.0: (sync_actions a3)
6.0: (change_value a4 categorical c2)
7.0: (validate_payload t4 a4 t5)
8.0: (sync_actions a4)
9.0: (del a3)
10.0: (validate_payload t6 a10 t7)
11.0: (sync_actions a10)
12.0: (del a8)
13.0: (validate_payload t8 a6 t9)
14.0: (sync_actions a6)
15.0: (validate_payload t9 a12 t10)
16.0: (sync_actions a12)
17.0: (validate_payload t10 a11 t11)
18.0: (sync_actions a11)
19.0: (validate_payload t11 a8 t12)
20.0: (sync_actions a8)
21.0: (validate_payload t12 a0 t13)
22.0: (sync_actions a0)
23.0: (del a8)
24.0: (validate_payload t14 a1 t15)
25.0: (sync_actions a1)
26.0: (validate_payload t15 a2 t16)
27.0: (sync_actions a2)
28.0: (validate_payload t16 a9 t17)
29.0: (sync_actions a9)

Plan-Length:30
Metric (Search):11.0
Planning Time (msec): 313
Heuristic Time (msec): 6
Search Time (msec): 306
Expanded Nodes:869
States Evaluated:1431
Number of Dead-Ends detected:0
Number of Duplicates detected:142
/usr/bin/time -v timeout 600 java -Xmx64g -jar ./enhsp3.jar -o ./domain_with_failure.pddl -f ./problems/BasePN-2And-add-5-d3/problem52.pddl -h blind -s WAStar
Domain parsed
Problem parsed
Grounding..
Grounding Time: 5029
UFX:true
|F|:15120
|X|:9
|A|:582
|P|:0
|E|:0
h(I):0.0
f(n) = 2.0 (Expanded Nodes: 6, Evaluated States: 13, Time: 0.029) Frontier Size: 7
f(n) = 4.0 (Expanded Nodes: 32, Evaluated States: 63, Time: 0.088) Frontier Size: 31
f(n) = 5.0 (Expanded Nodes: 119, Evaluated States: 201, Time: 0.134) Frontier Size: 82
f(n) = 6.0 (Expanded Nodes: 134, Evaluated States: 231, Time: 0.136) Frontier Size: 97
f(n) = 7.0 (Expanded Nodes: 306, Evaluated States: 446, Time: 0.192) Frontier Size: 140
f(n) = 8.0 (Expanded Nodes: 360, Evaluated States: 515, Time: 0.203) Frontier Size: 155
f(n) = 9.0 (Expanded Nodes: 589, Evaluated States: 773, Time: 0.254) Frontier Size: 184
f(n) = 10.0 (Expanded Nodes: 697, Evaluated States: 884, Time: 0.274) Frontier Size: 187
Problem Solved

Found Plan:
0.0: (validate_payload t0 a7 t1)
1.0: (sync_actions a7)
2.0: (validate_payload t1 a10 t2)
3.0: (sync_actions a10)
4.0: (del a10)
5.0: (validate_payload t3 a3 t4)
6.0: (sync_actions a3)
7.0: (validate_payload t4 a4 t5)
8.0: (sync_actions a4)
9.0: (validate_payload t5 a6 t6)
10.0: (sync_actions a6)
11.0: (del a9)
12.0: (validate_payload t7 a12 t8)
13.0: (sync_actions a12)
14.0: (validate_payload t8 a11 t9)
15.0: (sync_actions a11)
16.0: (validate_payload t9 a8 t10)
17.0: (sync_actions a8)
18.0: (validate_payload t10 a1 t11)
19.0: (sync_actions a1)
20.0: (del a5)
21.0: (del a8)
22.0: (validate_payload t13 a0 t14)
23.0: (sync_actions a0)
24.0: (validate_payload t14 a2 t15)
25.0: (sync_actions a2)
26.0: (del a0)
27.0: (validate_payload t16 a9 t17)
28.0: (sync_actions a9)

Plan-Length:29
Metric (Search):10.0
Planning Time (msec): 318
Heuristic Time (msec): 7
Search Time (msec): 315
Expanded Nodes:897
States Evaluated:1113
Number of Dead-Ends detected:0
Number of Duplicates detected:266
/usr/bin/time -v timeout 600 java -Xmx64g -jar ./enhsp3.jar -o ./domain_with_failure.pddl -f ./problems/BasePN-2And-add-5-d3/problem53.pddl -h blind -s WAStar
Domain parsed
Problem parsed
Grounding..
Grounding Time: 4681
UFX:true
|F|:15120
|X|:11
|A|:582
|P|:0
|E|:0
h(I):0.0
f(n) = 1.0 (Expanded Nodes: 6, Evaluated States: 17, Time: 0.021) Frontier Size: 11
f(n) = 2.0 (Expanded Nodes: 18, Evaluated States: 39, Time: 0.061) Frontier Size: 21
f(n) = 3.0 (Expanded Nodes: 45, Evaluated States: 108, Time: 0.097) Frontier Size: 63
f(n) = 4.0 (Expanded Nodes: 134, Evaluated States: 294, Time: 0.137) Frontier Size: 160
f(n) = 5.0 (Expanded Nodes: 276, Evaluated States: 496, Time: 0.18) Frontier Size: 220
f(n) = 6.0 (Expanded Nodes: 569, Evaluated States: 1014, Time: 0.251) Frontier Size: 445
f(n) = 7.0 (Expanded Nodes: 967, Evaluated States: 1440, Time: 0.304) Frontier Size: 473
f(n) = 8.0 (Expanded Nodes: 1594, Evaluated States: 2344, Time: 0.38) Frontier Size: 750
f(n) = 9.0 (Expanded Nodes: 2388, Evaluated States: 3179, Time: 0.461) Frontier Size: 791
f(n) = 10.0 (Expanded Nodes: 3416, Evaluated States: 4648, Time: 0.53) Frontier Size: 1232
Problem Solved

Found Plan:
0.0: (validate_payload t0 a7 t1)
1.0: (sync_actions a7)
2.0: (validate_payload t1 a10 t2)
3.0: (sync_actions a10)
4.0: (del a7)
5.0: (validate_payload t3 a12 t4)
6.0: (sync_actions a12)
7.0: (validate_payload t4 a3 t5)
8.0: (sync_actions a3)
9.0: (validate_payload t5 a11 t6)
10.0: (sync_actions a11)
11.0: (validate_payload t6 a4 t7)
12.0: (sync_actions a4)
13.0: (del a11)
14.0: (del a2)
15.0: (validate_payload t9 a6 t10)
16.0: (sync_actions a6)
17.0: (del a0)
18.0: (validate_payload t11 a8 t12)
19.0: (sync_actions a8)
20.0: (validate_payload t12 a1 t13)
21.0: (sync_actions a1)
22.0: (validate_payload t13 a2 t14)
23.0: (sync_actions a2)
24.0: (validate_payload t14 a0 t15)
25.0: (sync_actions a0)
26.0: (del a3)
27.0: (validate_payload t16 a9 t17)
28.0: (sync_actions a9)

Plan-Length:29
Metric (Search):10.0
Planning Time (msec): 650
Heuristic Time (msec): 2
Search Time (msec): 639
Expanded Nodes:4638
States Evaluated:6396
Number of Dead-Ends detected:0
Number of Duplicates detected:912
/usr/bin/time -v timeout 600 java -Xmx64g -jar ./enhsp3.jar -o ./domain_with_failure.pddl -f ./problems/BasePN-2And-add-5-d3/problem54.pddl -h blind -s WAStar
Domain parsed
Problem parsed
Grounding..
Grounding Time: 4792
UFX:true
|F|:15120
|X|:10
|A|:582
|P|:0
|E|:0
h(I):0.0
f(n) = 1.0 (Expanded Nodes: 8, Evaluated States: 25, Time: 0.03) Frontier Size: 17
f(n) = 2.0 (Expanded Nodes: 20, Evaluated States: 51, Time: 0.063) Frontier Size: 31
f(n) = 3.0 (Expanded Nodes: 57, Evaluated States: 132, Time: 0.095) Frontier Size: 75
f(n) = 4.0 (Expanded Nodes: 137, Evaluated States: 250, Time: 0.12) Frontier Size: 113
f(n) = 5.0 (Expanded Nodes: 254, Evaluated States: 434, Time: 0.157) Frontier Size: 180
f(n) = 6.0 (Expanded Nodes: 466, Evaluated States: 718, Time: 0.205) Frontier Size: 252
f(n) = 7.0 (Expanded Nodes: 707, Evaluated States: 1021, Time: 0.253) Frontier Size: 314
f(n) = 8.0 (Expanded Nodes: 1101, Evaluated States: 1505, Time: 0.318) Frontier Size: 404
f(n) = 9.0 (Expanded Nodes: 1511, Evaluated States: 1938, Time: 0.387) Frontier Size: 427
f(n) = 10.0 (Expanded Nodes: 2071, Evaluated States: 2604, Time: 0.44) Frontier Size: 533
Problem Solved

Found Plan:
0.0: (validate_payload t0 a7 t1)
1.0: (sync_actions a7)
2.0: (validate_payload t1 a3 t2)
3.0: (sync_actions a3)
4.0: (validate_payload t2 a10 t3)
5.0: (sync_actions a10)
6.0: (del a3)
7.0: (del a1)
8.0: (validate_payload t5 a4 t6)
9.0: (sync_actions a4)
10.0: (validate_payload t6 a6 t7)
11.0: (sync_actions a6)
12.0: (del a11)
13.0: (del a3)
14.0: (validate_payload t9 a12 t10)
15.0: (sync_actions a12)
16.0: (validate_payload t10 a11 t11)
17.0: (sync_actions a11)
18.0: (del a11)
19.0: (validate_payload t12 a8 t13)
20.0: (sync_actions a8)
21.0: (validate_payload t13 a0 t14)
22.0: (sync_actions a0)
23.0: (validate_payload t14 a1 t15)
24.0: (sync_actions a1)
25.0: (validate_payload t15 a2 t16)
26.0: (sync_actions a2)
27.0: (validate_payload t16 a9 t17)
28.0: (sync_actions a9)

Plan-Length:29
Metric (Search):10.0
Planning Time (msec): 458
Heuristic Time (msec): 5
Search Time (msec): 456
Expanded Nodes:2247
States Evaluated:2790
Number of Dead-Ends detected:0
Number of Duplicates detected:510
/usr/bin/time -v timeout 600 java -Xmx64g -jar ./enhsp3.jar -o ./domain_with_failure.pddl -f ./problems/BasePN-2And-add-5-d3/problem55.pddl -h blind -s WAStar
Domain parsed
Problem parsed
Grounding..
Grounding Time: 4771
UFX:true
|F|:15120
|X|:9
|A|:582
|P|:0
|E|:0
h(I):0.0
f(n) = 2.0 (Expanded Nodes: 8, Evaluated States: 19, Time: 0.026) Frontier Size: 11
f(n) = 3.0 (Expanded Nodes: 40, Evaluated States: 77, Time: 0.1) Frontier Size: 37
f(n) = 4.0 (Expanded Nodes: 52, Evaluated States: 99, Time: 0.103) Frontier Size: 47
f(n) = 5.0 (Expanded Nodes: 133, Evaluated States: 223, Time: 0.133) Frontier Size: 90
f(n) = 6.0 (Expanded Nodes: 205, Evaluated States: 357, Time: 0.155) Frontier Size: 152
f(n) = 7.0 (Expanded Nodes: 371, Evaluated States: 568, Time: 0.192) Frontier Size: 197
f(n) = 8.0 (Expanded Nodes: 604, Evaluated States: 979, Time: 0.227) Frontier Size: 375
f(n) = 9.0 (Expanded Nodes: 947, Evaluated States: 1341, Time: 0.264) Frontier Size: 394
f(n) = 10.0 (Expanded Nodes: 1427, Evaluated States: 2095, Time: 0.315) Frontier Size: 668
Problem Solved

Found Plan:
0.0: (validate_payload t0 a7 t1)
1.0: (sync_actions a7)
2.0: (validate_payload t1 a3 t2)
3.0: (sync_actions a3)
4.0: (validate_payload t2 a4 t3)
5.0: (sync_actions a4)
6.0: (del a4)
7.0: (validate_payload t4 a10 t5)
8.0: (sync_actions a10)
9.0: (del a7)
10.0: (validate_payload t6 a12 t7)
11.0: (sync_actions a12)
12.0: (validate_payload t7 a11 t8)
13.0: (sync_actions a11)
14.0: (del a9)
15.0: (validate_payload t9 a6 t10)
16.0: (sync_actions a6)
17.0: (validate_payload t10 a8 t11)
18.0: (sync_actions a8)
19.0: (del a9)
20.0: (validate_payload t12 a0 t13)
21.0: (sync_actions a0)
22.0: (del a0)
23.0: (validate_payload t14 a1 t15)
24.0: (sync_actions a1)
25.0: (validate_payload t15 a2 t16)
26.0: (sync_actions a2)
27.0: (validate_payload t16 a9 t17)
28.0: (sync_actions a9)

Plan-Length:29
Metric (Search):10.0
Planning Time (msec): 342
Heuristic Time (msec): 8
Search Time (msec): 332
Expanded Nodes:1625
States Evaluated:2304
Number of Dead-Ends detected:0
Number of Duplicates detected:334
/usr/bin/time -v timeout 600 java -Xmx64g -jar ./enhsp3.jar -o ./domain_with_failure.pddl -f ./problems/BasePN-2And-add-5-d3/problem56.pddl -h blind -s WAStar
Domain parsed
Problem parsed
Grounding..
Grounding Time: 5020
UFX:true
|F|:15120
|X|:8
|A|:582
|P|:0
|E|:0
h(I):0.0
f(n) = 2.0 (Expanded Nodes: 4, Evaluated States: 8, Time: 0.02) Frontier Size: 4
f(n) = 4.0 (Expanded Nodes: 23, Evaluated States: 48, Time: 0.072) Frontier Size: 25
f(n) = 6.0 (Expanded Nodes: 93, Evaluated States: 161, Time: 0.109) Frontier Size: 68
f(n) = 8.0 (Expanded Nodes: 244, Evaluated States: 348, Time: 0.152) Frontier Size: 104
f(n) = 10.0 (Expanded Nodes: 457, Evaluated States: 577, Time: 0.215) Frontier Size: 120
Problem Solved

Found Plan:
0.0: (validate_payload t0 a7 t1)
1.0: (sync_actions a7)
2.0: (del a9)
3.0: (validate_payload t2 a10 t3)
4.0: (sync_actions a10)
5.0: (validate_payload t3 a3 t4)
6.0: (sync_actions a3)
7.0: (validate_payload t4 a5 t5)
8.0: (sync_actions a5)
9.0: (validate_payload t5 a6 t6)
10.0: (sync_actions a6)
11.0: (del a1)
12.0: (validate_payload t7 a12 t8)
13.0: (sync_actions a12)
14.0: (validate_payload t8 a11 t9)
15.0: (sync_actions a11)
16.0: (del a0)
17.0: (validate_payload t10 a8 t11)
18.0: (sync_actions a8)
19.0: (del a3)
20.0: (validate_payload t12 a1 t13)
21.0: (sync_actions a1)
22.0: (del a4)
23.0: (validate_payload t14 a2 t15)
24.0: (sync_actions a2)
25.0: (validate_payload t15 a0 t16)
26.0: (sync_actions a0)
27.0: (validate_payload t16 a9 t17)
28.0: (sync_actions a9)

Plan-Length:29
Metric (Search):10.0
Planning Time (msec): 243
Heuristic Time (msec): 3
Search Time (msec): 233
Expanded Nodes:542
States Evaluated:674
Number of Dead-Ends detected:0
Number of Duplicates detected:171
/usr/bin/time -v timeout 600 java -Xmx64g -jar ./enhsp3.jar -o ./domain_with_failure.pddl -f ./problems/BasePN-2And-add-5-d3/problem57.pddl -h blind -s WAStar
Domain parsed
Problem parsed
Grounding..
Grounding Time: 5185
UFX:true
|F|:15120
|X|:12
|A|:582
|P|:0
|E|:0
h(I):0.0
f(n) = 2.0 (Expanded Nodes: 2, Evaluated States: 3, Time: 0.018) Frontier Size: 1
f(n) = 4.0 (Expanded Nodes: 6, Evaluated States: 10, Time: 0.057) Frontier Size: 4
f(n) = 5.0 (Expanded Nodes: 22, Evaluated States: 49, Time: 0.076) Frontier Size: 27
f(n) = 6.0 (Expanded Nodes: 34, Evaluated States: 75, Time: 0.078) Frontier Size: 41
f(n) = 7.0 (Expanded Nodes: 95, Evaluated States: 202, Time: 0.112) Frontier Size: 107
f(n) = 8.0 (Expanded Nodes: 198, Evaluated States: 392, Time: 0.146) Frontier Size: 194
f(n) = 9.0 (Expanded Nodes: 411, Evaluated States: 729, Time: 0.195) Frontier Size: 318
f(n) = 10.0 (Expanded Nodes: 775, Evaluated States: 1297, Time: 0.241) Frontier Size: 522
Problem Solved

Found Plan:
0.0: (del a8)
1.0: (del a4)
2.0: (validate_payload t2 a7 t3)
3.0: (sync_actions a7)
4.0: (validate_payload t3 a3 t4)
5.0: (sync_actions a3)
6.0: (validate_payload t4 a10 t5)
7.0: (sync_actions a10)
8.0: (del a3)
9.0: (validate_payload t6 a12 t7)
10.0: (sync_actions a12)
11.0: (validate_payload t7 a4 t8)
12.0: (sync_actions a4)
13.0: (del a12)
14.0: (validate_payload t9 a11 t10)
15.0: (sync_actions a11)
16.0: (del a0)
17.0: (validate_payload t11 a6 t12)
18.0: (sync_actions a6)
19.0: (validate_payload t12 a8 t13)
20.0: (sync_actions a8)
21.0: (validate_payload t13 a0 t14)
22.0: (sync_actions a0)
23.0: (validate_payload t14 a1 t15)
24.0: (sync_actions a1)
25.0: (validate_payload t15 a2 t16)
26.0: (sync_actions a2)
27.0: (validate_payload t16 a9 t17)
28.0: (sync_actions a9)

Plan-Length:29
Metric (Search):10.0
Planning Time (msec): 310
Heuristic Time (msec): 5
Search Time (msec): 307
Expanded Nodes:1316
States Evaluated:1998
Number of Dead-Ends detected:0
Number of Duplicates detected:242
/usr/bin/time -v timeout 600 java -Xmx64g -jar ./enhsp3.jar -o ./domain_with_failure.pddl -f ./problems/BasePN-2And-add-5-d3/problem58.pddl -h blind -s WAStar
Domain parsed
Problem parsed
Grounding..
Grounding Time: 4899
UFX:true
|F|:15120
|X|:9
|A|:582
|P|:0
|E|:0
h(I):0.0
f(n) = 2.0 (Expanded Nodes: 4, Evaluated States: 8, Time: 0.019) Frontier Size: 4
f(n) = 3.0 (Expanded Nodes: 17, Evaluated States: 37, Time: 0.064) Frontier Size: 20
f(n) = 4.0 (Expanded Nodes: 29, Evaluated States: 59, Time: 0.074) Frontier Size: 30
f(n) = 5.0 (Expanded Nodes: 70, Evaluated States: 138, Time: 0.101) Frontier Size: 68
f(n) = 6.0 (Expanded Nodes: 136, Evaluated States: 264, Time: 0.112) Frontier Size: 128
f(n) = 7.0 (Expanded Nodes: 251, Evaluated States: 415, Time: 0.138) Frontier Size: 164
f(n) = 8.0 (Expanded Nodes: 441, Evaluated States: 709, Time: 0.169) Frontier Size: 268
f(n) = 9.0 (Expanded Nodes: 694, Evaluated States: 968, Time: 0.201) Frontier Size: 274
f(n) = 10.0 (Expanded Nodes: 1121, Evaluated States: 1644, Time: 0.245) Frontier Size: 523
Problem Solved

Found Plan:
0.0: (validate_payload t0 a7 t1)
1.0: (sync_actions a7)
2.0: (del a0)
3.0: (validate_payload t2 a10 t3)
4.0: (sync_actions a10)
5.0: (del a4)
6.0: (validate_payload t4 a3 t5)
7.0: (sync_actions a3)
8.0: (del a1)
9.0: (del a3)
10.0: (validate_payload t7 a5 t8)
11.0: (sync_actions a5)
12.0: (validate_payload t8 a12 t9)
13.0: (sync_actions a12)
14.0: (validate_payload t9 a6 t10)
15.0: (sync_actions a6)
16.0: (validate_payload t10 a11 t11)
17.0: (sync_actions a11)
18.0: (validate_payload t11 a8 t12)
19.0: (sync_actions a8)
20.0: (validate_payload t12 a1 t13)
21.0: (sync_actions a1)
22.0: (validate_payload t13 a2 t14)
23.0: (sync_actions a2)
24.0: (validate_payload t14 a0 t15)
25.0: (sync_actions a0)
26.0: (del a2)
27.0: (validate_payload t16 a9 t17)
28.0: (sync_actions a9)

Plan-Length:29
Metric (Search):10.0
Planning Time (msec): 281
Heuristic Time (msec): 5
Search Time (msec): 274
Expanded Nodes:1311
States Evaluated:1867
Number of Dead-Ends detected:0
Number of Duplicates detected:314
/usr/bin/time -v timeout 600 java -Xmx64g -jar ./enhsp3.jar -o ./domain_with_failure.pddl -f ./problems/BasePN-2And-add-5-d3/problem59.pddl -h blind -s WAStar
Domain parsed
Problem parsed
Grounding..
Grounding Time: 4718
UFX:true
|F|:15120
|X|:9
|A|:582
|P|:0
|E|:0
h(I):0.0
f(n) = 2.0 (Expanded Nodes: 6, Evaluated States: 14, Time: 0.027) Frontier Size: 8
f(n) = 4.0 (Expanded Nodes: 29, Evaluated States: 54, Time: 0.087) Frontier Size: 25
f(n) = 5.0 (Expanded Nodes: 93, Evaluated States: 151, Time: 0.117) Frontier Size: 58
f(n) = 6.0 (Expanded Nodes: 121, Evaluated States: 213, Time: 0.126) Frontier Size: 92
f(n) = 7.0 (Expanded Nodes: 251, Evaluated States: 406, Time: 0.169) Frontier Size: 155
f(n) = 8.0 (Expanded Nodes: 434, Evaluated States: 791, Time: 0.228) Frontier Size: 357
f(n) = 9.0 (Expanded Nodes: 832, Evaluated States: 1354, Time: 0.312) Frontier Size: 522
f(n) = 10.0 (Expanded Nodes: 1427, Evaluated States: 2399, Time: 0.426) Frontier Size: 972
Problem Solved

Found Plan:
0.0: (validate_payload t0 a7 t1)
1.0: (sync_actions a7)
2.0: (validate_payload t1 a3 t2)
3.0: (sync_actions a3)
4.0: (del a6)
5.0: (del a8)
6.0: (validate_payload t4 a5 t5)
7.0: (sync_actions a5)
8.0: (validate_payload t5 a10 t6)
9.0: (sync_actions a10)
10.0: (validate_payload t6 a12 t7)
11.0: (sync_actions a12)
12.0: (validate_payload t7 a11 t8)
13.0: (sync_actions a11)
14.0: (del a8)
15.0: (validate_payload t9 a6 t10)
16.0: (sync_actions a6)
17.0: (validate_payload t10 a8 t11)
18.0: (sync_actions a8)
19.0: (del a8)
20.0: (validate_payload t12 a1 t13)
21.0: (sync_actions a1)
22.0: (del a8)
23.0: (validate_payload t14 a2 t15)
24.0: (sync_actions a2)
25.0: (validate_payload t15 a0 t16)
26.0: (sync_actions a0)
27.0: (validate_payload t16 a9 t17)
28.0: (sync_actions a9)

Plan-Length:29
Metric (Search):10.0
Planning Time (msec): 506
Heuristic Time (msec): 7
Search Time (msec): 503
Expanded Nodes:1954
States Evaluated:3075
Number of Dead-Ends detected:0
Number of Duplicates detected:337
/usr/bin/time -v timeout 600 java -Xmx64g -jar ./enhsp3.jar -o ./domain_with_failure.pddl -f ./problems/BasePN-2And-add-5-d3/problem60.pddl -h blind -s WAStar
Domain parsed
Problem parsed
Grounding..
Grounding Time: 4860
UFX:true
|F|:15120
|X|:10
|A|:582
|P|:0
|E|:0
h(I):0.0
f(n) = 2.0 (Expanded Nodes: 4, Evaluated States: 8, Time: 0.024) Frontier Size: 4
f(n) = 4.0 (Expanded Nodes: 21, Evaluated States: 45, Time: 0.07) Frontier Size: 24
f(n) = 5.0 (Expanded Nodes: 90, Evaluated States: 167, Time: 0.108) Frontier Size: 77
f(n) = 6.0 (Expanded Nodes: 159, Evaluated States: 317, Time: 0.124) Frontier Size: 158
f(n) = 7.0 (Expanded Nodes: 401, Evaluated States: 719, Time: 0.178) Frontier Size: 318
f(n) = 8.0 (Expanded Nodes: 730, Evaluated States: 1327, Time: 0.218) Frontier Size: 597
f(n) = 9.0 (Expanded Nodes: 1521, Evaluated States: 2552, Time: 0.312) Frontier Size: 1031
f(n) = 10.0 (Expanded Nodes: 2627, Evaluated States: 4242, Time: 0.408) Frontier Size: 1615
Problem Solved

Found Plan:
0.0: (validate_payload t0 a7 t1)
1.0: (sync_actions a7)
2.0: (del a12)
3.0: (validate_payload t2 a3 t3)
4.0: (sync_actions a3)
5.0: (del a3)
6.0: (validate_payload t4 a10 t5)
7.0: (sync_actions a10)
8.0: (validate_payload t5 a4 t6)
9.0: (sync_actions a4)
10.0: (validate_payload t6 a6 t7)
11.0: (sync_actions a6)
12.0: (validate_payload t7 a12 t8)
13.0: (sync_actions a12)
14.0: (validate_payload t8 a11 t9)
15.0: (sync_actions a11)
16.0: (del a11)
17.0: (validate_payload t10 a8 t11)
18.0: (sync_actions a8)
19.0: (validate_payload t11 a1 t12)
20.0: (sync_actions a1)
21.0: (validate_payload t12 a0 t13)
22.0: (sync_actions a0)
23.0: (del a3)
24.0: (validate_payload t14 a2 t15)
25.0: (sync_actions a2)
26.0: (del a0)
27.0: (validate_payload t16 a9 t17)
28.0: (sync_actions a9)

Plan-Length:29
Metric (Search):10.0
Planning Time (msec): 493
Heuristic Time (msec): 3
Search Time (msec): 483
Expanded Nodes:3738
States Evaluated:5647
Number of Dead-Ends detected:0
Number of Duplicates detected:640
/usr/bin/time -v timeout 600 java -Xmx64g -jar ./enhsp3.jar -o ./domain_with_failure.pddl -f ./problems/BasePN-2And-add-5-d3/problem61.pddl -h blind -s WAStar
Domain parsed
Problem parsed
Grounding..
Grounding Time: 4803
UFX:true
|F|:15120
|X|:11
|A|:582
|P|:0
|E|:0
h(I):0.0
f(n) = 2.0 (Expanded Nodes: 2, Evaluated States: 3, Time: 0.022) Frontier Size: 1
f(n) = 4.0 (Expanded Nodes: 8, Evaluated States: 15, Time: 0.064) Frontier Size: 7
f(n) = 5.0 (Expanded Nodes: 30, Evaluated States: 63, Time: 0.086) Frontier Size: 33
f(n) = 6.0 (Expanded Nodes: 50, Evaluated States: 111, Time: 0.099) Frontier Size: 61
f(n) = 7.0 (Expanded Nodes: 120, Evaluated States: 247, Time: 0.131) Frontier Size: 127
f(n) = 8.0 (Expanded Nodes: 268, Evaluated States: 507, Time: 0.177) Frontier Size: 239
f(n) = 9.0 (Expanded Nodes: 560, Evaluated States: 984, Time: 0.249) Frontier Size: 424
f(n) = 10.0 (Expanded Nodes: 1036, Evaluated States: 1736, Time: 0.337) Frontier Size: 700
f(n) = 11.0 (Expanded Nodes: 1812, Evaluated States: 2793, Time: 0.435) Frontier Size: 981
Problem Solved

Found Plan:
0.0: (del a0)
1.0: (validate_payload t1 a7 t2)
2.0: (sync_actions a7)
3.0: (del a7)
4.0: (validate_payload t3 a10 t4)
5.0: (sync_actions a10)
6.0: (validate_payload t4 a3 t5)
7.0: (sync_actions a3)
8.0: (del a6)
9.0: (change_value a4 categorical c3)
10.0: (validate_payload t6 a4 t7)
11.0: (sync_actions a4)
12.0: (validate_payload t7 a12 t8)
13.0: (sync_actions a12)
14.0: (validate_payload t8 a6 t9)
15.0: (sync_actions a6)
16.0: (del a9)
17.0: (del a12)
18.0: (validate_payload t11 a11 t12)
19.0: (sync_actions a11)
20.0: (validate_payload t12 a8 t13)
21.0: (sync_actions a8)
22.0: (validate_payload t13 a0 t14)
23.0: (sync_actions a0)
24.0: (validate_payload t14 a1 t15)
25.0: (sync_actions a1)
26.0: (validate_payload t15 a2 t16)
27.0: (sync_actions a2)
28.0: (validate_payload t16 a9 t17)
29.0: (sync_actions a9)

Plan-Length:30
Metric (Search):11.0
Planning Time (msec): 507
Heuristic Time (msec): 9
Search Time (msec): 506
Expanded Nodes:2445
States Evaluated:3783
Number of Dead-Ends detected:0
Number of Duplicates detected:387
/usr/bin/time -v timeout 600 java -Xmx64g -jar ./enhsp3.jar -o ./domain_with_failure.pddl -f ./problems/BasePN-2And-add-5-d3/problem62.pddl -h blind -s WAStar
Domain parsed
Problem parsed
Grounding..
Grounding Time: 5008
UFX:true
|F|:15120
|X|:11
|A|:582
|P|:0
|E|:0
h(I):0.0
f(n) = 2.0 (Expanded Nodes: 4, Evaluated States: 8, Time: 0.03) Frontier Size: 4
f(n) = 3.0 (Expanded Nodes: 17, Evaluated States: 37, Time: 0.086) Frontier Size: 20
f(n) = 4.0 (Expanded Nodes: 29, Evaluated States: 59, Time: 0.093) Frontier Size: 30
f(n) = 5.0 (Expanded Nodes: 66, Evaluated States: 127, Time: 0.109) Frontier Size: 61
f(n) = 6.0 (Expanded Nodes: 114, Evaluated States: 203, Time: 0.128) Frontier Size: 89
f(n) = 7.0 (Expanded Nodes: 218, Evaluated States: 348, Time: 0.161) Frontier Size: 130
f(n) = 8.0 (Expanded Nodes: 377, Evaluated States: 648, Time: 0.185) Frontier Size: 271
f(n) = 9.0 (Expanded Nodes: 622, Evaluated States: 939, Time: 0.22) Frontier Size: 317
f(n) = 10.0 (Expanded Nodes: 1031, Evaluated States: 1603, Time: 0.265) Frontier Size: 572
Problem Solved

Found Plan:
0.0: (validate_payload t0 a7 t1)
1.0: (sync_actions a7)
2.0: (del a0)
3.0: (validate_payload t2 a10 t3)
4.0: (sync_actions a10)
5.0: (del a0)
6.0: (del a5)
7.0: (validate_payload t5 a3 t6)
8.0: (sync_actions a3)
9.0: (validate_payload t6 a12 t7)
10.0: (sync_actions a12)
11.0: (validate_payload t7 a11 t8)
12.0: (sync_actions a11)
13.0: (validate_payload t8 a4 t9)
14.0: (sync_actions a4)
15.0: (del a1)
16.0: (del a10)
17.0: (validate_payload t11 a6 t12)
18.0: (sync_actions a6)
19.0: (validate_payload t12 a8 t13)
20.0: (sync_actions a8)
21.0: (validate_payload t13 a0 t14)
22.0: (sync_actions a0)
23.0: (validate_payload t14 a1 t15)
24.0: (sync_actions a1)
25.0: (validate_payload t15 a2 t16)
26.0: (sync_actions a2)
27.0: (validate_payload t16 a9 t17)
28.0: (sync_actions a9)

Plan-Length:29
Metric (Search):10.0
Planning Time (msec): 302
Heuristic Time (msec): 11
Search Time (msec): 300
Expanded Nodes:1220
States Evaluated:1840
Number of Dead-Ends detected:0
Number of Duplicates detected:240
/usr/bin/time -v timeout 600 java -Xmx64g -jar ./enhsp3.jar -o ./domain_with_failure.pddl -f ./problems/BasePN-2And-add-5-d3/problem63.pddl -h blind -s WAStar
Domain parsed
Problem parsed
Grounding..
Grounding Time: 4994
UFX:true
|F|:15120
|X|:9
|A|:582
|P|:0
|E|:0
h(I):0.0
f(n) = 2.0 (Expanded Nodes: 2, Evaluated States: 3, Time: 0.021) Frontier Size: 1
f(n) = 4.0 (Expanded Nodes: 8, Evaluated States: 15, Time: 0.061) Frontier Size: 7
f(n) = 5.0 (Expanded Nodes: 28, Evaluated States: 55, Time: 0.08) Frontier Size: 27
f(n) = 6.0 (Expanded Nodes: 40, Evaluated States: 77, Time: 0.086) Frontier Size: 37
f(n) = 7.0 (Expanded Nodes: 95, Evaluated States: 172, Time: 0.115) Frontier Size: 77
f(n) = 8.0 (Expanded Nodes: 151, Evaluated States: 274, Time: 0.132) Frontier Size: 123
f(n) = 9.0 (Expanded Nodes: 285, Evaluated States: 447, Time: 0.169) Frontier Size: 162
f(n) = 10.0 (Expanded Nodes: 457, Evaluated States: 741, Time: 0.216) Frontier Size: 284
Problem Solved

Found Plan:
0.0: (del a6)
1.0: (validate_payload t1 a7 t2)
2.0: (sync_actions a7)
3.0: (del a7)
4.0: (validate_payload t3 a10 t4)
5.0: (sync_actions a10)
6.0: (del a10)
7.0: (validate_payload t5 a3 t6)
8.0: (sync_actions a3)
9.0: (del a3)
10.0: (validate_payload t7 a12 t8)
11.0: (sync_actions a12)
12.0: (validate_payload t8 a11 t9)
13.0: (sync_actions a11)
14.0: (del a7)
15.0: (validate_payload t10 a4 t11)
16.0: (sync_actions a4)
17.0: (validate_payload t11 a6 t12)
18.0: (sync_actions a6)
19.0: (validate_payload t12 a8 t13)
20.0: (sync_actions a8)
21.0: (validate_payload t13 a1 t14)
22.0: (sync_actions a1)
23.0: (validate_payload t14 a0 t15)
24.0: (sync_actions a0)
25.0: (validate_payload t15 a2 t16)
26.0: (sync_actions a2)
27.0: (validate_payload t16 a9 t17)
28.0: (sync_actions a9)

Plan-Length:29
Metric (Search):10.0
Planning Time (msec): 260
Heuristic Time (msec): 6
Search Time (msec): 253
Expanded Nodes:637
States Evaluated:969
Number of Dead-Ends detected:0
Number of Duplicates detected:146
/usr/bin/time -v timeout 600 java -Xmx64g -jar ./enhsp3.jar -o ./domain_with_failure.pddl -f ./problems/BasePN-2And-add-5-d3/problem64.pddl -h blind -s WAStar
Domain parsed
Problem parsed
Grounding..
Grounding Time: 4803
UFX:true
|F|:15120
|X|:12
|A|:582
|P|:0
|E|:0
h(I):0.0
f(n) = 2.0 (Expanded Nodes: 2, Evaluated States: 3, Time: 0.02) Frontier Size: 1
f(n) = 4.0 (Expanded Nodes: 6, Evaluated States: 10, Time: 0.058) Frontier Size: 4
f(n) = 5.0 (Expanded Nodes: 22, Evaluated States: 47, Time: 0.077) Frontier Size: 25
f(n) = 6.0 (Expanded Nodes: 34, Evaluated States: 69, Time: 0.085) Frontier Size: 35
f(n) = 7.0 (Expanded Nodes: 88, Evaluated States: 186, Time: 0.118) Frontier Size: 98
f(n) = 8.0 (Expanded Nodes: 186, Evaluated States: 388, Time: 0.146) Frontier Size: 202
f(n) = 9.0 (Expanded Nodes: 424, Evaluated States: 785, Time: 0.212) Frontier Size: 361
f(n) = 10.0 (Expanded Nodes: 858, Evaluated States: 1523, Time: 0.265) Frontier Size: 665
Problem Solved

Found Plan:
0.0: (del a4)
1.0: (del a11)
2.0: (validate_payload t2 a7 t3)
3.0: (sync_actions a7)
4.0: (validate_payload t3 a10 t4)
5.0: (sync_actions a10)
6.0: (del a7)
7.0: (validate_payload t5 a3 t6)
8.0: (sync_actions a3)
9.0: (validate_payload t6 a4 t7)
10.0: (sync_actions a4)
11.0: (validate_payload t7 a6 t8)
12.0: (sync_actions a6)
13.0: (del a6)
14.0: (validate_payload t9 a12 t10)
15.0: (sync_actions a12)
16.0: (validate_payload t10 a11 t11)
17.0: (sync_actions a11)
18.0: (validate_payload t11 a8 t12)
19.0: (sync_actions a8)
20.0: (del a2)
21.0: (validate_payload t13 a0 t14)
22.0: (sync_actions a0)
23.0: (validate_payload t14 a1 t15)
24.0: (sync_actions a1)
25.0: (validate_payload t15 a2 t16)
26.0: (sync_actions a2)
27.0: (validate_payload t16 a9 t17)
28.0: (sync_actions a9)

Plan-Length:29
Metric (Search):10.0
Planning Time (msec): 327
Heuristic Time (msec): 5
Search Time (msec): 319
Expanded Nodes:1262
States Evaluated:2188
Number of Dead-Ends detected:0
Number of Duplicates detected:164
/usr/bin/time -v timeout 600 java -Xmx64g -jar ./enhsp3.jar -o ./domain_with_failure.pddl -f ./problems/BasePN-2And-add-5-d3/problem65.pddl -h blind -s WAStar
Domain parsed
Problem parsed
Grounding..
Grounding Time: 4928
UFX:true
|F|:15120
|X|:9
|A|:582
|P|:0
|E|:0
h(I):0.0
f(n) = 1.0 (Expanded Nodes: 6, Evaluated States: 17, Time: 0.029) Frontier Size: 11
f(n) = 2.0 (Expanded Nodes: 18, Evaluated States: 39, Time: 0.068) Frontier Size: 21
f(n) = 3.0 (Expanded Nodes: 45, Evaluated States: 105, Time: 0.101) Frontier Size: 60
f(n) = 4.0 (Expanded Nodes: 125, Evaluated States: 269, Time: 0.132) Frontier Size: 144
f(n) = 5.0 (Expanded Nodes: 237, Evaluated States: 437, Time: 0.164) Frontier Size: 200
f(n) = 6.0 (Expanded Nodes: 519, Evaluated States: 933, Time: 0.23) Frontier Size: 414
f(n) = 7.0 (Expanded Nodes: 840, Evaluated States: 1259, Time: 0.267) Frontier Size: 419
f(n) = 8.0 (Expanded Nodes: 1474, Evaluated States: 2237, Time: 0.34) Frontier Size: 763
f(n) = 9.0 (Expanded Nodes: 2174, Evaluated States: 2913, Time: 0.394) Frontier Size: 739
f(n) = 10.0 (Expanded Nodes: 3166, Evaluated States: 4366, Time: 0.472) Frontier Size: 1200
Problem Solved

Found Plan:
0.0: (validate_payload t0 a7 t1)
1.0: (sync_actions a7)
2.0: (validate_payload t1 a10 t2)
3.0: (sync_actions a10)
4.0: (del a8)
5.0: (validate_payload t3 a3 t4)
6.0: (sync_actions a3)
7.0: (validate_payload t4 a5 t5)
8.0: (sync_actions a5)
9.0: (validate_payload t5 a12 t6)
10.0: (sync_actions a12)
11.0: (validate_payload t6 a11 t7)
12.0: (sync_actions a11)
13.0: (del a8)
14.0: (del a1)
15.0: (validate_payload t9 a6 t10)
16.0: (sync_actions a6)
17.0: (validate_payload t10 a8 t11)
18.0: (sync_actions a8)
19.0: (validate_payload t11 a1 t12)
20.0: (sync_actions a1)
21.0: (del a6)
22.0: (validate_payload t13 a2 t14)
23.0: (sync_actions a2)
24.0: (del a2)
25.0: (validate_payload t15 a0 t16)
26.0: (sync_actions a0)
27.0: (validate_payload t16 a9 t17)
28.0: (sync_actions a9)

Plan-Length:29
Metric (Search):10.0
Planning Time (msec): 551
Heuristic Time (msec): 5
Search Time (msec): 547
Expanded Nodes:4250
States Evaluated:5498
Number of Dead-Ends detected:0
Number of Duplicates detected:971
/usr/bin/time -v timeout 600 java -Xmx64g -jar ./enhsp3.jar -o ./domain_with_failure.pddl -f ./problems/BasePN-2And-add-5-d3/problem66.pddl -h blind -s WAStar
Domain parsed
Problem parsed
Grounding..
Grounding Time: 4784
UFX:true
|F|:15120
|X|:7
|A|:582
|P|:0
|E|:0
h(I):0.0
f(n) = 2.0 (Expanded Nodes: 2, Evaluated States: 3, Time: 0.018) Frontier Size: 1
f(n) = 4.0 (Expanded Nodes: 12, Evaluated States: 27, Time: 0.061) Frontier Size: 15
f(n) = 6.0 (Expanded Nodes: 51, Evaluated States: 91, Time: 0.091) Frontier Size: 40
f(n) = 8.0 (Expanded Nodes: 155, Evaluated States: 240, Time: 0.132) Frontier Size: 85
f(n) = 10.0 (Expanded Nodes: 353, Evaluated States: 489, Time: 0.192) Frontier Size: 136
Problem Solved

Found Plan:
0.0: (del a3)
1.0: (validate_payload t1 a7 t2)
2.0: (sync_actions a7)
3.0: (validate_payload t2 a3 t3)
4.0: (sync_actions a3)
5.0: (del a3)
6.0: (validate_payload t4 a10 t5)
7.0: (sync_actions a10)
8.0: (del a11)
9.0: (validate_payload t6 a5 t7)
10.0: (sync_actions a5)
11.0: (validate_payload t7 a12 t8)
12.0: (sync_actions a12)
13.0: (validate_payload t8 a11 t9)
14.0: (sync_actions a11)
15.0: (validate_payload t9 a6 t10)
16.0: (sync_actions a6)
17.0: (validate_payload t10 a8 t11)
18.0: (sync_actions a8)
19.0: (del a2)
20.0: (validate_payload t12 a0 t13)
21.0: (sync_actions a0)
22.0: (validate_payload t13 a1 t14)
23.0: (sync_actions a1)
24.0: (del a6)
25.0: (validate_payload t15 a2 t16)
26.0: (sync_actions a2)
27.0: (validate_payload t16 a9 t17)
28.0: (sync_actions a9)

Plan-Length:29
Metric (Search):10.0
Planning Time (msec): 215
Heuristic Time (msec): 6
Search Time (msec): 212
Expanded Nodes:425
States Evaluated:580
Number of Dead-Ends detected:0
Number of Duplicates detected:127
/usr/bin/time -v timeout 600 java -Xmx64g -jar ./enhsp3.jar -o ./domain_with_failure.pddl -f ./problems/BasePN-2And-add-5-d3/problem67.pddl -h blind -s WAStar
Domain parsed
Problem parsed
Grounding..
Grounding Time: 4927
UFX:true
|F|:15120
|X|:11
|A|:582
|P|:0
|E|:0
h(I):0.0
f(n) = 2.0 (Expanded Nodes: 2, Evaluated States: 3, Time: 0.02) Frontier Size: 1
f(n) = 4.0 (Expanded Nodes: 6, Evaluated States: 10, Time: 0.056) Frontier Size: 4
f(n) = 6.0 (Expanded Nodes: 16, Evaluated States: 27, Time: 0.072) Frontier Size: 11
f(n) = 7.0 (Expanded Nodes: 53, Evaluated States: 101, Time: 0.1) Frontier Size: 48
f(n) = 8.0 (Expanded Nodes: 65, Evaluated States: 123, Time: 0.105) Frontier Size: 58
f(n) = 9.0 (Expanded Nodes: 169, Evaluated States: 299, Time: 0.144) Frontier Size: 130
f(n) = 10.0 (Expanded Nodes: 256, Evaluated States: 448, Time: 0.17) Frontier Size: 192
Problem Solved

Found Plan:
0.0: (del a8)
1.0: (del a5)
2.0: (del a10)
3.0: (validate_payload t3 a7 t4)
4.0: (sync_actions a7)
5.0: (validate_payload t4 a3 t5)
6.0: (sync_actions a3)
7.0: (validate_payload t5 a4 t6)
8.0: (sync_actions a4)
9.0: (validate_payload t6 a10 t7)
10.0: (sync_actions a10)
11.0: (del a4)
12.0: (validate_payload t8 a6 t9)
13.0: (sync_actions a6)
14.0: (del a8)
15.0: (validate_payload t10 a12 t11)
16.0: (sync_actions a12)
17.0: (validate_payload t11 a11 t12)
18.0: (sync_actions a11)
19.0: (validate_payload t12 a8 t13)
20.0: (sync_actions a8)
21.0: (validate_payload t13 a0 t14)
22.0: (sync_actions a0)
23.0: (validate_payload t14 a1 t15)
24.0: (sync_actions a1)
25.0: (validate_payload t15 a2 t16)
26.0: (sync_actions a2)
27.0: (validate_payload t16 a9 t17)
28.0: (sync_actions a9)

Plan-Length:29
Metric (Search):10.0
Planning Time (msec): 220
Heuristic Time (msec): 8
Search Time (msec): 216
Expanded Nodes:460
States Evaluated:754
Number of Dead-Ends detected:0
Number of Duplicates detected:87
/usr/bin/time -v timeout 600 java -Xmx64g -jar ./enhsp3.jar -o ./domain_with_failure.pddl -f ./problems/BasePN-2And-add-5-d3/problem68.pddl -h blind -s WAStar
Domain parsed
Problem parsed
Grounding..
Grounding Time: 4502
UFX:true
|F|:15120
|X|:9
|A|:582
|P|:0
|E|:0
h(I):0.0
f(n) = 2.0 (Expanded Nodes: 2, Evaluated States: 3, Time: 0.017) Frontier Size: 1
f(n) = 4.0 (Expanded Nodes: 8, Evaluated States: 15, Time: 0.06) Frontier Size: 7
f(n) = 5.0 (Expanded Nodes: 34, Evaluated States: 72, Time: 0.086) Frontier Size: 38
f(n) = 6.0 (Expanded Nodes: 64, Evaluated States: 136, Time: 0.099) Frontier Size: 72
f(n) = 7.0 (Expanded Nodes: 146, Evaluated States: 285, Time: 0.135) Frontier Size: 139
f(n) = 8.0 (Expanded Nodes: 304, Evaluated States: 533, Time: 0.174) Frontier Size: 229
f(n) = 9.0 (Expanded Nodes: 533, Evaluated States: 834, Time: 0.229) Frontier Size: 301
f(n) = 10.0 (Expanded Nodes: 925, Evaluated States: 1350, Time: 0.27) Frontier Size: 425
Problem Solved

Found Plan:
0.0: (del a5)
1.0: (validate_payload t1 a7 t2)
2.0: (sync_actions a7)
3.0: (del a2)
4.0: (validate_payload t3 a10 t4)
5.0: (sync_actions a10)
6.0: (validate_payload t4 a12 t5)
7.0: (sync_actions a12)
8.0: (validate_payload t5 a11 t6)
9.0: (sync_actions a11)
10.0: (del a1)
11.0: (validate_payload t7 a3 t8)
12.0: (sync_actions a3)
13.0: (validate_payload t8 a4 t9)
14.0: (sync_actions a4)
15.0: (del a4)
16.0: (del a11)
17.0: (validate_payload t11 a6 t12)
18.0: (sync_actions a6)
19.0: (validate_payload t12 a8 t13)
20.0: (sync_actions a8)
21.0: (validate_payload t13 a1 t14)
22.0: (sync_actions a1)
23.0: (validate_payload t14 a0 t15)
24.0: (sync_actions a0)
25.0: (validate_payload t15 a2 t16)
26.0: (sync_actions a2)
27.0: (validate_payload t16 a9 t17)
28.0: (sync_actions a9)

Plan-Length:29
Metric (Search):10.0
Planning Time (msec): 316
Heuristic Time (msec): 5
Search Time (msec): 313
Expanded Nodes:1287
States Evaluated:1779
Number of Dead-Ends detected:0
Number of Duplicates detected:265
/usr/bin/time -v timeout 600 java -Xmx64g -jar ./enhsp3.jar -o ./domain_with_failure.pddl -f ./problems/BasePN-2And-add-5-d3/problem69.pddl -h blind -s WAStar
Domain parsed
Problem parsed
Grounding..
Grounding Time: 5031
UFX:true
|F|:15120
|X|:12
|A|:582
|P|:0
|E|:0
h(I):0.0
f(n) = 1.0 (Expanded Nodes: 8, Evaluated States: 24, Time: 0.025) Frontier Size: 16
f(n) = 2.0 (Expanded Nodes: 28, Evaluated States: 68, Time: 0.066) Frontier Size: 40
f(n) = 3.0 (Expanded Nodes: 63, Evaluated States: 157, Time: 0.101) Frontier Size: 94
f(n) = 4.0 (Expanded Nodes: 183, Evaluated States: 361, Time: 0.135) Frontier Size: 178
f(n) = 5.0 (Expanded Nodes: 333, Evaluated States: 599, Time: 0.164) Frontier Size: 266
f(n) = 6.0 (Expanded Nodes: 721, Evaluated States: 1182, Time: 0.223) Frontier Size: 461
f(n) = 7.0 (Expanded Nodes: 1180, Evaluated States: 1819, Time: 0.285) Frontier Size: 639
f(n) = 8.0 (Expanded Nodes: 2006, Evaluated States: 2945, Time: 0.38) Frontier Size: 939
f(n) = 9.0 (Expanded Nodes: 3044, Evaluated States: 4244, Time: 0.468) Frontier Size: 1200
f(n) = 10.0 (Expanded Nodes: 4629, Evaluated States: 6495, Time: 0.621) Frontier Size: 1866
Problem Solved

Found Plan:
0.0: (validate_payload t0 a7 t1)
1.0: (sync_actions a7)
2.0: (validate_payload t1 a10 t2)
3.0: (sync_actions a10)
4.0: (validate_payload t2 a12 t3)
5.0: (sync_actions a12)
6.0: (del a8)
7.0: (validate_payload t4 a3 t5)
8.0: (sync_actions a3)
9.0: (validate_payload t5 a11 t6)
10.0: (sync_actions a11)
11.0: (del a9)
12.0: (validate_payload t7 a4 t8)
13.0: (sync_actions a4)
14.0: (validate_payload t8 a6 t9)
15.0: (sync_actions a6)
16.0: (del a12)
17.0: (del a0)
18.0: (validate_payload t11 a8 t12)
19.0: (sync_actions a8)
20.0: (validate_payload t12 a1 t13)
21.0: (sync_actions a1)
22.0: (validate_payload t13 a2 t14)
23.0: (sync_actions a2)
24.0: (del a7)
25.0: (validate_payload t15 a0 t16)
26.0: (sync_actions a0)
27.0: (validate_payload t16 a9 t17)
28.0: (sync_actions a9)

Plan-Length:29
Metric (Search):10.0
Planning Time (msec): 678
Heuristic Time (msec): 6
Search Time (msec): 671
Expanded Nodes:5259
States Evaluated:7574
Number of Dead-Ends detected:0
Number of Duplicates detected:892
/usr/bin/time -v timeout 600 java -Xmx64g -jar ./enhsp3.jar -o ./domain_with_failure.pddl -f ./problems/BasePN-2And-add-5-d3/problem70.pddl -h blind -s WAStar
Domain parsed
Problem parsed
Grounding..
Grounding Time: 4959
UFX:true
|F|:15120
|X|:12
|A|:582
|P|:0
|E|:0
h(I):0.0
f(n) = 1.0 (Expanded Nodes: 6, Evaluated States: 18, Time: 0.024) Frontier Size: 12
f(n) = 2.0 (Expanded Nodes: 18, Evaluated States: 40, Time: 0.054) Frontier Size: 22
f(n) = 3.0 (Expanded Nodes: 43, Evaluated States: 107, Time: 0.086) Frontier Size: 64
f(n) = 4.0 (Expanded Nodes: 130, Evaluated States: 265, Time: 0.117) Frontier Size: 135
f(n) = 5.0 (Expanded Nodes: 295, Evaluated States: 574, Time: 0.175) Frontier Size: 279
f(n) = 6.0 (Expanded Nodes: 628, Evaluated States: 1120, Time: 0.235) Frontier Size: 492
f(n) = 7.0 (Expanded Nodes: 1162, Evaluated States: 1903, Time: 0.289) Frontier Size: 741
f(n) = 8.0 (Expanded Nodes: 2079, Evaluated States: 3156, Time: 0.381) Frontier Size: 1077
f(n) = 9.0 (Expanded Nodes: 3300, Evaluated States: 4713, Time: 0.468) Frontier Size: 1413
f(n) = 10.0 (Expanded Nodes: 5024, Evaluated States: 6960, Time: 0.606) Frontier Size: 1936
f(n) = 11.0 (Expanded Nodes: 7258, Evaluated States: 9755, Time: 0.767) Frontier Size: 2497
Problem Solved

Found Plan:
0.0: (validate_payload t0 a7 t1)
1.0: (sync_actions a7)
2.0: (validate_payload t1 a10 t2)
3.0: (sync_actions a10)
4.0: (del a7)
5.0: (validate_payload t3 a3 t4)
6.0: (sync_actions a3)
7.0: (change_value a4 categorical c2)
8.0: (validate_payload t4 a4 t5)
9.0: (sync_actions a4)
10.0: (validate_payload t5 a6 t6)
11.0: (sync_actions a6)
12.0: (del a9)
13.0: (validate_payload t7 a12 t8)
14.0: (sync_actions a12)
15.0: (del a8)
16.0: (validate_payload t9 a11 t10)
17.0: (sync_actions a11)
18.0: (del a1)
19.0: (validate_payload t11 a8 t12)
20.0: (sync_actions a8)
21.0: (del a2)
22.0: (validate_payload t13 a0 t14)
23.0: (sync_actions a0)
24.0: (validate_payload t14 a1 t15)
25.0: (sync_actions a1)
26.0: (validate_payload t15 a2 t16)
27.0: (sync_actions a2)
28.0: (validate_payload t16 a9 t17)
29.0: (sync_actions a9)

Plan-Length:30
Metric (Search):11.0
Planning Time (msec): 992
Heuristic Time (msec): 6
Search Time (msec): 989
Expanded Nodes:10241
States Evaluated:13836
Number of Dead-Ends detected:0
Number of Duplicates detected:1623
/usr/bin/time -v timeout 600 java -Xmx64g -jar ./enhsp3.jar -o ./domain_with_failure.pddl -f ./problems/BasePN-2And-add-5-d3/problem71.pddl -h blind -s WAStar
Domain parsed
Problem parsed
Grounding..
Grounding Time: 4819
UFX:true
|F|:15120
|X|:10
|A|:582
|P|:0
|E|:0
h(I):0.0
f(n) = 2.0 (Expanded Nodes: 2, Evaluated States: 3, Time: 0.02) Frontier Size: 1
f(n) = 4.0 (Expanded Nodes: 6, Evaluated States: 10, Time: 0.059) Frontier Size: 4
f(n) = 5.0 (Expanded Nodes: 28, Evaluated States: 62, Time: 0.084) Frontier Size: 34
f(n) = 6.0 (Expanded Nodes: 60, Evaluated States: 120, Time: 0.102) Frontier Size: 60
f(n) = 7.0 (Expanded Nodes: 170, Evaluated States: 325, Time: 0.147) Frontier Size: 155
f(n) = 8.0 (Expanded Nodes: 292, Evaluated States: 496, Time: 0.177) Frontier Size: 204
f(n) = 9.0 (Expanded Nodes: 576, Evaluated States: 897, Time: 0.235) Frontier Size: 321
f(n) = 10.0 (Expanded Nodes: 827, Evaluated States: 1254, Time: 0.273) Frontier Size: 427
Problem Solved

Found Plan:
0.0: (del a11)
1.0: (del a5)
2.0: (validate_payload t2 a7 t3)
3.0: (sync_actions a7)
4.0: (validate_payload t3 a10 t4)
5.0: (sync_actions a10)
6.0: (validate_payload t4 a3 t5)
7.0: (sync_actions a3)
8.0: (validate_payload t5 a4 t6)
9.0: (sync_actions a4)
10.0: (validate_payload t6 a6 t7)
11.0: (sync_actions a6)
12.0: (validate_payload t7 a12 t8)
13.0: (sync_actions a12)
14.0: (del a12)
15.0: (validate_payload t9 a11 t10)
16.0: (sync_actions a11)
17.0: (del a1)
18.0: (validate_payload t11 a8 t12)
19.0: (sync_actions a8)
20.0: (validate_payload t12 a1 t13)
21.0: (sync_actions a1)
22.0: (del a3)
23.0: (validate_payload t14 a2 t15)
24.0: (sync_actions a2)
25.0: (validate_payload t15 a0 t16)
26.0: (sync_actions a0)
27.0: (validate_payload t16 a9 t17)
28.0: (sync_actions a9)

Plan-Length:29
Metric (Search):10.0
Planning Time (msec): 358
Heuristic Time (msec): 6
Search Time (msec): 355
Expanded Nodes:1304
States Evaluated:1925
Number of Dead-Ends detected:0
Number of Duplicates detected:280
/usr/bin/time -v timeout 600 java -Xmx64g -jar ./enhsp3.jar -o ./domain_with_failure.pddl -f ./problems/BasePN-2And-add-5-d3/problem72.pddl -h blind -s WAStar
Domain parsed
Problem parsed
Grounding..
Grounding Time: 4835
UFX:true
|F|:15120
|X|:10
|A|:582
|P|:0
|E|:0
h(I):0.0
f(n) = 2.0 (Expanded Nodes: 2, Evaluated States: 3, Time: 0.02) Frontier Size: 1
f(n) = 4.0 (Expanded Nodes: 8, Evaluated States: 15, Time: 0.057) Frontier Size: 7
f(n) = 5.0 (Expanded Nodes: 33, Evaluated States: 67, Time: 0.082) Frontier Size: 34
f(n) = 6.0 (Expanded Nodes: 50, Evaluated States: 95, Time: 0.091) Frontier Size: 45
f(n) = 7.0 (Expanded Nodes: 121, Evaluated States: 206, Time: 0.121) Frontier Size: 85
f(n) = 8.0 (Expanded Nodes: 170, Evaluated States: 266, Time: 0.131) Frontier Size: 96
f(n) = 9.0 (Expanded Nodes: 302, Evaluated States: 440, Time: 0.169) Frontier Size: 138
f(n) = 10.0 (Expanded Nodes: 393, Evaluated States: 534, Time: 0.192) Frontier Size: 141
Problem Solved

Found Plan:
0.0: (del a8)
1.0: (validate_payload t1 a7 t2)
2.0: (sync_actions a7)
3.0: (del a2)
4.0: (validate_payload t3 a3 t4)
5.0: (sync_actions a3)
6.0: (validate_payload t4 a4 t5)
7.0: (sync_actions a4)
8.0: (validate_payload t5 a6 t6)
9.0: (sync_actions a6)
10.0: (validate_payload t6 a10 t7)
11.0: (sync_actions a10)
12.0: (del a1)
13.0: (del a0)
14.0: (validate_payload t9 a12 t10)
15.0: (sync_actions a12)
16.0: (del a9)
17.0: (validate_payload t11 a11 t12)
18.0: (sync_actions a11)
19.0: (validate_payload t12 a8 t13)
20.0: (sync_actions a8)
21.0: (validate_payload t13 a1 t14)
22.0: (sync_actions a1)
23.0: (validate_payload t14 a0 t15)
24.0: (sync_actions a0)
25.0: (validate_payload t15 a2 t16)
26.0: (sync_actions a2)
27.0: (validate_payload t16 a9 t17)
28.0: (sync_actions a9)

Plan-Length:29
Metric (Search):10.0
Planning Time (msec): 220
Heuristic Time (msec): 6
Search Time (msec): 213
Expanded Nodes:476
States Evaluated:662
Number of Dead-Ends detected:0
Number of Duplicates detected:116
/usr/bin/time -v timeout 600 java -Xmx64g -jar ./enhsp3.jar -o ./domain_with_failure.pddl -f ./problems/BasePN-2And-add-5-d3/problem73.pddl -h blind -s WAStar
Domain parsed
Problem parsed
Grounding..
Grounding Time: 4928
UFX:true
|F|:15120
|X|:9
|A|:582
|P|:0
|E|:0
h(I):0.0
f(n) = 2.0 (Expanded Nodes: 2, Evaluated States: 3, Time: 0.017) Frontier Size: 1
f(n) = 4.0 (Expanded Nodes: 8, Evaluated States: 15, Time: 0.056) Frontier Size: 7
f(n) = 5.0 (Expanded Nodes: 30, Evaluated States: 60, Time: 0.075) Frontier Size: 30
f(n) = 6.0 (Expanded Nodes: 42, Evaluated States: 82, Time: 0.081) Frontier Size: 40
f(n) = 7.0 (Expanded Nodes: 103, Evaluated States: 185, Time: 0.122) Frontier Size: 82
f(n) = 8.0 (Expanded Nodes: 188, Evaluated States: 343, Time: 0.142) Frontier Size: 155
f(n) = 9.0 (Expanded Nodes: 409, Evaluated States: 682, Time: 0.188) Frontier Size: 273
f(n) = 10.0 (Expanded Nodes: 651, Evaluated States: 1086, Time: 0.224) Frontier Size: 435
f(n) = 11.0 (Expanded Nodes: 1198, Evaluated States: 1860, Time: 0.282) Frontier Size: 662
Problem Solved

Found Plan:
0.0: (del a5)
1.0: (validate_payload t1 a7 t2)
2.0: (sync_actions a7)
3.0: (del a7)
4.0: (validate_payload t3 a10 t4)
5.0: (sync_actions a10)
6.0: (del a7)
7.0: (validate_payload t5 a3 t6)
8.0: (sync_actions a3)
9.0: (change_value a4 categorical c3)
10.0: (validate_payload t6 a4 t7)
11.0: (sync_actions a4)
12.0: (validate_payload t7 a6 t8)
13.0: (sync_actions a6)
14.0: (validate_payload t8 a12 t9)
15.0: (sync_actions a12)
16.0: (validate_payload t9 a11 t10)
17.0: (sync_actions a11)
18.0: (del a0)
19.0: (validate_payload t11 a8 t12)
20.0: (sync_actions a8)
21.0: (del a9)
22.0: (validate_payload t13 a1 t14)
23.0: (sync_actions a1)
24.0: (validate_payload t14 a2 t15)
25.0: (sync_actions a2)
26.0: (validate_payload t15 a0 t16)
27.0: (sync_actions a0)
28.0: (validate_payload t16 a9 t17)
29.0: (sync_actions a9)

Plan-Length:30
Metric (Search):11.0
Planning Time (msec): 328
Heuristic Time (msec): 6
Search Time (msec): 324
Expanded Nodes:1589
States Evaluated:2425
Number of Dead-Ends detected:0
Number of Duplicates detected:272
/usr/bin/time -v timeout 600 java -Xmx64g -jar ./enhsp3.jar -o ./domain_with_failure.pddl -f ./problems/BasePN-2And-add-5-d3/problem74.pddl -h blind -s WAStar
Domain parsed
Problem parsed
Grounding..
Grounding Time: 4935
UFX:true
|F|:15120
|X|:11
|A|:582
|P|:0
|E|:0
h(I):0.0
f(n) = 1.0 (Expanded Nodes: 6, Evaluated States: 18, Time: 0.022) Frontier Size: 12
f(n) = 2.0 (Expanded Nodes: 18, Evaluated States: 40, Time: 0.058) Frontier Size: 22
f(n) = 3.0 (Expanded Nodes: 39, Evaluated States: 95, Time: 0.09) Frontier Size: 56
f(n) = 4.0 (Expanded Nodes: 97, Evaluated States: 177, Time: 0.111) Frontier Size: 80
f(n) = 5.0 (Expanded Nodes: 183, Evaluated States: 322, Time: 0.142) Frontier Size: 139
f(n) = 6.0 (Expanded Nodes: 375, Evaluated States: 640, Time: 0.196) Frontier Size: 265
f(n) = 7.0 (Expanded Nodes: 671, Evaluated States: 1137, Time: 0.248) Frontier Size: 466
f(n) = 8.0 (Expanded Nodes: 1196, Evaluated States: 1951, Time: 0.32) Frontier Size: 755
f(n) = 9.0 (Expanded Nodes: 2357, Evaluated States: 3833, Time: 0.43) Frontier Size: 1476
f(n) = 10.0 (Expanded Nodes: 4827, Evaluated States: 7957, Time: 0.619) Frontier Size: 3130
f(n) = 11.0 (Expanded Nodes: 9222, Evaluated States: 15236, Time: 0.959) Frontier Size: 6014
Problem Solved

Found Plan:
0.0: (validate_payload t0 a7 t1)
1.0: (sync_actions a7)
2.0: (del a10)
3.0: (del a8)
4.0: (validate_payload t3 a10 t4)
5.0: (sync_actions a10)
6.0: (validate_payload t4 a3 t5)
7.0: (sync_actions a3)
8.0: (change_value a4 categorical c3)
9.0: (validate_payload t5 a4 t6)
10.0: (sync_actions a4)
11.0: (validate_payload t6 a12 t7)
12.0: (sync_actions a12)
13.0: (validate_payload t7 a11 t8)
14.0: (sync_actions a11)
15.0: (validate_payload t8 a6 t9)
16.0: (sync_actions a6)
17.0: (del a6)
18.0: (validate_payload t10 a8 t11)
19.0: (sync_actions a8)
20.0: (validate_payload t11 a0 t12)
21.0: (sync_actions a0)
22.0: (validate_payload t12 a1 t13)
23.0: (sync_actions a1)
24.0: (validate_payload t13 a2 t14)
25.0: (sync_actions a2)
26.0: (validate_payload t14 a9 t15)
27.0: (sync_actions a9)
28.0: (del a2)
29.0: (del a9)

Plan-Length:30
Metric (Search):11.0
Planning Time (msec): 1058
Heuristic Time (msec): 7
Search Time (msec): 1055
Expanded Nodes:11011
States Evaluated:17999
Number of Dead-Ends detected:0
Number of Duplicates detected:1316
/usr/bin/time -v timeout 600 java -Xmx64g -jar ./enhsp3.jar -o ./domain_with_failure.pddl -f ./problems/BasePN-2And-add-5-d3/problem75.pddl -h blind -s WAStar
Domain parsed
Problem parsed
Grounding..
Grounding Time: 5049
UFX:true
|F|:15120
|X|:12
|A|:582
|P|:0
|E|:0
h(I):0.0
f(n) = 2.0 (Expanded Nodes: 2, Evaluated States: 3, Time: 0.017) Frontier Size: 1
f(n) = 3.0 (Expanded Nodes: 12, Evaluated States: 30, Time: 0.061) Frontier Size: 18
f(n) = 4.0 (Expanded Nodes: 32, Evaluated States: 78, Time: 0.077) Frontier Size: 46
f(n) = 5.0 (Expanded Nodes: 71, Evaluated States: 164, Time: 0.106) Frontier Size: 93
f(n) = 6.0 (Expanded Nodes: 182, Evaluated States: 368, Time: 0.144) Frontier Size: 186
f(n) = 7.0 (Expanded Nodes: 368, Evaluated States: 618, Time: 0.204) Frontier Size: 250
f(n) = 8.0 (Expanded Nodes: 693, Evaluated States: 1160, Time: 0.244) Frontier Size: 467
f(n) = 9.0 (Expanded Nodes: 1233, Evaluated States: 1866, Time: 0.309) Frontier Size: 633
f(n) = 10.0 (Expanded Nodes: 1982, Evaluated States: 2990, Time: 0.38) Frontier Size: 1008
Problem Solved

Found Plan:
0.0: (del a8)
1.0: (validate_payload t1 a7 t2)
2.0: (sync_actions a7)
3.0: (validate_payload t2 a10 t3)
4.0: (sync_actions a10)
5.0: (validate_payload t3 a3 t4)
6.0: (sync_actions a3)
7.0: (del a0)
8.0: (validate_payload t5 a4 t6)
9.0: (sync_actions a4)
10.0: (del a1)
11.0: (validate_payload t7 a6 t8)
12.0: (sync_actions a6)
13.0: (validate_payload t8 a12 t9)
14.0: (sync_actions a12)
15.0: (del a3)
16.0: (validate_payload t10 a11 t11)
17.0: (sync_actions a11)
18.0: (del a11)
19.0: (validate_payload t12 a8 t13)
20.0: (sync_actions a8)
21.0: (validate_payload t13 a1 t14)
22.0: (sync_actions a1)
23.0: (validate_payload t14 a0 t15)
24.0: (sync_actions a0)
25.0: (validate_payload t15 a2 t16)
26.0: (sync_actions a2)
27.0: (validate_payload t16 a9 t17)
28.0: (sync_actions a9)

Plan-Length:29
Metric (Search):10.0
Planning Time (msec): 463
Heuristic Time (msec): 7
Search Time (msec): 461
Expanded Nodes:2877
States Evaluated:4136
Number of Dead-Ends detected:0
Number of Duplicates detected:526
/usr/bin/time -v timeout 600 java -Xmx64g -jar ./enhsp3.jar -o ./domain_with_failure.pddl -f ./problems/BasePN-2And-add-5-d3/problem76.pddl -h blind -s WAStar
Domain parsed
Problem parsed
Grounding..
Grounding Time: 5213
UFX:true
|F|:15120
|X|:11
|A|:582
|P|:0
|E|:0
h(I):0.0
f(n) = 2.0 (Expanded Nodes: 6, Evaluated States: 13, Time: 0.023) Frontier Size: 7
f(n) = 3.0 (Expanded Nodes: 31, Evaluated States: 71, Time: 0.085) Frontier Size: 40
f(n) = 4.0 (Expanded Nodes: 44, Evaluated States: 91, Time: 0.093) Frontier Size: 47
f(n) = 5.0 (Expanded Nodes: 135, Evaluated States: 244, Time: 0.128) Frontier Size: 109
f(n) = 6.0 (Expanded Nodes: 187, Evaluated States: 306, Time: 0.142) Frontier Size: 119
f(n) = 7.0 (Expanded Nodes: 376, Evaluated States: 543, Time: 0.19) Frontier Size: 167
f(n) = 8.0 (Expanded Nodes: 531, Evaluated States: 798, Time: 0.227) Frontier Size: 267
f(n) = 9.0 (Expanded Nodes: 934, Evaluated States: 1443, Time: 0.289) Frontier Size: 509
f(n) = 10.0 (Expanded Nodes: 1426, Evaluated States: 2330, Time: 0.378) Frontier Size: 904
Problem Solved

Found Plan:
0.0: (validate_payload t0 a7 t1)
1.0: (sync_actions a7)
2.0: (validate_payload t1 a10 t2)
3.0: (sync_actions a10)
4.0: (del a8)
5.0: (validate_payload t3 a3 t4)
6.0: (sync_actions a3)
7.0: (validate_payload t4 a12 t5)
8.0: (sync_actions a12)
9.0: (validate_payload t5 a4 t6)
10.0: (sync_actions a4)
11.0: (del a10)
12.0: (del a12)
13.0: (validate_payload t8 a11 t9)
14.0: (sync_actions a11)
15.0: (validate_payload t9 a6 t10)
16.0: (sync_actions a6)
17.0: (validate_payload t10 a8 t11)
18.0: (sync_actions a8)
19.0: (del a7)
20.0: (validate_payload t12 a1 t13)
21.0: (sync_actions a1)
22.0: (del a10)
23.0: (validate_payload t14 a2 t15)
24.0: (sync_actions a2)
25.0: (validate_payload t15 a0 t16)
26.0: (sync_actions a0)
27.0: (validate_payload t16 a9 t17)
28.0: (sync_actions a9)

Plan-Length:29
Metric (Search):10.0
Planning Time (msec): 550
Heuristic Time (msec): 2
Search Time (msec): 543
Expanded Nodes:2432
States Evaluated:3964
Number of Dead-Ends detected:0
Number of Duplicates detected:392
/usr/bin/time -v timeout 600 java -Xmx64g -jar ./enhsp3.jar -o ./domain_with_failure.pddl -f ./problems/BasePN-2And-add-5-d3/problem77.pddl -h blind -s WAStar
Domain parsed
Problem parsed
Grounding..
Grounding Time: 4876
UFX:true
|F|:15120
|X|:11
|A|:582
|P|:0
|E|:0
h(I):0.0
f(n) = 2.0 (Expanded Nodes: 4, Evaluated States: 8, Time: 0.023) Frontier Size: 4
f(n) = 3.0 (Expanded Nodes: 23, Evaluated States: 56, Time: 0.078) Frontier Size: 33
f(n) = 4.0 (Expanded Nodes: 60, Evaluated States: 146, Time: 0.095) Frontier Size: 86
f(n) = 5.0 (Expanded Nodes: 164, Evaluated States: 330, Time: 0.141) Frontier Size: 166
f(n) = 6.0 (Expanded Nodes: 321, Evaluated States: 607, Time: 0.187) Frontier Size: 286
f(n) = 7.0 (Expanded Nodes: 630, Evaluated States: 976, Time: 0.262) Frontier Size: 346
f(n) = 8.0 (Expanded Nodes: 1043, Evaluated States: 1555, Time: 0.331) Frontier Size: 512
f(n) = 9.0 (Expanded Nodes: 1618, Evaluated States: 2215, Time: 0.394) Frontier Size: 597
f(n) = 10.0 (Expanded Nodes: 2232, Evaluated States: 3021, Time: 0.452) Frontier Size: 789
Problem Solved

Found Plan:
0.0: (validate_payload t0 a7 t1)
1.0: (sync_actions a7)
2.0: (del a0)
3.0: (validate_payload t2 a3 t3)
4.0: (sync_actions a3)
5.0: (validate_payload t3 a10 t4)
6.0: (sync_actions a10)
7.0: (validate_payload t4 a4 t5)
8.0: (sync_actions a4)
9.0: (validate_payload t5 a6 t6)
10.0: (sync_actions a6)
11.0: (del a2)
12.0: (del a11)
13.0: (validate_payload t8 a12 t9)
14.0: (sync_actions a12)
15.0: (validate_payload t9 a11 t10)
16.0: (sync_actions a11)
17.0: (del a0)
18.0: (del a0)
19.0: (validate_payload t12 a8 t13)
20.0: (sync_actions a8)
21.0: (validate_payload t13 a1 t14)
22.0: (sync_actions a1)
23.0: (validate_payload t14 a2 t15)
24.0: (sync_actions a2)
25.0: (validate_payload t15 a0 t16)
26.0: (sync_actions a0)
27.0: (validate_payload t16 a9 t17)
28.0: (sync_actions a9)

Plan-Length:29
Metric (Search):10.0
Planning Time (msec): 496
Heuristic Time (msec): 6
Search Time (msec): 494
Expanded Nodes:2702
States Evaluated:3591
Number of Dead-Ends detected:0
Number of Duplicates detected:544
/usr/bin/time -v timeout 600 java -Xmx64g -jar ./enhsp3.jar -o ./domain_with_failure.pddl -f ./problems/BasePN-2And-add-5-d3/problem78.pddl -h blind -s WAStar
Domain parsed
Problem parsed
Grounding..
Grounding Time: 4828
UFX:true
|F|:15120
|X|:11
|A|:582
|P|:0
|E|:0
h(I):0.0
f(n) = 2.0 (Expanded Nodes: 2, Evaluated States: 3, Time: 0.018) Frontier Size: 1
f(n) = 4.0 (Expanded Nodes: 6, Evaluated States: 10, Time: 0.055) Frontier Size: 4
f(n) = 5.0 (Expanded Nodes: 24, Evaluated States: 56, Time: 0.08) Frontier Size: 32
f(n) = 6.0 (Expanded Nodes: 53, Evaluated States: 128, Time: 0.09) Frontier Size: 75
f(n) = 7.0 (Expanded Nodes: 168, Evaluated States: 345, Time: 0.143) Frontier Size: 177
f(n) = 8.0 (Expanded Nodes: 422, Evaluated States: 882, Time: 0.214) Frontier Size: 460
f(n) = 9.0 (Expanded Nodes: 1115, Evaluated States: 2167, Time: 0.313) Frontier Size: 1052
f(n) = 10.0 (Expanded Nodes: 2402, Evaluated States: 4492, Time: 0.457) Frontier Size: 2090
Problem Solved

Found Plan:
0.0: (del a11)
1.0: (del a6)
2.0: (validate_payload t2 a7 t3)
3.0: (sync_actions a7)
4.0: (validate_payload t3 a3 t4)
5.0: (sync_actions a3)
6.0: (validate_payload t4 a10 t5)
7.0: (sync_actions a10)
8.0: (validate_payload t5 a4 t6)
9.0: (sync_actions a4)
10.0: (del a4)
11.0: (validate_payload t7 a6 t8)
12.0: (sync_actions a6)
13.0: (validate_payload t8 a12 t9)
14.0: (sync_actions a12)
15.0: (validate_payload t9 a11 t10)
16.0: (sync_actions a11)
17.0: (validate_payload t10 a8 t11)
18.0: (sync_actions a8)
19.0: (validate_payload t11 a1 t12)
20.0: (sync_actions a1)
21.0: (validate_payload t12 a2 t13)
22.0: (sync_actions a2)
23.0: (validate_payload t13 a0 t14)
24.0: (sync_actions a0)
25.0: (del a0)
26.0: (del a2)
27.0: (validate_payload t16 a9 t17)
28.0: (sync_actions a9)

Plan-Length:29
Metric (Search):10.0
Planning Time (msec): 615
Heuristic Time (msec): 8
Search Time (msec): 604
Expanded Nodes:4365
States Evaluated:7428
Number of Dead-Ends detected:0
Number of Duplicates detected:549
/usr/bin/time -v timeout 600 java -Xmx64g -jar ./enhsp3.jar -o ./domain_with_failure.pddl -f ./problems/BasePN-2And-add-5-d3/problem79.pddl -h blind -s WAStar
Domain parsed
Problem parsed
Grounding..
Grounding Time: 4917
UFX:true
|F|:15120
|X|:9
|A|:582
|P|:0
|E|:0
h(I):0.0
f(n) = 1.0 (Expanded Nodes: 14, Evaluated States: 42, Time: 0.033) Frontier Size: 28
f(n) = 2.0 (Expanded Nodes: 58, Evaluated States: 152, Time: 0.094) Frontier Size: 94
f(n) = 3.0 (Expanded Nodes: 126, Evaluated States: 306, Time: 0.148) Frontier Size: 180
f(n) = 4.0 (Expanded Nodes: 396, Evaluated States: 740, Time: 0.215) Frontier Size: 344
f(n) = 5.0 (Expanded Nodes: 673, Evaluated States: 1119, Time: 0.25) Frontier Size: 446
f(n) = 6.0 (Expanded Nodes: 1303, Evaluated States: 1905, Time: 0.322) Frontier Size: 602
f(n) = 7.0 (Expanded Nodes: 1896, Evaluated States: 2558, Time: 0.371) Frontier Size: 662
f(n) = 8.0 (Expanded Nodes: 2826, Evaluated States: 3656, Time: 0.453) Frontier Size: 830
f(n) = 9.0 (Expanded Nodes: 3754, Evaluated States: 4616, Time: 0.509) Frontier Size: 862
f(n) = 10.0 (Expanded Nodes: 4833, Evaluated States: 5866, Time: 0.584) Frontier Size: 1033
Problem Solved

Found Plan:
0.0: (validate_payload t0 a7 t1)
1.0: (sync_actions a7)
2.0: (validate_payload t1 a10 t2)
3.0: (sync_actions a10)
4.0: (validate_payload t2 a12 t3)
5.0: (sync_actions a12)
6.0: (validate_payload t3 a3 t4)
7.0: (sync_actions a3)
8.0: (validate_payload t4 a4 t5)
9.0: (sync_actions a4)
10.0: (validate_payload t5 a6 t6)
11.0: (sync_actions a6)
12.0: (del a8)
13.0: (del a12)
14.0: (del a0)
15.0: (del a2)
16.0: (del a1)
17.0: (validate_payload t11 a11 t12)
18.0: (sync_actions a11)
19.0: (validate_payload t12 a8 t13)
20.0: (sync_actions a8)
21.0: (validate_payload t13 a1 t14)
22.0: (sync_actions a1)
23.0: (validate_payload t14 a2 t15)
24.0: (sync_actions a2)
25.0: (validate_payload t15 a0 t16)
26.0: (sync_actions a0)
27.0: (validate_payload t16 a9 t17)
28.0: (sync_actions a9)

Plan-Length:29
Metric (Search):10.0
Planning Time (msec): 639
Heuristic Time (msec): 1
Search Time (msec): 631
Expanded Nodes:5252
States Evaluated:6320
Number of Dead-Ends detected:0
Number of Duplicates detected:1413
/usr/bin/time -v timeout 600 java -Xmx64g -jar ./enhsp3.jar -o ./domain_with_failure.pddl -f ./problems/BasePN-2And-add-5-d3/problem80.pddl -h blind -s WAStar
Domain parsed
Problem parsed
Grounding..
Grounding Time: 5660
UFX:true
|F|:15120
|X|:10
|A|:582
|P|:0
|E|:0
h(I):0.0
f(n) = 2.0 (Expanded Nodes: 4, Evaluated States: 8, Time: 0.02) Frontier Size: 4
f(n) = 4.0 (Expanded Nodes: 16, Evaluated States: 29, Time: 0.068) Frontier Size: 13
f(n) = 6.0 (Expanded Nodes: 45, Evaluated States: 71, Time: 0.092) Frontier Size: 26
f(n) = 7.0 (Expanded Nodes: 115, Evaluated States: 191, Time: 0.13) Frontier Size: 76
f(n) = 8.0 (Expanded Nodes: 227, Evaluated States: 479, Time: 0.162) Frontier Size: 252
f(n) = 9.0 (Expanded Nodes: 645, Evaluated States: 1339, Time: 0.243) Frontier Size: 694
f(n) = 10.0 (Expanded Nodes: 1431, Evaluated States: 2857, Time: 0.349) Frontier Size: 1426
Problem Solved

Found Plan:
0.0: (validate_payload t0 a7 t1)
1.0: (sync_actions a7)
2.0: (del a7)
3.0: (del a6)
4.0: (del a6)
5.0: (validate_payload t4 a10 t5)
6.0: (sync_actions a10)
7.0: (validate_payload t5 a3 t6)
8.0: (sync_actions a3)
9.0: (validate_payload t6 a4 t7)
10.0: (sync_actions a4)
11.0: (validate_payload t7 a6 t8)
12.0: (sync_actions a6)
13.0: (validate_payload t8 a12 t9)
14.0: (sync_actions a12)
15.0: (validate_payload t9 a11 t10)
16.0: (sync_actions a11)
17.0: (validate_payload t10 a8 t11)
18.0: (sync_actions a8)
19.0: (del a4)
20.0: (validate_payload t12 a0 t13)
21.0: (sync_actions a0)
22.0: (validate_payload t13 a1 t14)
23.0: (sync_actions a1)
24.0: (del a1)
25.0: (validate_payload t15 a2 t16)
26.0: (sync_actions a2)
27.0: (validate_payload t16 a9 t17)
28.0: (sync_actions a9)

Plan-Length:29
Metric (Search):10.0
Planning Time (msec): 475
Heuristic Time (msec): 5
Search Time (msec): 469
Expanded Nodes:2750
States Evaluated:5011
Number of Dead-Ends detected:0
Number of Duplicates detected:282
/usr/bin/time -v timeout 600 java -Xmx64g -jar ./enhsp3.jar -o ./domain_with_failure.pddl -f ./problems/BasePN-2And-add-5-d3/problem81.pddl -h blind -s WAStar
Domain parsed
Problem parsed
Grounding..
Grounding Time: 4916
UFX:true
|F|:15120
|X|:9
|A|:582
|P|:0
|E|:0
h(I):0.0
f(n) = 1.0 (Expanded Nodes: 8, Evaluated States: 22, Time: 0.02) Frontier Size: 14
f(n) = 2.0 (Expanded Nodes: 28, Evaluated States: 66, Time: 0.068) Frontier Size: 38
f(n) = 3.0 (Expanded Nodes: 55, Evaluated States: 125, Time: 0.094) Frontier Size: 70
f(n) = 4.0 (Expanded Nodes: 141, Evaluated States: 271, Time: 0.118) Frontier Size: 130
f(n) = 5.0 (Expanded Nodes: 249, Evaluated States: 397, Time: 0.149) Frontier Size: 148
f(n) = 6.0 (Expanded Nodes: 453, Evaluated States: 699, Time: 0.192) Frontier Size: 246
f(n) = 7.0 (Expanded Nodes: 670, Evaluated States: 907, Time: 0.233) Frontier Size: 237
f(n) = 8.0 (Expanded Nodes: 1020, Evaluated States: 1417, Time: 0.29) Frontier Size: 397
f(n) = 9.0 (Expanded Nodes: 1367, Evaluated States: 1718, Time: 0.346) Frontier Size: 351
f(n) = 10.0 (Expanded Nodes: 1895, Evaluated States: 2522, Time: 0.42) Frontier Size: 627
Problem Solved

Found Plan:
0.0: (validate_payload t0 a7 t1)
1.0: (sync_actions a7)
2.0: (validate_payload t1 a10 t2)
3.0: (sync_actions a10)
4.0: (validate_payload t2 a12 t3)
5.0: (sync_actions a12)
6.0: (del a6)
7.0: (del a1)
8.0: (del a8)
9.0: (validate_payload t6 a3 t7)
10.0: (sync_actions a3)
11.0: (validate_payload t7 a5 t8)
12.0: (sync_actions a5)
13.0: (validate_payload t8 a6 t9)
14.0: (sync_actions a6)
15.0: (del a12)
16.0: (validate_payload t10 a11 t11)
17.0: (sync_actions a11)
18.0: (validate_payload t11 a8 t12)
19.0: (sync_actions a8)
20.0: (del a5)
21.0: (validate_payload t13 a0 t14)
22.0: (sync_actions a0)
23.0: (validate_payload t14 a1 t15)
24.0: (sync_actions a1)
25.0: (validate_payload t15 a2 t16)
26.0: (sync_actions a2)
27.0: (validate_payload t16 a9 t17)
28.0: (sync_actions a9)

Plan-Length:29
Metric (Search):10.0
Planning Time (msec): 455
Heuristic Time (msec): 6
Search Time (msec): 448
Expanded Nodes:2162
States Evaluated:2751
Number of Dead-Ends detected:0
Number of Duplicates detected:527
/usr/bin/time -v timeout 600 java -Xmx64g -jar ./enhsp3.jar -o ./domain_with_failure.pddl -f ./problems/BasePN-2And-add-5-d3/problem82.pddl -h blind -s WAStar
Domain parsed
Problem parsed
Grounding..
Grounding Time: 4951
UFX:true
|F|:15120
|X|:10
|A|:582
|P|:0
|E|:0
h(I):0.0
f(n) = 1.0 (Expanded Nodes: 12, Evaluated States: 38, Time: 0.036) Frontier Size: 26
f(n) = 2.0 (Expanded Nodes: 40, Evaluated States: 112, Time: 0.074) Frontier Size: 72
f(n) = 3.0 (Expanded Nodes: 102, Evaluated States: 245, Time: 0.118) Frontier Size: 143
f(n) = 4.0 (Expanded Nodes: 296, Evaluated States: 549, Time: 0.158) Frontier Size: 253
f(n) = 5.0 (Expanded Nodes: 508, Evaluated States: 850, Time: 0.187) Frontier Size: 342
f(n) = 6.0 (Expanded Nodes: 968, Evaluated States: 1406, Time: 0.234) Frontier Size: 438
f(n) = 7.0 (Expanded Nodes: 1410, Evaluated States: 1885, Time: 0.281) Frontier Size: 475
f(n) = 8.0 (Expanded Nodes: 2036, Evaluated States: 2591, Time: 0.327) Frontier Size: 555
f(n) = 9.0 (Expanded Nodes: 2668, Evaluated States: 3196, Time: 0.382) Frontier Size: 528
f(n) = 10.0 (Expanded Nodes: 3381, Evaluated States: 4120, Time: 0.429) Frontier Size: 739
Problem Solved

Found Plan:
0.0: (validate_payload t0 a7 t1)
1.0: (sync_actions a7)
2.0: (validate_payload t1 a3 t2)
3.0: (sync_actions a3)
4.0: (validate_payload t2 a10 t3)
5.0: (sync_actions a10)
6.0: (validate_payload t3 a12 t4)
7.0: (sync_actions a12)
8.0: (validate_payload t4 a11 t5)
9.0: (sync_actions a11)
10.0: (del a10)
11.0: (validate_payload t6 a5 t7)
12.0: (sync_actions a5)
13.0: (del a11)
14.0: (del a5)
15.0: (del a4)
16.0: (validate_payload t10 a6 t11)
17.0: (sync_actions a6)
18.0: (validate_payload t11 a8 t12)
19.0: (sync_actions a8)
20.0: (validate_payload t12 a1 t13)
21.0: (sync_actions a1)
22.0: (del a8)
23.0: (validate_payload t14 a2 t15)
24.0: (sync_actions a2)
25.0: (validate_payload t15 a0 t16)
26.0: (sync_actions a0)
27.0: (validate_payload t16 a9 t17)
28.0: (sync_actions a9)

Plan-Length:29
Metric (Search):10.0
Planning Time (msec): 480
Heuristic Time (msec): 5
Search Time (msec): 477
Expanded Nodes:4032
States Evaluated:4896
Number of Dead-Ends detected:0
Number of Duplicates detected:985
/usr/bin/time -v timeout 600 java -Xmx64g -jar ./enhsp3.jar -o ./domain_with_failure.pddl -f ./problems/BasePN-2And-add-5-d3/problem83.pddl -h blind -s WAStar
Domain parsed
Problem parsed
Grounding..
Grounding Time: 4792
UFX:true
|F|:15120
|X|:10
|A|:582
|P|:0
|E|:0
h(I):0.0
f(n) = 1.0 (Expanded Nodes: 6, Evaluated States: 17, Time: 0.025) Frontier Size: 11
f(n) = 2.0 (Expanded Nodes: 18, Evaluated States: 39, Time: 0.066) Frontier Size: 21
f(n) = 3.0 (Expanded Nodes: 41, Evaluated States: 99, Time: 0.1) Frontier Size: 58
f(n) = 4.0 (Expanded Nodes: 114, Evaluated States: 247, Time: 0.128) Frontier Size: 133
f(n) = 5.0 (Expanded Nodes: 245, Evaluated States: 450, Time: 0.171) Frontier Size: 205
f(n) = 6.0 (Expanded Nodes: 493, Evaluated States: 890, Time: 0.232) Frontier Size: 397
f(n) = 7.0 (Expanded Nodes: 884, Evaluated States: 1381, Time: 0.277) Frontier Size: 497
f(n) = 8.0 (Expanded Nodes: 1446, Evaluated States: 2183, Time: 0.345) Frontier Size: 737
f(n) = 9.0 (Expanded Nodes: 2206, Evaluated States: 2970, Time: 0.408) Frontier Size: 764
f(n) = 10.0 (Expanded Nodes: 3095, Evaluated States: 4004, Time: 0.477) Frontier Size: 909
Problem Solved

Found Plan:
0.0: (validate_payload t0 a7 t1)
1.0: (sync_actions a7)
2.0: (validate_payload t1 a10 t2)
3.0: (sync_actions a10)
4.0: (del a9)
5.0: (validate_payload t3 a3 t4)
6.0: (sync_actions a3)
7.0: (validate_payload t4 a4 t5)
8.0: (sync_actions a4)
9.0: (del a2)
10.0: (validate_payload t6 a12 t7)
11.0: (sync_actions a12)
12.0: (validate_payload t7 a11 t8)
13.0: (sync_actions a11)
14.0: (del a12)
15.0: (del a11)
16.0: (del a0)
17.0: (validate_payload t11 a6 t12)
18.0: (sync_actions a6)
19.0: (validate_payload t12 a8 t13)
20.0: (sync_actions a8)
21.0: (validate_payload t13 a1 t14)
22.0: (sync_actions a1)
23.0: (validate_payload t14 a2 t15)
24.0: (sync_actions a2)
25.0: (validate_payload t15 a0 t16)
26.0: (sync_actions a0)
27.0: (validate_payload t16 a9 t17)
28.0: (sync_actions a9)

Plan-Length:29
Metric (Search):10.0
Planning Time (msec): 555
Heuristic Time (msec): 5
Search Time (msec): 542
Expanded Nodes:4031
States Evaluated:4926
Number of Dead-Ends detected:0
Number of Duplicates detected:952
/usr/bin/time -v timeout 600 java -Xmx64g -jar ./enhsp3.jar -o ./domain_with_failure.pddl -f ./problems/BasePN-2And-add-5-d3/problem84.pddl -h blind -s WAStar
Domain parsed
Problem parsed
Grounding..
Grounding Time: 4894
UFX:true
|F|:15120
|X|:12
|A|:582
|P|:0
|E|:0
h(I):0.0
f(n) = 2.0 (Expanded Nodes: 6, Evaluated States: 14, Time: 0.025) Frontier Size: 8
f(n) = 3.0 (Expanded Nodes: 32, Evaluated States: 66, Time: 0.09) Frontier Size: 34
f(n) = 4.0 (Expanded Nodes: 61, Evaluated States: 124, Time: 0.103) Frontier Size: 63
f(n) = 5.0 (Expanded Nodes: 175, Evaluated States: 322, Time: 0.145) Frontier Size: 147
f(n) = 6.0 (Expanded Nodes: 375, Evaluated States: 753, Time: 0.211) Frontier Size: 378
f(n) = 7.0 (Expanded Nodes: 970, Evaluated States: 1871, Time: 0.349) Frontier Size: 901
f(n) = 8.0 (Expanded Nodes: 2012, Evaluated States: 3790, Time: 0.466) Frontier Size: 1778
f(n) = 9.0 (Expanded Nodes: 3889, Evaluated States: 6769, Time: 0.635) Frontier Size: 2880
f(n) = 10.0 (Expanded Nodes: 7135, Evaluated States: 11838, Time: 0.883) Frontier Size: 4703
Problem Solved

Found Plan:
0.0: (validate_payload t0 a7 t1)
1.0: (sync_actions a7)
2.0: (validate_payload t1 a3 t2)
3.0: (sync_actions a3)
4.0: (del a3)
5.0: (validate_payload t3 a10 t4)
6.0: (sync_actions a10)
7.0: (del a4)
8.0: (validate_payload t5 a4 t6)
9.0: (sync_actions a4)
10.0: (validate_payload t6 a6 t7)
11.0: (sync_actions a6)
12.0: (validate_payload t7 a12 t8)
13.0: (sync_actions a12)
14.0: (validate_payload t8 a11 t9)
15.0: (sync_actions a11)
16.0: (validate_payload t9 a8 t10)
17.0: (sync_actions a8)
18.0: (del a2)
19.0: (del a8)
20.0: (validate_payload t12 a1 t13)
21.0: (sync_actions a1)
22.0: (del a12)
23.0: (validate_payload t14 a2 t15)
24.0: (sync_actions a2)
25.0: (validate_payload t15 a0 t16)
26.0: (sync_actions a0)
27.0: (validate_payload t16 a9 t17)
28.0: (sync_actions a9)

Plan-Length:29
Metric (Search):10.0
Planning Time (msec): 1186
Heuristic Time (msec): 11
Search Time (msec): 1178
Expanded Nodes:11032
States Evaluated:17886
Number of Dead-Ends detected:0
Number of Duplicates detected:1488
/usr/bin/time -v timeout 600 java -Xmx64g -jar ./enhsp3.jar -o ./domain_with_failure.pddl -f ./problems/BasePN-2And-add-5-d3/problem85.pddl -h blind -s WAStar
Domain parsed
Problem parsed
Grounding..
Grounding Time: 4745
UFX:true
|F|:15120
|X|:9
|A|:582
|P|:0
|E|:0
h(I):0.0
f(n) = 2.0 (Expanded Nodes: 2, Evaluated States: 3, Time: 0.024) Frontier Size: 1
f(n) = 4.0 (Expanded Nodes: 8, Evaluated States: 15, Time: 0.064) Frontier Size: 7
f(n) = 5.0 (Expanded Nodes: 37, Evaluated States: 86, Time: 0.092) Frontier Size: 49
f(n) = 6.0 (Expanded Nodes: 90, Evaluated States: 206, Time: 0.117) Frontier Size: 116
f(n) = 7.0 (Expanded Nodes: 235, Evaluated States: 464, Time: 0.164) Frontier Size: 229
f(n) = 8.0 (Expanded Nodes: 445, Evaluated States: 818, Time: 0.228) Frontier Size: 373
f(n) = 9.0 (Expanded Nodes: 863, Evaluated States: 1314, Time: 0.305) Frontier Size: 451
f(n) = 10.0 (Expanded Nodes: 1363, Evaluated States: 1968, Time: 0.4) Frontier Size: 605
Problem Solved

Found Plan:
0.0: (del a5)
1.0: (validate_payload t1 a7 t2)
2.0: (sync_actions a7)
3.0: (del a12)
4.0: (validate_payload t3 a10 t4)
5.0: (sync_actions a10)
6.0: (validate_payload t4 a3 t5)
7.0: (sync_actions a3)
8.0: (validate_payload t5 a4 t6)
9.0: (sync_actions a4)
10.0: (validate_payload t6 a6 t7)
11.0: (sync_actions a6)
12.0: (del a4)
13.0: (del a4)
14.0: (validate_payload t9 a12 t10)
15.0: (sync_actions a12)
16.0: (del a7)
17.0: (validate_payload t11 a11 t12)
18.0: (sync_actions a11)
19.0: (validate_payload t12 a8 t13)
20.0: (sync_actions a8)
21.0: (validate_payload t13 a0 t14)
22.0: (sync_actions a0)
23.0: (validate_payload t14 a1 t15)
24.0: (sync_actions a1)
25.0: (validate_payload t15 a2 t16)
26.0: (sync_actions a2)
27.0: (validate_payload t16 a9 t17)
28.0: (sync_actions a9)

Plan-Length:29
Metric (Search):10.0
Planning Time (msec): 493
Heuristic Time (msec): 8
Search Time (msec): 483
Expanded Nodes:2009
States Evaluated:2669
Number of Dead-Ends detected:0
Number of Duplicates detected:432
/usr/bin/time -v timeout 600 java -Xmx64g -jar ./enhsp3.jar -o ./domain_with_failure.pddl -f ./problems/BasePN-2And-add-5-d3/problem86.pddl -h blind -s WAStar
Domain parsed
Problem parsed
Grounding..
Grounding Time: 4813
UFX:true
|F|:15120
|X|:12
|A|:582
|P|:0
|E|:0
h(I):0.0
f(n) = 1.0 (Expanded Nodes: 6, Evaluated States: 18, Time: 0.025) Frontier Size: 12
f(n) = 2.0 (Expanded Nodes: 18, Evaluated States: 40, Time: 0.06) Frontier Size: 22
f(n) = 3.0 (Expanded Nodes: 47, Evaluated States: 123, Time: 0.089) Frontier Size: 76
f(n) = 4.0 (Expanded Nodes: 140, Evaluated States: 309, Time: 0.125) Frontier Size: 169
f(n) = 5.0 (Expanded Nodes: 278, Evaluated States: 539, Time: 0.163) Frontier Size: 261
f(n) = 6.0 (Expanded Nodes: 643, Evaluated States: 1111, Time: 0.226) Frontier Size: 468
f(n) = 7.0 (Expanded Nodes: 1063, Evaluated States: 1627, Time: 0.275) Frontier Size: 564
f(n) = 8.0 (Expanded Nodes: 1825, Evaluated States: 2597, Time: 0.357) Frontier Size: 772
f(n) = 9.0 (Expanded Nodes: 2633, Evaluated States: 3445, Time: 0.426) Frontier Size: 812
f(n) = 10.0 (Expanded Nodes: 3673, Evaluated States: 4687, Time: 0.496) Frontier Size: 1014
Problem Solved

Found Plan:
0.0: (validate_payload t0 a7 t1)
1.0: (sync_actions a7)
2.0: (validate_payload t1 a10 t2)
3.0: (sync_actions a10)
4.0: (del a8)
5.0: (validate_payload t3 a3 t4)
6.0: (sync_actions a3)
7.0: (validate_payload t4 a12 t5)
8.0: (sync_actions a12)
9.0: (validate_payload t5 a5 t6)
10.0: (sync_actions a5)
11.0: (validate_payload t6 a11 t7)
12.0: (sync_actions a11)
13.0: (del a4)
14.0: (del a10)
15.0: (validate_payload t9 a6 t10)
16.0: (sync_actions a6)
17.0: (del a9)
18.0: (del a6)
19.0: (validate_payload t12 a8 t13)
20.0: (sync_actions a8)
21.0: (validate_payload t13 a1 t14)
22.0: (sync_actions a1)
23.0: (validate_payload t14 a2 t15)
24.0: (sync_actions a2)
25.0: (validate_payload t15 a0 t16)
26.0: (sync_actions a0)
27.0: (validate_payload t16 a9 t17)
28.0: (sync_actions a9)

Plan-Length:29
Metric (Search):10.0
Planning Time (msec): 549
Heuristic Time (msec): 7
Search Time (msec): 541
Expanded Nodes:4327
States Evaluated:5429
Number of Dead-Ends detected:0
Number of Duplicates detected:954
/usr/bin/time -v timeout 600 java -Xmx64g -jar ./enhsp3.jar -o ./domain_with_failure.pddl -f ./problems/BasePN-2And-add-5-d3/problem87.pddl -h blind -s WAStar
Domain parsed
Problem parsed
Grounding..
Grounding Time: 4768
UFX:true
|F|:15120
|X|:10
|A|:582
|P|:0
|E|:0
h(I):0.0
f(n) = 2.0 (Expanded Nodes: 2, Evaluated States: 3, Time: 0.019) Frontier Size: 1
f(n) = 3.0 (Expanded Nodes: 14, Evaluated States: 36, Time: 0.068) Frontier Size: 22
f(n) = 4.0 (Expanded Nodes: 26, Evaluated States: 58, Time: 0.076) Frontier Size: 32
f(n) = 5.0 (Expanded Nodes: 75, Evaluated States: 161, Time: 0.115) Frontier Size: 86
f(n) = 6.0 (Expanded Nodes: 149, Evaluated States: 279, Time: 0.127) Frontier Size: 130
f(n) = 7.0 (Expanded Nodes: 294, Evaluated States: 498, Time: 0.164) Frontier Size: 204
f(n) = 8.0 (Expanded Nodes: 516, Evaluated States: 810, Time: 0.195) Frontier Size: 294
f(n) = 9.0 (Expanded Nodes: 811, Evaluated States: 1171, Time: 0.235) Frontier Size: 360
f(n) = 10.0 (Expanded Nodes: 1243, Evaluated States: 1711, Time: 0.279) Frontier Size: 468
Problem Solved

Found Plan:
0.0: (del a2)
1.0: (validate_payload t1 a7 t2)
2.0: (sync_actions a7)
3.0: (validate_payload t2 a3 t3)
4.0: (sync_actions a3)
5.0: (validate_payload t3 a5 t4)
6.0: (sync_actions a5)
7.0: (validate_payload t4 a10 t5)
8.0: (sync_actions a10)
9.0: (del a11)
10.0: (del a5)
11.0: (validate_payload t7 a12 t8)
12.0: (sync_actions a12)
13.0: (del a10)
14.0: (validate_payload t9 a6 t10)
15.0: (sync_actions a6)
16.0: (del a6)
17.0: (validate_payload t11 a11 t12)
18.0: (sync_actions a11)
19.0: (validate_payload t12 a8 t13)
20.0: (sync_actions a8)
21.0: (validate_payload t13 a1 t14)
22.0: (sync_actions a1)
23.0: (validate_payload t14 a2 t15)
24.0: (sync_actions a2)
25.0: (validate_payload t15 a0 t16)
26.0: (sync_actions a0)
27.0: (validate_payload t16 a9 t17)
28.0: (sync_actions a9)

Plan-Length:29
Metric (Search):10.0
Planning Time (msec): 321
Heuristic Time (msec): 5
Search Time (msec): 319
Expanded Nodes:1569
States Evaluated:2123
Number of Dead-Ends detected:0
Number of Duplicates detected:362
/usr/bin/time -v timeout 600 java -Xmx64g -jar ./enhsp3.jar -o ./domain_with_failure.pddl -f ./problems/BasePN-2And-add-5-d3/problem88.pddl -h blind -s WAStar
Domain parsed
Problem parsed
Grounding..
Grounding Time: 4708
UFX:true
|F|:15120
|X|:10
|A|:582
|P|:0
|E|:0
h(I):0.0
f(n) = 2.0 (Expanded Nodes: 2, Evaluated States: 3, Time: 0.017) Frontier Size: 1
f(n) = 3.0 (Expanded Nodes: 10, Evaluated States: 24, Time: 0.057) Frontier Size: 14
f(n) = 4.0 (Expanded Nodes: 22, Evaluated States: 46, Time: 0.066) Frontier Size: 24
f(n) = 5.0 (Expanded Nodes: 53, Evaluated States: 121, Time: 0.088) Frontier Size: 68
f(n) = 6.0 (Expanded Nodes: 126, Evaluated States: 269, Time: 0.109) Frontier Size: 143
f(n) = 7.0 (Expanded Nodes: 276, Evaluated States: 492, Time: 0.151) Frontier Size: 216
f(n) = 8.0 (Expanded Nodes: 516, Evaluated States: 904, Time: 0.192) Frontier Size: 388
f(n) = 9.0 (Expanded Nodes: 913, Evaluated States: 1367, Time: 0.231) Frontier Size: 454
f(n) = 10.0 (Expanded Nodes: 1439, Evaluated States: 2103, Time: 0.289) Frontier Size: 664
Problem Solved

Found Plan:
0.0: (del a4)
1.0: (validate_payload t1 a7 t2)
2.0: (sync_actions a7)
3.0: (validate_payload t2 a10 t3)
4.0: (sync_actions a10)
5.0: (del a8)
6.0: (validate_payload t4 a3 t5)
7.0: (sync_actions a3)
8.0: (validate_payload t5 a4 t6)
9.0: (sync_actions a4)
10.0: (del a4)
11.0: (validate_payload t7 a6 t8)
12.0: (sync_actions a6)
13.0: (del a4)
14.0: (validate_payload t9 a12 t10)
15.0: (sync_actions a12)
16.0: (validate_payload t10 a11 t11)
17.0: (sync_actions a11)
18.0: (del a11)
19.0: (validate_payload t12 a8 t13)
20.0: (sync_actions a8)
21.0: (validate_payload t13 a1 t14)
22.0: (sync_actions a1)
23.0: (validate_payload t14 a0 t15)
24.0: (sync_actions a0)
25.0: (validate_payload t15 a2 t16)
26.0: (sync_actions a2)
27.0: (validate_payload t16 a9 t17)
28.0: (sync_actions a9)

Plan-Length:29
Metric (Search):10.0
Planning Time (msec): 328
Heuristic Time (msec): 7
Search Time (msec): 322
Expanded Nodes:1835
States Evaluated:2514
Number of Dead-Ends detected:0
Number of Duplicates detected:361
/usr/bin/time -v timeout 600 java -Xmx64g -jar ./enhsp3.jar -o ./domain_with_failure.pddl -f ./problems/BasePN-2And-add-5-d3/problem89.pddl -h blind -s WAStar
Domain parsed
Problem parsed
Grounding..
Grounding Time: 4738
UFX:true
|F|:15120
|X|:12
|A|:582
|P|:0
|E|:0
h(I):0.0
f(n) = 2.0 (Expanded Nodes: 6, Evaluated States: 14, Time: 0.02) Frontier Size: 8
f(n) = 3.0 (Expanded Nodes: 29, Evaluated States: 58, Time: 0.075) Frontier Size: 29
f(n) = 4.0 (Expanded Nodes: 38, Evaluated States: 70, Time: 0.082) Frontier Size: 32
f(n) = 5.0 (Expanded Nodes: 99, Evaluated States: 166, Time: 0.111) Frontier Size: 67
f(n) = 6.0 (Expanded Nodes: 139, Evaluated States: 220, Time: 0.122) Frontier Size: 81
f(n) = 7.0 (Expanded Nodes: 264, Evaluated States: 398, Time: 0.161) Frontier Size: 134
f(n) = 8.0 (Expanded Nodes: 387, Evaluated States: 583, Time: 0.19) Frontier Size: 196
f(n) = 9.0 (Expanded Nodes: 692, Evaluated States: 1058, Time: 0.25) Frontier Size: 366
f(n) = 10.0 (Expanded Nodes: 1036, Evaluated States: 1602, Time: 0.318) Frontier Size: 566
Problem Solved

Found Plan:
0.0: (validate_payload t0 a7 t1)
1.0: (sync_actions a7)
2.0: (validate_payload t1 a3 t2)
3.0: (sync_actions a3)
4.0: (del a2)
5.0: (validate_payload t3 a4 t4)
6.0: (sync_actions a4)
7.0: (del a9)
8.0: (validate_payload t5 a6 t6)
9.0: (sync_actions a6)
10.0: (del a9)
11.0: (validate_payload t7 a10 t8)
12.0: (sync_actions a10)
13.0: (validate_payload t8 a12 t9)
14.0: (sync_actions a12)
15.0: (del a3)
16.0: (del a8)
17.0: (validate_payload t11 a11 t12)
18.0: (sync_actions a11)
19.0: (validate_payload t12 a8 t13)
20.0: (sync_actions a8)
21.0: (validate_payload t13 a1 t14)
22.0: (sync_actions a1)
23.0: (validate_payload t14 a0 t15)
24.0: (sync_actions a0)
25.0: (validate_payload t15 a2 t16)
26.0: (sync_actions a2)
27.0: (validate_payload t16 a9 t17)
28.0: (sync_actions a9)

Plan-Length:29
Metric (Search):10.0
Planning Time (msec): 410
Heuristic Time (msec): 8
Search Time (msec): 400
Expanded Nodes:1457
States Evaluated:2280
Number of Dead-Ends detected:0
Number of Duplicates detected:244
/usr/bin/time -v timeout 600 java -Xmx64g -jar ./enhsp3.jar -o ./domain_with_failure.pddl -f ./problems/BasePN-2And-add-5-d3/problem90.pddl -h blind -s WAStar
Domain parsed
Problem parsed
Grounding..
Grounding Time: 4737
UFX:true
|F|:15120
|X|:10
|A|:582
|P|:0
|E|:0
h(I):0.0
f(n) = 1.0 (Expanded Nodes: 6, Evaluated States: 17, Time: 0.02) Frontier Size: 11
f(n) = 2.0 (Expanded Nodes: 10, Evaluated States: 17, Time: 0.045) Frontier Size: 7
f(n) = 3.0 (Expanded Nodes: 30, Evaluated States: 64, Time: 0.07) Frontier Size: 34
f(n) = 4.0 (Expanded Nodes: 50, Evaluated States: 86, Time: 0.083) Frontier Size: 36
f(n) = 5.0 (Expanded Nodes: 104, Evaluated States: 185, Time: 0.104) Frontier Size: 81
f(n) = 6.0 (Expanded Nodes: 176, Evaluated States: 309, Time: 0.125) Frontier Size: 133
f(n) = 7.0 (Expanded Nodes: 304, Evaluated States: 478, Time: 0.159) Frontier Size: 174
f(n) = 8.0 (Expanded Nodes: 504, Evaluated States: 806, Time: 0.199) Frontier Size: 302
f(n) = 9.0 (Expanded Nodes: 761, Evaluated States: 1051, Time: 0.221) Frontier Size: 290
f(n) = 10.0 (Expanded Nodes: 1157, Evaluated States: 1629, Time: 0.257) Frontier Size: 472
Problem Solved

Found Plan:
0.0: (validate_payload t0 a7 t1)
1.0: (sync_actions a7)
2.0: (validate_payload t1 a10 t2)
3.0: (sync_actions a10)
4.0: (del a10)
5.0: (del a2)
6.0: (validate_payload t4 a3 t5)
7.0: (sync_actions a3)
8.0: (validate_payload t5 a4 t6)
9.0: (sync_actions a4)
10.0: (del a7)
11.0: (validate_payload t7 a12 t8)
12.0: (sync_actions a12)
13.0: (del a3)
14.0: (del a9)
15.0: (validate_payload t10 a11 t11)
16.0: (sync_actions a11)
17.0: (validate_payload t11 a6 t12)
18.0: (sync_actions a6)
19.0: (validate_payload t12 a8 t13)
20.0: (sync_actions a8)
21.0: (validate_payload t13 a1 t14)
22.0: (sync_actions a1)
23.0: (validate_payload t14 a2 t15)
24.0: (sync_actions a2)
25.0: (validate_payload t15 a0 t16)
26.0: (sync_actions a0)
27.0: (validate_payload t16 a9 t17)
28.0: (sync_actions a9)

Plan-Length:29
Metric (Search):10.0
Planning Time (msec): 313
Heuristic Time (msec): 4
Search Time (msec): 302
Expanded Nodes:1569
States Evaluated:1947
Number of Dead-Ends detected:0
Number of Duplicates detected:392
/usr/bin/time -v timeout 600 java -Xmx64g -jar ./enhsp3.jar -o ./domain_with_failure.pddl -f ./problems/BasePN-2And-add-5-d3/problem91.pddl -h blind -s WAStar
Domain parsed
Problem parsed
Grounding..
Grounding Time: 4772
UFX:true
|F|:15120
|X|:11
|A|:582
|P|:0
|E|:0
h(I):0.0
f(n) = 1.0 (Expanded Nodes: 8, Evaluated States: 25, Time: 0.021) Frontier Size: 17
f(n) = 2.0 (Expanded Nodes: 28, Evaluated States: 73, Time: 0.06) Frontier Size: 45
f(n) = 3.0 (Expanded Nodes: 63, Evaluated States: 158, Time: 0.096) Frontier Size: 95
f(n) = 4.0 (Expanded Nodes: 175, Evaluated States: 326, Time: 0.128) Frontier Size: 151
f(n) = 5.0 (Expanded Nodes: 311, Evaluated States: 521, Time: 0.165) Frontier Size: 210
f(n) = 6.0 (Expanded Nodes: 577, Evaluated States: 867, Time: 0.2) Frontier Size: 290
f(n) = 7.0 (Expanded Nodes: 846, Evaluated States: 1180, Time: 0.227) Frontier Size: 334
f(n) = 8.0 (Expanded Nodes: 1272, Evaluated States: 1666, Time: 0.276) Frontier Size: 394
f(n) = 9.0 (Expanded Nodes: 1712, Evaluated States: 2160, Time: 0.319) Frontier Size: 448
f(n) = 10.0 (Expanded Nodes: 2385, Evaluated States: 3154, Time: 0.381) Frontier Size: 769
Problem Solved

Found Plan:
0.0: (validate_payload t0 a7 t1)
1.0: (sync_actions a7)
2.0: (del a10)
3.0: (validate_payload t2 a3 t3)
4.0: (sync_actions a3)
5.0: (del a7)
6.0: (del a6)
7.0: (del a8)
8.0: (validate_payload t6 a10 t7)
9.0: (sync_actions a10)
10.0: (validate_payload t7 a4 t8)
11.0: (sync_actions a4)
12.0: (validate_payload t8 a12 t9)
13.0: (sync_actions a12)
14.0: (validate_payload t9 a11 t10)
15.0: (sync_actions a11)
16.0: (validate_payload t10 a6 t11)
17.0: (sync_actions a6)
18.0: (validate_payload t11 a8 t12)
19.0: (sync_actions a8)
20.0: (validate_payload t12 a1 t13)
21.0: (sync_actions a1)
22.0: (validate_payload t13 a2 t14)
23.0: (sync_actions a2)
24.0: (del a8)
25.0: (validate_payload t15 a0 t16)
26.0: (sync_actions a0)
27.0: (validate_payload t16 a9 t17)
28.0: (sync_actions a9)

Plan-Length:29
Metric (Search):10.0
Planning Time (msec): 440
Heuristic Time (msec): 5
Search Time (msec): 435
Expanded Nodes:3061
States Evaluated:4150
Number of Dead-Ends detected:0
Number of Duplicates detected:650
/usr/bin/time -v timeout 600 java -Xmx64g -jar ./enhsp3.jar -o ./domain_with_failure.pddl -f ./problems/BasePN-2And-add-5-d3/problem92.pddl -h blind -s WAStar
Domain parsed
Problem parsed
Grounding..
Grounding Time: 4746
UFX:true
|F|:15120
|X|:11
|A|:582
|P|:0
|E|:0
h(I):0.0
f(n) = 2.0 (Expanded Nodes: 4, Evaluated States: 8, Time: 0.026) Frontier Size: 4
f(n) = 3.0 (Expanded Nodes: 19, Evaluated States: 45, Time: 0.07) Frontier Size: 26
f(n) = 4.0 (Expanded Nodes: 39, Evaluated States: 93, Time: 0.084) Frontier Size: 54
f(n) = 5.0 (Expanded Nodes: 96, Evaluated States: 214, Time: 0.114) Frontier Size: 118
f(n) = 6.0 (Expanded Nodes: 233, Evaluated States: 449, Time: 0.153) Frontier Size: 216
f(n) = 7.0 (Expanded Nodes: 449, Evaluated States: 772, Time: 0.203) Frontier Size: 323
f(n) = 8.0 (Expanded Nodes: 826, Evaluated States: 1304, Time: 0.241) Frontier Size: 478
f(n) = 9.0 (Expanded Nodes: 1331, Evaluated States: 1877, Time: 0.294) Frontier Size: 546
f(n) = 10.0 (Expanded Nodes: 2009, Evaluated States: 2669, Time: 0.354) Frontier Size: 660
Problem Solved

Found Plan:
0.0: (validate_payload t0 a7 t1)
1.0: (sync_actions a7)
2.0: (del a0)
3.0: (validate_payload t2 a10 t3)
4.0: (sync_actions a10)
5.0: (validate_payload t3 a3 t4)
6.0: (sync_actions a3)
7.0: (del a9)
8.0: (validate_payload t5 a4 t6)
9.0: (sync_actions a4)
10.0: (validate_payload t6 a6 t7)
11.0: (sync_actions a6)
12.0: (del a9)
13.0: (del a6)
14.0: (del a10)
15.0: (validate_payload t10 a12 t11)
16.0: (sync_actions a12)
17.0: (validate_payload t11 a11 t12)
18.0: (sync_actions a11)
19.0: (validate_payload t12 a8 t13)
20.0: (sync_actions a8)
21.0: (validate_payload t13 a1 t14)
22.0: (sync_actions a1)
23.0: (validate_payload t14 a2 t15)
24.0: (sync_actions a2)
25.0: (validate_payload t15 a0 t16)
26.0: (sync_actions a0)
27.0: (validate_payload t16 a9 t17)
28.0: (sync_actions a9)

Plan-Length:29
Metric (Search):10.0
Planning Time (msec): 415
Heuristic Time (msec): 7
Search Time (msec): 407
Expanded Nodes:2454
States Evaluated:3158
Number of Dead-Ends detected:0
Number of Duplicates detected:502
/usr/bin/time -v timeout 600 java -Xmx64g -jar ./enhsp3.jar -o ./domain_with_failure.pddl -f ./problems/BasePN-2And-add-5-d3/problem93.pddl -h blind -s WAStar
Domain parsed
Problem parsed
Grounding..
Grounding Time: 4607
UFX:true
|F|:15120
|X|:9
|A|:582
|P|:0
|E|:0
h(I):0.0
f(n) = 2.0 (Expanded Nodes: 2, Evaluated States: 3, Time: 0.025) Frontier Size: 1
f(n) = 4.0 (Expanded Nodes: 10, Evaluated States: 21, Time: 0.065) Frontier Size: 11
f(n) = 6.0 (Expanded Nodes: 41, Evaluated States: 76, Time: 0.094) Frontier Size: 35
f(n) = 7.0 (Expanded Nodes: 122, Evaluated States: 190, Time: 0.127) Frontier Size: 68
f(n) = 8.0 (Expanded Nodes: 144, Evaluated States: 228, Time: 0.13) Frontier Size: 84
f(n) = 9.0 (Expanded Nodes: 279, Evaluated States: 394, Time: 0.171) Frontier Size: 115
f(n) = 10.0 (Expanded Nodes: 349, Evaluated States: 516, Time: 0.189) Frontier Size: 167
Problem Solved

Found Plan:
0.0: (del a0)
1.0: (validate_payload t1 a7 t2)
2.0: (sync_actions a7)
3.0: (validate_payload t2 a3 t3)
4.0: (sync_actions a3)
5.0: (del a0)
6.0: (validate_payload t4 a4 t5)
7.0: (sync_actions a4)
8.0: (validate_payload t5 a6 t6)
9.0: (sync_actions a6)
10.0: (del a1)
11.0: (validate_payload t7 a10 t8)
12.0: (sync_actions a10)
13.0: (validate_payload t8 a12 t9)
14.0: (sync_actions a12)
15.0: (del a1)
16.0: (del a10)
17.0: (validate_payload t11 a11 t12)
18.0: (sync_actions a11)
19.0: (validate_payload t12 a8 t13)
20.0: (sync_actions a8)
21.0: (validate_payload t13 a0 t14)
22.0: (sync_actions a0)
23.0: (validate_payload t14 a1 t15)
24.0: (sync_actions a1)
25.0: (validate_payload t15 a2 t16)
26.0: (sync_actions a2)
27.0: (validate_payload t16 a9 t17)
28.0: (sync_actions a9)

Plan-Length:29
Metric (Search):10.0
Planning Time (msec): 230
Heuristic Time (msec): 13
Search Time (msec): 227
Expanded Nodes:521
States Evaluated:720
Number of Dead-Ends detected:0
Number of Duplicates detected:121
/usr/bin/time -v timeout 600 java -Xmx64g -jar ./enhsp3.jar -o ./domain_with_failure.pddl -f ./problems/BasePN-2And-add-5-d3/problem94.pddl -h blind -s WAStar
Domain parsed
Problem parsed
Grounding..
Grounding Time: 5006
UFX:true
|F|:15120
|X|:12
|A|:582
|P|:0
|E|:0
h(I):0.0
f(n) = 2.0 (Expanded Nodes: 4, Evaluated States: 8, Time: 0.023) Frontier Size: 4
f(n) = 4.0 (Expanded Nodes: 15, Evaluated States: 28, Time: 0.072) Frontier Size: 13
f(n) = 6.0 (Expanded Nodes: 46, Evaluated States: 76, Time: 0.095) Frontier Size: 30
f(n) = 8.0 (Expanded Nodes: 110, Evaluated States: 159, Time: 0.122) Frontier Size: 49
f(n) = 9.0 (Expanded Nodes: 214, Evaluated States: 289, Time: 0.151) Frontier Size: 75
f(n) = 10.0 (Expanded Nodes: 247, Evaluated States: 361, Time: 0.165) Frontier Size: 114
f(n) = 11.0 (Expanded Nodes: 459, Evaluated States: 684, Time: 0.221) Frontier Size: 225
Problem Solved

Found Plan:
0.0: (validate_payload t0 a7 t1)
1.0: (sync_actions a7)
2.0: (del a9)
3.0: (del a9)
4.0: (validate_payload t3 a3 t4)
5.0: (sync_actions a3)
6.0: (del a11)
7.0: (del a11)
8.0: (validate_payload t6 a10 t7)
9.0: (sync_actions a10)
10.0: (change_value a4 categorical c2)
11.0: (validate_payload t7 a4 t8)
12.0: (sync_actions a4)
13.0: (validate_payload t8 a6 t9)
14.0: (sync_actions a6)
15.0: (del a7)
16.0: (validate_payload t10 a12 t11)
17.0: (sync_actions a12)
18.0: (validate_payload t11 a11 t12)
19.0: (sync_actions a11)
20.0: (validate_payload t12 a8 t13)
21.0: (sync_actions a8)
22.0: (validate_payload t13 a1 t14)
23.0: (sync_actions a1)
24.0: (validate_payload t14 a0 t15)
25.0: (sync_actions a0)
26.0: (validate_payload t15 a2 t16)
27.0: (sync_actions a2)
28.0: (validate_payload t16 a9 t17)
29.0: (sync_actions a9)

Plan-Length:30
Metric (Search):11.0
Planning Time (msec): 273
Heuristic Time (msec): 8
Search Time (msec): 265
Expanded Nodes:661
States Evaluated:1049
Number of Dead-Ends detected:0
Number of Duplicates detected:121
/usr/bin/time -v timeout 600 java -Xmx64g -jar ./enhsp3.jar -o ./domain_with_failure.pddl -f ./problems/BasePN-2And-add-5-d3/problem95.pddl -h blind -s WAStar
Domain parsed
Problem parsed
Grounding..
Grounding Time: 4622
UFX:true
|F|:15120
|X|:11
|A|:582
|P|:0
|E|:0
h(I):0.0
f(n) = 2.0 (Expanded Nodes: 2, Evaluated States: 3, Time: 0.022) Frontier Size: 1
f(n) = 3.0 (Expanded Nodes: 14, Evaluated States: 38, Time: 0.064) Frontier Size: 24
f(n) = 4.0 (Expanded Nodes: 26, Evaluated States: 64, Time: 0.067) Frontier Size: 38
f(n) = 5.0 (Expanded Nodes: 84, Evaluated States: 187, Time: 0.108) Frontier Size: 103
f(n) = 6.0 (Expanded Nodes: 190, Evaluated States: 383, Time: 0.143) Frontier Size: 193
f(n) = 7.0 (Expanded Nodes: 365, Evaluated States: 658, Time: 0.195) Frontier Size: 293
f(n) = 8.0 (Expanded Nodes: 727, Evaluated States: 1154, Time: 0.256) Frontier Size: 427
f(n) = 9.0 (Expanded Nodes: 1131, Evaluated States: 1634, Time: 0.297) Frontier Size: 503
f(n) = 10.0 (Expanded Nodes: 1841, Evaluated States: 2570, Time: 0.377) Frontier Size: 729
Problem Solved

Found Plan:
0.0: (del a3)
1.0: (validate_payload t1 a7 t2)
2.0: (sync_actions a7)
3.0: (validate_payload t2 a3 t3)
4.0: (sync_actions a3)
5.0: (validate_payload t3 a10 t4)
6.0: (sync_actions a10)
7.0: (del a6)
8.0: (validate_payload t5 a12 t6)
9.0: (sync_actions a12)
10.0: (validate_payload t6 a5 t7)
11.0: (sync_actions a5)
12.0: (del a12)
13.0: (del a5)
14.0: (validate_payload t9 a11 t10)
15.0: (sync_actions a11)
16.0: (validate_payload t10 a6 t11)
17.0: (sync_actions a6)
18.0: (validate_payload t11 a8 t12)
19.0: (sync_actions a8)
20.0: (validate_payload t12 a1 t13)
21.0: (sync_actions a1)
22.0: (del a7)
23.0: (validate_payload t14 a0 t15)
24.0: (sync_actions a0)
25.0: (validate_payload t15 a2 t16)
26.0: (sync_actions a2)
27.0: (validate_payload t16 a9 t17)
28.0: (sync_actions a9)

Plan-Length:29
Metric (Search):10.0
Planning Time (msec): 458
Heuristic Time (msec): 6
Search Time (msec): 455
Expanded Nodes:2619
States Evaluated:3711
Number of Dead-Ends detected:0
Number of Duplicates detected:566
/usr/bin/time -v timeout 600 java -Xmx64g -jar ./enhsp3.jar -o ./domain_with_failure.pddl -f ./problems/BasePN-2And-add-5-d3/problem96.pddl -h blind -s WAStar
Domain parsed
Problem parsed
Grounding..
Grounding Time: 4658
UFX:true
|F|:15120
|X|:10
|A|:582
|P|:0
|E|:0
h(I):0.0
f(n) = 1.0 (Expanded Nodes: 12, Evaluated States: 38, Time: 0.034) Frontier Size: 26
f(n) = 2.0 (Expanded Nodes: 70, Evaluated States: 188, Time: 0.092) Frontier Size: 118
f(n) = 3.0 (Expanded Nodes: 226, Evaluated States: 501, Time: 0.156) Frontier Size: 275
f(n) = 4.0 (Expanded Nodes: 551, Evaluated States: 1088, Time: 0.209) Frontier Size: 537
f(n) = 5.0 (Expanded Nodes: 1134, Evaluated States: 1907, Time: 0.27) Frontier Size: 773
f(n) = 6.0 (Expanded Nodes: 2044, Evaluated States: 3177, Time: 0.339) Frontier Size: 1133
f(n) = 7.0 (Expanded Nodes: 3285, Evaluated States: 4653, Time: 0.418) Frontier Size: 1368
f(n) = 8.0 (Expanded Nodes: 4871, Evaluated States: 6625, Time: 0.531) Frontier Size: 1754
f(n) = 9.0 (Expanded Nodes: 6788, Evaluated States: 8757, Time: 0.639) Frontier Size: 1969
f(n) = 10.0 (Expanded Nodes: 9089, Evaluated States: 11643, Time: 0.777) Frontier Size: 2554
Problem Solved

Found Plan:
0.0: (validate_payload t0 a7 t1)
1.0: (sync_actions a7)
2.0: (validate_payload t1 a10 t2)
3.0: (sync_actions a10)
4.0: (validate_payload t2 a3 t3)
5.0: (sync_actions a3)
6.0: (validate_payload t3 a4 t4)
7.0: (sync_actions a4)
8.0: (validate_payload t4 a6 t5)
9.0: (sync_actions a6)
10.0: (del a8)
11.0: (validate_payload t6 a12 t7)
12.0: (sync_actions a12)
13.0: (del a12)
14.0: (del a5)
15.0: (validate_payload t9 a11 t10)
16.0: (sync_actions a11)
17.0: (del a12)
18.0: (validate_payload t11 a8 t12)
19.0: (sync_actions a8)
20.0: (del a9)
21.0: (validate_payload t13 a1 t14)
22.0: (sync_actions a1)
23.0: (validate_payload t14 a0 t15)
24.0: (sync_actions a0)
25.0: (validate_payload t15 a2 t16)
26.0: (sync_actions a2)
27.0: (validate_payload t16 a9 t17)
28.0: (sync_actions a9)

Plan-Length:29
Metric (Search):10.0
Planning Time (msec): 908
Heuristic Time (msec): 4
Search Time (msec): 903
Expanded Nodes:10801
States Evaluated:13493
Number of Dead-Ends detected:0
Number of Duplicates detected:2195
/usr/bin/time -v timeout 600 java -Xmx64g -jar ./enhsp3.jar -o ./domain_with_failure.pddl -f ./problems/BasePN-2And-add-5-d3/problem97.pddl -h blind -s WAStar
Domain parsed
Problem parsed
Grounding..
Grounding Time: 4530
UFX:true
|F|:15120
|X|:11
|A|:582
|P|:0
|E|:0
h(I):0.0
f(n) = 1.0 (Expanded Nodes: 8, Evaluated States: 25, Time: 0.027) Frontier Size: 17
f(n) = 2.0 (Expanded Nodes: 28, Evaluated States: 73, Time: 0.06) Frontier Size: 45
f(n) = 3.0 (Expanded Nodes: 64, Evaluated States: 159, Time: 0.09) Frontier Size: 95
f(n) = 4.0 (Expanded Nodes: 180, Evaluated States: 331, Time: 0.123) Frontier Size: 151
f(n) = 5.0 (Expanded Nodes: 322, Evaluated States: 543, Time: 0.159) Frontier Size: 221
f(n) = 6.0 (Expanded Nodes: 625, Evaluated States: 985, Time: 0.225) Frontier Size: 360
f(n) = 7.0 (Expanded Nodes: 990, Evaluated States: 1501, Time: 0.275) Frontier Size: 511
f(n) = 8.0 (Expanded Nodes: 1626, Evaluated States: 2373, Time: 0.343) Frontier Size: 747
f(n) = 9.0 (Expanded Nodes: 2490, Evaluated States: 3414, Time: 0.418) Frontier Size: 924
f(n) = 10.0 (Expanded Nodes: 3587, Evaluated States: 4770, Time: 0.49) Frontier Size: 1183
Problem Solved

Found Plan:
0.0: (validate_payload t0 a7 t1)
1.0: (sync_actions a7)
2.0: (validate_payload t1 a10 t2)
3.0: (sync_actions a10)
4.0: (validate_payload t2 a3 t3)
5.0: (sync_actions a3)
6.0: (del a3)
7.0: (del a8)
8.0: (validate_payload t5 a4 t6)
9.0: (sync_actions a4)
10.0: (validate_payload t6 a12 t7)
11.0: (sync_actions a12)
12.0: (validate_payload t7 a6 t8)
13.0: (sync_actions a6)
14.0: (del a12)
15.0: (validate_payload t9 a11 t10)
16.0: (sync_actions a11)
17.0: (del a0)
18.0: (del a6)
19.0: (validate_payload t12 a8 t13)
20.0: (sync_actions a8)
21.0: (validate_payload t13 a1 t14)
22.0: (sync_actions a1)
23.0: (validate_payload t14 a2 t15)
24.0: (sync_actions a2)
25.0: (validate_payload t15 a0 t16)
26.0: (sync_actions a0)
27.0: (validate_payload t16 a9 t17)
28.0: (sync_actions a9)

Plan-Length:29
Metric (Search):10.0
Planning Time (msec): 552
Heuristic Time (msec): 8
Search Time (msec): 546
Expanded Nodes:4440
States Evaluated:5603
Number of Dead-Ends detected:0
Number of Duplicates detected:961
/usr/bin/time -v timeout 600 java -Xmx64g -jar ./enhsp3.jar -o ./domain_with_failure.pddl -f ./problems/BasePN-2And-add-5-d3/problem98.pddl -h blind -s WAStar
Domain parsed
Problem parsed
Grounding..
Grounding Time: 4399
UFX:true
|F|:15120
|X|:12
|A|:582
|P|:0
|E|:0
h(I):0.0
f(n) = 2.0 (Expanded Nodes: 2, Evaluated States: 3, Time: 0.014) Frontier Size: 1
f(n) = 4.0 (Expanded Nodes: 6, Evaluated States: 10, Time: 0.054) Frontier Size: 4
f(n) = 5.0 (Expanded Nodes: 22, Evaluated States: 46, Time: 0.07) Frontier Size: 24
f(n) = 6.0 (Expanded Nodes: 42, Evaluated States: 90, Time: 0.08) Frontier Size: 48
f(n) = 7.0 (Expanded Nodes: 95, Evaluated States: 190, Time: 0.11) Frontier Size: 95
f(n) = 8.0 (Expanded Nodes: 216, Evaluated States: 408, Time: 0.138) Frontier Size: 192
f(n) = 9.0 (Expanded Nodes: 409, Evaluated States: 645, Time: 0.182) Frontier Size: 236
f(n) = 10.0 (Expanded Nodes: 698, Evaluated States: 1119, Time: 0.238) Frontier Size: 421
f(n) = 11.0 (Expanded Nodes: 1149, Evaluated States: 1629, Time: 0.302) Frontier Size: 480
Problem Solved

Found Plan:
0.0: (del a0)
1.0: (del a0)
2.0: (validate_payload t2 a7 t3)
3.0: (sync_actions a7)
4.0: (validate_payload t3 a10 t4)
5.0: (sync_actions a10)
6.0: (validate_payload t4 a12 t5)
7.0: (sync_actions a12)
8.0: (del a12)
9.0: (validate_payload t6 a11 t7)
10.0: (sync_actions a11)
11.0: (validate_payload t7 a3 t8)
12.0: (sync_actions a3)
13.0: (change_value a4 categorical c3)
14.0: (validate_payload t8 a4 t9)
15.0: (sync_actions a4)
16.0: (del a1)
17.0: (validate_payload t10 a6 t11)
18.0: (sync_actions a6)
19.0: (del a9)
20.0: (validate_payload t12 a8 t13)
21.0: (sync_actions a8)
22.0: (validate_payload t13 a1 t14)
23.0: (sync_actions a1)
24.0: (validate_payload t14 a2 t15)
25.0: (sync_actions a2)
26.0: (validate_payload t15 a0 t16)
27.0: (sync_actions a0)
28.0: (validate_payload t16 a9 t17)
29.0: (sync_actions a9)

Plan-Length:30
Metric (Search):11.0
Planning Time (msec): 324
Heuristic Time (msec): 5
Search Time (msec): 318
Expanded Nodes:1259
States Evaluated:1836
Number of Dead-Ends detected:0
Number of Duplicates detected:235
/usr/bin/time -v timeout 600 java -Xmx64g -jar ./enhsp3.jar -o ./domain_with_failure.pddl -f ./problems/BasePN-2And-add-5-d3/problem99.pddl -h blind -s WAStar
Domain parsed
Problem parsed
Grounding..
Grounding Time: 4513
UFX:true
|F|:15120
|X|:11
|A|:582
|P|:0
|E|:0
h(I):0.0
f(n) = 2.0 (Expanded Nodes: 2, Evaluated States: 3, Time: 0.017) Frontier Size: 1
f(n) = 3.0 (Expanded Nodes: 12, Evaluated States: 29, Time: 0.056) Frontier Size: 17
f(n) = 4.0 (Expanded Nodes: 32, Evaluated States: 73, Time: 0.068) Frontier Size: 41
f(n) = 5.0 (Expanded Nodes: 67, Evaluated States: 147, Time: 0.085) Frontier Size: 80
f(n) = 6.0 (Expanded Nodes: 159, Evaluated States: 313, Time: 0.116) Frontier Size: 154
f(n) = 7.0 (Expanded Nodes: 300, Evaluated States: 498, Time: 0.151) Frontier Size: 198
f(n) = 8.0 (Expanded Nodes: 594, Evaluated States: 1008, Time: 0.197) Frontier Size: 414
f(n) = 9.0 (Expanded Nodes: 1004, Evaluated States: 1515, Time: 0.233) Frontier Size: 511
f(n) = 10.0 (Expanded Nodes: 1763, Evaluated States: 2799, Time: 0.321) Frontier Size: 1036
Problem Solved

Found Plan:
0.0: (del a6)
1.0: (validate_payload t1 a7 t2)
2.0: (sync_actions a7)
3.0: (validate_payload t2 a10 t3)
4.0: (sync_actions a10)
5.0: (validate_payload t3 a12 t4)
6.0: (sync_actions a12)
7.0: (del a5)
8.0: (del a12)
9.0: (validate_payload t6 a3 t7)
10.0: (sync_actions a3)
11.0: (validate_payload t7 a11 t8)
12.0: (sync_actions a11)
13.0: (validate_payload t8 a4 t9)
14.0: (sync_actions a4)
15.0: (validate_payload t9 a6 t10)
16.0: (sync_actions a6)
17.0: (del a6)
18.0: (validate_payload t11 a8 t12)
19.0: (sync_actions a8)
20.0: (validate_payload t12 a1 t13)
21.0: (sync_actions a1)
22.0: (validate_payload t13 a2 t14)
23.0: (sync_actions a2)
24.0: (validate_payload t14 a0 t15)
25.0: (sync_actions a0)
26.0: (del a1)
27.0: (validate_payload t16 a9 t17)
28.0: (sync_actions a9)

Plan-Length:29
Metric (Search):10.0
Planning Time (msec): 324
Heuristic Time (msec): 7
Search Time (msec): 322
Expanded Nodes:1785
States Evaluated:2827
Number of Dead-Ends detected:0
Number of Duplicates detected:361
/usr/bin/time -v timeout 600 java -Xmx64g -jar ./enhsp3.jar -o ./domain_with_failure.pddl -f ./problems/BasePN-2And-add-5-d3/problem100.pddl -h blind -s WAStar
Domain parsed
Problem parsed
Grounding..
Grounding Time: 4381
UFX:true
|F|:15120
|X|:10
|A|:582
|P|:0
|E|:0
h(I):0.0
f(n) = 1.0 (Expanded Nodes: 6, Evaluated States: 18, Time: 0.027) Frontier Size: 12
f(n) = 2.0 (Expanded Nodes: 18, Evaluated States: 40, Time: 0.056) Frontier Size: 22
f(n) = 3.0 (Expanded Nodes: 45, Evaluated States: 117, Time: 0.084) Frontier Size: 72
f(n) = 4.0 (Expanded Nodes: 136, Evaluated States: 295, Time: 0.118) Frontier Size: 159
f(n) = 5.0 (Expanded Nodes: 285, Evaluated States: 551, Time: 0.156) Frontier Size: 266
f(n) = 6.0 (Expanded Nodes: 599, Evaluated States: 1025, Time: 0.225) Frontier Size: 426
f(n) = 7.0 (Expanded Nodes: 1038, Evaluated States: 1574, Time: 0.311) Frontier Size: 536
f(n) = 8.0 (Expanded Nodes: 1713, Evaluated States: 2432, Time: 0.381) Frontier Size: 719
f(n) = 9.0 (Expanded Nodes: 2519, Evaluated States: 3344, Time: 0.447) Frontier Size: 825
f(n) = 10.0 (Expanded Nodes: 3483, Evaluated States: 4476, Time: 0.507) Frontier Size: 993
Problem Solved

Found Plan:
0.0: (validate_payload t0 a7 t1)
1.0: (sync_actions a7)
2.0: (validate_payload t1 a10 t2)
3.0: (sync_actions a10)
4.0: (del a4)
5.0: (validate_payload t3 a3 t4)
6.0: (sync_actions a3)
7.0: (validate_payload t4 a4 t5)
8.0: (sync_actions a4)
9.0: (del a0)
10.0: (del a5)
11.0: (validate_payload t7 a6 t8)
12.0: (sync_actions a6)
13.0: (validate_payload t8 a12 t9)
14.0: (sync_actions a12)
15.0: (validate_payload t9 a11 t10)
16.0: (sync_actions a11)
17.0: (del a12)
18.0: (del a4)
19.0: (validate_payload t12 a8 t13)
20.0: (sync_actions a8)
21.0: (validate_payload t13 a1 t14)
22.0: (sync_actions a1)
23.0: (validate_payload t14 a2 t15)
24.0: (sync_actions a2)
25.0: (validate_payload t15 a0 t16)
26.0: (sync_actions a0)
27.0: (validate_payload t16 a9 t17)
28.0: (sync_actions a9)

Plan-Length:29
Metric (Search):10.0
Planning Time (msec): 592
Heuristic Time (msec): 8
Search Time (msec): 586
Expanded Nodes:4687
States Evaluated:5801
Number of Dead-Ends detected:0
Number of Duplicates detected:996
Loading openjdk/17.0.8.1_1
  Loading requirement: glibc/2.35-aocc-3.2.0-wetwhfr
    gcc-runtime/12.1.0-gcc-12.1.0-uotjsm3 glibc/2.35-aocc-3.2.0-dkzxmta
	Command being timed: "timeout 600 java -Xmx64g -jar ./enhsp3.jar -o ./domain_with_failure.pddl -f ./problems/BasePN-2And-add-5-d3/problem1.pddl -h blind -s WAStar -dap"
	User time (seconds): 6.99
	System time (seconds): 0.51
	Percent of CPU this job got: 99%
	Elapsed (wall clock) time (h:mm:ss or m:ss): 0:07.55
	Average shared text size (kbytes): 0
	Average unshared data size (kbytes): 0
	Average stack size (kbytes): 0
	Average total size (kbytes): 0
	Maximum resident set size (kbytes): 1125116
	Average resident set size (kbytes): 0
	Major (requiring I/O) page faults: 272
	Minor (reclaiming a frame) page faults: 431632
	Voluntary context switches: 2766
	Involuntary context switches: 2696
	Swaps: 0
	File system inputs: 0
	File system outputs: 96
	Socket messages sent: 0
	Socket messages received: 0
	Signals delivered: 0
	Page size (bytes): 4096
	Exit status: 0
	Command being timed: "timeout 600 java -Xmx64g -jar ./enhsp3.jar -o ./domain_with_failure.pddl -f ./problems/BasePN-2And-add-5-d3/problem2.pddl -h blind -s WAStar -dap"
	User time (seconds): 7.09
	System time (seconds): 0.52
	Percent of CPU this job got: 99%
	Elapsed (wall clock) time (h:mm:ss or m:ss): 0:07.64
	Average shared text size (kbytes): 0
	Average unshared data size (kbytes): 0
	Average stack size (kbytes): 0
	Average total size (kbytes): 0
	Maximum resident set size (kbytes): 1124676
	Average resident set size (kbytes): 0
	Major (requiring I/O) page faults: 0
	Minor (reclaiming a frame) page faults: 445056
	Voluntary context switches: 2404
	Involuntary context switches: 2722
	Swaps: 0
	File system inputs: 0
	File system outputs: 96
	Socket messages sent: 0
	Socket messages received: 0
	Signals delivered: 0
	Page size (bytes): 4096
	Exit status: 0
	Command being timed: "timeout 600 java -Xmx64g -jar ./enhsp3.jar -o ./domain_with_failure.pddl -f ./problems/BasePN-2And-add-5-d3/problem3.pddl -h blind -s WAStar -dap"
	User time (seconds): 7.05
	System time (seconds): 0.51
	Percent of CPU this job got: 99%
	Elapsed (wall clock) time (h:mm:ss or m:ss): 0:07.63
	Average shared text size (kbytes): 0
	Average unshared data size (kbytes): 0
	Average stack size (kbytes): 0
	Average total size (kbytes): 0
	Maximum resident set size (kbytes): 1126516
	Average resident set size (kbytes): 0
	Major (requiring I/O) page faults: 0
	Minor (reclaiming a frame) page faults: 441487
	Voluntary context switches: 2378
	Involuntary context switches: 2674
	Swaps: 0
	File system inputs: 0
	File system outputs: 128
	Socket messages sent: 0
	Socket messages received: 0
	Signals delivered: 0
	Page size (bytes): 4096
	Exit status: 0
	Command being timed: "timeout 600 java -Xmx64g -jar ./enhsp3.jar -o ./domain_with_failure.pddl -f ./problems/BasePN-2And-add-5-d3/problem4.pddl -h blind -s WAStar -dap"
	User time (seconds): 7.74
	System time (seconds): 0.56
	Percent of CPU this job got: 98%
	Elapsed (wall clock) time (h:mm:ss or m:ss): 0:08.39
	Average shared text size (kbytes): 0
	Average unshared data size (kbytes): 0
	Average stack size (kbytes): 0
	Average total size (kbytes): 0
	Maximum resident set size (kbytes): 1126200
	Average resident set size (kbytes): 0
	Major (requiring I/O) page faults: 0
	Minor (reclaiming a frame) page faults: 523457
	Voluntary context switches: 2333
	Involuntary context switches: 2861
	Swaps: 0
	File system inputs: 0
	File system outputs: 120
	Socket messages sent: 0
	Socket messages received: 0
	Signals delivered: 0
	Page size (bytes): 4096
	Exit status: 0
	Command being timed: "timeout 600 java -Xmx64g -jar ./enhsp3.jar -o ./domain_with_failure.pddl -f ./problems/BasePN-2And-add-5-d3/problem5.pddl -h blind -s WAStar -dap"
	User time (seconds): 7.28
	System time (seconds): 0.55
	Percent of CPU this job got: 99%
	Elapsed (wall clock) time (h:mm:ss or m:ss): 0:07.90
	Average shared text size (kbytes): 0
	Average unshared data size (kbytes): 0
	Average stack size (kbytes): 0
	Average total size (kbytes): 0
	Maximum resident set size (kbytes): 1125344
	Average resident set size (kbytes): 0
	Major (requiring I/O) page faults: 0
	Minor (reclaiming a frame) page faults: 450427
	Voluntary context switches: 2453
	Involuntary context switches: 2754
	Swaps: 0
	File system inputs: 0
	File system outputs: 96
	Socket messages sent: 0
	Socket messages received: 0
	Signals delivered: 0
	Page size (bytes): 4096
	Exit status: 0
	Command being timed: "timeout 600 java -Xmx64g -jar ./enhsp3.jar -o ./domain_with_failure.pddl -f ./problems/BasePN-2And-add-5-d3/problem6.pddl -h blind -s WAStar -dap"
	User time (seconds): 7.56
	System time (seconds): 0.54
	Percent of CPU this job got: 99%
	Elapsed (wall clock) time (h:mm:ss or m:ss): 0:08.14
	Average shared text size (kbytes): 0
	Average unshared data size (kbytes): 0
	Average stack size (kbytes): 0
	Average total size (kbytes): 0
	Maximum resident set size (kbytes): 1122984
	Average resident set size (kbytes): 0
	Major (requiring I/O) page faults: 0
	Minor (reclaiming a frame) page faults: 450162
	Voluntary context switches: 2566
	Involuntary context switches: 2869
	Swaps: 0
	File system inputs: 0
	File system outputs: 128
	Socket messages sent: 0
	Socket messages received: 0
	Signals delivered: 0
	Page size (bytes): 4096
	Exit status: 0
	Command being timed: "timeout 600 java -Xmx64g -jar ./enhsp3.jar -o ./domain_with_failure.pddl -f ./problems/BasePN-2And-add-5-d3/problem7.pddl -h blind -s WAStar -dap"
	User time (seconds): 7.64
	System time (seconds): 0.54
	Percent of CPU this job got: 99%
	Elapsed (wall clock) time (h:mm:ss or m:ss): 0:08.24
	Average shared text size (kbytes): 0
	Average unshared data size (kbytes): 0
	Average stack size (kbytes): 0
	Average total size (kbytes): 0
	Maximum resident set size (kbytes): 1124272
	Average resident set size (kbytes): 0
	Major (requiring I/O) page faults: 0
	Minor (reclaiming a frame) page faults: 438629
	Voluntary context switches: 2382
	Involuntary context switches: 2821
	Swaps: 0
	File system inputs: 0
	File system outputs: 96
	Socket messages sent: 0
	Socket messages received: 0
	Signals delivered: 0
	Page size (bytes): 4096
	Exit status: 0
	Command being timed: "timeout 600 java -Xmx64g -jar ./enhsp3.jar -o ./domain_with_failure.pddl -f ./problems/BasePN-2And-add-5-d3/problem8.pddl -h blind -s WAStar -dap"
	User time (seconds): 7.56
	System time (seconds): 0.53
	Percent of CPU this job got: 99%
	Elapsed (wall clock) time (h:mm:ss or m:ss): 0:08.15
	Average shared text size (kbytes): 0
	Average unshared data size (kbytes): 0
	Average stack size (kbytes): 0
	Average total size (kbytes): 0
	Maximum resident set size (kbytes): 1126052
	Average resident set size (kbytes): 0
	Major (requiring I/O) page faults: 0
	Minor (reclaiming a frame) page faults: 434374
	Voluntary context switches: 2349
	Involuntary context switches: 2775
	Swaps: 0
	File system inputs: 0
	File system outputs: 128
	Socket messages sent: 0
	Socket messages received: 0
	Signals delivered: 0
	Page size (bytes): 4096
	Exit status: 0
	Command being timed: "timeout 600 java -Xmx64g -jar ./enhsp3.jar -o ./domain_with_failure.pddl -f ./problems/BasePN-2And-add-5-d3/problem9.pddl -h blind -s WAStar -dap"
	User time (seconds): 7.56
	System time (seconds): 0.56
	Percent of CPU this job got: 99%
	Elapsed (wall clock) time (h:mm:ss or m:ss): 0:08.17
	Average shared text size (kbytes): 0
	Average unshared data size (kbytes): 0
	Average stack size (kbytes): 0
	Average total size (kbytes): 0
	Maximum resident set size (kbytes): 1127572
	Average resident set size (kbytes): 0
	Major (requiring I/O) page faults: 0
	Minor (reclaiming a frame) page faults: 465919
	Voluntary context switches: 2549
	Involuntary context switches: 2855
	Swaps: 0
	File system inputs: 0
	File system outputs: 96
	Socket messages sent: 0
	Socket messages received: 0
	Signals delivered: 0
	Page size (bytes): 4096
	Exit status: 0
	Command being timed: "timeout 600 java -Xmx64g -jar ./enhsp3.jar -o ./domain_with_failure.pddl -f ./problems/BasePN-2And-add-5-d3/problem10.pddl -h blind -s WAStar -dap"
	User time (seconds): 7.22
	System time (seconds): 0.49
	Percent of CPU this job got: 98%
	Elapsed (wall clock) time (h:mm:ss or m:ss): 0:07.79
	Average shared text size (kbytes): 0
	Average unshared data size (kbytes): 0
	Average stack size (kbytes): 0
	Average total size (kbytes): 0
	Maximum resident set size (kbytes): 1124952
	Average resident set size (kbytes): 0
	Major (requiring I/O) page faults: 0
	Minor (reclaiming a frame) page faults: 436055
	Voluntary context switches: 2232
	Involuntary context switches: 2594
	Swaps: 0
	File system inputs: 0
	File system outputs: 136
	Socket messages sent: 0
	Socket messages received: 0
	Signals delivered: 0
	Page size (bytes): 4096
	Exit status: 0
	Command being timed: "timeout 600 java -Xmx64g -jar ./enhsp3.jar -o ./domain_with_failure.pddl -f ./problems/BasePN-2And-add-5-d3/problem11.pddl -h blind -s WAStar -dap"
	User time (seconds): 7.79
	System time (seconds): 0.56
	Percent of CPU this job got: 99%
	Elapsed (wall clock) time (h:mm:ss or m:ss): 0:08.39
	Average shared text size (kbytes): 0
	Average unshared data size (kbytes): 0
	Average stack size (kbytes): 0
	Average total size (kbytes): 0
	Maximum resident set size (kbytes): 1124336
	Average resident set size (kbytes): 0
	Major (requiring I/O) page faults: 0
	Minor (reclaiming a frame) page faults: 520992
	Voluntary context switches: 2498
	Involuntary context switches: 3025
	Swaps: 0
	File system inputs: 0
	File system outputs: 120
	Socket messages sent: 0
	Socket messages received: 0
	Signals delivered: 0
	Page size (bytes): 4096
	Exit status: 0
	Command being timed: "timeout 600 java -Xmx64g -jar ./enhsp3.jar -o ./domain_with_failure.pddl -f ./problems/BasePN-2And-add-5-d3/problem12.pddl -h blind -s WAStar -dap"
	User time (seconds): 7.13
	System time (seconds): 0.53
	Percent of CPU this job got: 99%
	Elapsed (wall clock) time (h:mm:ss or m:ss): 0:07.70
	Average shared text size (kbytes): 0
	Average unshared data size (kbytes): 0
	Average stack size (kbytes): 0
	Average total size (kbytes): 0
	Maximum resident set size (kbytes): 1126060
	Average resident set size (kbytes): 0
	Major (requiring I/O) page faults: 0
	Minor (reclaiming a frame) page faults: 436232
	Voluntary context switches: 2272
	Involuntary context switches: 2523
	Swaps: 0
	File system inputs: 0
	File system outputs: 112
	Socket messages sent: 0
	Socket messages received: 0
	Signals delivered: 0
	Page size (bytes): 4096
	Exit status: 0
	Command being timed: "timeout 600 java -Xmx64g -jar ./enhsp3.jar -o ./domain_with_failure.pddl -f ./problems/BasePN-2And-add-5-d3/problem13.pddl -h blind -s WAStar -dap"
	User time (seconds): 7.46
	System time (seconds): 0.55
	Percent of CPU this job got: 99%
	Elapsed (wall clock) time (h:mm:ss or m:ss): 0:08.05
	Average shared text size (kbytes): 0
	Average unshared data size (kbytes): 0
	Average stack size (kbytes): 0
	Average total size (kbytes): 0
	Maximum resident set size (kbytes): 1128728
	Average resident set size (kbytes): 0
	Major (requiring I/O) page faults: 0
	Minor (reclaiming a frame) page faults: 440871
	Voluntary context switches: 2586
	Involuntary context switches: 2805
	Swaps: 0
	File system inputs: 0
	File system outputs: 120
	Socket messages sent: 0
	Socket messages received: 0
	Signals delivered: 0
	Page size (bytes): 4096
	Exit status: 0
	Command being timed: "timeout 600 java -Xmx64g -jar ./enhsp3.jar -o ./domain_with_failure.pddl -f ./problems/BasePN-2And-add-5-d3/problem14.pddl -h blind -s WAStar -dap"
	User time (seconds): 8.48
	System time (seconds): 0.55
	Percent of CPU this job got: 99%
	Elapsed (wall clock) time (h:mm:ss or m:ss): 0:09.06
	Average shared text size (kbytes): 0
	Average unshared data size (kbytes): 0
	Average stack size (kbytes): 0
	Average total size (kbytes): 0
	Maximum resident set size (kbytes): 1129136
	Average resident set size (kbytes): 0
	Major (requiring I/O) page faults: 0
	Minor (reclaiming a frame) page faults: 445475
	Voluntary context switches: 2629
	Involuntary context switches: 3180
	Swaps: 0
	File system inputs: 0
	File system outputs: 112
	Socket messages sent: 0
	Socket messages received: 0
	Signals delivered: 0
	Page size (bytes): 4096
	Exit status: 0
	Command being timed: "timeout 600 java -Xmx64g -jar ./enhsp3.jar -o ./domain_with_failure.pddl -f ./problems/BasePN-2And-add-5-d3/problem15.pddl -h blind -s WAStar -dap"
	User time (seconds): 7.62
	System time (seconds): 0.55
	Percent of CPU this job got: 99%
	Elapsed (wall clock) time (h:mm:ss or m:ss): 0:08.20
	Average shared text size (kbytes): 0
	Average unshared data size (kbytes): 0
	Average stack size (kbytes): 0
	Average total size (kbytes): 0
	Maximum resident set size (kbytes): 1127300
	Average resident set size (kbytes): 0
	Major (requiring I/O) page faults: 0
	Minor (reclaiming a frame) page faults: 437048
	Voluntary context switches: 2688
	Involuntary context switches: 3022
	Swaps: 0
	File system inputs: 0
	File system outputs: 128
	Socket messages sent: 0
	Socket messages received: 0
	Signals delivered: 0
	Page size (bytes): 4096
	Exit status: 0
	Command being timed: "timeout 600 java -Xmx64g -jar ./enhsp3.jar -o ./domain_with_failure.pddl -f ./problems/BasePN-2And-add-5-d3/problem16.pddl -h blind -s WAStar -dap"
	User time (seconds): 7.51
	System time (seconds): 0.56
	Percent of CPU this job got: 99%
	Elapsed (wall clock) time (h:mm:ss or m:ss): 0:08.11
	Average shared text size (kbytes): 0
	Average unshared data size (kbytes): 0
	Average stack size (kbytes): 0
	Average total size (kbytes): 0
	Maximum resident set size (kbytes): 1126488
	Average resident set size (kbytes): 0
	Major (requiring I/O) page faults: 0
	Minor (reclaiming a frame) page faults: 436153
	Voluntary context switches: 2545
	Involuntary context switches: 2786
	Swaps: 0
	File system inputs: 0
	File system outputs: 136
	Socket messages sent: 0
	Socket messages received: 0
	Signals delivered: 0
	Page size (bytes): 4096
	Exit status: 0
	Command being timed: "timeout 600 java -Xmx64g -jar ./enhsp3.jar -o ./domain_with_failure.pddl -f ./problems/BasePN-2And-add-5-d3/problem17.pddl -h blind -s WAStar -dap"
	User time (seconds): 7.27
	System time (seconds): 0.53
	Percent of CPU this job got: 99%
	Elapsed (wall clock) time (h:mm:ss or m:ss): 0:07.83
	Average shared text size (kbytes): 0
	Average unshared data size (kbytes): 0
	Average stack size (kbytes): 0
	Average total size (kbytes): 0
	Maximum resident set size (kbytes): 1125456
	Average resident set size (kbytes): 0
	Major (requiring I/O) page faults: 0
	Minor (reclaiming a frame) page faults: 437342
	Voluntary context switches: 2419
	Involuntary context switches: 2696
	Swaps: 0
	File system inputs: 0
	File system outputs: 96
	Socket messages sent: 0
	Socket messages received: 0
	Signals delivered: 0
	Page size (bytes): 4096
	Exit status: 0
	Command being timed: "timeout 600 java -Xmx64g -jar ./enhsp3.jar -o ./domain_with_failure.pddl -f ./problems/BasePN-2And-add-5-d3/problem18.pddl -h blind -s WAStar -dap"
	User time (seconds): 7.79
	System time (seconds): 0.58
	Percent of CPU this job got: 99%
	Elapsed (wall clock) time (h:mm:ss or m:ss): 0:08.39
	Average shared text size (kbytes): 0
	Average unshared data size (kbytes): 0
	Average stack size (kbytes): 0
	Average total size (kbytes): 0
	Maximum resident set size (kbytes): 1126876
	Average resident set size (kbytes): 0
	Major (requiring I/O) page faults: 0
	Minor (reclaiming a frame) page faults: 464836
	Voluntary context switches: 2583
	Involuntary context switches: 2933
	Swaps: 0
	File system inputs: 0
	File system outputs: 136
	Socket messages sent: 0
	Socket messages received: 0
	Signals delivered: 0
	Page size (bytes): 4096
	Exit status: 0
	Command being timed: "timeout 600 java -Xmx64g -jar ./enhsp3.jar -o ./domain_with_failure.pddl -f ./problems/BasePN-2And-add-5-d3/problem19.pddl -h blind -s WAStar -dap"
	User time (seconds): 7.87
	System time (seconds): 0.56
	Percent of CPU this job got: 98%
	Elapsed (wall clock) time (h:mm:ss or m:ss): 0:08.54
	Average shared text size (kbytes): 0
	Average unshared data size (kbytes): 0
	Average stack size (kbytes): 0
	Average total size (kbytes): 0
	Maximum resident set size (kbytes): 1126096
	Average resident set size (kbytes): 0
	Major (requiring I/O) page faults: 0
	Minor (reclaiming a frame) page faults: 436451
	Voluntary context switches: 2547
	Involuntary context switches: 2966
	Swaps: 0
	File system inputs: 0
	File system outputs: 96
	Socket messages sent: 0
	Socket messages received: 0
	Signals delivered: 0
	Page size (bytes): 4096
	Exit status: 0
	Command being timed: "timeout 600 java -Xmx64g -jar ./enhsp3.jar -o ./domain_with_failure.pddl -f ./problems/BasePN-2And-add-5-d3/problem20.pddl -h blind -s WAStar -dap"
	User time (seconds): 7.27
	System time (seconds): 0.55
	Percent of CPU this job got: 99%
	Elapsed (wall clock) time (h:mm:ss or m:ss): 0:07.85
	Average shared text size (kbytes): 0
	Average unshared data size (kbytes): 0
	Average stack size (kbytes): 0
	Average total size (kbytes): 0
	Maximum resident set size (kbytes): 1125268
	Average resident set size (kbytes): 0
	Major (requiring I/O) page faults: 0
	Minor (reclaiming a frame) page faults: 445816
	Voluntary context switches: 2425
	Involuntary context switches: 2752
	Swaps: 0
	File system inputs: 0
	File system outputs: 104
	Socket messages sent: 0
	Socket messages received: 0
	Signals delivered: 0
	Page size (bytes): 4096
	Exit status: 0
	Command being timed: "timeout 600 java -Xmx64g -jar ./enhsp3.jar -o ./domain_with_failure.pddl -f ./problems/BasePN-2And-add-5-d3/problem21.pddl -h blind -s WAStar -dap"
	User time (seconds): 8.52
	System time (seconds): 0.55
	Percent of CPU this job got: 99%
	Elapsed (wall clock) time (h:mm:ss or m:ss): 0:09.16
	Average shared text size (kbytes): 0
	Average unshared data size (kbytes): 0
	Average stack size (kbytes): 0
	Average total size (kbytes): 0
	Maximum resident set size (kbytes): 1130524
	Average resident set size (kbytes): 0
	Major (requiring I/O) page faults: 0
	Minor (reclaiming a frame) page faults: 439187
	Voluntary context switches: 2433
	Involuntary context switches: 3200
	Swaps: 0
	File system inputs: 0
	File system outputs: 120
	Socket messages sent: 0
	Socket messages received: 0
	Signals delivered: 0
	Page size (bytes): 4096
	Exit status: 0
	Command being timed: "timeout 600 java -Xmx64g -jar ./enhsp3.jar -o ./domain_with_failure.pddl -f ./problems/BasePN-2And-add-5-d3/problem22.pddl -h blind -s WAStar -dap"
	User time (seconds): 7.56
	System time (seconds): 0.56
	Percent of CPU this job got: 99%
	Elapsed (wall clock) time (h:mm:ss or m:ss): 0:08.15
	Average shared text size (kbytes): 0
	Average unshared data size (kbytes): 0
	Average stack size (kbytes): 0
	Average total size (kbytes): 0
	Maximum resident set size (kbytes): 1120564
	Average resident set size (kbytes): 0
	Major (requiring I/O) page faults: 0
	Minor (reclaiming a frame) page faults: 431289
	Voluntary context switches: 2439
	Involuntary context switches: 2848
	Swaps: 0
	File system inputs: 0
	File system outputs: 104
	Socket messages sent: 0
	Socket messages received: 0
	Signals delivered: 0
	Page size (bytes): 4096
	Exit status: 0
	Command being timed: "timeout 600 java -Xmx64g -jar ./enhsp3.jar -o ./domain_with_failure.pddl -f ./problems/BasePN-2And-add-5-d3/problem23.pddl -h blind -s WAStar -dap"
	User time (seconds): 6.74
	System time (seconds): 0.53
	Percent of CPU this job got: 99%
	Elapsed (wall clock) time (h:mm:ss or m:ss): 0:07.30
	Average shared text size (kbytes): 0
	Average unshared data size (kbytes): 0
	Average stack size (kbytes): 0
	Average total size (kbytes): 0
	Maximum resident set size (kbytes): 1124568
	Average resident set size (kbytes): 0
	Major (requiring I/O) page faults: 0
	Minor (reclaiming a frame) page faults: 410040
	Voluntary context switches: 2252
	Involuntary context switches: 2448
	Swaps: 0
	File system inputs: 0
	File system outputs: 120
	Socket messages sent: 0
	Socket messages received: 0
	Signals delivered: 0
	Page size (bytes): 4096
	Exit status: 0
	Command being timed: "timeout 600 java -Xmx64g -jar ./enhsp3.jar -o ./domain_with_failure.pddl -f ./problems/BasePN-2And-add-5-d3/problem24.pddl -h blind -s WAStar -dap"
	User time (seconds): 7.15
	System time (seconds): 0.57
	Percent of CPU this job got: 99%
	Elapsed (wall clock) time (h:mm:ss or m:ss): 0:07.76
	Average shared text size (kbytes): 0
	Average unshared data size (kbytes): 0
	Average stack size (kbytes): 0
	Average total size (kbytes): 0
	Maximum resident set size (kbytes): 1125328
	Average resident set size (kbytes): 0
	Major (requiring I/O) page faults: 0
	Minor (reclaiming a frame) page faults: 435995
	Voluntary context switches: 2390
	Involuntary context switches: 2713
	Swaps: 0
	File system inputs: 0
	File system outputs: 104
	Socket messages sent: 0
	Socket messages received: 0
	Signals delivered: 0
	Page size (bytes): 4096
	Exit status: 0
	Command being timed: "timeout 600 java -Xmx64g -jar ./enhsp3.jar -o ./domain_with_failure.pddl -f ./problems/BasePN-2And-add-5-d3/problem25.pddl -h blind -s WAStar -dap"
	User time (seconds): 7.10
	System time (seconds): 0.57
	Percent of CPU this job got: 99%
	Elapsed (wall clock) time (h:mm:ss or m:ss): 0:07.70
	Average shared text size (kbytes): 0
	Average unshared data size (kbytes): 0
	Average stack size (kbytes): 0
	Average total size (kbytes): 0
	Maximum resident set size (kbytes): 1126312
	Average resident set size (kbytes): 0
	Major (requiring I/O) page faults: 0
	Minor (reclaiming a frame) page faults: 432177
	Voluntary context switches: 2238
	Involuntary context switches: 2576
	Swaps: 0
	File system inputs: 0
	File system outputs: 120
	Socket messages sent: 0
	Socket messages received: 0
	Signals delivered: 0
	Page size (bytes): 4096
	Exit status: 0
	Command being timed: "timeout 600 java -Xmx64g -jar ./enhsp3.jar -o ./domain_with_failure.pddl -f ./problems/BasePN-2And-add-5-d3/problem26.pddl -h blind -s WAStar -dap"
	User time (seconds): 7.38
	System time (seconds): 0.53
	Percent of CPU this job got: 99%
	Elapsed (wall clock) time (h:mm:ss or m:ss): 0:07.96
	Average shared text size (kbytes): 0
	Average unshared data size (kbytes): 0
	Average stack size (kbytes): 0
	Average total size (kbytes): 0
	Maximum resident set size (kbytes): 1125876
	Average resident set size (kbytes): 0
	Major (requiring I/O) page faults: 0
	Minor (reclaiming a frame) page faults: 432678
	Voluntary context switches: 2466
	Involuntary context switches: 2773
	Swaps: 0
	File system inputs: 0
	File system outputs: 104
	Socket messages sent: 0
	Socket messages received: 0
	Signals delivered: 0
	Page size (bytes): 4096
	Exit status: 0
	Command being timed: "timeout 600 java -Xmx64g -jar ./enhsp3.jar -o ./domain_with_failure.pddl -f ./problems/BasePN-2And-add-5-d3/problem27.pddl -h blind -s WAStar -dap"
	User time (seconds): 7.51
	System time (seconds): 0.58
	Percent of CPU this job got: 99%
	Elapsed (wall clock) time (h:mm:ss or m:ss): 0:08.13
	Average shared text size (kbytes): 0
	Average unshared data size (kbytes): 0
	Average stack size (kbytes): 0
	Average total size (kbytes): 0
	Maximum resident set size (kbytes): 1124680
	Average resident set size (kbytes): 0
	Major (requiring I/O) page faults: 0
	Minor (reclaiming a frame) page faults: 495598
	Voluntary context switches: 2282
	Involuntary context switches: 2796
	Swaps: 0
	File system inputs: 0
	File system outputs: 120
	Socket messages sent: 0
	Socket messages received: 0
	Signals delivered: 0
	Page size (bytes): 4096
	Exit status: 0
	Command being timed: "timeout 600 java -Xmx64g -jar ./enhsp3.jar -o ./domain_with_failure.pddl -f ./problems/BasePN-2And-add-5-d3/problem28.pddl -h blind -s WAStar -dap"
	User time (seconds): 7.48
	System time (seconds): 0.52
	Percent of CPU this job got: 99%
	Elapsed (wall clock) time (h:mm:ss or m:ss): 0:08.04
	Average shared text size (kbytes): 0
	Average unshared data size (kbytes): 0
	Average stack size (kbytes): 0
	Average total size (kbytes): 0
	Maximum resident set size (kbytes): 1126240
	Average resident set size (kbytes): 0
	Major (requiring I/O) page faults: 0
	Minor (reclaiming a frame) page faults: 437475
	Voluntary context switches: 2190
	Involuntary context switches: 2656
	Swaps: 0
	File system inputs: 0
	File system outputs: 128
	Socket messages sent: 0
	Socket messages received: 0
	Signals delivered: 0
	Page size (bytes): 4096
	Exit status: 0
	Command being timed: "timeout 600 java -Xmx64g -jar ./enhsp3.jar -o ./domain_with_failure.pddl -f ./problems/BasePN-2And-add-5-d3/problem29.pddl -h blind -s WAStar -dap"
	User time (seconds): 7.43
	System time (seconds): 0.54
	Percent of CPU this job got: 99%
	Elapsed (wall clock) time (h:mm:ss or m:ss): 0:08.01
	Average shared text size (kbytes): 0
	Average unshared data size (kbytes): 0
	Average stack size (kbytes): 0
	Average total size (kbytes): 0
	Maximum resident set size (kbytes): 1127084
	Average resident set size (kbytes): 0
	Major (requiring I/O) page faults: 0
	Minor (reclaiming a frame) page faults: 436761
	Voluntary context switches: 2298
	Involuntary context switches: 2699
	Swaps: 0
	File system inputs: 0
	File system outputs: 96
	Socket messages sent: 0
	Socket messages received: 0
	Signals delivered: 0
	Page size (bytes): 4096
	Exit status: 0
	Command being timed: "timeout 600 java -Xmx64g -jar ./enhsp3.jar -o ./domain_with_failure.pddl -f ./problems/BasePN-2And-add-5-d3/problem30.pddl -h blind -s WAStar -dap"
	User time (seconds): 7.45
	System time (seconds): 0.55
	Percent of CPU this job got: 99%
	Elapsed (wall clock) time (h:mm:ss or m:ss): 0:08.04
	Average shared text size (kbytes): 0
	Average unshared data size (kbytes): 0
	Average stack size (kbytes): 0
	Average total size (kbytes): 0
	Maximum resident set size (kbytes): 1126416
	Average resident set size (kbytes): 0
	Major (requiring I/O) page faults: 0
	Minor (reclaiming a frame) page faults: 437128
	Voluntary context switches: 2518
	Involuntary context switches: 2842
	Swaps: 0
	File system inputs: 0
	File system outputs: 128
	Socket messages sent: 0
	Socket messages received: 0
	Signals delivered: 0
	Page size (bytes): 4096
	Exit status: 0
	Command being timed: "timeout 600 java -Xmx64g -jar ./enhsp3.jar -o ./domain_with_failure.pddl -f ./problems/BasePN-2And-add-5-d3/problem31.pddl -h blind -s WAStar -dap"
	User time (seconds): 7.91
	System time (seconds): 0.54
	Percent of CPU this job got: 99%
	Elapsed (wall clock) time (h:mm:ss or m:ss): 0:08.49
	Average shared text size (kbytes): 0
	Average unshared data size (kbytes): 0
	Average stack size (kbytes): 0
	Average total size (kbytes): 0
	Maximum resident set size (kbytes): 1126084
	Average resident set size (kbytes): 0
	Major (requiring I/O) page faults: 0
	Minor (reclaiming a frame) page faults: 427123
	Voluntary context switches: 2527
	Involuntary context switches: 3075
	Swaps: 0
	File system inputs: 0
	File system outputs: 104
	Socket messages sent: 0
	Socket messages received: 0
	Signals delivered: 0
	Page size (bytes): 4096
	Exit status: 0
	Command being timed: "timeout 600 java -Xmx64g -jar ./enhsp3.jar -o ./domain_with_failure.pddl -f ./problems/BasePN-2And-add-5-d3/problem32.pddl -h blind -s WAStar -dap"
	User time (seconds): 7.70
	System time (seconds): 0.60
	Percent of CPU this job got: 99%
	Elapsed (wall clock) time (h:mm:ss or m:ss): 0:08.34
	Average shared text size (kbytes): 0
	Average unshared data size (kbytes): 0
	Average stack size (kbytes): 0
	Average total size (kbytes): 0
	Maximum resident set size (kbytes): 1128064
	Average resident set size (kbytes): 0
	Major (requiring I/O) page faults: 0
	Minor (reclaiming a frame) page faults: 526137
	Voluntary context switches: 2394
	Involuntary context switches: 2807
	Swaps: 0
	File system inputs: 0
	File system outputs: 128
	Socket messages sent: 0
	Socket messages received: 0
	Signals delivered: 0
	Page size (bytes): 4096
	Exit status: 0
	Command being timed: "timeout 600 java -Xmx64g -jar ./enhsp3.jar -o ./domain_with_failure.pddl -f ./problems/BasePN-2And-add-5-d3/problem33.pddl -h blind -s WAStar -dap"
	User time (seconds): 7.30
	System time (seconds): 0.60
	Percent of CPU this job got: 99%
	Elapsed (wall clock) time (h:mm:ss or m:ss): 0:07.93
	Average shared text size (kbytes): 0
	Average unshared data size (kbytes): 0
	Average stack size (kbytes): 0
	Average total size (kbytes): 0
	Maximum resident set size (kbytes): 1124032
	Average resident set size (kbytes): 0
	Major (requiring I/O) page faults: 0
	Minor (reclaiming a frame) page faults: 432392
	Voluntary context switches: 2650
	Involuntary context switches: 2833
	Swaps: 0
	File system inputs: 0
	File system outputs: 120
	Socket messages sent: 0
	Socket messages received: 0
	Signals delivered: 0
	Page size (bytes): 4096
	Exit status: 0
	Command being timed: "timeout 600 java -Xmx64g -jar ./enhsp3.jar -o ./domain_with_failure.pddl -f ./problems/BasePN-2And-add-5-d3/problem34.pddl -h blind -s WAStar -dap"
	User time (seconds): 7.54
	System time (seconds): 0.53
	Percent of CPU this job got: 99%
	Elapsed (wall clock) time (h:mm:ss or m:ss): 0:08.11
	Average shared text size (kbytes): 0
	Average unshared data size (kbytes): 0
	Average stack size (kbytes): 0
	Average total size (kbytes): 0
	Maximum resident set size (kbytes): 1128360
	Average resident set size (kbytes): 0
	Major (requiring I/O) page faults: 0
	Minor (reclaiming a frame) page faults: 435569
	Voluntary context switches: 2263
	Involuntary context switches: 2720
	Swaps: 0
	File system inputs: 0
	File system outputs: 104
	Socket messages sent: 0
	Socket messages received: 0
	Signals delivered: 0
	Page size (bytes): 4096
	Exit status: 0
	Command being timed: "timeout 600 java -Xmx64g -jar ./enhsp3.jar -o ./domain_with_failure.pddl -f ./problems/BasePN-2And-add-5-d3/problem35.pddl -h blind -s WAStar -dap"
	User time (seconds): 7.43
	System time (seconds): 0.55
	Percent of CPU this job got: 99%
	Elapsed (wall clock) time (h:mm:ss or m:ss): 0:08.05
	Average shared text size (kbytes): 0
	Average unshared data size (kbytes): 0
	Average stack size (kbytes): 0
	Average total size (kbytes): 0
	Maximum resident set size (kbytes): 1124488
	Average resident set size (kbytes): 0
	Major (requiring I/O) page faults: 0
	Minor (reclaiming a frame) page faults: 436496
	Voluntary context switches: 2396
	Involuntary context switches: 2793
	Swaps: 0
	File system inputs: 0
	File system outputs: 120
	Socket messages sent: 0
	Socket messages received: 0
	Signals delivered: 0
	Page size (bytes): 4096
	Exit status: 0
	Command being timed: "timeout 600 java -Xmx64g -jar ./enhsp3.jar -o ./domain_with_failure.pddl -f ./problems/BasePN-2And-add-5-d3/problem36.pddl -h blind -s WAStar -dap"
	User time (seconds): 7.77
	System time (seconds): 0.56
	Percent of CPU this job got: 99%
	Elapsed (wall clock) time (h:mm:ss or m:ss): 0:08.37
	Average shared text size (kbytes): 0
	Average unshared data size (kbytes): 0
	Average stack size (kbytes): 0
	Average total size (kbytes): 0
	Maximum resident set size (kbytes): 1131600
	Average resident set size (kbytes): 0
	Major (requiring I/O) page faults: 0
	Minor (reclaiming a frame) page faults: 451949
	Voluntary context switches: 2636
	Involuntary context switches: 2914
	Swaps: 0
	File system inputs: 0
	File system outputs: 104
	Socket messages sent: 0
	Socket messages received: 0
	Signals delivered: 0
	Page size (bytes): 4096
	Exit status: 0
	Command being timed: "timeout 600 java -Xmx64g -jar ./enhsp3.jar -o ./domain_with_failure.pddl -f ./problems/BasePN-2And-add-5-d3/problem37.pddl -h blind -s WAStar -dap"
	User time (seconds): 7.12
	System time (seconds): 0.51
	Percent of CPU this job got: 99%
	Elapsed (wall clock) time (h:mm:ss or m:ss): 0:07.68
	Average shared text size (kbytes): 0
	Average unshared data size (kbytes): 0
	Average stack size (kbytes): 0
	Average total size (kbytes): 0
	Maximum resident set size (kbytes): 1124016
	Average resident set size (kbytes): 0
	Major (requiring I/O) page faults: 0
	Minor (reclaiming a frame) page faults: 436889
	Voluntary context switches: 2245
	Involuntary context switches: 2659
	Swaps: 0
	File system inputs: 0
	File system outputs: 128
	Socket messages sent: 0
	Socket messages received: 0
	Signals delivered: 0
	Page size (bytes): 4096
	Exit status: 0
	Command being timed: "timeout 600 java -Xmx64g -jar ./enhsp3.jar -o ./domain_with_failure.pddl -f ./problems/BasePN-2And-add-5-d3/problem38.pddl -h blind -s WAStar -dap"
	User time (seconds): 7.47
	System time (seconds): 0.55
	Percent of CPU this job got: 99%
	Elapsed (wall clock) time (h:mm:ss or m:ss): 0:08.06
	Average shared text size (kbytes): 0
	Average unshared data size (kbytes): 0
	Average stack size (kbytes): 0
	Average total size (kbytes): 0
	Maximum resident set size (kbytes): 1127176
	Average resident set size (kbytes): 0
	Major (requiring I/O) page faults: 0
	Minor (reclaiming a frame) page faults: 456173
	Voluntary context switches: 2317
	Involuntary context switches: 2779
	Swaps: 0
	File system inputs: 0
	File system outputs: 104
	Socket messages sent: 0
	Socket messages received: 0
	Signals delivered: 0
	Page size (bytes): 4096
	Exit status: 0
	Command being timed: "timeout 600 java -Xmx64g -jar ./enhsp3.jar -o ./domain_with_failure.pddl -f ./problems/BasePN-2And-add-5-d3/problem39.pddl -h blind -s WAStar -dap"
	User time (seconds): 7.43
	System time (seconds): 0.59
	Percent of CPU this job got: 99%
	Elapsed (wall clock) time (h:mm:ss or m:ss): 0:08.06
	Average shared text size (kbytes): 0
	Average unshared data size (kbytes): 0
	Average stack size (kbytes): 0
	Average total size (kbytes): 0
	Maximum resident set size (kbytes): 1124428
	Average resident set size (kbytes): 0
	Major (requiring I/O) page faults: 0
	Minor (reclaiming a frame) page faults: 437707
	Voluntary context switches: 2259
	Involuntary context switches: 2684
	Swaps: 0
	File system inputs: 0
	File system outputs: 128
	Socket messages sent: 0
	Socket messages received: 0
	Signals delivered: 0
	Page size (bytes): 4096
	Exit status: 0
	Command being timed: "timeout 600 java -Xmx64g -jar ./enhsp3.jar -o ./domain_with_failure.pddl -f ./problems/BasePN-2And-add-5-d3/problem40.pddl -h blind -s WAStar -dap"
	User time (seconds): 7.38
	System time (seconds): 0.53
	Percent of CPU this job got: 99%
	Elapsed (wall clock) time (h:mm:ss or m:ss): 0:07.96
	Average shared text size (kbytes): 0
	Average unshared data size (kbytes): 0
	Average stack size (kbytes): 0
	Average total size (kbytes): 0
	Maximum resident set size (kbytes): 1124460
	Average resident set size (kbytes): 0
	Major (requiring I/O) page faults: 0
	Minor (reclaiming a frame) page faults: 460217
	Voluntary context switches: 2268
	Involuntary context switches: 2723
	Swaps: 0
	File system inputs: 0
	File system outputs: 128
	Socket messages sent: 0
	Socket messages received: 0
	Signals delivered: 0
	Page size (bytes): 4096
	Exit status: 0
	Command being timed: "timeout 600 java -Xmx64g -jar ./enhsp3.jar -o ./domain_with_failure.pddl -f ./problems/BasePN-2And-add-5-d3/problem41.pddl -h blind -s WAStar -dap"
	User time (seconds): 7.45
	System time (seconds): 0.55
	Percent of CPU this job got: 99%
	Elapsed (wall clock) time (h:mm:ss or m:ss): 0:08.08
	Average shared text size (kbytes): 0
	Average unshared data size (kbytes): 0
	Average stack size (kbytes): 0
	Average total size (kbytes): 0
	Maximum resident set size (kbytes): 1126488
	Average resident set size (kbytes): 0
	Major (requiring I/O) page faults: 0
	Minor (reclaiming a frame) page faults: 438445
	Voluntary context switches: 2440
	Involuntary context switches: 2836
	Swaps: 0
	File system inputs: 0
	File system outputs: 104
	Socket messages sent: 0
	Socket messages received: 0
	Signals delivered: 0
	Page size (bytes): 4096
	Exit status: 0
	Command being timed: "timeout 600 java -Xmx64g -jar ./enhsp3.jar -o ./domain_with_failure.pddl -f ./problems/BasePN-2And-add-5-d3/problem42.pddl -h blind -s WAStar -dap"
	User time (seconds): 7.18
	System time (seconds): 0.59
	Percent of CPU this job got: 99%
	Elapsed (wall clock) time (h:mm:ss or m:ss): 0:07.79
	Average shared text size (kbytes): 0
	Average unshared data size (kbytes): 0
	Average stack size (kbytes): 0
	Average total size (kbytes): 0
	Maximum resident set size (kbytes): 1125756
	Average resident set size (kbytes): 0
	Major (requiring I/O) page faults: 0
	Minor (reclaiming a frame) page faults: 437954
	Voluntary context switches: 2289
	Involuntary context switches: 2666
	Swaps: 0
	File system inputs: 0
	File system outputs: 128
	Socket messages sent: 0
	Socket messages received: 0
	Signals delivered: 0
	Page size (bytes): 4096
	Exit status: 0
	Command being timed: "timeout 600 java -Xmx64g -jar ./enhsp3.jar -o ./domain_with_failure.pddl -f ./problems/BasePN-2And-add-5-d3/problem43.pddl -h blind -s WAStar -dap"
	User time (seconds): 7.41
	System time (seconds): 0.56
	Percent of CPU this job got: 99%
	Elapsed (wall clock) time (h:mm:ss or m:ss): 0:08.00
	Average shared text size (kbytes): 0
	Average unshared data size (kbytes): 0
	Average stack size (kbytes): 0
	Average total size (kbytes): 0
	Maximum resident set size (kbytes): 1126164
	Average resident set size (kbytes): 0
	Major (requiring I/O) page faults: 0
	Minor (reclaiming a frame) page faults: 441147
	Voluntary context switches: 2620
	Involuntary context switches: 2926
	Swaps: 0
	File system inputs: 0
	File system outputs: 96
	Socket messages sent: 0
	Socket messages received: 0
	Signals delivered: 0
	Page size (bytes): 4096
	Exit status: 0
	Command being timed: "timeout 600 java -Xmx64g -jar ./enhsp3.jar -o ./domain_with_failure.pddl -f ./problems/BasePN-2And-add-5-d3/problem44.pddl -h blind -s WAStar -dap"
	User time (seconds): 7.31
	System time (seconds): 0.54
	Percent of CPU this job got: 99%
	Elapsed (wall clock) time (h:mm:ss or m:ss): 0:07.88
	Average shared text size (kbytes): 0
	Average unshared data size (kbytes): 0
	Average stack size (kbytes): 0
	Average total size (kbytes): 0
	Maximum resident set size (kbytes): 1124424
	Average resident set size (kbytes): 0
	Major (requiring I/O) page faults: 0
	Minor (reclaiming a frame) page faults: 437281
	Voluntary context switches: 2577
	Involuntary context switches: 2793
	Swaps: 0
	File system inputs: 0
	File system outputs: 128
	Socket messages sent: 0
	Socket messages received: 0
	Signals delivered: 0
	Page size (bytes): 4096
	Exit status: 0
	Command being timed: "timeout 600 java -Xmx64g -jar ./enhsp3.jar -o ./domain_with_failure.pddl -f ./problems/BasePN-2And-add-5-d3/problem45.pddl -h blind -s WAStar -dap"
	User time (seconds): 7.41
	System time (seconds): 0.55
	Percent of CPU this job got: 99%
	Elapsed (wall clock) time (h:mm:ss or m:ss): 0:07.98
	Average shared text size (kbytes): 0
	Average unshared data size (kbytes): 0
	Average stack size (kbytes): 0
	Average total size (kbytes): 0
	Maximum resident set size (kbytes): 1126560
	Average resident set size (kbytes): 0
	Major (requiring I/O) page faults: 0
	Minor (reclaiming a frame) page faults: 455393
	Voluntary context switches: 2320
	Involuntary context switches: 2777
	Swaps: 0
	File system inputs: 0
	File system outputs: 96
	Socket messages sent: 0
	Socket messages received: 0
	Signals delivered: 0
	Page size (bytes): 4096
	Exit status: 0
	Command being timed: "timeout 600 java -Xmx64g -jar ./enhsp3.jar -o ./domain_with_failure.pddl -f ./problems/BasePN-2And-add-5-d3/problem46.pddl -h blind -s WAStar -dap"
	User time (seconds): 7.18
	System time (seconds): 0.55
	Percent of CPU this job got: 99%
	Elapsed (wall clock) time (h:mm:ss or m:ss): 0:07.75
	Average shared text size (kbytes): 0
	Average unshared data size (kbytes): 0
	Average stack size (kbytes): 0
	Average total size (kbytes): 0
	Maximum resident set size (kbytes): 1122936
	Average resident set size (kbytes): 0
	Major (requiring I/O) page faults: 0
	Minor (reclaiming a frame) page faults: 443623
	Voluntary context switches: 2222
	Involuntary context switches: 2619
	Swaps: 0
	File system inputs: 0
	File system outputs: 128
	Socket messages sent: 0
	Socket messages received: 0
	Signals delivered: 0
	Page size (bytes): 4096
	Exit status: 0
	Command being timed: "timeout 600 java -Xmx64g -jar ./enhsp3.jar -o ./domain_with_failure.pddl -f ./problems/BasePN-2And-add-5-d3/problem47.pddl -h blind -s WAStar -dap"
	User time (seconds): 6.94
	System time (seconds): 0.51
	Percent of CPU this job got: 98%
	Elapsed (wall clock) time (h:mm:ss or m:ss): 0:07.55
	Average shared text size (kbytes): 0
	Average unshared data size (kbytes): 0
	Average stack size (kbytes): 0
	Average total size (kbytes): 0
	Maximum resident set size (kbytes): 1127676
	Average resident set size (kbytes): 0
	Major (requiring I/O) page faults: 0
	Minor (reclaiming a frame) page faults: 412580
	Voluntary context switches: 2241
	Involuntary context switches: 2487
	Swaps: 0
	File system inputs: 0
	File system outputs: 96
	Socket messages sent: 0
	Socket messages received: 0
	Signals delivered: 0
	Page size (bytes): 4096
	Exit status: 0
	Command being timed: "timeout 600 java -Xmx64g -jar ./enhsp3.jar -o ./domain_with_failure.pddl -f ./problems/BasePN-2And-add-5-d3/problem48.pddl -h blind -s WAStar -dap"
	User time (seconds): 7.35
	System time (seconds): 0.53
	Percent of CPU this job got: 99%
	Elapsed (wall clock) time (h:mm:ss or m:ss): 0:07.92
	Average shared text size (kbytes): 0
	Average unshared data size (kbytes): 0
	Average stack size (kbytes): 0
	Average total size (kbytes): 0
	Maximum resident set size (kbytes): 1124568
	Average resident set size (kbytes): 0
	Major (requiring I/O) page faults: 0
	Minor (reclaiming a frame) page faults: 430350
	Voluntary context switches: 2525
	Involuntary context switches: 2839
	Swaps: 0
	File system inputs: 0
	File system outputs: 136
	Socket messages sent: 0
	Socket messages received: 0
	Signals delivered: 0
	Page size (bytes): 4096
	Exit status: 0
	Command being timed: "timeout 600 java -Xmx64g -jar ./enhsp3.jar -o ./domain_with_failure.pddl -f ./problems/BasePN-2And-add-5-d3/problem49.pddl -h blind -s WAStar -dap"
	User time (seconds): 7.39
	System time (seconds): 0.53
	Percent of CPU this job got: 99%
	Elapsed (wall clock) time (h:mm:ss or m:ss): 0:07.96
	Average shared text size (kbytes): 0
	Average unshared data size (kbytes): 0
	Average stack size (kbytes): 0
	Average total size (kbytes): 0
	Maximum resident set size (kbytes): 1126408
	Average resident set size (kbytes): 0
	Major (requiring I/O) page faults: 0
	Minor (reclaiming a frame) page faults: 438827
	Voluntary context switches: 2458
	Involuntary context switches: 2821
	Swaps: 0
	File system inputs: 0
	File system outputs: 96
	Socket messages sent: 0
	Socket messages received: 0
	Signals delivered: 0
	Page size (bytes): 4096
	Exit status: 0
	Command being timed: "timeout 600 java -Xmx64g -jar ./enhsp3.jar -o ./domain_with_failure.pddl -f ./problems/BasePN-2And-add-5-d3/problem50.pddl -h blind -s WAStar -dap"
	User time (seconds): 7.37
	System time (seconds): 0.54
	Percent of CPU this job got: 99%
	Elapsed (wall clock) time (h:mm:ss or m:ss): 0:07.93
	Average shared text size (kbytes): 0
	Average unshared data size (kbytes): 0
	Average stack size (kbytes): 0
	Average total size (kbytes): 0
	Maximum resident set size (kbytes): 1126464
	Average resident set size (kbytes): 0
	Major (requiring I/O) page faults: 0
	Minor (reclaiming a frame) page faults: 432040
	Voluntary context switches: 2453
	Involuntary context switches: 2767
	Swaps: 0
	File system inputs: 0
	File system outputs: 128
	Socket messages sent: 0
	Socket messages received: 0
	Signals delivered: 0
	Page size (bytes): 4096
	Exit status: 0
	Command being timed: "timeout 600 java -Xmx64g -jar ./enhsp3.jar -o ./domain_with_failure.pddl -f ./problems/BasePN-2And-add-5-d3/problem51.pddl -h blind -s WAStar -dap"
	User time (seconds): 7.35
	System time (seconds): 0.55
	Percent of CPU this job got: 99%
	Elapsed (wall clock) time (h:mm:ss or m:ss): 0:07.94
	Average shared text size (kbytes): 0
	Average unshared data size (kbytes): 0
	Average stack size (kbytes): 0
	Average total size (kbytes): 0
	Maximum resident set size (kbytes): 1124668
	Average resident set size (kbytes): 0
	Major (requiring I/O) page faults: 0
	Minor (reclaiming a frame) page faults: 457230
	Voluntary context switches: 2316
	Involuntary context switches: 2711
	Swaps: 0
	File system inputs: 0
	File system outputs: 128
	Socket messages sent: 0
	Socket messages received: 0
	Signals delivered: 0
	Page size (bytes): 4096
	Exit status: 0
	Command being timed: "timeout 600 java -Xmx64g -jar ./enhsp3.jar -o ./domain_with_failure.pddl -f ./problems/BasePN-2And-add-5-d3/problem52.pddl -h blind -s WAStar -dap"
	User time (seconds): 7.40
	System time (seconds): 0.55
	Percent of CPU this job got: 99%
	Elapsed (wall clock) time (h:mm:ss or m:ss): 0:07.98
	Average shared text size (kbytes): 0
	Average unshared data size (kbytes): 0
	Average stack size (kbytes): 0
	Average total size (kbytes): 0
	Maximum resident set size (kbytes): 1125288
	Average resident set size (kbytes): 0
	Major (requiring I/O) page faults: 0
	Minor (reclaiming a frame) page faults: 451558
	Voluntary context switches: 2417
	Involuntary context switches: 2759
	Swaps: 0
	File system inputs: 0
	File system outputs: 104
	Socket messages sent: 0
	Socket messages received: 0
	Signals delivered: 0
	Page size (bytes): 4096
	Exit status: 0
	Command being timed: "timeout 600 java -Xmx64g -jar ./enhsp3.jar -o ./domain_with_failure.pddl -f ./problems/BasePN-2And-add-5-d3/problem53.pddl -h blind -s WAStar -dap"
	User time (seconds): 7.33
	System time (seconds): 0.57
	Percent of CPU this job got: 99%
	Elapsed (wall clock) time (h:mm:ss or m:ss): 0:07.93
	Average shared text size (kbytes): 0
	Average unshared data size (kbytes): 0
	Average stack size (kbytes): 0
	Average total size (kbytes): 0
	Maximum resident set size (kbytes): 1126056
	Average resident set size (kbytes): 0
	Major (requiring I/O) page faults: 0
	Minor (reclaiming a frame) page faults: 434158
	Voluntary context switches: 2688
	Involuntary context switches: 2890
	Swaps: 0
	File system inputs: 0
	File system outputs: 120
	Socket messages sent: 0
	Socket messages received: 0
	Signals delivered: 0
	Page size (bytes): 4096
	Exit status: 0
	Command being timed: "timeout 600 java -Xmx64g -jar ./enhsp3.jar -o ./domain_with_failure.pddl -f ./problems/BasePN-2And-add-5-d3/problem54.pddl -h blind -s WAStar -dap"
	User time (seconds): 7.38
	System time (seconds): 0.52
	Percent of CPU this job got: 99%
	Elapsed (wall clock) time (h:mm:ss or m:ss): 0:07.94
	Average shared text size (kbytes): 0
	Average unshared data size (kbytes): 0
	Average stack size (kbytes): 0
	Average total size (kbytes): 0
	Maximum resident set size (kbytes): 1125584
	Average resident set size (kbytes): 0
	Major (requiring I/O) page faults: 0
	Minor (reclaiming a frame) page faults: 432374
	Voluntary context switches: 2529
	Involuntary context switches: 2748
	Swaps: 0
	File system inputs: 0
	File system outputs: 96
	Socket messages sent: 0
	Socket messages received: 0
	Signals delivered: 0
	Page size (bytes): 4096
	Exit status: 0
	Command being timed: "timeout 600 java -Xmx64g -jar ./enhsp3.jar -o ./domain_with_failure.pddl -f ./problems/BasePN-2And-add-5-d3/problem55.pddl -h blind -s WAStar -dap"
	User time (seconds): 7.24
	System time (seconds): 0.53
	Percent of CPU this job got: 99%
	Elapsed (wall clock) time (h:mm:ss or m:ss): 0:07.80
	Average shared text size (kbytes): 0
	Average unshared data size (kbytes): 0
	Average stack size (kbytes): 0
	Average total size (kbytes): 0
	Maximum resident set size (kbytes): 1125068
	Average resident set size (kbytes): 0
	Major (requiring I/O) page faults: 0
	Minor (reclaiming a frame) page faults: 437639
	Voluntary context switches: 2389
	Involuntary context switches: 2718
	Swaps: 0
	File system inputs: 0
	File system outputs: 128
	Socket messages sent: 0
	Socket messages received: 0
	Signals delivered: 0
	Page size (bytes): 4096
	Exit status: 0
	Command being timed: "timeout 600 java -Xmx64g -jar ./enhsp3.jar -o ./domain_with_failure.pddl -f ./problems/BasePN-2And-add-5-d3/problem56.pddl -h blind -s WAStar -dap"
	User time (seconds): 7.35
	System time (seconds): 0.51
	Percent of CPU this job got: 99%
	Elapsed (wall clock) time (h:mm:ss or m:ss): 0:07.88
	Average shared text size (kbytes): 0
	Average unshared data size (kbytes): 0
	Average stack size (kbytes): 0
	Average total size (kbytes): 0
	Maximum resident set size (kbytes): 1125004
	Average resident set size (kbytes): 0
	Major (requiring I/O) page faults: 0
	Minor (reclaiming a frame) page faults: 437378
	Voluntary context switches: 2478
	Involuntary context switches: 2780
	Swaps: 0
	File system inputs: 0
	File system outputs: 96
	Socket messages sent: 0
	Socket messages received: 0
	Signals delivered: 0
	Page size (bytes): 4096
	Exit status: 0
	Command being timed: "timeout 600 java -Xmx64g -jar ./enhsp3.jar -o ./domain_with_failure.pddl -f ./problems/BasePN-2And-add-5-d3/problem57.pddl -h blind -s WAStar -dap"
	User time (seconds): 7.60
	System time (seconds): 0.60
	Percent of CPU this job got: 99%
	Elapsed (wall clock) time (h:mm:ss or m:ss): 0:08.22
	Average shared text size (kbytes): 0
	Average unshared data size (kbytes): 0
	Average stack size (kbytes): 0
	Average total size (kbytes): 0
	Maximum resident set size (kbytes): 1127288
	Average resident set size (kbytes): 0
	Major (requiring I/O) page faults: 0
	Minor (reclaiming a frame) page faults: 520616
	Voluntary context switches: 2201
	Involuntary context switches: 2749
	Swaps: 0
	File system inputs: 0
	File system outputs: 120
	Socket messages sent: 0
	Socket messages received: 0
	Signals delivered: 0
	Page size (bytes): 4096
	Exit status: 0
	Command being timed: "timeout 600 java -Xmx64g -jar ./enhsp3.jar -o ./domain_with_failure.pddl -f ./problems/BasePN-2And-add-5-d3/problem58.pddl -h blind -s WAStar -dap"
	User time (seconds): 7.29
	System time (seconds): 0.53
	Percent of CPU this job got: 99%
	Elapsed (wall clock) time (h:mm:ss or m:ss): 0:07.85
	Average shared text size (kbytes): 0
	Average unshared data size (kbytes): 0
	Average stack size (kbytes): 0
	Average total size (kbytes): 0
	Maximum resident set size (kbytes): 1125032
	Average resident set size (kbytes): 0
	Major (requiring I/O) page faults: 0
	Minor (reclaiming a frame) page faults: 437463
	Voluntary context switches: 2310
	Involuntary context switches: 2686
	Swaps: 0
	File system inputs: 0
	File system outputs: 104
	Socket messages sent: 0
	Socket messages received: 0
	Signals delivered: 0
	Page size (bytes): 4096
	Exit status: 0
	Command being timed: "timeout 600 java -Xmx64g -jar ./enhsp3.jar -o ./domain_with_failure.pddl -f ./problems/BasePN-2And-add-5-d3/problem59.pddl -h blind -s WAStar -dap"
	User time (seconds): 7.22
	System time (seconds): 0.56
	Percent of CPU this job got: 99%
	Elapsed (wall clock) time (h:mm:ss or m:ss): 0:07.81
	Average shared text size (kbytes): 0
	Average unshared data size (kbytes): 0
	Average stack size (kbytes): 0
	Average total size (kbytes): 0
	Maximum resident set size (kbytes): 1126528
	Average resident set size (kbytes): 0
	Major (requiring I/O) page faults: 0
	Minor (reclaiming a frame) page faults: 432379
	Voluntary context switches: 2659
	Involuntary context switches: 2844
	Swaps: 0
	File system inputs: 0
	File system outputs: 120
	Socket messages sent: 0
	Socket messages received: 0
	Signals delivered: 0
	Page size (bytes): 4096
	Exit status: 0
	Command being timed: "timeout 600 java -Xmx64g -jar ./enhsp3.jar -o ./domain_with_failure.pddl -f ./problems/BasePN-2And-add-5-d3/problem60.pddl -h blind -s WAStar -dap"
	User time (seconds): 7.41
	System time (seconds): 0.56
	Percent of CPU this job got: 99%
	Elapsed (wall clock) time (h:mm:ss or m:ss): 0:08.00
	Average shared text size (kbytes): 0
	Average unshared data size (kbytes): 0
	Average stack size (kbytes): 0
	Average total size (kbytes): 0
	Maximum resident set size (kbytes): 1124548
	Average resident set size (kbytes): 0
	Major (requiring I/O) page faults: 0
	Minor (reclaiming a frame) page faults: 433607
	Voluntary context switches: 2376
	Involuntary context switches: 2806
	Swaps: 0
	File system inputs: 0
	File system outputs: 104
	Socket messages sent: 0
	Socket messages received: 0
	Signals delivered: 0
	Page size (bytes): 4096
	Exit status: 0
	Command being timed: "timeout 600 java -Xmx64g -jar ./enhsp3.jar -o ./domain_with_failure.pddl -f ./problems/BasePN-2And-add-5-d3/problem61.pddl -h blind -s WAStar -dap"
	User time (seconds): 7.44
	System time (seconds): 0.53
	Percent of CPU this job got: 99%
	Elapsed (wall clock) time (h:mm:ss or m:ss): 0:08.00
	Average shared text size (kbytes): 0
	Average unshared data size (kbytes): 0
	Average stack size (kbytes): 0
	Average total size (kbytes): 0
	Maximum resident set size (kbytes): 1125188
	Average resident set size (kbytes): 0
	Major (requiring I/O) page faults: 0
	Minor (reclaiming a frame) page faults: 433670
	Voluntary context switches: 2177
	Involuntary context switches: 2617
	Swaps: 0
	File system inputs: 0
	File system outputs: 96
	Socket messages sent: 0
	Socket messages received: 0
	Signals delivered: 0
	Page size (bytes): 4096
	Exit status: 0
	Command being timed: "timeout 600 java -Xmx64g -jar ./enhsp3.jar -o ./domain_with_failure.pddl -f ./problems/BasePN-2And-add-5-d3/problem62.pddl -h blind -s WAStar -dap"
	User time (seconds): 7.39
	System time (seconds): 0.52
	Percent of CPU this job got: 99%
	Elapsed (wall clock) time (h:mm:ss or m:ss): 0:07.95
	Average shared text size (kbytes): 0
	Average unshared data size (kbytes): 0
	Average stack size (kbytes): 0
	Average total size (kbytes): 0
	Maximum resident set size (kbytes): 1124952
	Average resident set size (kbytes): 0
	Major (requiring I/O) page faults: 0
	Minor (reclaiming a frame) page faults: 432010
	Voluntary context switches: 2505
	Involuntary context switches: 2774
	Swaps: 0
	File system inputs: 0
	File system outputs: 128
	Socket messages sent: 0
	Socket messages received: 0
	Signals delivered: 0
	Page size (bytes): 4096
	Exit status: 0
	Command being timed: "timeout 600 java -Xmx64g -jar ./enhsp3.jar -o ./domain_with_failure.pddl -f ./problems/BasePN-2And-add-5-d3/problem63.pddl -h blind -s WAStar -dap"
	User time (seconds): 7.30
	System time (seconds): 0.56
	Percent of CPU this job got: 99%
	Elapsed (wall clock) time (h:mm:ss or m:ss): 0:07.89
	Average shared text size (kbytes): 0
	Average unshared data size (kbytes): 0
	Average stack size (kbytes): 0
	Average total size (kbytes): 0
	Maximum resident set size (kbytes): 1125832
	Average resident set size (kbytes): 0
	Major (requiring I/O) page faults: 0
	Minor (reclaiming a frame) page faults: 434093
	Voluntary context switches: 2423
	Involuntary context switches: 2747
	Swaps: 0
	File system inputs: 0
	File system outputs: 96
	Socket messages sent: 0
	Socket messages received: 0
	Signals delivered: 0
	Page size (bytes): 4096
	Exit status: 0
	Command being timed: "timeout 600 java -Xmx64g -jar ./enhsp3.jar -o ./domain_with_failure.pddl -f ./problems/BasePN-2And-add-5-d3/problem64.pddl -h blind -s WAStar -dap"
	User time (seconds): 7.26
	System time (seconds): 0.55
	Percent of CPU this job got: 99%
	Elapsed (wall clock) time (h:mm:ss or m:ss): 0:07.84
	Average shared text size (kbytes): 0
	Average unshared data size (kbytes): 0
	Average stack size (kbytes): 0
	Average total size (kbytes): 0
	Maximum resident set size (kbytes): 1129788
	Average resident set size (kbytes): 0
	Major (requiring I/O) page faults: 0
	Minor (reclaiming a frame) page faults: 430487
	Voluntary context switches: 2189
	Involuntary context switches: 2628
	Swaps: 0
	File system inputs: 0
	File system outputs: 128
	Socket messages sent: 0
	Socket messages received: 0
	Signals delivered: 0
	Page size (bytes): 4096
	Exit status: 0
	Command being timed: "timeout 600 java -Xmx64g -jar ./enhsp3.jar -o ./domain_with_failure.pddl -f ./problems/BasePN-2And-add-5-d3/problem65.pddl -h blind -s WAStar -dap"
	User time (seconds): 7.55
	System time (seconds): 0.57
	Percent of CPU this job got: 99%
	Elapsed (wall clock) time (h:mm:ss or m:ss): 0:08.17
	Average shared text size (kbytes): 0
	Average unshared data size (kbytes): 0
	Average stack size (kbytes): 0
	Average total size (kbytes): 0
	Maximum resident set size (kbytes): 1125460
	Average resident set size (kbytes): 0
	Major (requiring I/O) page faults: 0
	Minor (reclaiming a frame) page faults: 439155
	Voluntary context switches: 2440
	Involuntary context switches: 2833
	Swaps: 0
	File system inputs: 0
	File system outputs: 96
	Socket messages sent: 0
	Socket messages received: 0
	Signals delivered: 0
	Page size (bytes): 4096
	Exit status: 0
	Command being timed: "timeout 600 java -Xmx64g -jar ./enhsp3.jar -o ./domain_with_failure.pddl -f ./problems/BasePN-2And-add-5-d3/problem66.pddl -h blind -s WAStar -dap"
	User time (seconds): 7.05
	System time (seconds): 0.59
	Percent of CPU this job got: 99%
	Elapsed (wall clock) time (h:mm:ss or m:ss): 0:07.71
	Average shared text size (kbytes): 0
	Average unshared data size (kbytes): 0
	Average stack size (kbytes): 0
	Average total size (kbytes): 0
	Maximum resident set size (kbytes): 1126268
	Average resident set size (kbytes): 0
	Major (requiring I/O) page faults: 0
	Minor (reclaiming a frame) page faults: 435349
	Voluntary context switches: 2135
	Involuntary context switches: 2537
	Swaps: 0
	File system inputs: 0
	File system outputs: 128
	Socket messages sent: 0
	Socket messages received: 0
	Signals delivered: 0
	Page size (bytes): 4096
	Exit status: 0
	Command being timed: "timeout 600 java -Xmx64g -jar ./enhsp3.jar -o ./domain_with_failure.pddl -f ./problems/BasePN-2And-add-5-d3/problem67.pddl -h blind -s WAStar -dap"
	User time (seconds): 7.20
	System time (seconds): 0.55
	Percent of CPU this job got: 99%
	Elapsed (wall clock) time (h:mm:ss or m:ss): 0:07.79
	Average shared text size (kbytes): 0
	Average unshared data size (kbytes): 0
	Average stack size (kbytes): 0
	Average total size (kbytes): 0
	Maximum resident set size (kbytes): 1125604
	Average resident set size (kbytes): 0
	Major (requiring I/O) page faults: 0
	Minor (reclaiming a frame) page faults: 432895
	Voluntary context switches: 2547
	Involuntary context switches: 2810
	Swaps: 0
	File system inputs: 0
	File system outputs: 104
	Socket messages sent: 0
	Socket messages received: 0
	Signals delivered: 0
	Page size (bytes): 4096
	Exit status: 0
	Command being timed: "timeout 600 java -Xmx64g -jar ./enhsp3.jar -o ./domain_with_failure.pddl -f ./problems/BasePN-2And-add-5-d3/problem68.pddl -h blind -s WAStar -dap"
	User time (seconds): 7.00
	System time (seconds): 0.53
	Percent of CPU this job got: 99%
	Elapsed (wall clock) time (h:mm:ss or m:ss): 0:07.57
	Average shared text size (kbytes): 0
	Average unshared data size (kbytes): 0
	Average stack size (kbytes): 0
	Average total size (kbytes): 0
	Maximum resident set size (kbytes): 1124272
	Average resident set size (kbytes): 0
	Major (requiring I/O) page faults: 0
	Minor (reclaiming a frame) page faults: 437165
	Voluntary context switches: 2165
	Involuntary context switches: 2462
	Swaps: 0
	File system inputs: 0
	File system outputs: 128
	Socket messages sent: 0
	Socket messages received: 0
	Signals delivered: 0
	Page size (bytes): 4096
	Exit status: 0
	Command being timed: "timeout 600 java -Xmx64g -jar ./enhsp3.jar -o ./domain_with_failure.pddl -f ./problems/BasePN-2And-add-5-d3/problem69.pddl -h blind -s WAStar -dap"
	User time (seconds): 7.82
	System time (seconds): 0.62
	Percent of CPU this job got: 99%
	Elapsed (wall clock) time (h:mm:ss or m:ss): 0:08.50
	Average shared text size (kbytes): 0
	Average unshared data size (kbytes): 0
	Average stack size (kbytes): 0
	Average total size (kbytes): 0
	Maximum resident set size (kbytes): 1126744
	Average resident set size (kbytes): 0
	Major (requiring I/O) page faults: 0
	Minor (reclaiming a frame) page faults: 526341
	Voluntary context switches: 2542
	Involuntary context switches: 3005
	Swaps: 0
	File system inputs: 0
	File system outputs: 104
	Socket messages sent: 0
	Socket messages received: 0
	Signals delivered: 0
	Page size (bytes): 4096
	Exit status: 0
	Command being timed: "timeout 600 java -Xmx64g -jar ./enhsp3.jar -o ./domain_with_failure.pddl -f ./problems/BasePN-2And-add-5-d3/problem70.pddl -h blind -s WAStar -dap"
	User time (seconds): 8.11
	System time (seconds): 0.58
	Percent of CPU this job got: 99%
	Elapsed (wall clock) time (h:mm:ss or m:ss): 0:08.72
	Average shared text size (kbytes): 0
	Average unshared data size (kbytes): 0
	Average stack size (kbytes): 0
	Average total size (kbytes): 0
	Maximum resident set size (kbytes): 1130068
	Average resident set size (kbytes): 0
	Major (requiring I/O) page faults: 0
	Minor (reclaiming a frame) page faults: 526698
	Voluntary context switches: 2530
	Involuntary context switches: 3056
	Swaps: 0
	File system inputs: 0
	File system outputs: 128
	Socket messages sent: 0
	Socket messages received: 0
	Signals delivered: 0
	Page size (bytes): 4096
	Exit status: 0
	Command being timed: "timeout 600 java -Xmx64g -jar ./enhsp3.jar -o ./domain_with_failure.pddl -f ./problems/BasePN-2And-add-5-d3/problem71.pddl -h blind -s WAStar -dap"
	User time (seconds): 7.26
	System time (seconds): 0.59
	Percent of CPU this job got: 99%
	Elapsed (wall clock) time (h:mm:ss or m:ss): 0:07.89
	Average shared text size (kbytes): 0
	Average unshared data size (kbytes): 0
	Average stack size (kbytes): 0
	Average total size (kbytes): 0
	Maximum resident set size (kbytes): 1122140
	Average resident set size (kbytes): 0
	Major (requiring I/O) page faults: 0
	Minor (reclaiming a frame) page faults: 433412
	Voluntary context switches: 2206
	Involuntary context switches: 2652
	Swaps: 0
	File system inputs: 0
	File system outputs: 112
	Socket messages sent: 0
	Socket messages received: 0
	Signals delivered: 0
	Page size (bytes): 4096
	Exit status: 0
	Command being timed: "timeout 600 java -Xmx64g -jar ./enhsp3.jar -o ./domain_with_failure.pddl -f ./problems/BasePN-2And-add-5-d3/problem72.pddl -h blind -s WAStar -dap"
	User time (seconds): 7.09
	System time (seconds): 0.56
	Percent of CPU this job got: 99%
	Elapsed (wall clock) time (h:mm:ss or m:ss): 0:07.69
	Average shared text size (kbytes): 0
	Average unshared data size (kbytes): 0
	Average stack size (kbytes): 0
	Average total size (kbytes): 0
	Maximum resident set size (kbytes): 1125668
	Average resident set size (kbytes): 0
	Major (requiring I/O) page faults: 0
	Minor (reclaiming a frame) page faults: 439724
	Voluntary context switches: 2215
	Involuntary context switches: 2595
	Swaps: 0
	File system inputs: 0
	File system outputs: 96
	Socket messages sent: 0
	Socket messages received: 0
	Signals delivered: 0
	Page size (bytes): 4096
	Exit status: 0
	Command being timed: "timeout 600 java -Xmx64g -jar ./enhsp3.jar -o ./domain_with_failure.pddl -f ./problems/BasePN-2And-add-5-d3/problem73.pddl -h blind -s WAStar -dap"
	User time (seconds): 7.40
	System time (seconds): 0.57
	Percent of CPU this job got: 99%
	Elapsed (wall clock) time (h:mm:ss or m:ss): 0:08.01
	Average shared text size (kbytes): 0
	Average unshared data size (kbytes): 0
	Average stack size (kbytes): 0
	Average total size (kbytes): 0
	Maximum resident set size (kbytes): 1124388
	Average resident set size (kbytes): 0
	Major (requiring I/O) page faults: 0
	Minor (reclaiming a frame) page faults: 457826
	Voluntary context switches: 2254
	Involuntary context switches: 2707
	Swaps: 0
	File system inputs: 0
	File system outputs: 112
	Socket messages sent: 0
	Socket messages received: 0
	Signals delivered: 0
	Page size (bytes): 4096
	Exit status: 0
	Command being timed: "timeout 600 java -Xmx64g -jar ./enhsp3.jar -o ./domain_with_failure.pddl -f ./problems/BasePN-2And-add-5-d3/problem74.pddl -h blind -s WAStar -dap"
	User time (seconds): 7.98
	System time (seconds): 0.60
	Percent of CPU this job got: 99%
	Elapsed (wall clock) time (h:mm:ss or m:ss): 0:08.61
	Average shared text size (kbytes): 0
	Average unshared data size (kbytes): 0
	Average stack size (kbytes): 0
	Average total size (kbytes): 0
	Maximum resident set size (kbytes): 1127652
	Average resident set size (kbytes): 0
	Major (requiring I/O) page faults: 0
	Minor (reclaiming a frame) page faults: 436836
	Voluntary context switches: 2525
	Involuntary context switches: 3044
	Swaps: 0
	File system inputs: 0
	File system outputs: 104
	Socket messages sent: 0
	Socket messages received: 0
	Signals delivered: 0
	Page size (bytes): 4096
	Exit status: 0
	Command being timed: "timeout 600 java -Xmx64g -jar ./enhsp3.jar -o ./domain_with_failure.pddl -f ./problems/BasePN-2And-add-5-d3/problem75.pddl -h blind -s WAStar -dap"
	User time (seconds): 7.55
	System time (seconds): 0.55
	Percent of CPU this job got: 99%
	Elapsed (wall clock) time (h:mm:ss or m:ss): 0:08.16
	Average shared text size (kbytes): 0
	Average unshared data size (kbytes): 0
	Average stack size (kbytes): 0
	Average total size (kbytes): 0
	Maximum resident set size (kbytes): 1124380
	Average resident set size (kbytes): 0
	Major (requiring I/O) page faults: 0
	Minor (reclaiming a frame) page faults: 441068
	Voluntary context switches: 2495
	Involuntary context switches: 2827
	Swaps: 0
	File system inputs: 0
	File system outputs: 112
	Socket messages sent: 0
	Socket messages received: 0
	Signals delivered: 0
	Page size (bytes): 4096
	Exit status: 0
	Command being timed: "timeout 600 java -Xmx64g -jar ./enhsp3.jar -o ./domain_with_failure.pddl -f ./problems/BasePN-2And-add-5-d3/problem76.pddl -h blind -s WAStar -dap"
	User time (seconds): 7.87
	System time (seconds): 0.56
	Percent of CPU this job got: 99%
	Elapsed (wall clock) time (h:mm:ss or m:ss): 0:08.46
	Average shared text size (kbytes): 0
	Average unshared data size (kbytes): 0
	Average stack size (kbytes): 0
	Average total size (kbytes): 0
	Maximum resident set size (kbytes): 1126428
	Average resident set size (kbytes): 0
	Major (requiring I/O) page faults: 0
	Minor (reclaiming a frame) page faults: 424566
	Voluntary context switches: 2443
	Involuntary context switches: 3040
	Swaps: 0
	File system inputs: 0
	File system outputs: 112
	Socket messages sent: 0
	Socket messages received: 0
	Signals delivered: 0
	Page size (bytes): 4096
	Exit status: 0
	Command being timed: "timeout 600 java -Xmx64g -jar ./enhsp3.jar -o ./domain_with_failure.pddl -f ./problems/BasePN-2And-add-5-d3/problem77.pddl -h blind -s WAStar -dap"
	User time (seconds): 7.38
	System time (seconds): 0.57
	Percent of CPU this job got: 99%
	Elapsed (wall clock) time (h:mm:ss or m:ss): 0:07.99
	Average shared text size (kbytes): 0
	Average unshared data size (kbytes): 0
	Average stack size (kbytes): 0
	Average total size (kbytes): 0
	Maximum resident set size (kbytes): 1126504
	Average resident set size (kbytes): 0
	Major (requiring I/O) page faults: 0
	Minor (reclaiming a frame) page faults: 437498
	Voluntary context switches: 2424
	Involuntary context switches: 2752
	Swaps: 0
	File system inputs: 0
	File system outputs: 88
	Socket messages sent: 0
	Socket messages received: 0
	Signals delivered: 0
	Page size (bytes): 4096
	Exit status: 0
	Command being timed: "timeout 600 java -Xmx64g -jar ./enhsp3.jar -o ./domain_with_failure.pddl -f ./problems/BasePN-2And-add-5-d3/problem78.pddl -h blind -s WAStar -dap"
	User time (seconds): 7.52
	System time (seconds): 0.58
	Percent of CPU this job got: 99%
	Elapsed (wall clock) time (h:mm:ss or m:ss): 0:08.13
	Average shared text size (kbytes): 0
	Average unshared data size (kbytes): 0
	Average stack size (kbytes): 0
	Average total size (kbytes): 0
	Maximum resident set size (kbytes): 1124812
	Average resident set size (kbytes): 0
	Major (requiring I/O) page faults: 0
	Minor (reclaiming a frame) page faults: 436225
	Voluntary context switches: 2264
	Involuntary context switches: 2807
	Swaps: 0
	File system inputs: 0
	File system outputs: 120
	Socket messages sent: 0
	Socket messages received: 0
	Signals delivered: 0
	Page size (bytes): 4096
	Exit status: 0
	Command being timed: "timeout 600 java -Xmx64g -jar ./enhsp3.jar -o ./domain_with_failure.pddl -f ./problems/BasePN-2And-add-5-d3/problem79.pddl -h blind -s WAStar -dap"
	User time (seconds): 7.69
	System time (seconds): 0.52
	Percent of CPU this job got: 99%
	Elapsed (wall clock) time (h:mm:ss or m:ss): 0:08.27
	Average shared text size (kbytes): 0
	Average unshared data size (kbytes): 0
	Average stack size (kbytes): 0
	Average total size (kbytes): 0
	Maximum resident set size (kbytes): 1127240
	Average resident set size (kbytes): 0
	Major (requiring I/O) page faults: 102
	Minor (reclaiming a frame) page faults: 438283
	Voluntary context switches: 2396
	Involuntary context switches: 2833
	Swaps: 0
	File system inputs: 0
	File system outputs: 96
	Socket messages sent: 0
	Socket messages received: 0
	Signals delivered: 0
	Page size (bytes): 4096
	Exit status: 0
	Command being timed: "timeout 600 java -Xmx64g -jar ./enhsp3.jar -o ./domain_with_failure.pddl -f ./problems/BasePN-2And-add-5-d3/problem80.pddl -h blind -s WAStar -dap"
	User time (seconds): 8.31
	System time (seconds): 0.55
	Percent of CPU this job got: 99%
	Elapsed (wall clock) time (h:mm:ss or m:ss): 0:08.93
	Average shared text size (kbytes): 0
	Average unshared data size (kbytes): 0
	Average stack size (kbytes): 0
	Average total size (kbytes): 0
	Maximum resident set size (kbytes): 1132312
	Average resident set size (kbytes): 0
	Major (requiring I/O) page faults: 0
	Minor (reclaiming a frame) page faults: 440254
	Voluntary context switches: 2276
	Involuntary context switches: 2982
	Swaps: 0
	File system inputs: 0
	File system outputs: 112
	Socket messages sent: 0
	Socket messages received: 0
	Signals delivered: 0
	Page size (bytes): 4096
	Exit status: 0
	Command being timed: "timeout 600 java -Xmx64g -jar ./enhsp3.jar -o ./domain_with_failure.pddl -f ./problems/BasePN-2And-add-5-d3/problem81.pddl -h blind -s WAStar -dap"
	User time (seconds): 7.41
	System time (seconds): 0.57
	Percent of CPU this job got: 99%
	Elapsed (wall clock) time (h:mm:ss or m:ss): 0:08.02
	Average shared text size (kbytes): 0
	Average unshared data size (kbytes): 0
	Average stack size (kbytes): 0
	Average total size (kbytes): 0
	Maximum resident set size (kbytes): 1127296
	Average resident set size (kbytes): 0
	Major (requiring I/O) page faults: 0
	Minor (reclaiming a frame) page faults: 438049
	Voluntary context switches: 2313
	Involuntary context switches: 2718
	Swaps: 0
	File system inputs: 0
	File system outputs: 120
	Socket messages sent: 0
	Socket messages received: 0
	Signals delivered: 0
	Page size (bytes): 4096
	Exit status: 0
	Command being timed: "timeout 600 java -Xmx64g -jar ./enhsp3.jar -o ./domain_with_failure.pddl -f ./problems/BasePN-2And-add-5-d3/problem82.pddl -h blind -s WAStar -dap"
	User time (seconds): 7.49
	System time (seconds): 0.55
	Percent of CPU this job got: 99%
	Elapsed (wall clock) time (h:mm:ss or m:ss): 0:08.08
	Average shared text size (kbytes): 0
	Average unshared data size (kbytes): 0
	Average stack size (kbytes): 0
	Average total size (kbytes): 0
	Maximum resident set size (kbytes): 1125340
	Average resident set size (kbytes): 0
	Major (requiring I/O) page faults: 0
	Minor (reclaiming a frame) page faults: 436888
	Voluntary context switches: 2519
	Involuntary context switches: 2855
	Swaps: 0
	File system inputs: 0
	File system outputs: 96
	Socket messages sent: 0
	Socket messages received: 0
	Signals delivered: 0
	Page size (bytes): 4096
	Exit status: 0
	Command being timed: "timeout 600 java -Xmx64g -jar ./enhsp3.jar -o ./domain_with_failure.pddl -f ./problems/BasePN-2And-add-5-d3/problem83.pddl -h blind -s WAStar -dap"
	User time (seconds): 7.45
	System time (seconds): 0.53
	Percent of CPU this job got: 99%
	Elapsed (wall clock) time (h:mm:ss or m:ss): 0:08.01
	Average shared text size (kbytes): 0
	Average unshared data size (kbytes): 0
	Average stack size (kbytes): 0
	Average total size (kbytes): 0
	Maximum resident set size (kbytes): 1124892
	Average resident set size (kbytes): 0
	Major (requiring I/O) page faults: 0
	Minor (reclaiming a frame) page faults: 436641
	Voluntary context switches: 2211
	Involuntary context switches: 2640
	Swaps: 0
	File system inputs: 0
	File system outputs: 120
	Socket messages sent: 0
	Socket messages received: 0
	Signals delivered: 0
	Page size (bytes): 4096
	Exit status: 0
	Command being timed: "timeout 600 java -Xmx64g -jar ./enhsp3.jar -o ./domain_with_failure.pddl -f ./problems/BasePN-2And-add-5-d3/problem84.pddl -h blind -s WAStar -dap"
	User time (seconds): 8.15
	System time (seconds): 0.63
	Percent of CPU this job got: 99%
	Elapsed (wall clock) time (h:mm:ss or m:ss): 0:08.82
	Average shared text size (kbytes): 0
	Average unshared data size (kbytes): 0
	Average stack size (kbytes): 0
	Average total size (kbytes): 0
	Maximum resident set size (kbytes): 1127708
	Average resident set size (kbytes): 0
	Major (requiring I/O) page faults: 0
	Minor (reclaiming a frame) page faults: 499561
	Voluntary context switches: 2412
	Involuntary context switches: 3016
	Swaps: 0
	File system inputs: 0
	File system outputs: 112
	Socket messages sent: 0
	Socket messages received: 0
	Signals delivered: 0
	Page size (bytes): 4096
	Exit status: 0
	Command being timed: "timeout 600 java -Xmx64g -jar ./enhsp3.jar -o ./domain_with_failure.pddl -f ./problems/BasePN-2And-add-5-d3/problem85.pddl -h blind -s WAStar -dap"
	User time (seconds): 7.29
	System time (seconds): 0.55
	Percent of CPU this job got: 99%
	Elapsed (wall clock) time (h:mm:ss or m:ss): 0:07.88
	Average shared text size (kbytes): 0
	Average unshared data size (kbytes): 0
	Average stack size (kbytes): 0
	Average total size (kbytes): 0
	Maximum resident set size (kbytes): 1126376
	Average resident set size (kbytes): 0
	Major (requiring I/O) page faults: 0
	Minor (reclaiming a frame) page faults: 437532
	Voluntary context switches: 2397
	Involuntary context switches: 2733
	Swaps: 0
	File system inputs: 0
	File system outputs: 96
	Socket messages sent: 0
	Socket messages received: 0
	Signals delivered: 0
	Page size (bytes): 4096
	Exit status: 0
	Command being timed: "timeout 600 java -Xmx64g -jar ./enhsp3.jar -o ./domain_with_failure.pddl -f ./problems/BasePN-2And-add-5-d3/problem86.pddl -h blind -s WAStar -dap"
	User time (seconds): 7.46
	System time (seconds): 0.58
	Percent of CPU this job got: 99%
	Elapsed (wall clock) time (h:mm:ss or m:ss): 0:08.08
	Average shared text size (kbytes): 0
	Average unshared data size (kbytes): 0
	Average stack size (kbytes): 0
	Average total size (kbytes): 0
	Maximum resident set size (kbytes): 1126300
	Average resident set size (kbytes): 0
	Major (requiring I/O) page faults: 0
	Minor (reclaiming a frame) page faults: 431481
	Voluntary context switches: 2480
	Involuntary context switches: 2862
	Swaps: 0
	File system inputs: 0
	File system outputs: 120
	Socket messages sent: 0
	Socket messages received: 0
	Signals delivered: 0
	Page size (bytes): 4096
	Exit status: 0
	Command being timed: "timeout 600 java -Xmx64g -jar ./enhsp3.jar -o ./domain_with_failure.pddl -f ./problems/BasePN-2And-add-5-d3/problem87.pddl -h blind -s WAStar -dap"
	User time (seconds): 7.07
	System time (seconds): 0.50
	Percent of CPU this job got: 99%
	Elapsed (wall clock) time (h:mm:ss or m:ss): 0:07.62
	Average shared text size (kbytes): 0
	Average unshared data size (kbytes): 0
	Average stack size (kbytes): 0
	Average total size (kbytes): 0
	Maximum resident set size (kbytes): 1125244
	Average resident set size (kbytes): 0
	Major (requiring I/O) page faults: 0
	Minor (reclaiming a frame) page faults: 435457
	Voluntary context switches: 2529
	Involuntary context switches: 2728
	Swaps: 0
	File system inputs: 0
	File system outputs: 96
	Socket messages sent: 0
	Socket messages received: 0
	Signals delivered: 0
	Page size (bytes): 4096
	Exit status: 0
	Command being timed: "timeout 600 java -Xmx64g -jar ./enhsp3.jar -o ./domain_with_failure.pddl -f ./problems/BasePN-2And-add-5-d3/problem88.pddl -h blind -s WAStar -dap"
	User time (seconds): 7.07
	System time (seconds): 0.57
	Percent of CPU this job got: 99%
	Elapsed (wall clock) time (h:mm:ss or m:ss): 0:07.69
	Average shared text size (kbytes): 0
	Average unshared data size (kbytes): 0
	Average stack size (kbytes): 0
	Average total size (kbytes): 0
	Maximum resident set size (kbytes): 1125140
	Average resident set size (kbytes): 0
	Major (requiring I/O) page faults: 0
	Minor (reclaiming a frame) page faults: 432975
	Voluntary context switches: 2178
	Involuntary context switches: 2602
	Swaps: 0
	File system inputs: 0
	File system outputs: 112
	Socket messages sent: 0
	Socket messages received: 0
	Signals delivered: 0
	Page size (bytes): 4096
	Exit status: 0
	Command being timed: "timeout 600 java -Xmx64g -jar ./enhsp3.jar -o ./domain_with_failure.pddl -f ./problems/BasePN-2And-add-5-d3/problem89.pddl -h blind -s WAStar -dap"
	User time (seconds): 7.14
	System time (seconds): 0.57
	Percent of CPU this job got: 99%
	Elapsed (wall clock) time (h:mm:ss or m:ss): 0:07.76
	Average shared text size (kbytes): 0
	Average unshared data size (kbytes): 0
	Average stack size (kbytes): 0
	Average total size (kbytes): 0
	Maximum resident set size (kbytes): 1125864
	Average resident set size (kbytes): 0
	Major (requiring I/O) page faults: 0
	Minor (reclaiming a frame) page faults: 437974
	Voluntary context switches: 2467
	Involuntary context switches: 2798
	Swaps: 0
	File system inputs: 0
	File system outputs: 96
	Socket messages sent: 0
	Socket messages received: 0
	Signals delivered: 0
	Page size (bytes): 4096
	Exit status: 0
	Command being timed: "timeout 600 java -Xmx64g -jar ./enhsp3.jar -o ./domain_with_failure.pddl -f ./problems/BasePN-2And-add-5-d3/problem90.pddl -h blind -s WAStar -dap"
	User time (seconds): 7.06
	System time (seconds): 0.52
	Percent of CPU this job got: 99%
	Elapsed (wall clock) time (h:mm:ss or m:ss): 0:07.62
	Average shared text size (kbytes): 0
	Average unshared data size (kbytes): 0
	Average stack size (kbytes): 0
	Average total size (kbytes): 0
	Maximum resident set size (kbytes): 1124428
	Average resident set size (kbytes): 0
	Major (requiring I/O) page faults: 0
	Minor (reclaiming a frame) page faults: 440950
	Voluntary context switches: 2274
	Involuntary context switches: 2622
	Swaps: 0
	File system inputs: 0
	File system outputs: 120
	Socket messages sent: 0
	Socket messages received: 0
	Signals delivered: 0
	Page size (bytes): 4096
	Exit status: 0
	Command being timed: "timeout 600 java -Xmx64g -jar ./enhsp3.jar -o ./domain_with_failure.pddl -f ./problems/BasePN-2And-add-5-d3/problem91.pddl -h blind -s WAStar -dap"
	User time (seconds): 7.10
	System time (seconds): 0.60
	Percent of CPU this job got: 99%
	Elapsed (wall clock) time (h:mm:ss or m:ss): 0:07.74
	Average shared text size (kbytes): 0
	Average unshared data size (kbytes): 0
	Average stack size (kbytes): 0
	Average total size (kbytes): 0
	Maximum resident set size (kbytes): 1123112
	Average resident set size (kbytes): 0
	Major (requiring I/O) page faults: 0
	Minor (reclaiming a frame) page faults: 436958
	Voluntary context switches: 2617
	Involuntary context switches: 2827
	Swaps: 0
	File system inputs: 0
	File system outputs: 96
	Socket messages sent: 0
	Socket messages received: 0
	Signals delivered: 0
	Page size (bytes): 4096
	Exit status: 0
	Command being timed: "timeout 600 java -Xmx64g -jar ./enhsp3.jar -o ./domain_with_failure.pddl -f ./problems/BasePN-2And-add-5-d3/problem92.pddl -h blind -s WAStar -dap"
	User time (seconds): 7.12
	System time (seconds): 0.60
	Percent of CPU this job got: 99%
	Elapsed (wall clock) time (h:mm:ss or m:ss): 0:07.75
	Average shared text size (kbytes): 0
	Average unshared data size (kbytes): 0
	Average stack size (kbytes): 0
	Average total size (kbytes): 0
	Maximum resident set size (kbytes): 1124292
	Average resident set size (kbytes): 0
	Major (requiring I/O) page faults: 0
	Minor (reclaiming a frame) page faults: 437699
	Voluntary context switches: 2357
	Involuntary context switches: 2720
	Swaps: 0
	File system inputs: 0
	File system outputs: 112
	Socket messages sent: 0
	Socket messages received: 0
	Signals delivered: 0
	Page size (bytes): 4096
	Exit status: 0
	Command being timed: "timeout 600 java -Xmx64g -jar ./enhsp3.jar -o ./domain_with_failure.pddl -f ./problems/BasePN-2And-add-5-d3/problem93.pddl -h blind -s WAStar -dap"
	User time (seconds): 6.89
	System time (seconds): 0.52
	Percent of CPU this job got: 99%
	Elapsed (wall clock) time (h:mm:ss or m:ss): 0:07.45
	Average shared text size (kbytes): 0
	Average unshared data size (kbytes): 0
	Average stack size (kbytes): 0
	Average total size (kbytes): 0
	Maximum resident set size (kbytes): 1125468
	Average resident set size (kbytes): 0
	Major (requiring I/O) page faults: 0
	Minor (reclaiming a frame) page faults: 437114
	Voluntary context switches: 2398
	Involuntary context switches: 2681
	Swaps: 0
	File system inputs: 0
	File system outputs: 96
	Socket messages sent: 0
	Socket messages received: 0
	Signals delivered: 0
	Page size (bytes): 4096
	Exit status: 0
	Command being timed: "timeout 600 java -Xmx64g -jar ./enhsp3.jar -o ./domain_with_failure.pddl -f ./problems/BasePN-2And-add-5-d3/problem94.pddl -h blind -s WAStar -dap"
	User time (seconds): 7.27
	System time (seconds): 0.54
	Percent of CPU this job got: 99%
	Elapsed (wall clock) time (h:mm:ss or m:ss): 0:07.85
	Average shared text size (kbytes): 0
	Average unshared data size (kbytes): 0
	Average stack size (kbytes): 0
	Average total size (kbytes): 0
	Maximum resident set size (kbytes): 1131468
	Average resident set size (kbytes): 0
	Major (requiring I/O) page faults: 0
	Minor (reclaiming a frame) page faults: 430508
	Voluntary context switches: 2223
	Involuntary context switches: 2633
	Swaps: 0
	File system inputs: 0
	File system outputs: 120
	Socket messages sent: 0
	Socket messages received: 0
	Signals delivered: 0
	Page size (bytes): 4096
	Exit status: 0
	Command being timed: "timeout 600 java -Xmx64g -jar ./enhsp3.jar -o ./domain_with_failure.pddl -f ./problems/BasePN-2And-add-5-d3/problem95.pddl -h blind -s WAStar -dap"
	User time (seconds): 7.13
	System time (seconds): 0.54
	Percent of CPU this job got: 99%
	Elapsed (wall clock) time (h:mm:ss or m:ss): 0:07.72
	Average shared text size (kbytes): 0
	Average unshared data size (kbytes): 0
	Average stack size (kbytes): 0
	Average total size (kbytes): 0
	Maximum resident set size (kbytes): 1128340
	Average resident set size (kbytes): 0
	Major (requiring I/O) page faults: 0
	Minor (reclaiming a frame) page faults: 427608
	Voluntary context switches: 2358
	Involuntary context switches: 2656
	Swaps: 0
	File system inputs: 0
	File system outputs: 96
	Socket messages sent: 0
	Socket messages received: 0
	Signals delivered: 0
	Page size (bytes): 4096
	Exit status: 0
	Command being timed: "timeout 600 java -Xmx64g -jar ./enhsp3.jar -o ./domain_with_failure.pddl -f ./problems/BasePN-2And-add-5-d3/problem96.pddl -h blind -s WAStar -dap"
	User time (seconds): 7.58
	System time (seconds): 0.53
	Percent of CPU this job got: 99%
	Elapsed (wall clock) time (h:mm:ss or m:ss): 0:08.14
	Average shared text size (kbytes): 0
	Average unshared data size (kbytes): 0
	Average stack size (kbytes): 0
	Average total size (kbytes): 0
	Maximum resident set size (kbytes): 1128836
	Average resident set size (kbytes): 0
	Major (requiring I/O) page faults: 0
	Minor (reclaiming a frame) page faults: 432885
	Voluntary context switches: 2602
	Involuntary context switches: 2964
	Swaps: 0
	File system inputs: 0
	File system outputs: 112
	Socket messages sent: 0
	Socket messages received: 0
	Signals delivered: 0
	Page size (bytes): 4096
	Exit status: 0
	Command being timed: "timeout 600 java -Xmx64g -jar ./enhsp3.jar -o ./domain_with_failure.pddl -f ./problems/BasePN-2And-add-5-d3/problem97.pddl -h blind -s WAStar -dap"
	User time (seconds): 6.96
	System time (seconds): 0.55
	Percent of CPU this job got: 99%
	Elapsed (wall clock) time (h:mm:ss or m:ss): 0:07.55
	Average shared text size (kbytes): 0
	Average unshared data size (kbytes): 0
	Average stack size (kbytes): 0
	Average total size (kbytes): 0
	Maximum resident set size (kbytes): 1125308
	Average resident set size (kbytes): 0
	Major (requiring I/O) page faults: 0
	Minor (reclaiming a frame) page faults: 437306
	Voluntary context switches: 2356
	Involuntary context switches: 2709
	Swaps: 0
	File system inputs: 0
	File system outputs: 96
	Socket messages sent: 0
	Socket messages received: 0
	Signals delivered: 0
	Page size (bytes): 4096
	Exit status: 0
	Command being timed: "timeout 600 java -Xmx64g -jar ./enhsp3.jar -o ./domain_with_failure.pddl -f ./problems/BasePN-2And-add-5-d3/problem98.pddl -h blind -s WAStar -dap"
	User time (seconds): 6.53
	System time (seconds): 0.54
	Percent of CPU this job got: 99%
	Elapsed (wall clock) time (h:mm:ss or m:ss): 0:07.10
	Average shared text size (kbytes): 0
	Average unshared data size (kbytes): 0
	Average stack size (kbytes): 0
	Average total size (kbytes): 0
	Maximum resident set size (kbytes): 1126308
	Average resident set size (kbytes): 0
	Major (requiring I/O) page faults: 0
	Minor (reclaiming a frame) page faults: 430374
	Voluntary context switches: 2390
	Involuntary context switches: 2527
	Swaps: 0
	File system inputs: 0
	File system outputs: 112
	Socket messages sent: 0
	Socket messages received: 0
	Signals delivered: 0
	Page size (bytes): 4096
	Exit status: 0
	Command being timed: "timeout 600 java -Xmx64g -jar ./enhsp3.jar -o ./domain_with_failure.pddl -f ./problems/BasePN-2And-add-5-d3/problem99.pddl -h blind -s WAStar -dap"
	User time (seconds): 6.63
	System time (seconds): 0.56
	Percent of CPU this job got: 99%
	Elapsed (wall clock) time (h:mm:ss or m:ss): 0:07.25
	Average shared text size (kbytes): 0
	Average unshared data size (kbytes): 0
	Average stack size (kbytes): 0
	Average total size (kbytes): 0
	Maximum resident set size (kbytes): 1124752
	Average resident set size (kbytes): 0
	Major (requiring I/O) page faults: 0
	Minor (reclaiming a frame) page faults: 437420
	Voluntary context switches: 2492
	Involuntary context switches: 2656
	Swaps: 0
	File system inputs: 0
	File system outputs: 104
	Socket messages sent: 0
	Socket messages received: 0
	Signals delivered: 0
	Page size (bytes): 4096
	Exit status: 0
	Command being timed: "timeout 600 java -Xmx64g -jar ./enhsp3.jar -o ./domain_with_failure.pddl -f ./problems/BasePN-2And-add-5-d3/problem100.pddl -h blind -s WAStar -dap"
	User time (seconds): 6.78
	System time (seconds): 0.54
	Percent of CPU this job got: 99%
	Elapsed (wall clock) time (h:mm:ss or m:ss): 0:07.37
	Average shared text size (kbytes): 0
	Average unshared data size (kbytes): 0
	Average stack size (kbytes): 0
	Average total size (kbytes): 0
	Maximum resident set size (kbytes): 1126356
	Average resident set size (kbytes): 0
	Major (requiring I/O) page faults: 0
	Minor (reclaiming a frame) page faults: 434280
	Voluntary context switches: 2600
	Involuntary context switches: 2773
	Swaps: 0
	File system inputs: 0
	File system outputs: 112
	Socket messages sent: 0
	Socket messages received: 0
	Signals delivered: 0
	Page size (bytes): 4096
	Exit status: 0
