/usr/bin/time -v timeout 600 java -Xmx64g -jar ./enhsp3.jar -o ./domain_with_failure.pddl -f ./problems/BasePN-1And-del-2-d7/problem1.pddl -h blind -s WAStar
Domain parsed
Problem parsed
Grounding..
Grounding Time: 3813
UFX:true
|F|:12552
|X|:15
|A|:828
|P|:0
|E|:0
h(I):0.0
f(n) = 1.0 (Expanded Nodes: 2, Evaluated States: 8, Time: 0.022) Frontier Size: 6
f(n) = 2.0 (Expanded Nodes: 6, Evaluated States: 8, Time: 0.054) Frontier Size: 2
f(n) = 3.0 (Expanded Nodes: 22, Evaluated States: 52, Time: 0.075) Frontier Size: 30
f(n) = 4.0 (Expanded Nodes: 95, Evaluated States: 194, Time: 0.106) Frontier Size: 99
Problem Solved

Found Plan:
0.0: (add_action a7)
1.0: (check_added_variables_model a7)
2.0: (move_in_model_move_automata a7)
3.0: (validate_payload t0 a10 t1)
4.0: (sync_actions a10)
5.0: (validate_payload t1 a12 t2)
6.0: (sync_actions a12)
7.0: (validate_payload t2 a11 t3)
8.0: (sync_actions a11)
9.0: (add_action a8)
10.0: (check_added_variables_model a8)
11.0: (move_in_model_move_automata a8)
12.0: (validate_payload t3 a1 t4)
13.0: (sync_actions a1)
14.0: (validate_payload t4 a0 t5)
15.0: (sync_actions a0)
16.0: (validate_payload t5 a2 t6)
17.0: (sync_actions a2)
18.0: (validate_payload t6 a9 t7)
19.0: (sync_actions a9)

Plan-Length:20
Metric (Search):4.0
Planning Time (msec): 162
Heuristic Time (msec): 6
Search Time (msec): 159
Expanded Nodes:238
States Evaluated:447
Number of Dead-Ends detected:0
Number of Duplicates detected:3
/usr/bin/time -v timeout 600 java -Xmx64g -jar ./enhsp3.jar -o ./domain_with_failure.pddl -f ./problems/BasePN-1And-del-2-d7/problem2.pddl -h blind -s WAStar
Domain parsed
Problem parsed
Grounding..
Grounding Time: 3839
UFX:true
|F|:12552
|X|:16
|A|:828
|P|:0
|E|:0
h(I):0.0
f(n) = 1.0 (Expanded Nodes: 14, Evaluated States: 48, Time: 0.032) Frontier Size: 34
f(n) = 2.0 (Expanded Nodes: 144, Evaluated States: 396, Time: 0.119) Frontier Size: 252
f(n) = 3.0 (Expanded Nodes: 685, Evaluated States: 1676, Time: 0.257) Frontier Size: 991
f(n) = 4.0 (Expanded Nodes: 2074, Evaluated States: 4580, Time: 0.416) Frontier Size: 2506
f(n) = 5.0 (Expanded Nodes: 5064, Evaluated States: 9894, Time: 0.659) Frontier Size: 4830
Problem Solved

Found Plan:
0.0: (validate_payload t0 a7 t1)
1.0: (sync_actions a7)
2.0: (validate_payload t1 a10 t2)
3.0: (sync_actions a10)
4.0: (validate_payload t2 a12 t3)
5.0: (sync_actions a12)
6.0: (validate_payload t3 a11 t4)
7.0: (sync_actions a11)
8.0: (validate_payload t4 a8 t5)
9.0: (sync_actions a8)
10.0: (validate_payload t5 a0 t6)
11.0: (sync_actions a0)
12.0: (add_action a1)
13.0: (move_in_model_parameter a1 sDEC2_2 integer v5)
14.0: (check_added_variables_model a1)
15.0: (move_in_model_move_automata a1)
16.0: (add_action a2)
17.0: (check_added_variables_model a2)
18.0: (move_in_model_move_automata a2)
19.0: (validate_payload t6 a9 t7)
20.0: (sync_actions a9)

Plan-Length:21
Metric (Search):5.0
Planning Time (msec): 870
Heuristic Time (msec): 7
Search Time (msec): 859
Expanded Nodes:7203
States Evaluated:13783
Number of Dead-Ends detected:0
Number of Duplicates detected:437
/usr/bin/time -v timeout 600 java -Xmx64g -jar ./enhsp3.jar -o ./domain_with_failure.pddl -f ./problems/BasePN-1And-del-2-d7/problem3.pddl -h blind -s WAStar
Domain parsed
Problem parsed
Grounding..
Grounding Time: 3834
UFX:true
|F|:12552
|X|:16
|A|:828
|P|:0
|E|:0
h(I):0.0
f(n) = 1.0 (Expanded Nodes: 2, Evaluated States: 8, Time: 0.013) Frontier Size: 6
f(n) = 2.0 (Expanded Nodes: 6, Evaluated States: 8, Time: 0.041) Frontier Size: 2
f(n) = 3.0 (Expanded Nodes: 26, Evaluated States: 70, Time: 0.067) Frontier Size: 44
f(n) = 4.0 (Expanded Nodes: 169, Evaluated States: 454, Time: 0.118) Frontier Size: 285
f(n) = 5.0 (Expanded Nodes: 724, Evaluated States: 1853, Time: 0.216) Frontier Size: 1129
Problem Solved

Found Plan:
0.0: (add_action a7)
1.0: (check_added_variables_model a7)
2.0: (move_in_model_move_automata a7)
3.0: (validate_payload t0 a10 t1)
4.0: (sync_actions a10)
5.0: (validate_payload t1 a12 t2)
6.0: (sync_actions a12)
7.0: (change_value a11 integer v0)
8.0: (validate_payload t2 a11 t3)
9.0: (sync_actions a11)
10.0: (validate_payload t3 a8 t4)
11.0: (sync_actions a8)
12.0: (validate_payload t4 a0 t5)
13.0: (sync_actions a0)
14.0: (validate_payload t5 a1 t6)
15.0: (sync_actions a1)
16.0: (add_action a2)
17.0: (check_added_variables_model a2)
18.0: (move_in_model_move_automata a2)
19.0: (validate_payload t6 a9 t7)
20.0: (sync_actions a9)

Plan-Length:21
Metric (Search):5.0
Planning Time (msec): 291
Heuristic Time (msec): 1
Search Time (msec): 284
Expanded Nodes:1251
States Evaluated:2959
Number of Dead-Ends detected:0
Number of Duplicates detected:25
/usr/bin/time -v timeout 600 java -Xmx64g -jar ./enhsp3.jar -o ./domain_with_failure.pddl -f ./problems/BasePN-1And-del-2-d7/problem4.pddl -h blind -s WAStar
Domain parsed
Problem parsed
Grounding..
Grounding Time: 3938
UFX:true
|F|:12552
|X|:14
|A|:828
|P|:0
|E|:0
h(I):0.0
f(n) = 1.0 (Expanded Nodes: 6, Evaluated States: 15, Time: 0.023) Frontier Size: 9
f(n) = 2.0 (Expanded Nodes: 13, Evaluated States: 19, Time: 0.052) Frontier Size: 6
f(n) = 3.0 (Expanded Nodes: 32, Evaluated States: 60, Time: 0.081) Frontier Size: 28
f(n) = 4.0 (Expanded Nodes: 59, Evaluated States: 84, Time: 0.09) Frontier Size: 25
Problem Solved

Found Plan:
0.0: (validate_payload t0 a7 t1)
1.0: (sync_actions a7)
2.0: (add_action a10)
3.0: (check_added_variables_model a10)
4.0: (move_in_model_move_automata a10)
5.0: (validate_payload t1 a12 t2)
6.0: (sync_actions a12)
7.0: (add_action a11)
8.0: (check_added_variables_model a11)
9.0: (move_in_model_move_automata a11)
10.0: (validate_payload t2 a8 t3)
11.0: (sync_actions a8)
12.0: (validate_payload t3 a0 t4)
13.0: (sync_actions a0)
14.0: (validate_payload t4 a1 t5)
15.0: (sync_actions a1)
16.0: (validate_payload t5 a2 t6)
17.0: (sync_actions a2)
18.0: (validate_payload t6 a9 t7)
19.0: (sync_actions a9)

Plan-Length:20
Metric (Search):4.0
Planning Time (msec): 116
Heuristic Time (msec): 6
Search Time (msec): 109
Expanded Nodes:100
States Evaluated:148
Number of Dead-Ends detected:0
Number of Duplicates detected:10
/usr/bin/time -v timeout 600 java -Xmx64g -jar ./enhsp3.jar -o ./domain_with_failure.pddl -f ./problems/BasePN-1And-del-2-d7/problem5.pddl -h blind -s WAStar
Domain parsed
Problem parsed
Grounding..
Grounding Time: 3992
UFX:true
|F|:12552
|X|:17
|A|:828
|P|:0
|E|:0
h(I):0.0
f(n) = 1.0 (Expanded Nodes: 6, Evaluated States: 19, Time: 0.033) Frontier Size: 13
f(n) = 2.0 (Expanded Nodes: 33, Evaluated States: 67, Time: 0.076) Frontier Size: 34
f(n) = 3.0 (Expanded Nodes: 88, Evaluated States: 163, Time: 0.114) Frontier Size: 75
f(n) = 4.0 (Expanded Nodes: 286, Evaluated States: 669, Time: 0.177) Frontier Size: 383
Problem Solved

Found Plan:
0.0: (validate_payload t0 a7 t1)
1.0: (sync_actions a7)
2.0: (add_action a10)
3.0: (check_added_variables_model a10)
4.0: (move_in_model_move_automata a10)
5.0: (validate_payload t1 a12 t2)
6.0: (sync_actions a12)
7.0: (validate_payload t2 a11 t3)
8.0: (sync_actions a11)
9.0: (validate_payload t3 a8 t4)
10.0: (sync_actions a8)
11.0: (add_action a0)
12.0: (check_added_variables_model a0)
13.0: (move_in_model_move_automata a0)
14.0: (validate_payload t4 a1 t5)
15.0: (sync_actions a1)
16.0: (validate_payload t5 a2 t6)
17.0: (sync_actions a2)
18.0: (validate_payload t6 a9 t7)
19.0: (sync_actions a9)

Plan-Length:20
Metric (Search):4.0
Planning Time (msec): 269
Heuristic Time (msec): 6
Search Time (msec): 266
Expanded Nodes:755
States Evaluated:1753
Number of Dead-Ends detected:0
Number of Duplicates detected:17
/usr/bin/time -v timeout 600 java -Xmx64g -jar ./enhsp3.jar -o ./domain_with_failure.pddl -f ./problems/BasePN-1And-del-2-d7/problem6.pddl -h blind -s WAStar
Domain parsed
Problem parsed
Grounding..
Grounding Time: 3868
UFX:true
|F|:12552
|X|:16
|A|:828
|P|:0
|E|:0
h(I):0.0
f(n) = 1.0 (Expanded Nodes: 6, Evaluated States: 26, Time: 0.026) Frontier Size: 20
f(n) = 2.0 (Expanded Nodes: 42, Evaluated States: 126, Time: 0.069) Frontier Size: 84
f(n) = 3.0 (Expanded Nodes: 147, Evaluated States: 318, Time: 0.12) Frontier Size: 171
f(n) = 4.0 (Expanded Nodes: 416, Evaluated States: 850, Time: 0.185) Frontier Size: 434
f(n) = 5.0 (Expanded Nodes: 1219, Evaluated States: 2697, Time: 0.296) Frontier Size: 1478
Problem Solved

Found Plan:
0.0: (validate_payload t0 a7 t1)
1.0: (sync_actions a7)
2.0: (validate_payload t1 a10 t2)
3.0: (sync_actions a10)
4.0: (add_action a12)
5.0: (move_in_model_parameter a12 sDEC1_1 categorical c2)
6.0: (check_added_variables_model a12)
7.0: (move_in_model_move_automata a12)
8.0: (validate_payload t2 a11 t3)
9.0: (sync_actions a11)
10.0: (validate_payload t3 a8 t4)
11.0: (sync_actions a8)
12.0: (validate_payload t4 a0 t5)
13.0: (sync_actions a0)
14.0: (validate_payload t5 a1 t6)
15.0: (sync_actions a1)
16.0: (validate_payload t6 a2 t7)
17.0: (sync_actions a2)
18.0: (add_action a9)
19.0: (check_added_variables_model a9)
20.0: (move_in_model_move_automata a9)

Plan-Length:21
Metric (Search):5.0
Planning Time (msec): 370
Heuristic Time (msec): 6
Search Time (msec): 362
Expanded Nodes:1910
States Evaluated:3885
Number of Dead-Ends detected:0
Number of Duplicates detected:60
/usr/bin/time -v timeout 600 java -Xmx64g -jar ./enhsp3.jar -o ./domain_with_failure.pddl -f ./problems/BasePN-1And-del-2-d7/problem7.pddl -h blind -s WAStar
Domain parsed
Problem parsed
Grounding..
Grounding Time: 3956
UFX:true
|F|:12552
|X|:17
|A|:828
|P|:0
|E|:0
h(I):0.0
f(n) = 1.0 (Expanded Nodes: 10, Evaluated States: 41, Time: 0.038) Frontier Size: 31
f(n) = 2.0 (Expanded Nodes: 97, Evaluated States: 309, Time: 0.121) Frontier Size: 212
f(n) = 3.0 (Expanded Nodes: 463, Evaluated States: 1253, Time: 0.231) Frontier Size: 790
f(n) = 4.0 (Expanded Nodes: 1492, Evaluated States: 3544, Time: 0.358) Frontier Size: 2052
f(n) = 5.0 (Expanded Nodes: 4110, Evaluated States: 8504, Time: 0.578) Frontier Size: 4394
Problem Solved

Found Plan:
0.0: (validate_payload t0 a7 t1)
1.0: (sync_actions a7)
2.0: (validate_payload t1 a10 t2)
3.0: (sync_actions a10)
4.0: (validate_payload t2 a12 t3)
5.0: (sync_actions a12)
6.0: (change_value a11 integer v5)
7.0: (validate_payload t3 a11 t4)
8.0: (sync_actions a11)
9.0: (add_action a8)
10.0: (check_added_variables_model a8)
11.0: (move_in_model_move_automata a8)
12.0: (validate_payload t4 a0 t5)
13.0: (sync_actions a0)
14.0: (validate_payload t5 a1 t6)
15.0: (sync_actions a1)
16.0: (add_action a2)
17.0: (check_added_variables_model a2)
18.0: (move_in_model_move_automata a2)
19.0: (validate_payload t6 a9 t7)
20.0: (sync_actions a9)

Plan-Length:21
Metric (Search):5.0
Planning Time (msec): 753
Heuristic Time (msec): 9
Search Time (msec): 751
Expanded Nodes:6524
States Evaluated:12264
Number of Dead-Ends detected:0
Number of Duplicates detected:52
/usr/bin/time -v timeout 600 java -Xmx64g -jar ./enhsp3.jar -o ./domain_with_failure.pddl -f ./problems/BasePN-1And-del-2-d7/problem8.pddl -h blind -s WAStar
Domain parsed
Problem parsed
Grounding..
Grounding Time: 3947
UFX:true
|F|:12552
|X|:16
|A|:828
|P|:0
|E|:0
h(I):0.0
f(n) = 1.0 (Expanded Nodes: 2, Evaluated States: 8, Time: 0.017) Frontier Size: 6
f(n) = 2.0 (Expanded Nodes: 6, Evaluated States: 8, Time: 0.05) Frontier Size: 2
f(n) = 3.0 (Expanded Nodes: 24, Evaluated States: 62, Time: 0.075) Frontier Size: 38
f(n) = 4.0 (Expanded Nodes: 152, Evaluated States: 397, Time: 0.131) Frontier Size: 245
f(n) = 5.0 (Expanded Nodes: 732, Evaluated States: 1849, Time: 0.294) Frontier Size: 1117
Problem Solved

Found Plan:
0.0: (add_action a7)
1.0: (check_added_variables_model a7)
2.0: (move_in_model_move_automata a7)
3.0: (change_value a10 integer v0)
4.0: (validate_payload t0 a10 t1)
5.0: (sync_actions a10)
6.0: (validate_payload t1 a12 t2)
7.0: (sync_actions a12)
8.0: (validate_payload t2 a11 t3)
9.0: (sync_actions a11)
10.0: (validate_payload t3 a8 t4)
11.0: (sync_actions a8)
12.0: (add_action a1)
13.0: (check_added_variables_model a1)
14.0: (move_in_model_move_automata a1)
15.0: (validate_payload t4 a0 t5)
16.0: (sync_actions a0)
17.0: (validate_payload t5 a2 t6)
18.0: (sync_actions a2)
19.0: (validate_payload t6 a9 t7)
20.0: (sync_actions a9)

Plan-Length:21
Metric (Search):5.0
Planning Time (msec): 408
Heuristic Time (msec): 8
Search Time (msec): 401
Expanded Nodes:1499
States Evaluated:3412
Number of Dead-Ends detected:0
Number of Duplicates detected:25
/usr/bin/time -v timeout 600 java -Xmx64g -jar ./enhsp3.jar -o ./domain_with_failure.pddl -f ./problems/BasePN-1And-del-2-d7/problem9.pddl -h blind -s WAStar
Domain parsed
Problem parsed
Grounding..
Grounding Time: 3937
UFX:true
|F|:12552
|X|:16
|A|:828
|P|:0
|E|:0
h(I):0.0
f(n) = 1.0 (Expanded Nodes: 8, Evaluated States: 31, Time: 0.033) Frontier Size: 23
f(n) = 2.0 (Expanded Nodes: 63, Evaluated States: 177, Time: 0.091) Frontier Size: 114
f(n) = 3.0 (Expanded Nodes: 231, Evaluated States: 528, Time: 0.157) Frontier Size: 297
f(n) = 4.0 (Expanded Nodes: 580, Evaluated States: 1159, Time: 0.24) Frontier Size: 579
Problem Solved

Found Plan:
0.0: (validate_payload t0 a7 t1)
1.0: (sync_actions a7)
2.0: (validate_payload t1 a10 t2)
3.0: (sync_actions a10)
4.0: (validate_payload t2 a12 t3)
5.0: (sync_actions a12)
6.0: (add_action a11)
7.0: (check_added_variables_model a11)
8.0: (move_in_model_move_automata a11)
9.0: (add_action a8)
10.0: (check_added_variables_model a8)
11.0: (move_in_model_move_automata a8)
12.0: (validate_payload t3 a0 t4)
13.0: (sync_actions a0)
14.0: (validate_payload t4 a1 t5)
15.0: (sync_actions a1)
16.0: (validate_payload t5 a2 t6)
17.0: (sync_actions a2)
18.0: (validate_payload t6 a9 t7)
19.0: (sync_actions a9)

Plan-Length:20
Metric (Search):4.0
Planning Time (msec): 346
Heuristic Time (msec): 6
Search Time (msec): 336
Expanded Nodes:1119
States Evaluated:1979
Number of Dead-Ends detected:0
Number of Duplicates detected:11
/usr/bin/time -v timeout 600 java -Xmx64g -jar ./enhsp3.jar -o ./domain_with_failure.pddl -f ./problems/BasePN-1And-del-2-d7/problem10.pddl -h blind -s WAStar
Domain parsed
Problem parsed
Grounding..
Grounding Time: 4023
UFX:true
|F|:12552
|X|:18
|A|:828
|P|:0
|E|:0
h(I):0.0
f(n) = 1.0 (Expanded Nodes: 16, Evaluated States: 60, Time: 0.039) Frontier Size: 44
f(n) = 2.0 (Expanded Nodes: 228, Evaluated States: 695, Time: 0.153) Frontier Size: 467
f(n) = 3.0 (Expanded Nodes: 1665, Evaluated States: 4566, Time: 0.455) Frontier Size: 2901
f(n) = 4.0 (Expanded Nodes: 7794, Evaluated States: 19609, Time: 1.098) Frontier Size: 11815
Problem Solved

Found Plan:
0.0: (validate_payload t0 a7 t1)
1.0: (sync_actions a7)
2.0: (validate_payload t1 a10 t2)
3.0: (sync_actions a10)
4.0: (validate_payload t2 a12 t3)
5.0: (sync_actions a12)
6.0: (validate_payload t3 a11 t4)
7.0: (sync_actions a11)
8.0: (validate_payload t4 a8 t5)
9.0: (sync_actions a8)
10.0: (validate_payload t5 a1 t6)
11.0: (sync_actions a1)
12.0: (validate_payload t6 a2 t7)
13.0: (sync_actions a2)
14.0: (add_action a0)
15.0: (check_added_variables_model a0)
16.0: (move_in_model_move_automata a0)
17.0: (add_action a9)
18.0: (check_added_variables_model a9)
19.0: (move_in_model_move_automata a9)

Plan-Length:20
Metric (Search):4.0
Planning Time (msec): 2278
Heuristic Time (msec): 3
Search Time (msec): 2271
Expanded Nodes:25725
States Evaluated:58269
Number of Dead-Ends detected:0
Number of Duplicates detected:674
/usr/bin/time -v timeout 600 java -Xmx64g -jar ./enhsp3.jar -o ./domain_with_failure.pddl -f ./problems/BasePN-1And-del-2-d7/problem11.pddl -h blind -s WAStar
Domain parsed
Problem parsed
Grounding..
Grounding Time: 3978
UFX:true
|F|:12552
|X|:17
|A|:828
|P|:0
|E|:0
h(I):0.0
f(n) = 1.0 (Expanded Nodes: 6, Evaluated States: 19, Time: 0.025) Frontier Size: 13
f(n) = 2.0 (Expanded Nodes: 33, Evaluated States: 67, Time: 0.076) Frontier Size: 34
f(n) = 3.0 (Expanded Nodes: 84, Evaluated States: 148, Time: 0.12) Frontier Size: 64
f(n) = 4.0 (Expanded Nodes: 222, Evaluated States: 468, Time: 0.168) Frontier Size: 246
Problem Solved

Found Plan:
0.0: (validate_payload t0 a7 t1)
1.0: (sync_actions a7)
2.0: (add_action a10)
3.0: (check_added_variables_model a10)
4.0: (move_in_model_move_automata a10)
5.0: (validate_payload t1 a12 t2)
6.0: (sync_actions a12)
7.0: (validate_payload t2 a11 t3)
8.0: (sync_actions a11)
9.0: (validate_payload t3 a8 t4)
10.0: (sync_actions a8)
11.0: (add_action a1)
12.0: (check_added_variables_model a1)
13.0: (move_in_model_move_automata a1)
14.0: (validate_payload t4 a2 t5)
15.0: (sync_actions a2)
16.0: (validate_payload t5 a0 t6)
17.0: (sync_actions a0)
18.0: (validate_payload t6 a9 t7)
19.0: (sync_actions a9)

Plan-Length:20
Metric (Search):4.0
Planning Time (msec): 273
Heuristic Time (msec): 8
Search Time (msec): 270
Expanded Nodes:642
States Evaluated:1400
Number of Dead-Ends detected:0
Number of Duplicates detected:21
/usr/bin/time -v timeout 600 java -Xmx64g -jar ./enhsp3.jar -o ./domain_with_failure.pddl -f ./problems/BasePN-1And-del-2-d7/problem12.pddl -h blind -s WAStar
Domain parsed
Problem parsed
Grounding..
Grounding Time: 3895
UFX:true
|F|:12552
|X|:16
|A|:828
|P|:0
|E|:0
h(I):0.0
f(n) = 2.0 (Expanded Nodes: 2, Evaluated States: 4, Time: 0.018) Frontier Size: 2
f(n) = 3.0 (Expanded Nodes: 24, Evaluated States: 59, Time: 0.085) Frontier Size: 35
f(n) = 4.0 (Expanded Nodes: 144, Evaluated States: 336, Time: 0.127) Frontier Size: 192
Problem Solved

Found Plan:
0.0: (add_action a7)
1.0: (check_added_variables_model a7)
2.0: (move_in_model_move_automata a7)
3.0: (validate_payload t0 a10 t1)
4.0: (sync_actions a10)
5.0: (validate_payload t1 a12 t2)
6.0: (sync_actions a12)
7.0: (validate_payload t2 a11 t3)
8.0: (sync_actions a11)
9.0: (validate_payload t3 a8 t4)
10.0: (sync_actions a8)
11.0: (validate_payload t4 a1 t5)
12.0: (sync_actions a1)
13.0: (validate_payload t5 a2 t6)
14.0: (sync_actions a2)
15.0: (validate_payload t6 a0 t7)
16.0: (sync_actions a0)
17.0: (add_action a9)
18.0: (check_added_variables_model a9)
19.0: (move_in_model_move_automata a9)

Plan-Length:20
Metric (Search):4.0
Planning Time (msec): 145
Heuristic Time (msec): 2
Search Time (msec): 136
Expanded Nodes:181
States Evaluated:416
Number of Dead-Ends detected:0
Number of Duplicates detected:1
/usr/bin/time -v timeout 600 java -Xmx64g -jar ./enhsp3.jar -o ./domain_with_failure.pddl -f ./problems/BasePN-1And-del-2-d7/problem13.pddl -h blind -s WAStar
Domain parsed
Problem parsed
Grounding..
Grounding Time: 4016
UFX:true
|F|:12552
|X|:16
|A|:828
|P|:0
|E|:0
h(I):0.0
f(n) = 1.0 (Expanded Nodes: 6, Evaluated States: 27, Time: 0.03) Frontier Size: 21
f(n) = 2.0 (Expanded Nodes: 42, Evaluated States: 130, Time: 0.085) Frontier Size: 88
f(n) = 3.0 (Expanded Nodes: 147, Evaluated States: 334, Time: 0.132) Frontier Size: 187
f(n) = 4.0 (Expanded Nodes: 420, Evaluated States: 930, Time: 0.194) Frontier Size: 510
f(n) = 5.0 (Expanded Nodes: 1257, Evaluated States: 2958, Time: 0.308) Frontier Size: 1701
f(n) = 6.0 (Expanded Nodes: 3426, Evaluated States: 7729, Time: 0.506) Frontier Size: 4303
Problem Solved

Found Plan:
0.0: (validate_payload t0 a7 t1)
1.0: (sync_actions a7)
2.0: (validate_payload t1 a10 t2)
3.0: (sync_actions a10)
4.0: (add_action a12)
5.0: (move_in_model_parameter a12 sDEC1_1 categorical c2)
6.0: (check_added_variables_model a12)
7.0: (move_in_model_move_automata a12)
8.0: (validate_payload t2 a11 t3)
9.0: (sync_actions a11)
10.0: (validate_payload t3 a8 t4)
11.0: (sync_actions a8)
12.0: (validate_payload t4 a0 t5)
13.0: (sync_actions a0)
14.0: (validate_payload t5 a1 t6)
15.0: (sync_actions a1)
16.0: (add_action a2)
17.0: (move_in_model_parameter a2 sDEC6_2 integer v15)
18.0: (check_added_variables_model a2)
19.0: (move_in_model_move_automata a2)
20.0: (validate_payload t6 a9 t7)
21.0: (sync_actions a9)

Plan-Length:22
Metric (Search):6.0
Planning Time (msec): 647
Heuristic Time (msec): 9
Search Time (msec): 645
Expanded Nodes:5315
States Evaluated:11567
Number of Dead-Ends detected:0
Number of Duplicates detected:168
/usr/bin/time -v timeout 600 java -Xmx64g -jar ./enhsp3.jar -o ./domain_with_failure.pddl -f ./problems/BasePN-1And-del-2-d7/problem14.pddl -h blind -s WAStar
Domain parsed
Problem parsed
Grounding..
Grounding Time: 3986
UFX:true
|F|:12552
|X|:16
|A|:828
|P|:0
|E|:0
h(I):0.0
f(n) = 1.0 (Expanded Nodes: 6, Evaluated States: 19, Time: 0.026) Frontier Size: 13
f(n) = 2.0 (Expanded Nodes: 33, Evaluated States: 67, Time: 0.075) Frontier Size: 34
f(n) = 3.0 (Expanded Nodes: 82, Evaluated States: 141, Time: 0.112) Frontier Size: 59
f(n) = 4.0 (Expanded Nodes: 187, Evaluated States: 356, Time: 0.146) Frontier Size: 169
Problem Solved

Found Plan:
0.0: (validate_payload t0 a7 t1)
1.0: (sync_actions a7)
2.0: (add_action a10)
3.0: (check_added_variables_model a10)
4.0: (move_in_model_move_automata a10)
5.0: (validate_payload t1 a12 t2)
6.0: (sync_actions a12)
7.0: (validate_payload t2 a11 t3)
8.0: (sync_actions a11)
9.0: (add_action a8)
10.0: (check_added_variables_model a8)
11.0: (move_in_model_move_automata a8)
12.0: (validate_payload t3 a1 t4)
13.0: (sync_actions a1)
14.0: (validate_payload t4 a2 t5)
15.0: (sync_actions a2)
16.0: (validate_payload t5 a0 t6)
17.0: (sync_actions a0)
18.0: (validate_payload t6 a9 t7)
19.0: (sync_actions a9)

Plan-Length:20
Metric (Search):4.0
Planning Time (msec): 214
Heuristic Time (msec): 6
Search Time (msec): 205
Expanded Nodes:413
States Evaluated:751
Number of Dead-Ends detected:0
Number of Duplicates detected:21
/usr/bin/time -v timeout 600 java -Xmx64g -jar ./enhsp3.jar -o ./domain_with_failure.pddl -f ./problems/BasePN-1And-del-2-d7/problem15.pddl -h blind -s WAStar
Domain parsed
Problem parsed
Grounding..
Grounding Time: 4011
UFX:true
|F|:12552
|X|:17
|A|:828
|P|:0
|E|:0
h(I):0.0
f(n) = 1.0 (Expanded Nodes: 8, Evaluated States: 32, Time: 0.036) Frontier Size: 24
f(n) = 2.0 (Expanded Nodes: 66, Evaluated States: 199, Time: 0.101) Frontier Size: 133
f(n) = 3.0 (Expanded Nodes: 259, Evaluated States: 629, Time: 0.161) Frontier Size: 370
f(n) = 4.0 (Expanded Nodes: 671, Evaluated States: 1349, Time: 0.222) Frontier Size: 678
Problem Solved

Found Plan:
0.0: (validate_payload t0 a7 t1)
1.0: (sync_actions a7)
2.0: (validate_payload t1 a10 t2)
3.0: (sync_actions a10)
4.0: (validate_payload t2 a12 t3)
5.0: (sync_actions a12)
6.0: (add_action a11)
7.0: (check_added_variables_model a11)
8.0: (move_in_model_move_automata a11)
9.0: (validate_payload t3 a8 t4)
10.0: (sync_actions a8)
11.0: (add_action a1)
12.0: (check_added_variables_model a1)
13.0: (move_in_model_move_automata a1)
14.0: (validate_payload t4 a2 t5)
15.0: (sync_actions a2)
16.0: (validate_payload t5 a0 t6)
17.0: (sync_actions a0)
18.0: (validate_payload t6 a9 t7)
19.0: (sync_actions a9)

Plan-Length:20
Metric (Search):4.0
Planning Time (msec): 330
Heuristic Time (msec): 11
Search Time (msec): 327
Expanded Nodes:1353
States Evaluated:2397
Number of Dead-Ends detected:0
Number of Duplicates detected:24
/usr/bin/time -v timeout 600 java -Xmx64g -jar ./enhsp3.jar -o ./domain_with_failure.pddl -f ./problems/BasePN-1And-del-2-d7/problem16.pddl -h blind -s WAStar
Domain parsed
Problem parsed
Grounding..
Grounding Time: 3914
UFX:true
|F|:12552
|X|:16
|A|:828
|P|:0
|E|:0
h(I):0.0
f(n) = 2.0 (Expanded Nodes: 2, Evaluated States: 4, Time: 0.014) Frontier Size: 2
f(n) = 3.0 (Expanded Nodes: 24, Evaluated States: 57, Time: 0.074) Frontier Size: 33
f(n) = 4.0 (Expanded Nodes: 117, Evaluated States: 240, Time: 0.112) Frontier Size: 123
Problem Solved

Found Plan:
0.0: (add_action a7)
1.0: (check_added_variables_model a7)
2.0: (move_in_model_move_automata a7)
3.0: (validate_payload t0 a10 t1)
4.0: (sync_actions a10)
5.0: (validate_payload t1 a12 t2)
6.0: (sync_actions a12)
7.0: (validate_payload t2 a11 t3)
8.0: (sync_actions a11)
9.0: (validate_payload t3 a8 t4)
10.0: (sync_actions a8)
11.0: (validate_payload t4 a0 t5)
12.0: (sync_actions a0)
13.0: (validate_payload t5 a1 t6)
14.0: (sync_actions a1)
15.0: (validate_payload t6 a2 t7)
16.0: (sync_actions a2)
17.0: (add_action a9)
18.0: (check_added_variables_model a9)
19.0: (move_in_model_move_automata a9)

Plan-Length:20
Metric (Search):4.0
Planning Time (msec): 180
Heuristic Time (msec): 1
Search Time (msec): 173
Expanded Nodes:304
States Evaluated:595
Number of Dead-Ends detected:0
Number of Duplicates detected:7
/usr/bin/time -v timeout 600 java -Xmx64g -jar ./enhsp3.jar -o ./domain_with_failure.pddl -f ./problems/BasePN-1And-del-2-d7/problem17.pddl -h blind -s WAStar
Domain parsed
Problem parsed
Grounding..
Grounding Time: 3959
UFX:true
|F|:12552
|X|:16
|A|:828
|P|:0
|E|:0
h(I):0.0
f(n) = 1.0 (Expanded Nodes: 6, Evaluated States: 23, Time: 0.03) Frontier Size: 17
f(n) = 2.0 (Expanded Nodes: 38, Evaluated States: 98, Time: 0.077) Frontier Size: 60
f(n) = 3.0 (Expanded Nodes: 109, Evaluated States: 223, Time: 0.12) Frontier Size: 114
f(n) = 4.0 (Expanded Nodes: 238, Evaluated States: 457, Time: 0.16) Frontier Size: 219
f(n) = 5.0 (Expanded Nodes: 530, Evaluated States: 863, Time: 0.241) Frontier Size: 333
Problem Solved

Found Plan:
0.0: (validate_payload t0 a7 t1)
1.0: (sync_actions a7)
2.0: (validate_payload t1 a10 t2)
3.0: (sync_actions a10)
4.0: (add_action a12)
5.0: (move_in_model_parameter a12 sDEC1_1 categorical c2)
6.0: (check_added_variables_model a12)
7.0: (move_in_model_move_automata a12)
8.0: (add_action a11)
9.0: (check_added_variables_model a11)
10.0: (move_in_model_move_automata a11)
11.0: (validate_payload t2 a8 t3)
12.0: (sync_actions a8)
13.0: (validate_payload t3 a1 t4)
14.0: (sync_actions a1)
15.0: (validate_payload t4 a0 t5)
16.0: (sync_actions a0)
17.0: (validate_payload t5 a2 t6)
18.0: (sync_actions a2)
19.0: (validate_payload t6 a9 t7)
20.0: (sync_actions a9)

Plan-Length:21
Metric (Search):5.0
Planning Time (msec): 352
Heuristic Time (msec): 7
Search Time (msec): 349
Expanded Nodes:1036
States Evaluated:1668
Number of Dead-Ends detected:0
Number of Duplicates detected:39
/usr/bin/time -v timeout 600 java -Xmx64g -jar ./enhsp3.jar -o ./domain_with_failure.pddl -f ./problems/BasePN-1And-del-2-d7/problem18.pddl -h blind -s WAStar
Domain parsed
Problem parsed
Grounding..
Grounding Time: 3963
UFX:true
|F|:12552
|X|:17
|A|:828
|P|:0
|E|:0
h(I):0.0
f(n) = 1.0 (Expanded Nodes: 2, Evaluated States: 8, Time: 0.02) Frontier Size: 6
f(n) = 2.0 (Expanded Nodes: 6, Evaluated States: 8, Time: 0.043) Frontier Size: 2
f(n) = 3.0 (Expanded Nodes: 20, Evaluated States: 48, Time: 0.075) Frontier Size: 28
f(n) = 4.0 (Expanded Nodes: 89, Evaluated States: 213, Time: 0.108) Frontier Size: 124
Problem Solved

Found Plan:
0.0: (add_action a7)
1.0: (check_added_variables_model a7)
2.0: (move_in_model_move_automata a7)
3.0: (validate_payload t0 a10 t1)
4.0: (sync_actions a10)
5.0: (validate_payload t1 a12 t2)
6.0: (sync_actions a12)
7.0: (validate_payload t2 a11 t3)
8.0: (sync_actions a11)
9.0: (add_action a8)
10.0: (check_added_variables_model a8)
11.0: (move_in_model_move_automata a8)
12.0: (validate_payload t3 a1 t4)
13.0: (sync_actions a1)
14.0: (validate_payload t4 a2 t5)
15.0: (sync_actions a2)
16.0: (validate_payload t5 a0 t6)
17.0: (sync_actions a0)
18.0: (validate_payload t6 a9 t7)
19.0: (sync_actions a9)

Plan-Length:20
Metric (Search):4.0
Planning Time (msec): 161
Heuristic Time (msec): 5
Search Time (msec): 157
Expanded Nodes:199
States Evaluated:473
Number of Dead-Ends detected:0
Number of Duplicates detected:3
/usr/bin/time -v timeout 600 java -Xmx64g -jar ./enhsp3.jar -o ./domain_with_failure.pddl -f ./problems/BasePN-1And-del-2-d7/problem19.pddl -h blind -s WAStar
Domain parsed
Problem parsed
Grounding..
Grounding Time: 3991
UFX:true
|F|:12552
|X|:17
|A|:828
|P|:0
|E|:0
h(I):0.0
f(n) = 1.0 (Expanded Nodes: 14, Evaluated States: 55, Time: 0.041) Frontier Size: 41
f(n) = 2.0 (Expanded Nodes: 181, Evaluated States: 590, Time: 0.137) Frontier Size: 409
f(n) = 3.0 (Expanded Nodes: 1187, Evaluated States: 3422, Time: 0.401) Frontier Size: 2235
f(n) = 4.0 (Expanded Nodes: 4912, Evaluated States: 12550, Time: 0.881) Frontier Size: 7638
f(n) = 5.0 (Expanded Nodes: 14500, Evaluated States: 32351, Time: 1.6) Frontier Size: 17851
Problem Solved

Found Plan:
0.0: (validate_payload t0 a7 t1)
1.0: (sync_actions a7)
2.0: (validate_payload t1 a10 t2)
3.0: (sync_actions a10)
4.0: (validate_payload t2 a12 t3)
5.0: (sync_actions a12)
6.0: (validate_payload t3 a11 t4)
7.0: (sync_actions a11)
8.0: (validate_payload t4 a8 t5)
9.0: (sync_actions a8)
10.0: (add_action a1)
11.0: (check_added_variables_model a1)
12.0: (move_in_model_move_automata a1)
13.0: (add_action a2)
14.0: (move_in_model_parameter a2 sDEC6_2 integer v15)
15.0: (check_added_variables_model a2)
16.0: (move_in_model_move_automata a2)
17.0: (validate_payload t5 a0 t6)
18.0: (sync_actions a0)
19.0: (validate_payload t6 a9 t7)
20.0: (sync_actions a9)

Plan-Length:21
Metric (Search):5.0
Planning Time (msec): 1699
Heuristic Time (msec): 9
Search Time (msec): 1692
Expanded Nodes:16426
States Evaluated:35864
Number of Dead-Ends detected:0
Number of Duplicates detected:373
/usr/bin/time -v timeout 600 java -Xmx64g -jar ./enhsp3.jar -o ./domain_with_failure.pddl -f ./problems/BasePN-1And-del-2-d7/problem20.pddl -h blind -s WAStar
Domain parsed
Problem parsed
Grounding..
Grounding Time: 4154
UFX:true
|F|:12552
|X|:17
|A|:828
|P|:0
|E|:0
h(I):0.0
f(n) = 1.0 (Expanded Nodes: 2, Evaluated States: 8, Time: 0.023) Frontier Size: 6
f(n) = 2.0 (Expanded Nodes: 6, Evaluated States: 8, Time: 0.053) Frontier Size: 2
f(n) = 3.0 (Expanded Nodes: 14, Evaluated States: 35, Time: 0.071) Frontier Size: 21
f(n) = 4.0 (Expanded Nodes: 37, Evaluated States: 71, Time: 0.09) Frontier Size: 34
f(n) = 5.0 (Expanded Nodes: 83, Evaluated States: 164, Time: 0.116) Frontier Size: 81
Problem Solved

Found Plan:
0.0: (add_action a7)
1.0: (check_added_variables_model a7)
2.0: (move_in_model_move_automata a7)
3.0: (validate_payload t0 a10 t1)
4.0: (sync_actions a10)
5.0: (add_action a12)
6.0: (move_in_model_parameter a12 sDEC1_1 categorical c2)
7.0: (check_added_variables_model a12)
8.0: (move_in_model_move_automata a12)
9.0: (validate_payload t1 a11 t2)
10.0: (sync_actions a11)
11.0: (validate_payload t2 a8 t3)
12.0: (sync_actions a8)
13.0: (validate_payload t3 a0 t4)
14.0: (sync_actions a0)
15.0: (validate_payload t4 a1 t5)
16.0: (sync_actions a1)
17.0: (validate_payload t5 a2 t6)
18.0: (sync_actions a2)
19.0: (validate_payload t6 a9 t7)
20.0: (sync_actions a9)

Plan-Length:21
Metric (Search):5.0
Planning Time (msec): 149
Heuristic Time (msec): 11
Search Time (msec): 145
Expanded Nodes:166
States Evaluated:373
Number of Dead-Ends detected:0
Number of Duplicates detected:3
/usr/bin/time -v timeout 600 java -Xmx64g -jar ./enhsp3.jar -o ./domain_with_failure.pddl -f ./problems/BasePN-1And-del-2-d7/problem21.pddl -h blind -s WAStar
Domain parsed
Problem parsed
Grounding..
Grounding Time: 3821
UFX:true
|F|:12552
|X|:15
|A|:828
|P|:0
|E|:0
h(I):0.0
f(n) = 1.0 (Expanded Nodes: 8, Evaluated States: 28, Time: 0.031) Frontier Size: 20
f(n) = 2.0 (Expanded Nodes: 46, Evaluated States: 119, Time: 0.086) Frontier Size: 73
f(n) = 3.0 (Expanded Nodes: 119, Evaluated States: 251, Time: 0.125) Frontier Size: 132
f(n) = 4.0 (Expanded Nodes: 283, Evaluated States: 501, Time: 0.167) Frontier Size: 218
Problem Solved

Found Plan:
0.0: (validate_payload t0 a7 t1)
1.0: (sync_actions a7)
2.0: (validate_payload t1 a10 t2)
3.0: (sync_actions a10)
4.0: (validate_payload t2 a12 t3)
5.0: (sync_actions a12)
6.0: (add_action a11)
7.0: (check_added_variables_model a11)
8.0: (move_in_model_move_automata a11)
9.0: (validate_payload t3 a8 t4)
10.0: (sync_actions a8)
11.0: (add_action a1)
12.0: (check_added_variables_model a1)
13.0: (move_in_model_move_automata a1)
14.0: (validate_payload t4 a2 t5)
15.0: (sync_actions a2)
16.0: (validate_payload t5 a0 t6)
17.0: (sync_actions a0)
18.0: (validate_payload t6 a9 t7)
19.0: (sync_actions a9)

Plan-Length:20
Metric (Search):4.0
Planning Time (msec): 247
Heuristic Time (msec): 5
Search Time (msec): 239
Expanded Nodes:552
States Evaluated:928
Number of Dead-Ends detected:0
Number of Duplicates detected:25
/usr/bin/time -v timeout 600 java -Xmx64g -jar ./enhsp3.jar -o ./domain_with_failure.pddl -f ./problems/BasePN-1And-del-2-d7/problem22.pddl -h blind -s WAStar
Domain parsed
Problem parsed
Grounding..
Grounding Time: 3996
UFX:true
|F|:12552
|X|:17
|A|:828
|P|:0
|E|:0
h(I):0.0
f(n) = 1.0 (Expanded Nodes: 2, Evaluated States: 8, Time: 0.022) Frontier Size: 6
f(n) = 2.0 (Expanded Nodes: 6, Evaluated States: 8, Time: 0.054) Frontier Size: 2
f(n) = 3.0 (Expanded Nodes: 20, Evaluated States: 50, Time: 0.085) Frontier Size: 30
f(n) = 4.0 (Expanded Nodes: 85, Evaluated States: 206, Time: 0.118) Frontier Size: 121
Problem Solved

Found Plan:
0.0: (add_action a7)
1.0: (check_added_variables_model a7)
2.0: (move_in_model_move_automata a7)
3.0: (validate_payload t0 a10 t1)
4.0: (sync_actions a10)
5.0: (validate_payload t1 a12 t2)
6.0: (sync_actions a12)
7.0: (validate_payload t2 a11 t3)
8.0: (sync_actions a11)
9.0: (add_action a8)
10.0: (check_added_variables_model a8)
11.0: (move_in_model_move_automata a8)
12.0: (validate_payload t3 a0 t4)
13.0: (sync_actions a0)
14.0: (validate_payload t4 a1 t5)
15.0: (sync_actions a1)
16.0: (validate_payload t5 a2 t6)
17.0: (sync_actions a2)
18.0: (validate_payload t6 a9 t7)
19.0: (sync_actions a9)

Plan-Length:20
Metric (Search):4.0
Planning Time (msec): 195
Heuristic Time (msec): 9
Search Time (msec): 185
Expanded Nodes:262
States Evaluated:622
Number of Dead-Ends detected:0
Number of Duplicates detected:3
/usr/bin/time -v timeout 600 java -Xmx64g -jar ./enhsp3.jar -o ./domain_with_failure.pddl -f ./problems/BasePN-1And-del-2-d7/problem23.pddl -h blind -s WAStar
Domain parsed
Problem parsed
Grounding..
Grounding Time: 3907
UFX:true
|F|:12552
|X|:17
|A|:828
|P|:0
|E|:0
h(I):0.0
f(n) = 1.0 (Expanded Nodes: 8, Evaluated States: 28, Time: 0.033) Frontier Size: 20
f(n) = 2.0 (Expanded Nodes: 46, Evaluated States: 119, Time: 0.088) Frontier Size: 73
f(n) = 3.0 (Expanded Nodes: 125, Evaluated States: 262, Time: 0.13) Frontier Size: 137
f(n) = 4.0 (Expanded Nodes: 343, Evaluated States: 620, Time: 0.192) Frontier Size: 277
Problem Solved

Found Plan:
0.0: (validate_payload t0 a7 t1)
1.0: (sync_actions a7)
2.0: (validate_payload t1 a10 t2)
3.0: (sync_actions a10)
4.0: (validate_payload t2 a12 t3)
5.0: (sync_actions a12)
6.0: (add_action a11)
7.0: (check_added_variables_model a11)
8.0: (move_in_model_move_automata a11)
9.0: (validate_payload t3 a8 t4)
10.0: (sync_actions a8)
11.0: (validate_payload t4 a0 t5)
12.0: (sync_actions a0)
13.0: (validate_payload t5 a1 t6)
14.0: (sync_actions a1)
15.0: (validate_payload t6 a2 t7)
16.0: (sync_actions a2)
17.0: (add_action a9)
18.0: (check_added_variables_model a9)
19.0: (move_in_model_move_automata a9)

Plan-Length:20
Metric (Search):4.0
Planning Time (msec): 248
Heuristic Time (msec): 7
Search Time (msec): 245
Expanded Nodes:593
States Evaluated:1034
Number of Dead-Ends detected:0
Number of Duplicates detected:26
/usr/bin/time -v timeout 600 java -Xmx64g -jar ./enhsp3.jar -o ./domain_with_failure.pddl -f ./problems/BasePN-1And-del-2-d7/problem24.pddl -h blind -s WAStar
Domain parsed
Problem parsed
Grounding..
Grounding Time: 3938
UFX:true
|F|:12552
|X|:16
|A|:828
|P|:0
|E|:0
h(I):0.0
f(n) = 1.0 (Expanded Nodes: 6, Evaluated States: 19, Time: 0.021) Frontier Size: 13
f(n) = 2.0 (Expanded Nodes: 33, Evaluated States: 67, Time: 0.069) Frontier Size: 34
f(n) = 3.0 (Expanded Nodes: 88, Evaluated States: 161, Time: 0.101) Frontier Size: 73
f(n) = 4.0 (Expanded Nodes: 280, Evaluated States: 621, Time: 0.164) Frontier Size: 341
Problem Solved

Found Plan:
0.0: (validate_payload t0 a7 t1)
1.0: (sync_actions a7)
2.0: (add_action a10)
3.0: (check_added_variables_model a10)
4.0: (move_in_model_move_automata a10)
5.0: (validate_payload t1 a12 t2)
6.0: (sync_actions a12)
7.0: (validate_payload t2 a11 t3)
8.0: (sync_actions a11)
9.0: (validate_payload t3 a8 t4)
10.0: (sync_actions a8)
11.0: (validate_payload t4 a0 t5)
12.0: (sync_actions a0)
13.0: (add_action a1)
14.0: (check_added_variables_model a1)
15.0: (move_in_model_move_automata a1)
16.0: (validate_payload t5 a2 t6)
17.0: (sync_actions a2)
18.0: (validate_payload t6 a9 t7)
19.0: (sync_actions a9)

Plan-Length:20
Metric (Search):4.0
Planning Time (msec): 255
Heuristic Time (msec): 2
Search Time (msec): 243
Expanded Nodes:690
States Evaluated:1546
Number of Dead-Ends detected:0
Number of Duplicates detected:15
/usr/bin/time -v timeout 600 java -Xmx64g -jar ./enhsp3.jar -o ./domain_with_failure.pddl -f ./problems/BasePN-1And-del-2-d7/problem25.pddl -h blind -s WAStar
Domain parsed
Problem parsed
Grounding..
Grounding Time: 4095
UFX:true
|F|:12552
|X|:16
|A|:828
|P|:0
|E|:0
h(I):0.0
f(n) = 1.0 (Expanded Nodes: 6, Evaluated States: 27, Time: 0.026) Frontier Size: 21
f(n) = 2.0 (Expanded Nodes: 42, Evaluated States: 130, Time: 0.083) Frontier Size: 88
f(n) = 3.0 (Expanded Nodes: 141, Evaluated States: 311, Time: 0.13) Frontier Size: 170
f(n) = 4.0 (Expanded Nodes: 330, Evaluated States: 628, Time: 0.18) Frontier Size: 298
f(n) = 5.0 (Expanded Nodes: 718, Evaluated States: 1370, Time: 0.267) Frontier Size: 652
Problem Solved

Found Plan:
0.0: (validate_payload t0 a7 t1)
1.0: (sync_actions a7)
2.0: (validate_payload t1 a10 t2)
3.0: (sync_actions a10)
4.0: (add_action a12)
5.0: (move_in_model_parameter a12 sDEC1_1 categorical c2)
6.0: (check_added_variables_model a12)
7.0: (move_in_model_move_automata a12)
8.0: (validate_payload t2 a11 t3)
9.0: (sync_actions a11)
10.0: (add_action a8)
11.0: (check_added_variables_model a8)
12.0: (move_in_model_move_automata a8)
13.0: (validate_payload t3 a0 t4)
14.0: (sync_actions a0)
15.0: (validate_payload t4 a1 t5)
16.0: (sync_actions a1)
17.0: (validate_payload t5 a2 t6)
18.0: (sync_actions a2)
19.0: (validate_payload t6 a9 t7)
20.0: (sync_actions a9)

Plan-Length:21
Metric (Search):5.0
Planning Time (msec): 384
Heuristic Time (msec): 5
Search Time (msec): 377
Expanded Nodes:1423
States Evaluated:2714
Number of Dead-Ends detected:0
Number of Duplicates detected:40
/usr/bin/time -v timeout 600 java -Xmx64g -jar ./enhsp3.jar -o ./domain_with_failure.pddl -f ./problems/BasePN-1And-del-2-d7/problem26.pddl -h blind -s WAStar
Domain parsed
Problem parsed
Grounding..
Grounding Time: 4023
UFX:true
|F|:12552
|X|:16
|A|:828
|P|:0
|E|:0
h(I):0.0
f(n) = 1.0 (Expanded Nodes: 2, Evaluated States: 8, Time: 0.017) Frontier Size: 6
f(n) = 2.0 (Expanded Nodes: 6, Evaluated States: 8, Time: 0.043) Frontier Size: 2
f(n) = 3.0 (Expanded Nodes: 26, Evaluated States: 61, Time: 0.074) Frontier Size: 35
f(n) = 4.0 (Expanded Nodes: 157, Evaluated States: 387, Time: 0.123) Frontier Size: 230
Problem Solved

Found Plan:
0.0: (add_action a7)
1.0: (check_added_variables_model a7)
2.0: (move_in_model_move_automata a7)
3.0: (validate_payload t0 a10 t1)
4.0: (sync_actions a10)
5.0: (validate_payload t1 a12 t2)
6.0: (sync_actions a12)
7.0: (validate_payload t2 a11 t3)
8.0: (sync_actions a11)
9.0: (validate_payload t3 a8 t4)
10.0: (sync_actions a8)
11.0: (validate_payload t4 a1 t5)
12.0: (sync_actions a1)
13.0: (add_action a0)
14.0: (check_added_variables_model a0)
15.0: (move_in_model_move_automata a0)
16.0: (validate_payload t5 a2 t6)
17.0: (sync_actions a2)
18.0: (validate_payload t6 a9 t7)
19.0: (sync_actions a9)

Plan-Length:20
Metric (Search):4.0
Planning Time (msec): 189
Heuristic Time (msec): 6
Search Time (msec): 187
Expanded Nodes:464
States Evaluated:1133
Number of Dead-Ends detected:0
Number of Duplicates detected:7
/usr/bin/time -v timeout 600 java -Xmx64g -jar ./enhsp3.jar -o ./domain_with_failure.pddl -f ./problems/BasePN-1And-del-2-d7/problem27.pddl -h blind -s WAStar
Domain parsed
Problem parsed
Grounding..
Grounding Time: 3989
UFX:true
|F|:12552
|X|:16
|A|:828
|P|:0
|E|:0
h(I):0.0
f(n) = 1.0 (Expanded Nodes: 4, Evaluated States: 18, Time: 0.023) Frontier Size: 14
f(n) = 2.0 (Expanded Nodes: 20, Evaluated States: 58, Time: 0.062) Frontier Size: 38
f(n) = 3.0 (Expanded Nodes: 51, Evaluated States: 100, Time: 0.085) Frontier Size: 49
f(n) = 4.0 (Expanded Nodes: 109, Evaluated States: 196, Time: 0.112) Frontier Size: 87
f(n) = 5.0 (Expanded Nodes: 196, Evaluated States: 304, Time: 0.136) Frontier Size: 108
Problem Solved

Found Plan:
0.0: (validate_payload t0 a7 t1)
1.0: (sync_actions a7)
2.0: (add_action a10)
3.0: (check_added_variables_model a10)
4.0: (move_in_model_move_automata a10)
5.0: (add_action a12)
6.0: (move_in_model_parameter a12 sDEC1_1 categorical c2)
7.0: (check_added_variables_model a12)
8.0: (move_in_model_move_automata a12)
9.0: (validate_payload t1 a11 t2)
10.0: (sync_actions a11)
11.0: (validate_payload t2 a8 t3)
12.0: (sync_actions a8)
13.0: (validate_payload t3 a1 t4)
14.0: (sync_actions a1)
15.0: (validate_payload t4 a0 t5)
16.0: (sync_actions a0)
17.0: (validate_payload t5 a2 t6)
18.0: (sync_actions a2)
19.0: (validate_payload t6 a9 t7)
20.0: (sync_actions a9)

Plan-Length:21
Metric (Search):5.0
Planning Time (msec): 166
Heuristic Time (msec): 2
Search Time (msec): 160
Expanded Nodes:279
States Evaluated:457
Number of Dead-Ends detected:0
Number of Duplicates detected:9
/usr/bin/time -v timeout 600 java -Xmx64g -jar ./enhsp3.jar -o ./domain_with_failure.pddl -f ./problems/BasePN-1And-del-2-d7/problem28.pddl -h blind -s WAStar
Domain parsed
Problem parsed
Grounding..
Grounding Time: 4083
UFX:true
|F|:12552
|X|:17
|A|:828
|P|:0
|E|:0
h(I):0.0
f(n) = 1.0 (Expanded Nodes: 8, Evaluated States: 29, Time: 0.024) Frontier Size: 21
f(n) = 2.0 (Expanded Nodes: 63, Evaluated States: 166, Time: 0.095) Frontier Size: 103
f(n) = 3.0 (Expanded Nodes: 232, Evaluated States: 503, Time: 0.159) Frontier Size: 271
f(n) = 4.0 (Expanded Nodes: 595, Evaluated States: 1199, Time: 0.228) Frontier Size: 604
Problem Solved

Found Plan:
0.0: (validate_payload t0 a7 t1)
1.0: (sync_actions a7)
2.0: (validate_payload t1 a10 t2)
3.0: (sync_actions a10)
4.0: (validate_payload t2 a12 t3)
5.0: (sync_actions a12)
6.0: (add_action a11)
7.0: (check_added_variables_model a11)
8.0: (move_in_model_move_automata a11)
9.0: (validate_payload t3 a8 t4)
10.0: (sync_actions a8)
11.0: (validate_payload t4 a1 t5)
12.0: (sync_actions a1)
13.0: (validate_payload t5 a2 t6)
14.0: (sync_actions a2)
15.0: (validate_payload t6 a0 t7)
16.0: (sync_actions a0)
17.0: (add_action a9)
18.0: (check_added_variables_model a9)
19.0: (move_in_model_move_automata a9)

Plan-Length:20
Metric (Search):4.0
Planning Time (msec): 285
Heuristic Time (msec): 5
Search Time (msec): 282
Expanded Nodes:969
States Evaluated:1875
Number of Dead-Ends detected:0
Number of Duplicates detected:18
/usr/bin/time -v timeout 600 java -Xmx64g -jar ./enhsp3.jar -o ./domain_with_failure.pddl -f ./problems/BasePN-1And-del-2-d7/problem29.pddl -h blind -s WAStar
Domain parsed
Problem parsed
Grounding..
Grounding Time: 3946
UFX:true
|F|:12552
|X|:16
|A|:828
|P|:0
|E|:0
h(I):0.0
f(n) = 1.0 (Expanded Nodes: 6, Evaluated States: 22, Time: 0.026) Frontier Size: 16
f(n) = 2.0 (Expanded Nodes: 38, Evaluated States: 94, Time: 0.077) Frontier Size: 56
f(n) = 3.0 (Expanded Nodes: 115, Evaluated States: 236, Time: 0.123) Frontier Size: 121
f(n) = 4.0 (Expanded Nodes: 318, Evaluated States: 717, Time: 0.177) Frontier Size: 399
f(n) = 5.0 (Expanded Nodes: 1006, Evaluated States: 2227, Time: 0.279) Frontier Size: 1221
Problem Solved

Found Plan:
0.0: (validate_payload t0 a7 t1)
1.0: (sync_actions a7)
2.0: (validate_payload t1 a10 t2)
3.0: (sync_actions a10)
4.0: (add_action a12)
5.0: (move_in_model_parameter a12 sDEC1_1 categorical c2)
6.0: (check_added_variables_model a12)
7.0: (move_in_model_move_automata a12)
8.0: (validate_payload t2 a11 t3)
9.0: (sync_actions a11)
10.0: (validate_payload t3 a8 t4)
11.0: (sync_actions a8)
12.0: (validate_payload t4 a0 t5)
13.0: (sync_actions a0)
14.0: (validate_payload t5 a1 t6)
15.0: (sync_actions a1)
16.0: (validate_payload t6 a2 t7)
17.0: (sync_actions a2)
18.0: (add_action a9)
19.0: (check_added_variables_model a9)
20.0: (move_in_model_move_automata a9)

Plan-Length:21
Metric (Search):5.0
Planning Time (msec): 291
Heuristic Time (msec): 8
Search Time (msec): 281
Expanded Nodes:1049
States Evaluated:2304
Number of Dead-Ends detected:0
Number of Duplicates detected:19
/usr/bin/time -v timeout 600 java -Xmx64g -jar ./enhsp3.jar -o ./domain_with_failure.pddl -f ./problems/BasePN-1And-del-2-d7/problem30.pddl -h blind -s WAStar
Domain parsed
Problem parsed
Grounding..
Grounding Time: 3887
UFX:true
|F|:12552
|X|:16
|A|:828
|P|:0
|E|:0
h(I):0.0
f(n) = 1.0 (Expanded Nodes: 6, Evaluated States: 26, Time: 0.031) Frontier Size: 20
f(n) = 2.0 (Expanded Nodes: 42, Evaluated States: 126, Time: 0.08) Frontier Size: 84
f(n) = 3.0 (Expanded Nodes: 145, Evaluated States: 324, Time: 0.133) Frontier Size: 179
f(n) = 4.0 (Expanded Nodes: 420, Evaluated States: 940, Time: 0.199) Frontier Size: 520
f(n) = 5.0 (Expanded Nodes: 1452, Evaluated States: 3392, Time: 0.352) Frontier Size: 1940
Problem Solved

Found Plan:
0.0: (validate_payload t0 a7 t1)
1.0: (sync_actions a7)
2.0: (validate_payload t1 a10 t2)
3.0: (sync_actions a10)
4.0: (add_action a12)
5.0: (move_in_model_parameter a12 sDEC1_1 categorical c2)
6.0: (check_added_variables_model a12)
7.0: (move_in_model_move_automata a12)
8.0: (validate_payload t2 a11 t3)
9.0: (sync_actions a11)
10.0: (validate_payload t3 a8 t4)
11.0: (sync_actions a8)
12.0: (validate_payload t4 a0 t5)
13.0: (sync_actions a0)
14.0: (add_action a1)
15.0: (check_added_variables_model a1)
16.0: (move_in_model_move_automata a1)
17.0: (validate_payload t5 a2 t6)
18.0: (sync_actions a2)
19.0: (validate_payload t6 a9 t7)
20.0: (sync_actions a9)

Plan-Length:21
Metric (Search):5.0
Planning Time (msec): 404
Heuristic Time (msec): 10
Search Time (msec): 402
Expanded Nodes:1981
States Evaluated:4483
Number of Dead-Ends detected:0
Number of Duplicates detected:34
/usr/bin/time -v timeout 600 java -Xmx64g -jar ./enhsp3.jar -o ./domain_with_failure.pddl -f ./problems/BasePN-1And-del-2-d7/problem31.pddl -h blind -s WAStar
Domain parsed
Problem parsed
Grounding..
Grounding Time: 3960
UFX:true
|F|:12552
|X|:17
|A|:828
|P|:0
|E|:0
h(I):0.0
f(n) = 1.0 (Expanded Nodes: 12, Evaluated States: 48, Time: 0.04) Frontier Size: 36
f(n) = 2.0 (Expanded Nodes: 138, Evaluated States: 447, Time: 0.132) Frontier Size: 309
f(n) = 3.0 (Expanded Nodes: 827, Evaluated States: 2355, Time: 0.357) Frontier Size: 1528
f(n) = 4.0 (Expanded Nodes: 3370, Evaluated States: 8404, Time: 0.718) Frontier Size: 5034
f(n) = 5.0 (Expanded Nodes: 10742, Evaluated States: 23140, Time: 1.353) Frontier Size: 12398
Problem Solved

Found Plan:
0.0: (validate_payload t0 a7 t1)
1.0: (sync_actions a7)
2.0: (change_value a10 integer v0)
3.0: (validate_payload t1 a10 t2)
4.0: (sync_actions a10)
5.0: (validate_payload t2 a12 t3)
6.0: (sync_actions a12)
7.0: (validate_payload t3 a11 t4)
8.0: (sync_actions a11)
9.0: (validate_payload t4 a8 t5)
10.0: (sync_actions a8)
11.0: (add_action a1)
12.0: (check_added_variables_model a1)
13.0: (move_in_model_move_automata a1)
14.0: (validate_payload t5 a2 t6)
15.0: (sync_actions a2)
16.0: (validate_payload t6 a0 t7)
17.0: (sync_actions a0)
18.0: (add_action a9)
19.0: (check_added_variables_model a9)
20.0: (move_in_model_move_automata a9)

Plan-Length:21
Metric (Search):5.0
Planning Time (msec): 1566
Heuristic Time (msec): 6
Search Time (msec): 1559
Expanded Nodes:13658
States Evaluated:28967
Number of Dead-Ends detected:0
Number of Duplicates detected:276
/usr/bin/time -v timeout 600 java -Xmx64g -jar ./enhsp3.jar -o ./domain_with_failure.pddl -f ./problems/BasePN-1And-del-2-d7/problem32.pddl -h blind -s WAStar
Domain parsed
Problem parsed
Grounding..
Grounding Time: 3904
UFX:true
|F|:12552
|X|:16
|A|:828
|P|:0
|E|:0
h(I):0.0
f(n) = 1.0 (Expanded Nodes: 12, Evaluated States: 45, Time: 0.037) Frontier Size: 33
f(n) = 2.0 (Expanded Nodes: 131, Evaluated States: 389, Time: 0.122) Frontier Size: 258
f(n) = 3.0 (Expanded Nodes: 704, Evaluated States: 1833, Time: 0.261) Frontier Size: 1129
f(n) = 4.0 (Expanded Nodes: 2427, Evaluated States: 5608, Time: 0.438) Frontier Size: 3181
f(n) = 5.0 (Expanded Nodes: 6418, Evaluated States: 13008, Time: 0.773) Frontier Size: 6590
Problem Solved

Found Plan:
0.0: (validate_payload t0 a7 t1)
1.0: (sync_actions a7)
2.0: (change_value a10 integer v0)
3.0: (validate_payload t1 a10 t2)
4.0: (sync_actions a10)
5.0: (validate_payload t2 a12 t3)
6.0: (sync_actions a12)
7.0: (validate_payload t3 a11 t4)
8.0: (sync_actions a11)
9.0: (validate_payload t4 a8 t5)
10.0: (sync_actions a8)
11.0: (add_action a1)
12.0: (check_added_variables_model a1)
13.0: (move_in_model_move_automata a1)
14.0: (add_action a0)
15.0: (check_added_variables_model a0)
16.0: (move_in_model_move_automata a0)
17.0: (validate_payload t5 a2 t6)
18.0: (sync_actions a2)
19.0: (validate_payload t6 a9 t7)
20.0: (sync_actions a9)

Plan-Length:21
Metric (Search):5.0
Planning Time (msec): 881
Heuristic Time (msec): 6
Search Time (msec): 879
Expanded Nodes:8380
States Evaluated:16724
Number of Dead-Ends detected:0
Number of Duplicates detected:289
/usr/bin/time -v timeout 600 java -Xmx64g -jar ./enhsp3.jar -o ./domain_with_failure.pddl -f ./problems/BasePN-1And-del-2-d7/problem33.pddl -h blind -s WAStar
Domain parsed
Problem parsed
Grounding..
Grounding Time: 4099
UFX:true
|F|:12552
|X|:16
|A|:828
|P|:0
|E|:0
h(I):0.0
f(n) = 1.0 (Expanded Nodes: 6, Evaluated States: 23, Time: 0.033) Frontier Size: 17
f(n) = 2.0 (Expanded Nodes: 38, Evaluated States: 98, Time: 0.088) Frontier Size: 60
f(n) = 3.0 (Expanded Nodes: 107, Evaluated States: 217, Time: 0.121) Frontier Size: 110
f(n) = 4.0 (Expanded Nodes: 216, Evaluated States: 415, Time: 0.153) Frontier Size: 199
f(n) = 5.0 (Expanded Nodes: 447, Evaluated States: 755, Time: 0.198) Frontier Size: 308
Problem Solved

Found Plan:
0.0: (validate_payload t0 a7 t1)
1.0: (sync_actions a7)
2.0: (validate_payload t1 a10 t2)
3.0: (sync_actions a10)
4.0: (add_action a12)
5.0: (move_in_model_parameter a12 sDEC1_1 categorical c2)
6.0: (check_added_variables_model a12)
7.0: (move_in_model_move_automata a12)
8.0: (add_action a11)
9.0: (check_added_variables_model a11)
10.0: (move_in_model_move_automata a11)
11.0: (validate_payload t2 a8 t3)
12.0: (sync_actions a8)
13.0: (validate_payload t3 a0 t4)
14.0: (sync_actions a0)
15.0: (validate_payload t4 a1 t5)
16.0: (sync_actions a1)
17.0: (validate_payload t5 a2 t6)
18.0: (sync_actions a2)
19.0: (validate_payload t6 a9 t7)
20.0: (sync_actions a9)

Plan-Length:21
Metric (Search):5.0
Planning Time (msec): 253
Heuristic Time (msec): 10
Search Time (msec): 250
Expanded Nodes:856
States Evaluated:1429
Number of Dead-Ends detected:0
Number of Duplicates detected:27
/usr/bin/time -v timeout 600 java -Xmx64g -jar ./enhsp3.jar -o ./domain_with_failure.pddl -f ./problems/BasePN-1And-del-2-d7/problem34.pddl -h blind -s WAStar
Domain parsed
Problem parsed
Grounding..
Grounding Time: 3944
UFX:true
|F|:12552
|X|:16
|A|:828
|P|:0
|E|:0
h(I):0.0
f(n) = 1.0 (Expanded Nodes: 8, Evaluated States: 34, Time: 0.032) Frontier Size: 26
f(n) = 2.0 (Expanded Nodes: 66, Evaluated States: 210, Time: 0.108) Frontier Size: 144
f(n) = 3.0 (Expanded Nodes: 264, Evaluated States: 665, Time: 0.186) Frontier Size: 401
f(n) = 4.0 (Expanded Nodes: 718, Evaluated States: 1468, Time: 0.288) Frontier Size: 750
f(n) = 5.0 (Expanded Nodes: 1642, Evaluated States: 2888, Time: 0.457) Frontier Size: 1246
Problem Solved

Found Plan:
0.0: (validate_payload t0 a7 t1)
1.0: (sync_actions a7)
2.0: (validate_payload t1 a10 t2)
3.0: (sync_actions a10)
4.0: (validate_payload t2 a12 t3)
5.0: (sync_actions a12)
6.0: (add_action a11)
7.0: (check_added_variables_model a11)
8.0: (move_in_model_move_automata a11)
9.0: (validate_payload t3 a8 t4)
10.0: (sync_actions a8)
11.0: (add_action a1)
12.0: (move_in_model_parameter a1 sDEC2_2 integer v5)
13.0: (check_added_variables_model a1)
14.0: (move_in_model_move_automata a1)
15.0: (validate_payload t4 a2 t5)
16.0: (sync_actions a2)
17.0: (validate_payload t5 a0 t6)
18.0: (sync_actions a0)
19.0: (validate_payload t6 a9 t7)
20.0: (sync_actions a9)

Plan-Length:21
Metric (Search):5.0
Planning Time (msec): 579
Heuristic Time (msec): 8
Search Time (msec): 572
Expanded Nodes:2897
States Evaluated:4986
Number of Dead-Ends detected:0
Number of Duplicates detected:43
/usr/bin/time -v timeout 600 java -Xmx64g -jar ./enhsp3.jar -o ./domain_with_failure.pddl -f ./problems/BasePN-1And-del-2-d7/problem35.pddl -h blind -s WAStar
Domain parsed
Problem parsed
Grounding..
Grounding Time: 3946
UFX:true
|F|:12552
|X|:16
|A|:828
|P|:0
|E|:0
h(I):0.0
f(n) = 1.0 (Expanded Nodes: 2, Evaluated States: 8, Time: 0.02) Frontier Size: 6
f(n) = 2.0 (Expanded Nodes: 6, Evaluated States: 8, Time: 0.049) Frontier Size: 2
f(n) = 3.0 (Expanded Nodes: 26, Evaluated States: 68, Time: 0.079) Frontier Size: 42
f(n) = 4.0 (Expanded Nodes: 184, Evaluated States: 486, Time: 0.152) Frontier Size: 302
Problem Solved

Found Plan:
0.0: (add_action a7)
1.0: (check_added_variables_model a7)
2.0: (move_in_model_move_automata a7)
3.0: (validate_payload t0 a10 t1)
4.0: (sync_actions a10)
5.0: (validate_payload t1 a12 t2)
6.0: (sync_actions a12)
7.0: (validate_payload t2 a11 t3)
8.0: (sync_actions a11)
9.0: (validate_payload t3 a8 t4)
10.0: (sync_actions a8)
11.0: (validate_payload t4 a0 t5)
12.0: (sync_actions a0)
13.0: (add_action a1)
14.0: (check_added_variables_model a1)
15.0: (move_in_model_move_automata a1)
16.0: (validate_payload t5 a2 t6)
17.0: (sync_actions a2)
18.0: (validate_payload t6 a9 t7)
19.0: (sync_actions a9)

Plan-Length:20
Metric (Search):4.0
Planning Time (msec): 291
Heuristic Time (msec): 7
Search Time (msec): 288
Expanded Nodes:668
States Evaluated:1628
Number of Dead-Ends detected:0
Number of Duplicates detected:6
/usr/bin/time -v timeout 600 java -Xmx64g -jar ./enhsp3.jar -o ./domain_with_failure.pddl -f ./problems/BasePN-1And-del-2-d7/problem36.pddl -h blind -s WAStar
Domain parsed
Problem parsed
Grounding..
Grounding Time: 4081
UFX:true
|F|:12552
|X|:16
|A|:828
|P|:0
|E|:0
h(I):0.0
f(n) = 1.0 (Expanded Nodes: 2, Evaluated States: 8, Time: 0.018) Frontier Size: 6
f(n) = 2.0 (Expanded Nodes: 6, Evaluated States: 8, Time: 0.048) Frontier Size: 2
f(n) = 3.0 (Expanded Nodes: 28, Evaluated States: 67, Time: 0.076) Frontier Size: 39
f(n) = 4.0 (Expanded Nodes: 208, Evaluated States: 506, Time: 0.14) Frontier Size: 298
Problem Solved

Found Plan:
0.0: (add_action a7)
1.0: (check_added_variables_model a7)
2.0: (move_in_model_move_automata a7)
3.0: (validate_payload t0 a10 t1)
4.0: (sync_actions a10)
5.0: (validate_payload t1 a12 t2)
6.0: (sync_actions a12)
7.0: (validate_payload t2 a11 t3)
8.0: (sync_actions a11)
9.0: (validate_payload t3 a8 t4)
10.0: (sync_actions a8)
11.0: (validate_payload t4 a1 t5)
12.0: (sync_actions a1)
13.0: (validate_payload t5 a2 t6)
14.0: (sync_actions a2)
15.0: (validate_payload t6 a0 t7)
16.0: (sync_actions a0)
17.0: (add_action a9)
18.0: (check_added_variables_model a9)
19.0: (move_in_model_move_automata a9)

Plan-Length:20
Metric (Search):4.0
Planning Time (msec): 186
Heuristic Time (msec): 7
Search Time (msec): 179
Expanded Nodes:346
States Evaluated:842
Number of Dead-Ends detected:0
Number of Duplicates detected:4
/usr/bin/time -v timeout 600 java -Xmx64g -jar ./enhsp3.jar -o ./domain_with_failure.pddl -f ./problems/BasePN-1And-del-2-d7/problem37.pddl -h blind -s WAStar
Domain parsed
Problem parsed
Grounding..
Grounding Time: 3903
UFX:true
|F|:12552
|X|:15
|A|:828
|P|:0
|E|:0
h(I):0.0
f(n) = 1.0 (Expanded Nodes: 6, Evaluated States: 22, Time: 0.021) Frontier Size: 16
f(n) = 2.0 (Expanded Nodes: 30, Evaluated States: 72, Time: 0.07) Frontier Size: 42
f(n) = 3.0 (Expanded Nodes: 63, Evaluated States: 123, Time: 0.097) Frontier Size: 60
f(n) = 4.0 (Expanded Nodes: 148, Evaluated States: 293, Time: 0.123) Frontier Size: 145
f(n) = 5.0 (Expanded Nodes: 298, Evaluated States: 546, Time: 0.168) Frontier Size: 248
Problem Solved

Found Plan:
0.0: (validate_payload t0 a7 t1)
1.0: (sync_actions a7)
2.0: (validate_payload t1 a10 t2)
3.0: (sync_actions a10)
4.0: (add_action a12)
5.0: (move_in_model_parameter a12 sDEC1_1 categorical c2)
6.0: (check_added_variables_model a12)
7.0: (move_in_model_move_automata a12)
8.0: (validate_payload t2 a11 t3)
9.0: (sync_actions a11)
10.0: (add_action a8)
11.0: (check_added_variables_model a8)
12.0: (move_in_model_move_automata a8)
13.0: (validate_payload t3 a1 t4)
14.0: (sync_actions a1)
15.0: (validate_payload t4 a0 t5)
16.0: (sync_actions a0)
17.0: (validate_payload t5 a2 t6)
18.0: (sync_actions a2)
19.0: (validate_payload t6 a9 t7)
20.0: (sync_actions a9)

Plan-Length:21
Metric (Search):5.0
Planning Time (msec): 232
Heuristic Time (msec): 3
Search Time (msec): 229
Expanded Nodes:509
States Evaluated:956
Number of Dead-Ends detected:0
Number of Duplicates detected:26
/usr/bin/time -v timeout 600 java -Xmx64g -jar ./enhsp3.jar -o ./domain_with_failure.pddl -f ./problems/BasePN-1And-del-2-d7/problem38.pddl -h blind -s WAStar
Domain parsed
Problem parsed
Grounding..
Grounding Time: 3930
UFX:true
|F|:12552
|X|:17
|A|:828
|P|:0
|E|:0
h(I):0.0
f(n) = 1.0 (Expanded Nodes: 2, Evaluated States: 8, Time: 0.019) Frontier Size: 6
f(n) = 2.0 (Expanded Nodes: 6, Evaluated States: 8, Time: 0.043) Frontier Size: 2
f(n) = 3.0 (Expanded Nodes: 26, Evaluated States: 71, Time: 0.068) Frontier Size: 45
f(n) = 4.0 (Expanded Nodes: 198, Evaluated States: 562, Time: 0.148) Frontier Size: 364
Problem Solved

Found Plan:
0.0: (add_action a7)
1.0: (check_added_variables_model a7)
2.0: (move_in_model_move_automata a7)
3.0: (validate_payload t0 a10 t1)
4.0: (sync_actions a10)
5.0: (validate_payload t1 a12 t2)
6.0: (sync_actions a12)
7.0: (validate_payload t2 a11 t3)
8.0: (sync_actions a11)
9.0: (validate_payload t3 a8 t4)
10.0: (sync_actions a8)
11.0: (validate_payload t4 a1 t5)
12.0: (sync_actions a1)
13.0: (validate_payload t5 a2 t6)
14.0: (sync_actions a2)
15.0: (add_action a0)
16.0: (check_added_variables_model a0)
17.0: (move_in_model_move_automata a0)
18.0: (validate_payload t6 a9 t7)
19.0: (sync_actions a9)

Plan-Length:20
Metric (Search):4.0
Planning Time (msec): 238
Heuristic Time (msec): 19
Search Time (msec): 227
Expanded Nodes:510
States Evaluated:1367
Number of Dead-Ends detected:0
Number of Duplicates detected:2
/usr/bin/time -v timeout 600 java -Xmx64g -jar ./enhsp3.jar -o ./domain_with_failure.pddl -f ./problems/BasePN-1And-del-2-d7/problem39.pddl -h blind -s WAStar
Domain parsed
Problem parsed
Grounding..
Grounding Time: 4090
UFX:true
|F|:12552
|X|:16
|A|:828
|P|:0
|E|:0
h(I):0.0
f(n) = 1.0 (Expanded Nodes: 14, Evaluated States: 52, Time: 0.034) Frontier Size: 38
f(n) = 2.0 (Expanded Nodes: 134, Evaluated States: 404, Time: 0.111) Frontier Size: 270
f(n) = 3.0 (Expanded Nodes: 735, Evaluated States: 1844, Time: 0.3) Frontier Size: 1109
f(n) = 4.0 (Expanded Nodes: 2545, Evaluated States: 5330, Time: 0.543) Frontier Size: 2785
f(n) = 5.0 (Expanded Nodes: 6646, Evaluated States: 12507, Time: 0.903) Frontier Size: 5861
Problem Solved

Found Plan:
0.0: (validate_payload t0 a7 t1)
1.0: (sync_actions a7)
2.0: (validate_payload t1 a10 t2)
3.0: (sync_actions a10)
4.0: (validate_payload t2 a12 t3)
5.0: (sync_actions a12)
6.0: (validate_payload t3 a11 t4)
7.0: (sync_actions a11)
8.0: (validate_payload t4 a8 t5)
9.0: (sync_actions a8)
10.0: (add_action a1)
11.0: (move_in_model_parameter a1 sDEC2_2 integer v5)
12.0: (check_added_variables_model a1)
13.0: (move_in_model_move_automata a1)
14.0: (validate_payload t5 a2 t6)
15.0: (sync_actions a2)
16.0: (add_action a0)
17.0: (check_added_variables_model a0)
18.0: (move_in_model_move_automata a0)
19.0: (validate_payload t6 a9 t7)
20.0: (sync_actions a9)

Plan-Length:21
Metric (Search):5.0
Planning Time (msec): 1030
Heuristic Time (msec): 8
Search Time (msec): 1028
Expanded Nodes:8579
States Evaluated:16180
Number of Dead-Ends detected:0
Number of Duplicates detected:308
/usr/bin/time -v timeout 600 java -Xmx64g -jar ./enhsp3.jar -o ./domain_with_failure.pddl -f ./problems/BasePN-1And-del-2-d7/problem40.pddl -h blind -s WAStar
Domain parsed
Problem parsed
Grounding..
Grounding Time: 3961
UFX:true
|F|:12552
|X|:16
|A|:828
|P|:0
|E|:0
h(I):0.0
f(n) = 1.0 (Expanded Nodes: 14, Evaluated States: 46, Time: 0.036) Frontier Size: 32
f(n) = 2.0 (Expanded Nodes: 128, Evaluated States: 353, Time: 0.114) Frontier Size: 225
f(n) = 3.0 (Expanded Nodes: 572, Evaluated States: 1470, Time: 0.239) Frontier Size: 898
f(n) = 4.0 (Expanded Nodes: 1701, Evaluated States: 3976, Time: 0.409) Frontier Size: 2275
Problem Solved

Found Plan:
0.0: (validate_payload t0 a7 t1)
1.0: (sync_actions a7)
2.0: (validate_payload t1 a10 t2)
3.0: (sync_actions a10)
4.0: (validate_payload t2 a12 t3)
5.0: (sync_actions a12)
6.0: (validate_payload t3 a11 t4)
7.0: (sync_actions a11)
8.0: (validate_payload t4 a8 t5)
9.0: (sync_actions a8)
10.0: (validate_payload t5 a1 t6)
11.0: (sync_actions a1)
12.0: (add_action a0)
13.0: (check_added_variables_model a0)
14.0: (move_in_model_move_automata a0)
15.0: (add_action a2)
16.0: (check_added_variables_model a2)
17.0: (move_in_model_move_automata a2)
18.0: (validate_payload t6 a9 t7)
19.0: (sync_actions a9)

Plan-Length:20
Metric (Search):4.0
Planning Time (msec): 500
Heuristic Time (msec): 6
Search Time (msec): 498
Expanded Nodes:2811
States Evaluated:5994
Number of Dead-Ends detected:0
Number of Duplicates detected:110
/usr/bin/time -v timeout 600 java -Xmx64g -jar ./enhsp3.jar -o ./domain_with_failure.pddl -f ./problems/BasePN-1And-del-2-d7/problem41.pddl -h blind -s WAStar
Domain parsed
Problem parsed
Grounding..
Grounding Time: 4013
UFX:true
|F|:12552
|X|:17
|A|:828
|P|:0
|E|:0
h(I):0.0
f(n) = 1.0 (Expanded Nodes: 2, Evaluated States: 8, Time: 0.017) Frontier Size: 6
f(n) = 2.0 (Expanded Nodes: 6, Evaluated States: 8, Time: 0.051) Frontier Size: 2
f(n) = 3.0 (Expanded Nodes: 20, Evaluated States: 47, Time: 0.069) Frontier Size: 27
f(n) = 4.0 (Expanded Nodes: 87, Evaluated States: 203, Time: 0.101) Frontier Size: 116
Problem Solved

Found Plan:
0.0: (add_action a7)
1.0: (check_added_variables_model a7)
2.0: (move_in_model_move_automata a7)
3.0: (validate_payload t0 a10 t1)
4.0: (sync_actions a10)
5.0: (validate_payload t1 a12 t2)
6.0: (sync_actions a12)
7.0: (validate_payload t2 a11 t3)
8.0: (sync_actions a11)
9.0: (add_action a8)
10.0: (check_added_variables_model a8)
11.0: (move_in_model_move_automata a8)
12.0: (validate_payload t3 a1 t4)
13.0: (sync_actions a1)
14.0: (validate_payload t4 a2 t5)
15.0: (sync_actions a2)
16.0: (validate_payload t5 a0 t6)
17.0: (sync_actions a0)
18.0: (validate_payload t6 a9 t7)
19.0: (sync_actions a9)

Plan-Length:20
Metric (Search):4.0
Planning Time (msec): 162
Heuristic Time (msec): 4
Search Time (msec): 155
Expanded Nodes:297
States Evaluated:673
Number of Dead-Ends detected:0
Number of Duplicates detected:5
/usr/bin/time -v timeout 600 java -Xmx64g -jar ./enhsp3.jar -o ./domain_with_failure.pddl -f ./problems/BasePN-1And-del-2-d7/problem42.pddl -h blind -s WAStar
Domain parsed
Problem parsed
Grounding..
Grounding Time: 3952
UFX:true
|F|:12552
|X|:17
|A|:828
|P|:0
|E|:0
h(I):0.0
f(n) = 1.0 (Expanded Nodes: 10, Evaluated States: 38, Time: 0.034) Frontier Size: 28
f(n) = 2.0 (Expanded Nodes: 97, Evaluated States: 287, Time: 0.099) Frontier Size: 190
f(n) = 3.0 (Expanded Nodes: 454, Evaluated States: 1157, Time: 0.216) Frontier Size: 703
f(n) = 4.0 (Expanded Nodes: 1367, Evaluated States: 3139, Time: 0.347) Frontier Size: 1772
f(n) = 5.0 (Expanded Nodes: 3384, Evaluated States: 7063, Time: 0.525) Frontier Size: 3679
Problem Solved

Found Plan:
0.0: (validate_payload t0 a7 t1)
1.0: (sync_actions a7)
2.0: (validate_payload t1 a10 t2)
3.0: (sync_actions a10)
4.0: (validate_payload t2 a12 t3)
5.0: (sync_actions a12)
6.0: (validate_payload t3 a11 t4)
7.0: (sync_actions a11)
8.0: (add_action a8)
9.0: (check_added_variables_model a8)
10.0: (move_in_model_move_automata a8)
11.0: (validate_payload t4 a0 t5)
12.0: (sync_actions a0)
13.0: (validate_payload t5 a1 t6)
14.0: (sync_actions a1)
15.0: (add_action a2)
16.0: (move_in_model_parameter a2 sDEC6_2 integer v30)
17.0: (check_added_variables_model a2)
18.0: (move_in_model_move_automata a2)
19.0: (validate_payload t6 a9 t7)
20.0: (sync_actions a9)

Plan-Length:21
Metric (Search):5.0
Planning Time (msec): 555
Heuristic Time (msec): 1
Search Time (msec): 548
Expanded Nodes:3661
States Evaluated:7554
Number of Dead-Ends detected:0
Number of Duplicates detected:37
/usr/bin/time -v timeout 600 java -Xmx64g -jar ./enhsp3.jar -o ./domain_with_failure.pddl -f ./problems/BasePN-1And-del-2-d7/problem43.pddl -h blind -s WAStar
Domain parsed
Problem parsed
Grounding..
Grounding Time: 3992
UFX:true
|F|:12552
|X|:16
|A|:828
|P|:0
|E|:0
h(I):0.0
f(n) = 1.0 (Expanded Nodes: 8, Evaluated States: 29, Time: 0.031) Frontier Size: 21
f(n) = 2.0 (Expanded Nodes: 63, Evaluated States: 166, Time: 0.096) Frontier Size: 103
f(n) = 3.0 (Expanded Nodes: 230, Evaluated States: 500, Time: 0.151) Frontier Size: 270
f(n) = 4.0 (Expanded Nodes: 573, Evaluated States: 1162, Time: 0.207) Frontier Size: 589
Problem Solved

Found Plan:
0.0: (validate_payload t0 a7 t1)
1.0: (sync_actions a7)
2.0: (validate_payload t1 a10 t2)
3.0: (sync_actions a10)
4.0: (validate_payload t2 a12 t3)
5.0: (sync_actions a12)
6.0: (add_action a11)
7.0: (check_added_variables_model a11)
8.0: (move_in_model_move_automata a11)
9.0: (validate_payload t3 a8 t4)
10.0: (sync_actions a8)
11.0: (add_action a0)
12.0: (check_added_variables_model a0)
13.0: (move_in_model_move_automata a0)
14.0: (validate_payload t4 a1 t5)
15.0: (sync_actions a1)
16.0: (validate_payload t5 a2 t6)
17.0: (sync_actions a2)
18.0: (validate_payload t6 a9 t7)
19.0: (sync_actions a9)

Plan-Length:20
Metric (Search):4.0
Planning Time (msec): 281
Heuristic Time (msec): 5
Search Time (msec): 273
Expanded Nodes:1040
States Evaluated:2005
Number of Dead-Ends detected:0
Number of Duplicates detected:18
/usr/bin/time -v timeout 600 java -Xmx64g -jar ./enhsp3.jar -o ./domain_with_failure.pddl -f ./problems/BasePN-1And-del-2-d7/problem44.pddl -h blind -s WAStar
Domain parsed
Problem parsed
Grounding..
Grounding Time: 3901
UFX:true
|F|:12552
|X|:15
|A|:828
|P|:0
|E|:0
h(I):0.0
f(n) = 1.0 (Expanded Nodes: 6, Evaluated States: 22, Time: 0.029) Frontier Size: 16
f(n) = 2.0 (Expanded Nodes: 38, Evaluated States: 94, Time: 0.079) Frontier Size: 56
f(n) = 3.0 (Expanded Nodes: 109, Evaluated States: 222, Time: 0.12) Frontier Size: 113
f(n) = 4.0 (Expanded Nodes: 246, Evaluated States: 540, Time: 0.158) Frontier Size: 294
f(n) = 5.0 (Expanded Nodes: 622, Evaluated States: 1300, Time: 0.26) Frontier Size: 678
Problem Solved

Found Plan:
0.0: (validate_payload t0 a7 t1)
1.0: (sync_actions a7)
2.0: (validate_payload t1 a10 t2)
3.0: (sync_actions a10)
4.0: (add_action a12)
5.0: (move_in_model_parameter a12 sDEC1_1 categorical c2)
6.0: (check_added_variables_model a12)
7.0: (move_in_model_move_automata a12)
8.0: (validate_payload t2 a11 t3)
9.0: (sync_actions a11)
10.0: (validate_payload t3 a8 t4)
11.0: (sync_actions a8)
12.0: (add_action a1)
13.0: (check_added_variables_model a1)
14.0: (move_in_model_move_automata a1)
15.0: (validate_payload t4 a2 t5)
16.0: (sync_actions a2)
17.0: (validate_payload t5 a0 t6)
18.0: (sync_actions a0)
19.0: (validate_payload t6 a9 t7)
20.0: (sync_actions a9)

Plan-Length:21
Metric (Search):5.0
Planning Time (msec): 373
Heuristic Time (msec): 6
Search Time (msec): 371
Expanded Nodes:1265
States Evaluated:2428
Number of Dead-Ends detected:0
Number of Duplicates detected:41
/usr/bin/time -v timeout 600 java -Xmx64g -jar ./enhsp3.jar -o ./domain_with_failure.pddl -f ./problems/BasePN-1And-del-2-d7/problem45.pddl -h blind -s WAStar
Domain parsed
Problem parsed
Grounding..
Grounding Time: 4022
UFX:true
|F|:12552
|X|:15
|A|:828
|P|:0
|E|:0
h(I):0.0
f(n) = 2.0 (Expanded Nodes: 2, Evaluated States: 4, Time: 0.017) Frontier Size: 2
f(n) = 3.0 (Expanded Nodes: 22, Evaluated States: 56, Time: 0.074) Frontier Size: 34
f(n) = 4.0 (Expanded Nodes: 122, Evaluated States: 289, Time: 0.118) Frontier Size: 167
Problem Solved

Found Plan:
0.0: (add_action a7)
1.0: (check_added_variables_model a7)
2.0: (move_in_model_move_automata a7)
3.0: (validate_payload t0 a10 t1)
4.0: (sync_actions a10)
5.0: (validate_payload t1 a12 t2)
6.0: (sync_actions a12)
7.0: (validate_payload t2 a11 t3)
8.0: (sync_actions a11)
9.0: (validate_payload t3 a8 t4)
10.0: (sync_actions a8)
11.0: (validate_payload t4 a1 t5)
12.0: (sync_actions a1)
13.0: (validate_payload t5 a0 t6)
14.0: (sync_actions a0)
15.0: (add_action a2)
16.0: (check_added_variables_model a2)
17.0: (move_in_model_move_automata a2)
18.0: (validate_payload t6 a9 t7)
19.0: (sync_actions a9)

Plan-Length:20
Metric (Search):4.0
Planning Time (msec): 167
Heuristic Time (msec): 2
Search Time (msec): 161
Expanded Nodes:259
States Evaluated:608
Number of Dead-Ends detected:0
Number of Duplicates detected:4
/usr/bin/time -v timeout 600 java -Xmx64g -jar ./enhsp3.jar -o ./domain_with_failure.pddl -f ./problems/BasePN-1And-del-2-d7/problem46.pddl -h blind -s WAStar
Domain parsed
Problem parsed
Grounding..
Grounding Time: 3972
UFX:true
|F|:12552
|X|:16
|A|:828
|P|:0
|E|:0
h(I):0.0
f(n) = 1.0 (Expanded Nodes: 6, Evaluated States: 25, Time: 0.032) Frontier Size: 19
f(n) = 2.0 (Expanded Nodes: 41, Evaluated States: 118, Time: 0.083) Frontier Size: 77
f(n) = 3.0 (Expanded Nodes: 129, Evaluated States: 271, Time: 0.128) Frontier Size: 142
f(n) = 4.0 (Expanded Nodes: 264, Evaluated States: 474, Time: 0.165) Frontier Size: 210
f(n) = 5.0 (Expanded Nodes: 494, Evaluated States: 836, Time: 0.235) Frontier Size: 342
Problem Solved

Found Plan:
0.0: (validate_payload t0 a7 t1)
1.0: (sync_actions a7)
2.0: (validate_payload t1 a10 t2)
3.0: (sync_actions a10)
4.0: (add_action a12)
5.0: (move_in_model_parameter a12 sDEC1_1 categorical c2)
6.0: (check_added_variables_model a12)
7.0: (move_in_model_move_automata a12)
8.0: (add_action a11)
9.0: (check_added_variables_model a11)
10.0: (move_in_model_move_automata a11)
11.0: (validate_payload t2 a8 t3)
12.0: (sync_actions a8)
13.0: (validate_payload t3 a0 t4)
14.0: (sync_actions a0)
15.0: (validate_payload t4 a1 t5)
16.0: (sync_actions a1)
17.0: (validate_payload t5 a2 t6)
18.0: (sync_actions a2)
19.0: (validate_payload t6 a9 t7)
20.0: (sync_actions a9)

Plan-Length:21
Metric (Search):5.0
Planning Time (msec): 344
Heuristic Time (msec): 6
Search Time (msec): 342
Expanded Nodes:971
States Evaluated:1603
Number of Dead-Ends detected:0
Number of Duplicates detected:40
/usr/bin/time -v timeout 600 java -Xmx64g -jar ./enhsp3.jar -o ./domain_with_failure.pddl -f ./problems/BasePN-1And-del-2-d7/problem47.pddl -h blind -s WAStar
Domain parsed
Problem parsed
Grounding..
Grounding Time: 4013
UFX:true
|F|:12552
|X|:15
|A|:828
|P|:0
|E|:0
h(I):0.0
f(n) = 1.0 (Expanded Nodes: 6, Evaluated States: 19, Time: 0.029) Frontier Size: 13
f(n) = 2.0 (Expanded Nodes: 33, Evaluated States: 67, Time: 0.073) Frontier Size: 34
f(n) = 3.0 (Expanded Nodes: 80, Evaluated States: 134, Time: 0.116) Frontier Size: 54
f(n) = 4.0 (Expanded Nodes: 163, Evaluated States: 289, Time: 0.149) Frontier Size: 126
Problem Solved

Found Plan:
0.0: (validate_payload t0 a7 t1)
1.0: (sync_actions a7)
2.0: (add_action a10)
3.0: (check_added_variables_model a10)
4.0: (move_in_model_move_automata a10)
5.0: (validate_payload t1 a12 t2)
6.0: (sync_actions a12)
7.0: (add_action a11)
8.0: (check_added_variables_model a11)
9.0: (move_in_model_move_automata a11)
10.0: (validate_payload t2 a8 t3)
11.0: (sync_actions a8)
12.0: (validate_payload t3 a1 t4)
13.0: (sync_actions a1)
14.0: (validate_payload t4 a2 t5)
15.0: (sync_actions a2)
16.0: (validate_payload t5 a0 t6)
17.0: (sync_actions a0)
18.0: (validate_payload t6 a9 t7)
19.0: (sync_actions a9)

Plan-Length:20
Metric (Search):4.0
Planning Time (msec): 193
Heuristic Time (msec): 5
Search Time (msec): 190
Expanded Nodes:265
States Evaluated:453
Number of Dead-Ends detected:0
Number of Duplicates detected:19
/usr/bin/time -v timeout 600 java -Xmx64g -jar ./enhsp3.jar -o ./domain_with_failure.pddl -f ./problems/BasePN-1And-del-2-d7/problem48.pddl -h blind -s WAStar
Domain parsed
Problem parsed
Grounding..
Grounding Time: 3820
UFX:true
|F|:12552
|X|:17
|A|:828
|P|:0
|E|:0
h(I):0.0
f(n) = 1.0 (Expanded Nodes: 6, Evaluated States: 26, Time: 0.025) Frontier Size: 20
f(n) = 2.0 (Expanded Nodes: 42, Evaluated States: 126, Time: 0.076) Frontier Size: 84
f(n) = 3.0 (Expanded Nodes: 145, Evaluated States: 321, Time: 0.12) Frontier Size: 176
f(n) = 4.0 (Expanded Nodes: 414, Evaluated States: 930, Time: 0.198) Frontier Size: 516
f(n) = 5.0 (Expanded Nodes: 1425, Evaluated States: 3635, Time: 0.37) Frontier Size: 2210
Problem Solved

Found Plan:
0.0: (validate_payload t0 a7 t1)
1.0: (sync_actions a7)
2.0: (validate_payload t1 a10 t2)
3.0: (sync_actions a10)
4.0: (add_action a12)
5.0: (move_in_model_parameter a12 sDEC1_1 categorical c2)
6.0: (check_added_variables_model a12)
7.0: (move_in_model_move_automata a12)
8.0: (validate_payload t2 a11 t3)
9.0: (sync_actions a11)
10.0: (validate_payload t3 a8 t4)
11.0: (sync_actions a8)
12.0: (validate_payload t4 a1 t5)
13.0: (sync_actions a1)
14.0: (add_action a0)
15.0: (check_added_variables_model a0)
16.0: (move_in_model_move_automata a0)
17.0: (validate_payload t5 a2 t6)
18.0: (sync_actions a2)
19.0: (validate_payload t6 a9 t7)
20.0: (sync_actions a9)

Plan-Length:21
Metric (Search):5.0
Planning Time (msec): 387
Heuristic Time (msec): 2
Search Time (msec): 373
Expanded Nodes:1483
States Evaluated:3768
Number of Dead-Ends detected:0
Number of Duplicates detected:18
/usr/bin/time -v timeout 600 java -Xmx64g -jar ./enhsp3.jar -o ./domain_with_failure.pddl -f ./problems/BasePN-1And-del-2-d7/problem49.pddl -h blind -s WAStar
Domain parsed
Problem parsed
Grounding..
Grounding Time: 4090
UFX:true
|F|:12552
|X|:16
|A|:828
|P|:0
|E|:0
h(I):0.0
f(n) = 1.0 (Expanded Nodes: 10, Evaluated States: 33, Time: 0.034) Frontier Size: 23
f(n) = 2.0 (Expanded Nodes: 69, Evaluated States: 174, Time: 0.104) Frontier Size: 105
f(n) = 3.0 (Expanded Nodes: 220, Evaluated States: 485, Time: 0.167) Frontier Size: 265
f(n) = 4.0 (Expanded Nodes: 541, Evaluated States: 1083, Time: 0.235) Frontier Size: 542
Problem Solved

Found Plan:
0.0: (validate_payload t0 a7 t1)
1.0: (sync_actions a7)
2.0: (validate_payload t1 a10 t2)
3.0: (sync_actions a10)
4.0: (validate_payload t2 a12 t3)
5.0: (sync_actions a12)
6.0: (validate_payload t3 a11 t4)
7.0: (sync_actions a11)
8.0: (add_action a8)
9.0: (check_added_variables_model a8)
10.0: (move_in_model_move_automata a8)
11.0: (add_action a0)
12.0: (check_added_variables_model a0)
13.0: (move_in_model_move_automata a0)
14.0: (validate_payload t4 a1 t5)
15.0: (sync_actions a1)
16.0: (validate_payload t5 a2 t6)
17.0: (sync_actions a2)
18.0: (validate_payload t6 a9 t7)
19.0: (sync_actions a9)

Plan-Length:20
Metric (Search):4.0
Planning Time (msec): 326
Heuristic Time (msec): 6
Search Time (msec): 317
Expanded Nodes:1119
States Evaluated:2119
Number of Dead-Ends detected:0
Number of Duplicates detected:46
/usr/bin/time -v timeout 600 java -Xmx64g -jar ./enhsp3.jar -o ./domain_with_failure.pddl -f ./problems/BasePN-1And-del-2-d7/problem50.pddl -h blind -s WAStar
Domain parsed
Problem parsed
Grounding..
Grounding Time: 3802
UFX:true
|F|:12552
|X|:16
|A|:828
|P|:0
|E|:0
h(I):0.0
f(n) = 1.0 (Expanded Nodes: 8, Evaluated States: 25, Time: 0.032) Frontier Size: 17
f(n) = 2.0 (Expanded Nodes: 43, Evaluated States: 98, Time: 0.083) Frontier Size: 55
f(n) = 3.0 (Expanded Nodes: 96, Evaluated States: 192, Time: 0.119) Frontier Size: 96
f(n) = 4.0 (Expanded Nodes: 209, Evaluated States: 368, Time: 0.152) Frontier Size: 159
Problem Solved

Found Plan:
0.0: (validate_payload t0 a7 t1)
1.0: (sync_actions a7)
2.0: (validate_payload t1 a10 t2)
3.0: (sync_actions a10)
4.0: (validate_payload t2 a12 t3)
5.0: (sync_actions a12)
6.0: (add_action a11)
7.0: (check_added_variables_model a11)
8.0: (move_in_model_move_automata a11)
9.0: (add_action a8)
10.0: (check_added_variables_model a8)
11.0: (move_in_model_move_automata a8)
12.0: (validate_payload t3 a0 t4)
13.0: (sync_actions a0)
14.0: (validate_payload t4 a1 t5)
15.0: (sync_actions a1)
16.0: (validate_payload t5 a2 t6)
17.0: (sync_actions a2)
18.0: (validate_payload t6 a9 t7)
19.0: (sync_actions a9)

Plan-Length:20
Metric (Search):4.0
Planning Time (msec): 210
Heuristic Time (msec): 7
Search Time (msec): 206
Expanded Nodes:386
States Evaluated:598
Number of Dead-Ends detected:0
Number of Duplicates detected:25
/usr/bin/time -v timeout 600 java -Xmx64g -jar ./enhsp3.jar -o ./domain_with_failure.pddl -f ./problems/BasePN-1And-del-2-d7/problem51.pddl -h blind -s WAStar
Domain parsed
Problem parsed
Grounding..
Grounding Time: 3880
UFX:true
|F|:12552
|X|:16
|A|:828
|P|:0
|E|:0
h(I):0.0
f(n) = 1.0 (Expanded Nodes: 6, Evaluated States: 26, Time: 0.03) Frontier Size: 20
f(n) = 2.0 (Expanded Nodes: 42, Evaluated States: 126, Time: 0.09) Frontier Size: 84
f(n) = 3.0 (Expanded Nodes: 145, Evaluated States: 321, Time: 0.137) Frontier Size: 176
f(n) = 4.0 (Expanded Nodes: 402, Evaluated States: 892, Time: 0.219) Frontier Size: 490
f(n) = 5.0 (Expanded Nodes: 1243, Evaluated States: 3091, Time: 0.431) Frontier Size: 1848
Problem Solved

Found Plan:
0.0: (validate_payload t0 a7 t1)
1.0: (sync_actions a7)
2.0: (validate_payload t1 a10 t2)
3.0: (sync_actions a10)
4.0: (add_action a12)
5.0: (move_in_model_parameter a12 sDEC1_1 categorical c2)
6.0: (check_added_variables_model a12)
7.0: (move_in_model_move_automata a12)
8.0: (validate_payload t2 a11 t3)
9.0: (sync_actions a11)
10.0: (validate_payload t3 a8 t4)
11.0: (sync_actions a8)
12.0: (validate_payload t4 a1 t5)
13.0: (sync_actions a1)
14.0: (add_action a0)
15.0: (check_added_variables_model a0)
16.0: (move_in_model_move_automata a0)
17.0: (validate_payload t5 a2 t6)
18.0: (sync_actions a2)
19.0: (validate_payload t6 a9 t7)
20.0: (sync_actions a9)

Plan-Length:21
Metric (Search):5.0
Planning Time (msec): 458
Heuristic Time (msec): 5
Search Time (msec): 456
Expanded Nodes:1431
States Evaluated:3501
Number of Dead-Ends detected:0
Number of Duplicates detected:20
/usr/bin/time -v timeout 600 java -Xmx64g -jar ./enhsp3.jar -o ./domain_with_failure.pddl -f ./problems/BasePN-1And-del-2-d7/problem52.pddl -h blind -s WAStar
Domain parsed
Problem parsed
Grounding..
Grounding Time: 3867
UFX:true
|F|:12552
|X|:16
|A|:828
|P|:0
|E|:0
h(I):0.0
f(n) = 1.0 (Expanded Nodes: 6, Evaluated States: 23, Time: 0.023) Frontier Size: 17
f(n) = 2.0 (Expanded Nodes: 22, Evaluated States: 57, Time: 0.06) Frontier Size: 35
f(n) = 3.0 (Expanded Nodes: 67, Evaluated States: 156, Time: 0.103) Frontier Size: 89
f(n) = 4.0 (Expanded Nodes: 251, Evaluated States: 687, Time: 0.171) Frontier Size: 436
f(n) = 5.0 (Expanded Nodes: 1115, Evaluated States: 3025, Time: 0.378) Frontier Size: 1910
f(n) = 6.0 (Expanded Nodes: 3904, Evaluated States: 9417, Time: 0.722) Frontier Size: 5513
Problem Solved

Found Plan:
0.0: (validate_payload t0 a7 t1)
1.0: (sync_actions a7)
2.0: (validate_payload t1 a10 t2)
3.0: (sync_actions a10)
4.0: (add_action a12)
5.0: (move_in_model_parameter a12 sDEC1_1 categorical c2)
6.0: (check_added_variables_model a12)
7.0: (move_in_model_move_automata a12)
8.0: (validate_payload t2 a11 t3)
9.0: (sync_actions a11)
10.0: (validate_payload t3 a8 t4)
11.0: (sync_actions a8)
12.0: (validate_payload t4 a1 t5)
13.0: (sync_actions a1)
14.0: (validate_payload t5 a0 t6)
15.0: (sync_actions a0)
16.0: (add_action a2)
17.0: (move_in_model_parameter a2 sDEC6_2 integer v15)
18.0: (check_added_variables_model a2)
19.0: (move_in_model_move_automata a2)
20.0: (validate_payload t6 a9 t7)
21.0: (sync_actions a9)

Plan-Length:22
Metric (Search):6.0
Planning Time (msec): 1002
Heuristic Time (msec): 5
Search Time (msec): 998
Expanded Nodes:6844
States Evaluated:15259
Number of Dead-Ends detected:0
Number of Duplicates detected:161
/usr/bin/time -v timeout 600 java -Xmx64g -jar ./enhsp3.jar -o ./domain_with_failure.pddl -f ./problems/BasePN-1And-del-2-d7/problem53.pddl -h blind -s WAStar
Domain parsed
Problem parsed
Grounding..
Grounding Time: 4069
UFX:true
|F|:12552
|X|:16
|A|:828
|P|:0
|E|:0
h(I):0.0
f(n) = 1.0 (Expanded Nodes: 6, Evaluated States: 15, Time: 0.024) Frontier Size: 9
f(n) = 2.0 (Expanded Nodes: 13, Evaluated States: 19, Time: 0.057) Frontier Size: 6
f(n) = 3.0 (Expanded Nodes: 42, Evaluated States: 83, Time: 0.085) Frontier Size: 41
f(n) = 4.0 (Expanded Nodes: 122, Evaluated States: 228, Time: 0.122) Frontier Size: 106
Problem Solved

Found Plan:
0.0: (validate_payload t0 a7 t1)
1.0: (sync_actions a7)
2.0: (add_action a10)
3.0: (check_added_variables_model a10)
4.0: (move_in_model_move_automata a10)
5.0: (validate_payload t1 a12 t2)
6.0: (sync_actions a12)
7.0: (validate_payload t2 a11 t3)
8.0: (sync_actions a11)
9.0: (validate_payload t3 a8 t4)
10.0: (sync_actions a8)
11.0: (validate_payload t4 a0 t5)
12.0: (sync_actions a0)
13.0: (validate_payload t5 a1 t6)
14.0: (sync_actions a1)
15.0: (validate_payload t6 a2 t7)
16.0: (sync_actions a2)
17.0: (add_action a9)
18.0: (check_added_variables_model a9)
19.0: (move_in_model_move_automata a9)

Plan-Length:20
Metric (Search):4.0
Planning Time (msec): 147
Heuristic Time (msec): 3
Search Time (msec): 137
Expanded Nodes:160
States Evaluated:295
Number of Dead-Ends detected:0
Number of Duplicates detected:9
/usr/bin/time -v timeout 600 java -Xmx64g -jar ./enhsp3.jar -o ./domain_with_failure.pddl -f ./problems/BasePN-1And-del-2-d7/problem54.pddl -h blind -s WAStar
Domain parsed
Problem parsed
Grounding..
Grounding Time: 4056
UFX:true
|F|:12552
|X|:17
|A|:828
|P|:0
|E|:0
h(I):0.0
f(n) = 1.0 (Expanded Nodes: 8, Evaluated States: 31, Time: 0.03) Frontier Size: 23
f(n) = 2.0 (Expanded Nodes: 63, Evaluated States: 177, Time: 0.093) Frontier Size: 114
f(n) = 3.0 (Expanded Nodes: 231, Evaluated States: 528, Time: 0.156) Frontier Size: 297
f(n) = 4.0 (Expanded Nodes: 580, Evaluated States: 1159, Time: 0.213) Frontier Size: 579
Problem Solved

Found Plan:
0.0: (validate_payload t0 a7 t1)
1.0: (sync_actions a7)
2.0: (validate_payload t1 a10 t2)
3.0: (sync_actions a10)
4.0: (validate_payload t2 a12 t3)
5.0: (sync_actions a12)
6.0: (add_action a11)
7.0: (check_added_variables_model a11)
8.0: (move_in_model_move_automata a11)
9.0: (add_action a8)
10.0: (check_added_variables_model a8)
11.0: (move_in_model_move_automata a8)
12.0: (validate_payload t3 a0 t4)
13.0: (sync_actions a0)
14.0: (validate_payload t4 a1 t5)
15.0: (sync_actions a1)
16.0: (validate_payload t5 a2 t6)
17.0: (sync_actions a2)
18.0: (validate_payload t6 a9 t7)
19.0: (sync_actions a9)

Plan-Length:20
Metric (Search):4.0
Planning Time (msec): 291
Heuristic Time (msec): 8
Search Time (msec): 288
Expanded Nodes:1119
States Evaluated:1979
Number of Dead-Ends detected:0
Number of Duplicates detected:11
/usr/bin/time -v timeout 600 java -Xmx64g -jar ./enhsp3.jar -o ./domain_with_failure.pddl -f ./problems/BasePN-1And-del-2-d7/problem55.pddl -h blind -s WAStar
Domain parsed
Problem parsed
Grounding..
Grounding Time: 4055
UFX:true
|F|:12552
|X|:15
|A|:828
|P|:0
|E|:0
h(I):0.0
f(n) = 1.0 (Expanded Nodes: 2, Evaluated States: 8, Time: 0.018) Frontier Size: 6
f(n) = 2.0 (Expanded Nodes: 6, Evaluated States: 8, Time: 0.047) Frontier Size: 2
f(n) = 3.0 (Expanded Nodes: 22, Evaluated States: 56, Time: 0.071) Frontier Size: 34
f(n) = 4.0 (Expanded Nodes: 115, Evaluated States: 272, Time: 0.108) Frontier Size: 157
Problem Solved

Found Plan:
0.0: (add_action a7)
1.0: (check_added_variables_model a7)
2.0: (move_in_model_move_automata a7)
3.0: (validate_payload t0 a10 t1)
4.0: (sync_actions a10)
5.0: (validate_payload t1 a12 t2)
6.0: (sync_actions a12)
7.0: (validate_payload t2 a11 t3)
8.0: (sync_actions a11)
9.0: (add_action a8)
10.0: (check_added_variables_model a8)
11.0: (move_in_model_move_automata a8)
12.0: (validate_payload t3 a1 t4)
13.0: (sync_actions a1)
14.0: (validate_payload t4 a2 t5)
15.0: (sync_actions a2)
16.0: (validate_payload t5 a0 t6)
17.0: (sync_actions a0)
18.0: (validate_payload t6 a9 t7)
19.0: (sync_actions a9)

Plan-Length:20
Metric (Search):4.0
Planning Time (msec): 205
Heuristic Time (msec): 3
Search Time (msec): 198
Expanded Nodes:444
States Evaluated:923
Number of Dead-Ends detected:0
Number of Duplicates detected:4
/usr/bin/time -v timeout 600 java -Xmx64g -jar ./enhsp3.jar -o ./domain_with_failure.pddl -f ./problems/BasePN-1And-del-2-d7/problem56.pddl -h blind -s WAStar
Domain parsed
Problem parsed
Grounding..
Grounding Time: 3927
UFX:true
|F|:12552
|X|:15
|A|:828
|P|:0
|E|:0
h(I):0.0
f(n) = 2.0 (Expanded Nodes: 2, Evaluated States: 4, Time: 0.02) Frontier Size: 2
f(n) = 3.0 (Expanded Nodes: 10, Evaluated States: 27, Time: 0.058) Frontier Size: 17
f(n) = 4.0 (Expanded Nodes: 21, Evaluated States: 29, Time: 0.066) Frontier Size: 8
f(n) = 5.0 (Expanded Nodes: 51, Evaluated States: 105, Time: 0.091) Frontier Size: 54
Problem Solved

Found Plan:
0.0: (add_action a7)
1.0: (check_added_variables_model a7)
2.0: (move_in_model_move_automata a7)
3.0: (validate_payload t0 a10 t1)
4.0: (sync_actions a10)
5.0: (add_action a12)
6.0: (move_in_model_parameter a12 sDEC1_1 categorical c2)
7.0: (check_added_variables_model a12)
8.0: (move_in_model_move_automata a12)
9.0: (validate_payload t1 a11 t2)
10.0: (sync_actions a11)
11.0: (validate_payload t2 a8 t3)
12.0: (sync_actions a8)
13.0: (validate_payload t3 a1 t4)
14.0: (sync_actions a1)
15.0: (validate_payload t4 a2 t5)
16.0: (sync_actions a2)
17.0: (validate_payload t5 a0 t6)
18.0: (sync_actions a0)
19.0: (validate_payload t6 a9 t7)
20.0: (sync_actions a9)

Plan-Length:21
Metric (Search):5.0
Planning Time (msec): 139
Heuristic Time (msec): 9
Search Time (msec): 134
Expanded Nodes:165
States Evaluated:368
Number of Dead-Ends detected:0
Number of Duplicates detected:3
/usr/bin/time -v timeout 600 java -Xmx64g -jar ./enhsp3.jar -o ./domain_with_failure.pddl -f ./problems/BasePN-1And-del-2-d7/problem57.pddl -h blind -s WAStar
Domain parsed
Problem parsed
Grounding..
Grounding Time: 4172
UFX:true
|F|:12552
|X|:17
|A|:828
|P|:0
|E|:0
h(I):0.0
f(n) = 2.0 (Expanded Nodes: 2, Evaluated States: 4, Time: 0.023) Frontier Size: 2
f(n) = 3.0 (Expanded Nodes: 24, Evaluated States: 59, Time: 0.087) Frontier Size: 35
f(n) = 4.0 (Expanded Nodes: 144, Evaluated States: 339, Time: 0.141) Frontier Size: 195
Problem Solved

Found Plan:
0.0: (add_action a7)
1.0: (check_added_variables_model a7)
2.0: (move_in_model_move_automata a7)
3.0: (validate_payload t0 a10 t1)
4.0: (sync_actions a10)
5.0: (validate_payload t1 a12 t2)
6.0: (sync_actions a12)
7.0: (validate_payload t2 a11 t3)
8.0: (sync_actions a11)
9.0: (validate_payload t3 a8 t4)
10.0: (sync_actions a8)
11.0: (validate_payload t4 a1 t5)
12.0: (sync_actions a1)
13.0: (validate_payload t5 a2 t6)
14.0: (sync_actions a2)
15.0: (validate_payload t6 a0 t7)
16.0: (sync_actions a0)
17.0: (add_action a9)
18.0: (check_added_variables_model a9)
19.0: (move_in_model_move_automata a9)

Plan-Length:20
Metric (Search):4.0
Planning Time (msec): 255
Heuristic Time (msec): 11
Search Time (msec): 252
Expanded Nodes:482
States Evaluated:1102
Number of Dead-Ends detected:0
Number of Duplicates detected:10
/usr/bin/time -v timeout 600 java -Xmx64g -jar ./enhsp3.jar -o ./domain_with_failure.pddl -f ./problems/BasePN-1And-del-2-d7/problem58.pddl -h blind -s WAStar
Domain parsed
Problem parsed
Grounding..
Grounding Time: 3908
UFX:true
|F|:12552
|X|:15
|A|:828
|P|:0
|E|:0
h(I):0.0
f(n) = 1.0 (Expanded Nodes: 4, Evaluated States: 18, Time: 0.027) Frontier Size: 14
f(n) = 2.0 (Expanded Nodes: 20, Evaluated States: 58, Time: 0.066) Frontier Size: 38
f(n) = 3.0 (Expanded Nodes: 51, Evaluated States: 103, Time: 0.093) Frontier Size: 52
f(n) = 4.0 (Expanded Nodes: 112, Evaluated States: 211, Time: 0.119) Frontier Size: 99
f(n) = 5.0 (Expanded Nodes: 211, Evaluated States: 331, Time: 0.142) Frontier Size: 120
Problem Solved

Found Plan:
0.0: (validate_payload t0 a7 t1)
1.0: (sync_actions a7)
2.0: (add_action a10)
3.0: (check_added_variables_model a10)
4.0: (move_in_model_move_automata a10)
5.0: (add_action a12)
6.0: (move_in_model_parameter a12 sDEC1_1 categorical c2)
7.0: (check_added_variables_model a12)
8.0: (move_in_model_move_automata a12)
9.0: (validate_payload t1 a11 t2)
10.0: (sync_actions a11)
11.0: (validate_payload t2 a8 t3)
12.0: (sync_actions a8)
13.0: (validate_payload t3 a1 t4)
14.0: (sync_actions a1)
15.0: (validate_payload t4 a2 t5)
16.0: (sync_actions a2)
17.0: (validate_payload t5 a0 t6)
18.0: (sync_actions a0)
19.0: (validate_payload t6 a9 t7)
20.0: (sync_actions a9)

Plan-Length:21
Metric (Search):5.0
Planning Time (msec): 187
Heuristic Time (msec): 5
Search Time (msec): 180
Expanded Nodes:390
States Evaluated:683
Number of Dead-Ends detected:0
Number of Duplicates detected:19
/usr/bin/time -v timeout 600 java -Xmx64g -jar ./enhsp3.jar -o ./domain_with_failure.pddl -f ./problems/BasePN-1And-del-2-d7/problem59.pddl -h blind -s WAStar
Domain parsed
Problem parsed
Grounding..
Grounding Time: 4037
UFX:true
|F|:12552
|X|:17
|A|:828
|P|:0
|E|:0
h(I):0.0
f(n) = 1.0 (Expanded Nodes: 2, Evaluated States: 8, Time: 0.022) Frontier Size: 6
f(n) = 2.0 (Expanded Nodes: 6, Evaluated States: 8, Time: 0.055) Frontier Size: 2
f(n) = 3.0 (Expanded Nodes: 28, Evaluated States: 73, Time: 0.086) Frontier Size: 45
f(n) = 4.0 (Expanded Nodes: 228, Evaluated States: 611, Time: 0.161) Frontier Size: 383
Problem Solved

Found Plan:
0.0: (add_action a7)
1.0: (check_added_variables_model a7)
2.0: (move_in_model_move_automata a7)
3.0: (validate_payload t0 a10 t1)
4.0: (sync_actions a10)
5.0: (validate_payload t1 a12 t2)
6.0: (sync_actions a12)
7.0: (validate_payload t2 a11 t3)
8.0: (sync_actions a11)
9.0: (validate_payload t3 a8 t4)
10.0: (sync_actions a8)
11.0: (validate_payload t4 a1 t5)
12.0: (sync_actions a1)
13.0: (validate_payload t5 a2 t6)
14.0: (sync_actions a2)
15.0: (validate_payload t6 a0 t7)
16.0: (sync_actions a0)
17.0: (add_action a9)
18.0: (check_added_variables_model a9)
19.0: (move_in_model_move_automata a9)

Plan-Length:20
Metric (Search):4.0
Planning Time (msec): 228
Heuristic Time (msec): 5
Search Time (msec): 221
Expanded Nodes:424
States Evaluated:1119
Number of Dead-Ends detected:0
Number of Duplicates detected:4
/usr/bin/time -v timeout 600 java -Xmx64g -jar ./enhsp3.jar -o ./domain_with_failure.pddl -f ./problems/BasePN-1And-del-2-d7/problem60.pddl -h blind -s WAStar
Domain parsed
Problem parsed
Grounding..
Grounding Time: 4017
UFX:true
|F|:12552
|X|:16
|A|:828
|P|:0
|E|:0
h(I):0.0
f(n) = 1.0 (Expanded Nodes: 16, Evaluated States: 52, Time: 0.033) Frontier Size: 36
f(n) = 2.0 (Expanded Nodes: 142, Evaluated States: 377, Time: 0.119) Frontier Size: 235
f(n) = 3.0 (Expanded Nodes: 640, Evaluated States: 1535, Time: 0.243) Frontier Size: 895
f(n) = 4.0 (Expanded Nodes: 1812, Evaluated States: 3841, Time: 0.366) Frontier Size: 2029
Problem Solved

Found Plan:
0.0: (validate_payload t0 a7 t1)
1.0: (sync_actions a7)
2.0: (validate_payload t1 a10 t2)
3.0: (sync_actions a10)
4.0: (validate_payload t2 a12 t3)
5.0: (sync_actions a12)
6.0: (validate_payload t3 a11 t4)
7.0: (sync_actions a11)
8.0: (validate_payload t4 a8 t5)
9.0: (sync_actions a8)
10.0: (validate_payload t5 a1 t6)
11.0: (sync_actions a1)
12.0: (validate_payload t6 a2 t7)
13.0: (sync_actions a2)
14.0: (add_action a0)
15.0: (check_added_variables_model a0)
16.0: (move_in_model_move_automata a0)
17.0: (add_action a9)
18.0: (check_added_variables_model a9)
19.0: (move_in_model_move_automata a9)

Plan-Length:20
Metric (Search):4.0
Planning Time (msec): 379
Heuristic Time (msec): 8
Search Time (msec): 372
Expanded Nodes:1843
States Evaluated:3898
Number of Dead-Ends detected:0
Number of Duplicates detected:73
/usr/bin/time -v timeout 600 java -Xmx64g -jar ./enhsp3.jar -o ./domain_with_failure.pddl -f ./problems/BasePN-1And-del-2-d7/problem61.pddl -h blind -s WAStar
Domain parsed
Problem parsed
Grounding..
Grounding Time: 4005
UFX:true
|F|:12552
|X|:16
|A|:828
|P|:0
|E|:0
h(I):0.0
f(n) = 1.0 (Expanded Nodes: 12, Evaluated States: 44, Time: 0.033) Frontier Size: 32
f(n) = 2.0 (Expanded Nodes: 116, Evaluated States: 337, Time: 0.117) Frontier Size: 221
f(n) = 3.0 (Expanded Nodes: 519, Evaluated States: 1322, Time: 0.247) Frontier Size: 803
f(n) = 4.0 (Expanded Nodes: 1500, Evaluated States: 3432, Time: 0.403) Frontier Size: 1932
f(n) = 5.0 (Expanded Nodes: 3673, Evaluated States: 7505, Time: 0.581) Frontier Size: 3832
Problem Solved

Found Plan:
0.0: (validate_payload t0 a7 t1)
1.0: (sync_actions a7)
2.0: (validate_payload t1 a10 t2)
3.0: (sync_actions a10)
4.0: (validate_payload t2 a12 t3)
5.0: (sync_actions a12)
6.0: (validate_payload t3 a11 t4)
7.0: (sync_actions a11)
8.0: (validate_payload t4 a8 t5)
9.0: (sync_actions a8)
10.0: (add_action a0)
11.0: (check_added_variables_model a0)
12.0: (move_in_model_move_automata a0)
13.0: (add_action a1)
14.0: (move_in_model_parameter a1 sDEC2_2 integer v0)
15.0: (check_added_variables_model a1)
16.0: (move_in_model_move_automata a1)
17.0: (validate_payload t5 a2 t6)
18.0: (sync_actions a2)
19.0: (validate_payload t6 a9 t7)
20.0: (sync_actions a9)

Plan-Length:21
Metric (Search):5.0
Planning Time (msec): 663
Heuristic Time (msec): 3
Search Time (msec): 656
Expanded Nodes:4785
States Evaluated:9587
Number of Dead-Ends detected:0
Number of Duplicates detected:153
/usr/bin/time -v timeout 600 java -Xmx64g -jar ./enhsp3.jar -o ./domain_with_failure.pddl -f ./problems/BasePN-1And-del-2-d7/problem62.pddl -h blind -s WAStar
Domain parsed
Problem parsed
Grounding..
Grounding Time: 4107
UFX:true
|F|:12552
|X|:16
|A|:828
|P|:0
|E|:0
h(I):0.0
f(n) = 1.0 (Expanded Nodes: 2, Evaluated States: 8, Time: 0.017) Frontier Size: 6
f(n) = 2.0 (Expanded Nodes: 6, Evaluated States: 8, Time: 0.05) Frontier Size: 2
f(n) = 3.0 (Expanded Nodes: 28, Evaluated States: 70, Time: 0.082) Frontier Size: 42
f(n) = 4.0 (Expanded Nodes: 190, Evaluated States: 459, Time: 0.139) Frontier Size: 269
Problem Solved

Found Plan:
0.0: (add_action a7)
1.0: (check_added_variables_model a7)
2.0: (move_in_model_move_automata a7)
3.0: (validate_payload t0 a10 t1)
4.0: (sync_actions a10)
5.0: (validate_payload t1 a12 t2)
6.0: (sync_actions a12)
7.0: (validate_payload t2 a11 t3)
8.0: (sync_actions a11)
9.0: (validate_payload t3 a8 t4)
10.0: (sync_actions a8)
11.0: (validate_payload t4 a1 t5)
12.0: (sync_actions a1)
13.0: (validate_payload t5 a0 t6)
14.0: (sync_actions a0)
15.0: (validate_payload t6 a2 t7)
16.0: (sync_actions a2)
17.0: (add_action a9)
18.0: (check_added_variables_model a9)
19.0: (move_in_model_move_automata a9)

Plan-Length:20
Metric (Search):4.0
Planning Time (msec): 184
Heuristic Time (msec): 2
Search Time (msec): 177
Expanded Nodes:284
States Evaluated:691
Number of Dead-Ends detected:0
Number of Duplicates detected:3
/usr/bin/time -v timeout 600 java -Xmx64g -jar ./enhsp3.jar -o ./domain_with_failure.pddl -f ./problems/BasePN-1And-del-2-d7/problem63.pddl -h blind -s WAStar
Domain parsed
Problem parsed
Grounding..
Grounding Time: 3932
UFX:true
|F|:12552
|X|:17
|A|:828
|P|:0
|E|:0
h(I):0.0
f(n) = 1.0 (Expanded Nodes: 12, Evaluated States: 42, Time: 0.037) Frontier Size: 30
f(n) = 2.0 (Expanded Nodes: 113, Evaluated States: 292, Time: 0.102) Frontier Size: 179
f(n) = 3.0 (Expanded Nodes: 480, Evaluated States: 1011, Time: 0.22) Frontier Size: 531
f(n) = 4.0 (Expanded Nodes: 1295, Evaluated States: 2386, Time: 0.362) Frontier Size: 1091
Problem Solved

Found Plan:
0.0: (validate_payload t0 a7 t1)
1.0: (sync_actions a7)
2.0: (validate_payload t1 a10 t2)
3.0: (sync_actions a10)
4.0: (validate_payload t2 a12 t3)
5.0: (sync_actions a12)
6.0: (validate_payload t3 a11 t4)
7.0: (sync_actions a11)
8.0: (add_action a8)
9.0: (check_added_variables_model a8)
10.0: (move_in_model_move_automata a8)
11.0: (validate_payload t4 a1 t5)
12.0: (sync_actions a1)
13.0: (validate_payload t5 a2 t6)
14.0: (sync_actions a2)
15.0: (validate_payload t6 a0 t7)
16.0: (sync_actions a0)
17.0: (add_action a9)
18.0: (check_added_variables_model a9)
19.0: (move_in_model_move_automata a9)

Plan-Length:20
Metric (Search):4.0
Planning Time (msec): 461
Heuristic Time (msec): 6
Search Time (msec): 458
Expanded Nodes:2221
States Evaluated:3823
Number of Dead-Ends detected:0
Number of Duplicates detected:78
/usr/bin/time -v timeout 600 java -Xmx64g -jar ./enhsp3.jar -o ./domain_with_failure.pddl -f ./problems/BasePN-1And-del-2-d7/problem64.pddl -h blind -s WAStar
Domain parsed
Problem parsed
Grounding..
Grounding Time: 3972
UFX:true
|F|:12552
|X|:17
|A|:828
|P|:0
|E|:0
h(I):0.0
f(n) = 1.0 (Expanded Nodes: 6, Evaluated States: 26, Time: 0.027) Frontier Size: 20
f(n) = 2.0 (Expanded Nodes: 42, Evaluated States: 126, Time: 0.082) Frontier Size: 84
f(n) = 3.0 (Expanded Nodes: 145, Evaluated States: 327, Time: 0.132) Frontier Size: 182
f(n) = 4.0 (Expanded Nodes: 426, Evaluated States: 1021, Time: 0.209) Frontier Size: 595
f(n) = 5.0 (Expanded Nodes: 1576, Evaluated States: 4274, Time: 0.408) Frontier Size: 2698
Problem Solved

Found Plan:
0.0: (validate_payload t0 a7 t1)
1.0: (sync_actions a7)
2.0: (validate_payload t1 a10 t2)
3.0: (sync_actions a10)
4.0: (add_action a12)
5.0: (move_in_model_parameter a12 sDEC1_1 categorical c2)
6.0: (check_added_variables_model a12)
7.0: (move_in_model_move_automata a12)
8.0: (validate_payload t2 a11 t3)
9.0: (sync_actions a11)
10.0: (validate_payload t3 a8 t4)
11.0: (sync_actions a8)
12.0: (validate_payload t4 a1 t5)
13.0: (sync_actions a1)
14.0: (add_action a0)
15.0: (check_added_variables_model a0)
16.0: (move_in_model_move_automata a0)
17.0: (validate_payload t5 a2 t6)
18.0: (sync_actions a2)
19.0: (validate_payload t6 a9 t7)
20.0: (sync_actions a9)

Plan-Length:21
Metric (Search):5.0
Planning Time (msec): 580
Heuristic Time (msec): 6
Search Time (msec): 573
Expanded Nodes:3314
States Evaluated:8463
Number of Dead-Ends detected:0
Number of Duplicates detected:39
/usr/bin/time -v timeout 600 java -Xmx64g -jar ./enhsp3.jar -o ./domain_with_failure.pddl -f ./problems/BasePN-1And-del-2-d7/problem65.pddl -h blind -s WAStar
Domain parsed
Problem parsed
Grounding..
Grounding Time: 4065
UFX:true
|F|:12552
|X|:17
|A|:828
|P|:0
|E|:0
h(I):0.0
f(n) = 1.0 (Expanded Nodes: 6, Evaluated States: 19, Time: 0.028) Frontier Size: 13
f(n) = 2.0 (Expanded Nodes: 33, Evaluated States: 67, Time: 0.072) Frontier Size: 34
f(n) = 3.0 (Expanded Nodes: 82, Evaluated States: 141, Time: 0.103) Frontier Size: 59
f(n) = 4.0 (Expanded Nodes: 187, Evaluated States: 356, Time: 0.14) Frontier Size: 169
Problem Solved

Found Plan:
0.0: (validate_payload t0 a7 t1)
1.0: (sync_actions a7)
2.0: (add_action a10)
3.0: (check_added_variables_model a10)
4.0: (move_in_model_move_automata a10)
5.0: (validate_payload t1 a12 t2)
6.0: (sync_actions a12)
7.0: (validate_payload t2 a11 t3)
8.0: (sync_actions a11)
9.0: (add_action a8)
10.0: (check_added_variables_model a8)
11.0: (move_in_model_move_automata a8)
12.0: (validate_payload t3 a0 t4)
13.0: (sync_actions a0)
14.0: (validate_payload t4 a1 t5)
15.0: (sync_actions a1)
16.0: (validate_payload t5 a2 t6)
17.0: (sync_actions a2)
18.0: (validate_payload t6 a9 t7)
19.0: (sync_actions a9)

Plan-Length:20
Metric (Search):4.0
Planning Time (msec): 205
Heuristic Time (msec): 5
Search Time (msec): 198
Expanded Nodes:406
States Evaluated:741
Number of Dead-Ends detected:0
Number of Duplicates detected:20
/usr/bin/time -v timeout 600 java -Xmx64g -jar ./enhsp3.jar -o ./domain_with_failure.pddl -f ./problems/BasePN-1And-del-2-d7/problem66.pddl -h blind -s WAStar
Domain parsed
Problem parsed
Grounding..
Grounding Time: 3970
UFX:true
|F|:12552
|X|:16
|A|:828
|P|:0
|E|:0
h(I):0.0
f(n) = 2.0 (Expanded Nodes: 2, Evaluated States: 4, Time: 0.019) Frontier Size: 2
f(n) = 3.0 (Expanded Nodes: 18, Evaluated States: 47, Time: 0.07) Frontier Size: 29
f(n) = 4.0 (Expanded Nodes: 80, Evaluated States: 196, Time: 0.101) Frontier Size: 116
Problem Solved

Found Plan:
0.0: (add_action a7)
1.0: (check_added_variables_model a7)
2.0: (move_in_model_move_automata a7)
3.0: (validate_payload t0 a10 t1)
4.0: (sync_actions a10)
5.0: (validate_payload t1 a12 t2)
6.0: (sync_actions a12)
7.0: (validate_payload t2 a11 t3)
8.0: (sync_actions a11)
9.0: (validate_payload t3 a8 t4)
10.0: (sync_actions a8)
11.0: (add_action a1)
12.0: (check_added_variables_model a1)
13.0: (move_in_model_move_automata a1)
14.0: (validate_payload t4 a2 t5)
15.0: (sync_actions a2)
16.0: (validate_payload t5 a0 t6)
17.0: (sync_actions a0)
18.0: (validate_payload t6 a9 t7)
19.0: (sync_actions a9)

Plan-Length:20
Metric (Search):4.0
Planning Time (msec): 179
Heuristic Time (msec): 7
Search Time (msec): 173
Expanded Nodes:255
States Evaluated:598
Number of Dead-Ends detected:0
Number of Duplicates detected:5
/usr/bin/time -v timeout 600 java -Xmx64g -jar ./enhsp3.jar -o ./domain_with_failure.pddl -f ./problems/BasePN-1And-del-2-d7/problem67.pddl -h blind -s WAStar
Domain parsed
Problem parsed
Grounding..
Grounding Time: 4077
UFX:true
|F|:12552
|X|:13
|A|:828
|P|:0
|E|:0
h(I):0.0
f(n) = 2.0 (Expanded Nodes: 2, Evaluated States: 4, Time: 0.026) Frontier Size: 2
f(n) = 3.0 (Expanded Nodes: 22, Evaluated States: 53, Time: 0.079) Frontier Size: 31
f(n) = 4.0 (Expanded Nodes: 101, Evaluated States: 225, Time: 0.123) Frontier Size: 124
Problem Solved

Found Plan:
0.0: (add_action a7)
1.0: (check_added_variables_model a7)
2.0: (move_in_model_move_automata a7)
3.0: (validate_payload t0 a10 t1)
4.0: (sync_actions a10)
5.0: (validate_payload t1 a12 t2)
6.0: (sync_actions a12)
7.0: (validate_payload t2 a11 t3)
8.0: (sync_actions a11)
9.0: (validate_payload t3 a8 t4)
10.0: (sync_actions a8)
11.0: (validate_payload t4 a1 t5)
12.0: (sync_actions a1)
13.0: (validate_payload t5 a2 t6)
14.0: (sync_actions a2)
15.0: (add_action a0)
16.0: (check_added_variables_model a0)
17.0: (move_in_model_move_automata a0)
18.0: (validate_payload t6 a9 t7)
19.0: (sync_actions a9)

Plan-Length:20
Metric (Search):4.0
Planning Time (msec): 157
Heuristic Time (msec): 2
Search Time (msec): 150
Expanded Nodes:165
States Evaluated:368
Number of Dead-Ends detected:0
Number of Duplicates detected:5
/usr/bin/time -v timeout 600 java -Xmx64g -jar ./enhsp3.jar -o ./domain_with_failure.pddl -f ./problems/BasePN-1And-del-2-d7/problem68.pddl -h blind -s WAStar
Domain parsed
Problem parsed
Grounding..
Grounding Time: 3998
UFX:true
|F|:12552
|X|:16
|A|:828
|P|:0
|E|:0
h(I):0.0
f(n) = 1.0 (Expanded Nodes: 2, Evaluated States: 8, Time: 0.019) Frontier Size: 6
f(n) = 2.0 (Expanded Nodes: 6, Evaluated States: 8, Time: 0.047) Frontier Size: 2
f(n) = 3.0 (Expanded Nodes: 26, Evaluated States: 64, Time: 0.082) Frontier Size: 38
f(n) = 4.0 (Expanded Nodes: 178, Evaluated States: 459, Time: 0.153) Frontier Size: 281
Problem Solved

Found Plan:
0.0: (add_action a7)
1.0: (check_added_variables_model a7)
2.0: (move_in_model_move_automata a7)
3.0: (validate_payload t0 a10 t1)
4.0: (sync_actions a10)
5.0: (validate_payload t1 a12 t2)
6.0: (sync_actions a12)
7.0: (validate_payload t2 a11 t3)
8.0: (sync_actions a11)
9.0: (validate_payload t3 a8 t4)
10.0: (sync_actions a8)
11.0: (validate_payload t4 a1 t5)
12.0: (sync_actions a1)
13.0: (add_action a0)
14.0: (check_added_variables_model a0)
15.0: (move_in_model_move_automata a0)
16.0: (validate_payload t5 a2 t6)
17.0: (sync_actions a2)
18.0: (validate_payload t6 a9 t7)
19.0: (sync_actions a9)

Plan-Length:20
Metric (Search):4.0
Planning Time (msec): 217
Heuristic Time (msec): 4
Search Time (msec): 211
Expanded Nodes:343
States Evaluated:816
Number of Dead-Ends detected:0
Number of Duplicates detected:9
/usr/bin/time -v timeout 600 java -Xmx64g -jar ./enhsp3.jar -o ./domain_with_failure.pddl -f ./problems/BasePN-1And-del-2-d7/problem69.pddl -h blind -s WAStar
Domain parsed
Problem parsed
Grounding..
Grounding Time: 4026
UFX:true
|F|:12552
|X|:17
|A|:828
|P|:0
|E|:0
h(I):0.0
f(n) = 1.0 (Expanded Nodes: 10, Evaluated States: 41, Time: 0.034) Frontier Size: 31
f(n) = 2.0 (Expanded Nodes: 97, Evaluated States: 309, Time: 0.111) Frontier Size: 212
f(n) = 3.0 (Expanded Nodes: 465, Evaluated States: 1260, Time: 0.235) Frontier Size: 795
f(n) = 4.0 (Expanded Nodes: 1542, Evaluated States: 3687, Time: 0.481) Frontier Size: 2145
Problem Solved

Found Plan:
0.0: (validate_payload t0 a7 t1)
1.0: (sync_actions a7)
2.0: (validate_payload t1 a10 t2)
3.0: (sync_actions a10)
4.0: (validate_payload t2 a12 t3)
5.0: (sync_actions a12)
6.0: (validate_payload t3 a11 t4)
7.0: (sync_actions a11)
8.0: (add_action a8)
9.0: (check_added_variables_model a8)
10.0: (move_in_model_move_automata a8)
11.0: (validate_payload t4 a0 t5)
12.0: (sync_actions a0)
13.0: (validate_payload t5 a1 t6)
14.0: (sync_actions a1)
15.0: (validate_payload t6 a2 t7)
16.0: (sync_actions a2)
17.0: (add_action a9)
18.0: (check_added_variables_model a9)
19.0: (move_in_model_move_automata a9)

Plan-Length:20
Metric (Search):4.0
Planning Time (msec): 972
Heuristic Time (msec): 6
Search Time (msec): 966
Expanded Nodes:4342
States Evaluated:9221
Number of Dead-Ends detected:0
Number of Duplicates detected:15
/usr/bin/time -v timeout 600 java -Xmx64g -jar ./enhsp3.jar -o ./domain_with_failure.pddl -f ./problems/BasePN-1And-del-2-d7/problem70.pddl -h blind -s WAStar
Domain parsed
Problem parsed
Grounding..
Grounding Time: 3999
UFX:true
|F|:12552
|X|:17
|A|:828
|P|:0
|E|:0
h(I):0.0
f(n) = 1.0 (Expanded Nodes: 6, Evaluated States: 19, Time: 0.039) Frontier Size: 13
f(n) = 2.0 (Expanded Nodes: 33, Evaluated States: 67, Time: 0.085) Frontier Size: 34
f(n) = 3.0 (Expanded Nodes: 88, Evaluated States: 163, Time: 0.115) Frontier Size: 75
f(n) = 4.0 (Expanded Nodes: 286, Evaluated States: 669, Time: 0.166) Frontier Size: 383
Problem Solved

Found Plan:
0.0: (validate_payload t0 a7 t1)
1.0: (sync_actions a7)
2.0: (add_action a10)
3.0: (check_added_variables_model a10)
4.0: (move_in_model_move_automata a10)
5.0: (validate_payload t1 a12 t2)
6.0: (sync_actions a12)
7.0: (validate_payload t2 a11 t3)
8.0: (sync_actions a11)
9.0: (validate_payload t3 a8 t4)
10.0: (sync_actions a8)
11.0: (validate_payload t4 a1 t5)
12.0: (sync_actions a1)
13.0: (validate_payload t5 a2 t6)
14.0: (sync_actions a2)
15.0: (add_action a0)
16.0: (check_added_variables_model a0)
17.0: (move_in_model_move_automata a0)
18.0: (validate_payload t6 a9 t7)
19.0: (sync_actions a9)

Plan-Length:20
Metric (Search):4.0
Planning Time (msec): 244
Heuristic Time (msec): 6
Search Time (msec): 242
Expanded Nodes:882
States Evaluated:2097
Number of Dead-Ends detected:0
Number of Duplicates detected:20
/usr/bin/time -v timeout 600 java -Xmx64g -jar ./enhsp3.jar -o ./domain_with_failure.pddl -f ./problems/BasePN-1And-del-2-d7/problem71.pddl -h blind -s WAStar
Domain parsed
Problem parsed
Grounding..
Grounding Time: 4138
UFX:true
|F|:12552
|X|:16
|A|:828
|P|:0
|E|:0
h(I):0.0
f(n) = 1.0 (Expanded Nodes: 8, Evaluated States: 25, Time: 0.028) Frontier Size: 17
f(n) = 2.0 (Expanded Nodes: 43, Evaluated States: 98, Time: 0.083) Frontier Size: 55
f(n) = 3.0 (Expanded Nodes: 96, Evaluated States: 192, Time: 0.12) Frontier Size: 96
f(n) = 4.0 (Expanded Nodes: 209, Evaluated States: 368, Time: 0.142) Frontier Size: 159
Problem Solved

Found Plan:
0.0: (validate_payload t0 a7 t1)
1.0: (sync_actions a7)
2.0: (validate_payload t1 a10 t2)
3.0: (sync_actions a10)
4.0: (validate_payload t2 a12 t3)
5.0: (sync_actions a12)
6.0: (add_action a11)
7.0: (check_added_variables_model a11)
8.0: (move_in_model_move_automata a11)
9.0: (add_action a8)
10.0: (check_added_variables_model a8)
11.0: (move_in_model_move_automata a8)
12.0: (validate_payload t3 a1 t4)
13.0: (sync_actions a1)
14.0: (validate_payload t4 a2 t5)
15.0: (sync_actions a2)
16.0: (validate_payload t5 a0 t6)
17.0: (sync_actions a0)
18.0: (validate_payload t6 a9 t7)
19.0: (sync_actions a9)

Plan-Length:20
Metric (Search):4.0
Planning Time (msec): 183
Heuristic Time (msec): 2
Search Time (msec): 176
Expanded Nodes:386
States Evaluated:599
Number of Dead-Ends detected:0
Number of Duplicates detected:25
/usr/bin/time -v timeout 600 java -Xmx64g -jar ./enhsp3.jar -o ./domain_with_failure.pddl -f ./problems/BasePN-1And-del-2-d7/problem72.pddl -h blind -s WAStar
Domain parsed
Problem parsed
Grounding..
Grounding Time: 3978
UFX:true
|F|:12552
|X|:17
|A|:828
|P|:0
|E|:0
h(I):0.0
f(n) = 1.0 (Expanded Nodes: 10, Evaluated States: 37, Time: 0.036) Frontier Size: 27
f(n) = 2.0 (Expanded Nodes: 99, Evaluated States: 286, Time: 0.119) Frontier Size: 187
f(n) = 3.0 (Expanded Nodes: 490, Evaluated States: 1218, Time: 0.211) Frontier Size: 728
f(n) = 4.0 (Expanded Nodes: 1583, Evaluated States: 3390, Time: 0.343) Frontier Size: 1807
Problem Solved

Found Plan:
0.0: (validate_payload t0 a7 t1)
1.0: (sync_actions a7)
2.0: (validate_payload t1 a10 t2)
3.0: (sync_actions a10)
4.0: (validate_payload t2 a12 t3)
5.0: (sync_actions a12)
6.0: (validate_payload t3 a11 t4)
7.0: (sync_actions a11)
8.0: (add_action a8)
9.0: (check_added_variables_model a8)
10.0: (move_in_model_move_automata a8)
11.0: (add_action a1)
12.0: (check_added_variables_model a1)
13.0: (move_in_model_move_automata a1)
14.0: (validate_payload t4 a2 t5)
15.0: (sync_actions a2)
16.0: (validate_payload t5 a0 t6)
17.0: (sync_actions a0)
18.0: (validate_payload t6 a9 t7)
19.0: (sync_actions a9)

Plan-Length:20
Metric (Search):4.0
Planning Time (msec): 512
Heuristic Time (msec): 5
Search Time (msec): 503
Expanded Nodes:3470
States Evaluated:6306
Number of Dead-Ends detected:0
Number of Duplicates detected:65
/usr/bin/time -v timeout 600 java -Xmx64g -jar ./enhsp3.jar -o ./domain_with_failure.pddl -f ./problems/BasePN-1And-del-2-d7/problem73.pddl -h blind -s WAStar
Domain parsed
Problem parsed
Grounding..
Grounding Time: 4117
UFX:true
|F|:12552
|X|:16
|A|:828
|P|:0
|E|:0
h(I):0.0
f(n) = 1.0 (Expanded Nodes: 2, Evaluated States: 8, Time: 0.02) Frontier Size: 6
f(n) = 2.0 (Expanded Nodes: 6, Evaluated States: 8, Time: 0.047) Frontier Size: 2
f(n) = 3.0 (Expanded Nodes: 14, Evaluated States: 35, Time: 0.064) Frontier Size: 21
f(n) = 4.0 (Expanded Nodes: 37, Evaluated States: 71, Time: 0.081) Frontier Size: 34
f(n) = 5.0 (Expanded Nodes: 83, Evaluated States: 161, Time: 0.105) Frontier Size: 78
Problem Solved

Found Plan:
0.0: (add_action a7)
1.0: (check_added_variables_model a7)
2.0: (move_in_model_move_automata a7)
3.0: (validate_payload t0 a10 t1)
4.0: (sync_actions a10)
5.0: (add_action a12)
6.0: (move_in_model_parameter a12 sDEC1_1 categorical c2)
7.0: (check_added_variables_model a12)
8.0: (move_in_model_move_automata a12)
9.0: (validate_payload t1 a11 t2)
10.0: (sync_actions a11)
11.0: (validate_payload t2 a8 t3)
12.0: (sync_actions a8)
13.0: (validate_payload t3 a1 t4)
14.0: (sync_actions a1)
15.0: (validate_payload t4 a0 t5)
16.0: (sync_actions a0)
17.0: (validate_payload t5 a2 t6)
18.0: (sync_actions a2)
19.0: (validate_payload t6 a9 t7)
20.0: (sync_actions a9)

Plan-Length:21
Metric (Search):5.0
Planning Time (msec): 176
Heuristic Time (msec): 7
Search Time (msec): 170
Expanded Nodes:293
States Evaluated:723
Number of Dead-Ends detected:0
Number of Duplicates detected:3
/usr/bin/time -v timeout 600 java -Xmx64g -jar ./enhsp3.jar -o ./domain_with_failure.pddl -f ./problems/BasePN-1And-del-2-d7/problem74.pddl -h blind -s WAStar
Domain parsed
Problem parsed
Grounding..
Grounding Time: 4017
UFX:true
|F|:12552
|X|:17
|A|:828
|P|:0
|E|:0
h(I):0.0
f(n) = 1.0 (Expanded Nodes: 10, Evaluated States: 36, Time: 0.029) Frontier Size: 26
f(n) = 2.0 (Expanded Nodes: 65, Evaluated States: 186, Time: 0.088) Frontier Size: 121
f(n) = 3.0 (Expanded Nodes: 254, Evaluated States: 629, Time: 0.167) Frontier Size: 375
f(n) = 4.0 (Expanded Nodes: 725, Evaluated States: 1542, Time: 0.272) Frontier Size: 817
Problem Solved

Found Plan:
0.0: (validate_payload t0 a7 t1)
1.0: (sync_actions a7)
2.0: (validate_payload t1 a10 t2)
3.0: (sync_actions a10)
4.0: (validate_payload t2 a12 t3)
5.0: (sync_actions a12)
6.0: (validate_payload t3 a11 t4)
7.0: (sync_actions a11)
8.0: (add_action a8)
9.0: (check_added_variables_model a8)
10.0: (move_in_model_move_automata a8)
11.0: (validate_payload t4 a0 t5)
12.0: (sync_actions a0)
13.0: (validate_payload t5 a1 t6)
14.0: (sync_actions a1)
15.0: (validate_payload t6 a2 t7)
16.0: (sync_actions a2)
17.0: (add_action a9)
18.0: (check_added_variables_model a9)
19.0: (move_in_model_move_automata a9)

Plan-Length:20
Metric (Search):4.0
Planning Time (msec): 298
Heuristic Time (msec): 6
Search Time (msec): 292
Expanded Nodes:832
States Evaluated:1753
Number of Dead-Ends detected:0
Number of Duplicates detected:10
/usr/bin/time -v timeout 600 java -Xmx64g -jar ./enhsp3.jar -o ./domain_with_failure.pddl -f ./problems/BasePN-1And-del-2-d7/problem75.pddl -h blind -s WAStar
Domain parsed
Problem parsed
Grounding..
Grounding Time: 4180
UFX:true
|F|:12552
|X|:17
|A|:828
|P|:0
|E|:0
h(I):0.0
f(n) = 1.0 (Expanded Nodes: 10, Evaluated States: 36, Time: 0.029) Frontier Size: 26
f(n) = 2.0 (Expanded Nodes: 85, Evaluated States: 232, Time: 0.094) Frontier Size: 147
f(n) = 3.0 (Expanded Nodes: 331, Evaluated States: 777, Time: 0.194) Frontier Size: 446
f(n) = 4.0 (Expanded Nodes: 902, Evaluated States: 1896, Time: 0.33) Frontier Size: 994
Problem Solved

Found Plan:
0.0: (validate_payload t0 a7 t1)
1.0: (sync_actions a7)
2.0: (validate_payload t1 a10 t2)
3.0: (sync_actions a10)
4.0: (validate_payload t2 a12 t3)
5.0: (sync_actions a12)
6.0: (validate_payload t3 a11 t4)
7.0: (sync_actions a11)
8.0: (add_action a8)
9.0: (check_added_variables_model a8)
10.0: (move_in_model_move_automata a8)
11.0: (validate_payload t4 a0 t5)
12.0: (sync_actions a0)
13.0: (validate_payload t5 a1 t6)
14.0: (sync_actions a1)
15.0: (validate_payload t6 a2 t7)
16.0: (sync_actions a2)
17.0: (add_action a9)
18.0: (check_added_variables_model a9)
19.0: (move_in_model_move_automata a9)

Plan-Length:20
Metric (Search):4.0
Planning Time (msec): 541
Heuristic Time (msec): 5
Search Time (msec): 535
Expanded Nodes:2296
States Evaluated:4208
Number of Dead-Ends detected:0
Number of Duplicates detected:62
/usr/bin/time -v timeout 600 java -Xmx64g -jar ./enhsp3.jar -o ./domain_with_failure.pddl -f ./problems/BasePN-1And-del-2-d7/problem76.pddl -h blind -s WAStar
Domain parsed
Problem parsed
Grounding..
Grounding Time: 3926
UFX:true
|F|:12552
|X|:17
|A|:828
|P|:0
|E|:0
h(I):0.0
f(n) = 1.0 (Expanded Nodes: 2, Evaluated States: 8, Time: 0.018) Frontier Size: 6
f(n) = 2.0 (Expanded Nodes: 6, Evaluated States: 8, Time: 0.051) Frontier Size: 2
f(n) = 3.0 (Expanded Nodes: 24, Evaluated States: 59, Time: 0.077) Frontier Size: 35
f(n) = 4.0 (Expanded Nodes: 152, Evaluated States: 387, Time: 0.134) Frontier Size: 235
Problem Solved

Found Plan:
0.0: (add_action a7)
1.0: (check_added_variables_model a7)
2.0: (move_in_model_move_automata a7)
3.0: (validate_payload t0 a10 t1)
4.0: (sync_actions a10)
5.0: (validate_payload t1 a12 t2)
6.0: (sync_actions a12)
7.0: (validate_payload t2 a11 t3)
8.0: (sync_actions a11)
9.0: (validate_payload t3 a8 t4)
10.0: (sync_actions a8)
11.0: (validate_payload t4 a0 t5)
12.0: (sync_actions a0)
13.0: (add_action a1)
14.0: (check_added_variables_model a1)
15.0: (move_in_model_move_automata a1)
16.0: (validate_payload t5 a2 t6)
17.0: (sync_actions a2)
18.0: (validate_payload t6 a9 t7)
19.0: (sync_actions a9)

Plan-Length:20
Metric (Search):4.0
Planning Time (msec): 174
Heuristic Time (msec): 6
Search Time (msec): 168
Expanded Nodes:245
States Evaluated:613
Number of Dead-Ends detected:0
Number of Duplicates detected:3
/usr/bin/time -v timeout 600 java -Xmx64g -jar ./enhsp3.jar -o ./domain_with_failure.pddl -f ./problems/BasePN-1And-del-2-d7/problem77.pddl -h blind -s WAStar
Domain parsed
Problem parsed
Grounding..
Grounding Time: 3832
UFX:true
|F|:12552
|X|:17
|A|:828
|P|:0
|E|:0
h(I):0.0
f(n) = 1.0 (Expanded Nodes: 2, Evaluated States: 8, Time: 0.023) Frontier Size: 6
f(n) = 2.0 (Expanded Nodes: 6, Evaluated States: 8, Time: 0.055) Frontier Size: 2
f(n) = 3.0 (Expanded Nodes: 22, Evaluated States: 57, Time: 0.08) Frontier Size: 35
f(n) = 4.0 (Expanded Nodes: 115, Evaluated States: 280, Time: 0.121) Frontier Size: 165
Problem Solved

Found Plan:
0.0: (add_action a7)
1.0: (check_added_variables_model a7)
2.0: (move_in_model_move_automata a7)
3.0: (validate_payload t0 a10 t1)
4.0: (sync_actions a10)
5.0: (validate_payload t1 a12 t2)
6.0: (sync_actions a12)
7.0: (validate_payload t2 a11 t3)
8.0: (sync_actions a11)
9.0: (add_action a8)
10.0: (check_added_variables_model a8)
11.0: (move_in_model_move_automata a8)
12.0: (validate_payload t3 a1 t4)
13.0: (sync_actions a1)
14.0: (validate_payload t4 a0 t5)
15.0: (sync_actions a0)
16.0: (validate_payload t5 a2 t6)
17.0: (sync_actions a2)
18.0: (validate_payload t6 a9 t7)
19.0: (sync_actions a9)

Plan-Length:20
Metric (Search):4.0
Planning Time (msec): 199
Heuristic Time (msec): 6
Search Time (msec): 191
Expanded Nodes:447
States Evaluated:956
Number of Dead-Ends detected:0
Number of Duplicates detected:2
/usr/bin/time -v timeout 600 java -Xmx64g -jar ./enhsp3.jar -o ./domain_with_failure.pddl -f ./problems/BasePN-1And-del-2-d7/problem78.pddl -h blind -s WAStar
Domain parsed
Problem parsed
Grounding..
Grounding Time: 4091
UFX:true
|F|:12552
|X|:16
|A|:828
|P|:0
|E|:0
h(I):0.0
f(n) = 1.0 (Expanded Nodes: 2, Evaluated States: 8, Time: 0.02) Frontier Size: 6
f(n) = 2.0 (Expanded Nodes: 6, Evaluated States: 8, Time: 0.057) Frontier Size: 2
f(n) = 3.0 (Expanded Nodes: 18, Evaluated States: 42, Time: 0.078) Frontier Size: 24
f(n) = 4.0 (Expanded Nodes: 60, Evaluated States: 131, Time: 0.108) Frontier Size: 71
Problem Solved

Found Plan:
0.0: (add_action a7)
1.0: (check_added_variables_model a7)
2.0: (move_in_model_move_automata a7)
3.0: (validate_payload t0 a10 t1)
4.0: (sync_actions a10)
5.0: (validate_payload t1 a12 t2)
6.0: (sync_actions a12)
7.0: (add_action a11)
8.0: (check_added_variables_model a11)
9.0: (move_in_model_move_automata a11)
10.0: (validate_payload t2 a8 t3)
11.0: (sync_actions a8)
12.0: (validate_payload t3 a1 t4)
13.0: (sync_actions a1)
14.0: (validate_payload t4 a2 t5)
15.0: (sync_actions a2)
16.0: (validate_payload t5 a0 t6)
17.0: (sync_actions a0)
18.0: (validate_payload t6 a9 t7)
19.0: (sync_actions a9)

Plan-Length:20
Metric (Search):4.0
Planning Time (msec): 149
Heuristic Time (msec): 6
Search Time (msec): 141
Expanded Nodes:147
States Evaluated:300
Number of Dead-Ends detected:0
Number of Duplicates detected:4
/usr/bin/time -v timeout 600 java -Xmx64g -jar ./enhsp3.jar -o ./domain_with_failure.pddl -f ./problems/BasePN-1And-del-2-d7/problem79.pddl -h blind -s WAStar
Domain parsed
Problem parsed
Grounding..
Grounding Time: 3971
UFX:true
|F|:12552
|X|:15
|A|:828
|P|:0
|E|:0
h(I):0.0
f(n) = 1.0 (Expanded Nodes: 8, Evaluated States: 25, Time: 0.032) Frontier Size: 17
f(n) = 2.0 (Expanded Nodes: 37, Evaluated States: 87, Time: 0.077) Frontier Size: 50
f(n) = 3.0 (Expanded Nodes: 107, Evaluated States: 226, Time: 0.123) Frontier Size: 119
f(n) = 4.0 (Expanded Nodes: 265, Evaluated States: 518, Time: 0.187) Frontier Size: 253
Problem Solved

Found Plan:
0.0: (validate_payload t0 a7 t1)
1.0: (sync_actions a7)
2.0: (validate_payload t1 a10 t2)
3.0: (sync_actions a10)
4.0: (validate_payload t2 a12 t3)
5.0: (sync_actions a12)
6.0: (add_action a11)
7.0: (check_added_variables_model a11)
8.0: (move_in_model_move_automata a11)
9.0: (validate_payload t3 a8 t4)
10.0: (sync_actions a8)
11.0: (validate_payload t4 a1 t5)
12.0: (sync_actions a1)
13.0: (validate_payload t5 a2 t6)
14.0: (sync_actions a2)
15.0: (validate_payload t6 a0 t7)
16.0: (sync_actions a0)
17.0: (add_action a9)
18.0: (check_added_variables_model a9)
19.0: (move_in_model_move_automata a9)

Plan-Length:20
Metric (Search):4.0
Planning Time (msec): 200
Heuristic Time (msec): 4
Search Time (msec): 193
Expanded Nodes:274
States Evaluated:526
Number of Dead-Ends detected:0
Number of Duplicates detected:5
/usr/bin/time -v timeout 600 java -Xmx64g -jar ./enhsp3.jar -o ./domain_with_failure.pddl -f ./problems/BasePN-1And-del-2-d7/problem80.pddl -h blind -s WAStar
Domain parsed
Problem parsed
Grounding..
Grounding Time: 3966
UFX:true
|F|:12552
|X|:17
|A|:828
|P|:0
|E|:0
h(I):0.0
f(n) = 1.0 (Expanded Nodes: 6, Evaluated States: 27, Time: 0.026) Frontier Size: 21
f(n) = 2.0 (Expanded Nodes: 42, Evaluated States: 130, Time: 0.087) Frontier Size: 88
f(n) = 3.0 (Expanded Nodes: 147, Evaluated States: 338, Time: 0.13) Frontier Size: 191
f(n) = 4.0 (Expanded Nodes: 452, Evaluated States: 1076, Time: 0.22) Frontier Size: 624
f(n) = 5.0 (Expanded Nodes: 1725, Evaluated States: 4584, Time: 0.453) Frontier Size: 2859
Problem Solved

Found Plan:
0.0: (validate_payload t0 a7 t1)
1.0: (sync_actions a7)
2.0: (validate_payload t1 a10 t2)
3.0: (sync_actions a10)
4.0: (add_action a12)
5.0: (move_in_model_parameter a12 sDEC1_1 categorical c2)
6.0: (check_added_variables_model a12)
7.0: (move_in_model_move_automata a12)
8.0: (validate_payload t2 a11 t3)
9.0: (sync_actions a11)
10.0: (validate_payload t3 a8 t4)
11.0: (sync_actions a8)
12.0: (validate_payload t4 a1 t5)
13.0: (sync_actions a1)
14.0: (validate_payload t5 a2 t6)
15.0: (sync_actions a2)
16.0: (add_action a0)
17.0: (check_added_variables_model a0)
18.0: (move_in_model_move_automata a0)
19.0: (validate_payload t6 a9 t7)
20.0: (sync_actions a9)

Plan-Length:21
Metric (Search):5.0
Planning Time (msec): 772
Heuristic Time (msec): 9
Search Time (msec): 769
Expanded Nodes:4917
States Evaluated:12484
Number of Dead-Ends detected:0
Number of Duplicates detected:81
/usr/bin/time -v timeout 600 java -Xmx64g -jar ./enhsp3.jar -o ./domain_with_failure.pddl -f ./problems/BasePN-1And-del-2-d7/problem81.pddl -h blind -s WAStar
Domain parsed
Problem parsed
Grounding..
Grounding Time: 4111
UFX:true
|F|:12552
|X|:17
|A|:828
|P|:0
|E|:0
h(I):0.0
f(n) = 1.0 (Expanded Nodes: 10, Evaluated States: 40, Time: 0.037) Frontier Size: 30
f(n) = 2.0 (Expanded Nodes: 97, Evaluated States: 298, Time: 0.119) Frontier Size: 201
f(n) = 3.0 (Expanded Nodes: 457, Evaluated States: 1186, Time: 0.219) Frontier Size: 729
f(n) = 4.0 (Expanded Nodes: 1386, Evaluated States: 3163, Time: 0.352) Frontier Size: 1777
f(n) = 5.0 (Expanded Nodes: 3384, Evaluated States: 6796, Time: 0.545) Frontier Size: 3412
Problem Solved

Found Plan:
0.0: (validate_payload t0 a7 t1)
1.0: (sync_actions a7)
2.0: (change_value a10 integer v0)
3.0: (validate_payload t1 a10 t2)
4.0: (sync_actions a10)
5.0: (validate_payload t2 a12 t3)
6.0: (sync_actions a12)
7.0: (validate_payload t3 a11 t4)
8.0: (sync_actions a11)
9.0: (add_action a8)
10.0: (check_added_variables_model a8)
11.0: (move_in_model_move_automata a8)
12.0: (add_action a1)
13.0: (check_added_variables_model a1)
14.0: (move_in_model_move_automata a1)
15.0: (validate_payload t4 a0 t5)
16.0: (sync_actions a0)
17.0: (validate_payload t5 a2 t6)
18.0: (sync_actions a2)
19.0: (validate_payload t6 a9 t7)
20.0: (sync_actions a9)

Plan-Length:21
Metric (Search):5.0
Planning Time (msec): 682
Heuristic Time (msec): 9
Search Time (msec): 680
Expanded Nodes:5118
States Evaluated:9537
Number of Dead-Ends detected:0
Number of Duplicates detected:118
/usr/bin/time -v timeout 600 java -Xmx64g -jar ./enhsp3.jar -o ./domain_with_failure.pddl -f ./problems/BasePN-1And-del-2-d7/problem82.pddl -h blind -s WAStar
Domain parsed
Problem parsed
Grounding..
Grounding Time: 3962
UFX:true
|F|:12552
|X|:14
|A|:828
|P|:0
|E|:0
h(I):0.0
f(n) = 1.0 (Expanded Nodes: 8, Evaluated States: 27, Time: 0.033) Frontier Size: 19
f(n) = 2.0 (Expanded Nodes: 37, Evaluated States: 92, Time: 0.081) Frontier Size: 55
f(n) = 3.0 (Expanded Nodes: 112, Evaluated States: 254, Time: 0.125) Frontier Size: 142
f(n) = 4.0 (Expanded Nodes: 319, Evaluated States: 634, Time: 0.188) Frontier Size: 315
Problem Solved

Found Plan:
0.0: (validate_payload t0 a7 t1)
1.0: (sync_actions a7)
2.0: (validate_payload t1 a10 t2)
3.0: (sync_actions a10)
4.0: (validate_payload t2 a12 t3)
5.0: (sync_actions a12)
6.0: (add_action a11)
7.0: (check_added_variables_model a11)
8.0: (move_in_model_move_automata a11)
9.0: (validate_payload t3 a8 t4)
10.0: (sync_actions a8)
11.0: (validate_payload t4 a1 t5)
12.0: (sync_actions a1)
13.0: (add_action a2)
14.0: (check_added_variables_model a2)
15.0: (move_in_model_move_automata a2)
16.0: (validate_payload t5 a0 t6)
17.0: (sync_actions a0)
18.0: (validate_payload t6 a9 t7)
19.0: (sync_actions a9)

Plan-Length:20
Metric (Search):4.0
Planning Time (msec): 202
Heuristic Time (msec): 4
Search Time (msec): 199
Expanded Nodes:361
States Evaluated:709
Number of Dead-Ends detected:0
Number of Duplicates detected:3
/usr/bin/time -v timeout 600 java -Xmx64g -jar ./enhsp3.jar -o ./domain_with_failure.pddl -f ./problems/BasePN-1And-del-2-d7/problem83.pddl -h blind -s WAStar
Domain parsed
Problem parsed
Grounding..
Grounding Time: 3908
UFX:true
|F|:12552
|X|:16
|A|:828
|P|:0
|E|:0
h(I):0.0
f(n) = 1.0 (Expanded Nodes: 8, Evaluated States: 28, Time: 0.033) Frontier Size: 20
f(n) = 2.0 (Expanded Nodes: 40, Evaluated States: 111, Time: 0.082) Frontier Size: 71
f(n) = 3.0 (Expanded Nodes: 125, Evaluated States: 280, Time: 0.128) Frontier Size: 155
f(n) = 4.0 (Expanded Nodes: 285, Evaluated States: 510, Time: 0.173) Frontier Size: 225
Problem Solved

Found Plan:
0.0: (validate_payload t0 a7 t1)
1.0: (sync_actions a7)
2.0: (validate_payload t1 a10 t2)
3.0: (sync_actions a10)
4.0: (validate_payload t2 a12 t3)
5.0: (sync_actions a12)
6.0: (add_action a11)
7.0: (check_added_variables_model a11)
8.0: (move_in_model_move_automata a11)
9.0: (validate_payload t3 a8 t4)
10.0: (sync_actions a8)
11.0: (add_action a1)
12.0: (check_added_variables_model a1)
13.0: (move_in_model_move_automata a1)
14.0: (validate_payload t4 a2 t5)
15.0: (sync_actions a2)
16.0: (validate_payload t5 a0 t6)
17.0: (sync_actions a0)
18.0: (validate_payload t6 a9 t7)
19.0: (sync_actions a9)

Plan-Length:20
Metric (Search):4.0
Planning Time (msec): 217
Heuristic Time (msec): 6
Search Time (msec): 211
Expanded Nodes:369
States Evaluated:649
Number of Dead-Ends detected:0
Number of Duplicates detected:9
/usr/bin/time -v timeout 600 java -Xmx64g -jar ./enhsp3.jar -o ./domain_with_failure.pddl -f ./problems/BasePN-1And-del-2-d7/problem84.pddl -h blind -s WAStar
Domain parsed
Problem parsed
Grounding..
Grounding Time: 4056
UFX:true
|F|:12552
|X|:15
|A|:828
|P|:0
|E|:0
h(I):0.0
f(n) = 1.0 (Expanded Nodes: 8, Evaluated States: 25, Time: 0.038) Frontier Size: 17
f(n) = 2.0 (Expanded Nodes: 43, Evaluated States: 98, Time: 0.092) Frontier Size: 55
f(n) = 3.0 (Expanded Nodes: 102, Evaluated States: 206, Time: 0.13) Frontier Size: 104
f(n) = 4.0 (Expanded Nodes: 251, Evaluated States: 472, Time: 0.172) Frontier Size: 221
Problem Solved

Found Plan:
0.0: (validate_payload t0 a7 t1)
1.0: (sync_actions a7)
2.0: (validate_payload t1 a10 t2)
3.0: (sync_actions a10)
4.0: (validate_payload t2 a12 t3)
5.0: (sync_actions a12)
6.0: (add_action a11)
7.0: (check_added_variables_model a11)
8.0: (move_in_model_move_automata a11)
9.0: (validate_payload t3 a8 t4)
10.0: (sync_actions a8)
11.0: (validate_payload t4 a1 t5)
12.0: (sync_actions a1)
13.0: (validate_payload t5 a0 t6)
14.0: (sync_actions a0)
15.0: (add_action a2)
16.0: (check_added_variables_model a2)
17.0: (move_in_model_move_automata a2)
18.0: (validate_payload t6 a9 t7)
19.0: (sync_actions a9)

Plan-Length:20
Metric (Search):4.0
Planning Time (msec): 221
Heuristic Time (msec): 7
Search Time (msec): 214
Expanded Nodes:413
States Evaluated:731
Number of Dead-Ends detected:0
Number of Duplicates detected:20
/usr/bin/time -v timeout 600 java -Xmx64g -jar ./enhsp3.jar -o ./domain_with_failure.pddl -f ./problems/BasePN-1And-del-2-d7/problem85.pddl -h blind -s WAStar
Domain parsed
Problem parsed
Grounding..
Grounding Time: 4048
UFX:true
|F|:12552
|X|:17
|A|:828
|P|:0
|E|:0
h(I):0.0
f(n) = 1.0 (Expanded Nodes: 10, Evaluated States: 37, Time: 0.043) Frontier Size: 27
f(n) = 2.0 (Expanded Nodes: 99, Evaluated States: 286, Time: 0.117) Frontier Size: 187
f(n) = 3.0 (Expanded Nodes: 494, Evaluated States: 1227, Time: 0.243) Frontier Size: 733
f(n) = 4.0 (Expanded Nodes: 1645, Evaluated States: 3561, Time: 0.39) Frontier Size: 1916
Problem Solved

Found Plan:
0.0: (validate_payload t0 a7 t1)
1.0: (sync_actions a7)
2.0: (validate_payload t1 a10 t2)
3.0: (sync_actions a10)
4.0: (validate_payload t2 a12 t3)
5.0: (sync_actions a12)
6.0: (validate_payload t3 a11 t4)
7.0: (sync_actions a11)
8.0: (add_action a8)
9.0: (check_added_variables_model a8)
10.0: (move_in_model_move_automata a8)
11.0: (add_action a0)
12.0: (check_added_variables_model a0)
13.0: (move_in_model_move_automata a0)
14.0: (validate_payload t4 a1 t5)
15.0: (sync_actions a1)
16.0: (validate_payload t5 a2 t6)
17.0: (sync_actions a2)
18.0: (validate_payload t6 a9 t7)
19.0: (sync_actions a9)

Plan-Length:20
Metric (Search):4.0
Planning Time (msec): 437
Heuristic Time (msec): 12
Search Time (msec): 431
Expanded Nodes:2048
States Evaluated:4308
Number of Dead-Ends detected:0
Number of Duplicates detected:37
/usr/bin/time -v timeout 600 java -Xmx64g -jar ./enhsp3.jar -o ./domain_with_failure.pddl -f ./problems/BasePN-1And-del-2-d7/problem86.pddl -h blind -s WAStar
Domain parsed
Problem parsed
Grounding..
Grounding Time: 4062
UFX:true
|F|:12552
|X|:16
|A|:828
|P|:0
|E|:0
h(I):0.0
f(n) = 1.0 (Expanded Nodes: 2, Evaluated States: 8, Time: 0.024) Frontier Size: 6
f(n) = 2.0 (Expanded Nodes: 6, Evaluated States: 8, Time: 0.056) Frontier Size: 2
f(n) = 3.0 (Expanded Nodes: 24, Evaluated States: 66, Time: 0.083) Frontier Size: 42
f(n) = 4.0 (Expanded Nodes: 154, Evaluated States: 424, Time: 0.15) Frontier Size: 270
f(n) = 5.0 (Expanded Nodes: 760, Evaluated States: 1874, Time: 0.329) Frontier Size: 1114
Problem Solved

Found Plan:
0.0: (add_action a7)
1.0: (check_added_variables_model a7)
2.0: (move_in_model_move_automata a7)
3.0: (validate_payload t0 a10 t1)
4.0: (sync_actions a10)
5.0: (validate_payload t1 a12 t2)
6.0: (sync_actions a12)
7.0: (validate_payload t2 a11 t3)
8.0: (sync_actions a11)
9.0: (validate_payload t3 a8 t4)
10.0: (sync_actions a8)
11.0: (add_action a1)
12.0: (move_in_model_parameter a1 sDEC2_2 integer v5)
13.0: (check_added_variables_model a1)
14.0: (move_in_model_move_automata a1)
15.0: (validate_payload t4 a2 t5)
16.0: (sync_actions a2)
17.0: (validate_payload t5 a0 t6)
18.0: (sync_actions a0)
19.0: (validate_payload t6 a9 t7)
20.0: (sync_actions a9)

Plan-Length:21
Metric (Search):5.0
Planning Time (msec): 584
Heuristic Time (msec): 6
Search Time (msec): 581
Expanded Nodes:2062
States Evaluated:4299
Number of Dead-Ends detected:0
Number of Duplicates detected:15
/usr/bin/time -v timeout 600 java -Xmx64g -jar ./enhsp3.jar -o ./domain_with_failure.pddl -f ./problems/BasePN-1And-del-2-d7/problem87.pddl -h blind -s WAStar
Domain parsed
Problem parsed
Grounding..
Grounding Time: 4092
UFX:true
|F|:12552
|X|:17
|A|:828
|P|:0
|E|:0
h(I):0.0
f(n) = 1.0 (Expanded Nodes: 4, Evaluated States: 18, Time: 0.026) Frontier Size: 14
f(n) = 2.0 (Expanded Nodes: 20, Evaluated States: 58, Time: 0.062) Frontier Size: 38
f(n) = 3.0 (Expanded Nodes: 51, Evaluated States: 103, Time: 0.093) Frontier Size: 52
f(n) = 4.0 (Expanded Nodes: 112, Evaluated States: 211, Time: 0.121) Frontier Size: 99
f(n) = 5.0 (Expanded Nodes: 211, Evaluated States: 337, Time: 0.148) Frontier Size: 126
Problem Solved

Found Plan:
0.0: (validate_payload t0 a7 t1)
1.0: (sync_actions a7)
2.0: (add_action a10)
3.0: (check_added_variables_model a10)
4.0: (move_in_model_move_automata a10)
5.0: (add_action a12)
6.0: (move_in_model_parameter a12 sDEC1_1 categorical c2)
7.0: (check_added_variables_model a12)
8.0: (move_in_model_move_automata a12)
9.0: (validate_payload t1 a11 t2)
10.0: (sync_actions a11)
11.0: (validate_payload t2 a8 t3)
12.0: (sync_actions a8)
13.0: (validate_payload t3 a1 t4)
14.0: (sync_actions a1)
15.0: (validate_payload t4 a0 t5)
16.0: (sync_actions a0)
17.0: (validate_payload t5 a2 t6)
18.0: (sync_actions a2)
19.0: (validate_payload t6 a9 t7)
20.0: (sync_actions a9)

Plan-Length:21
Metric (Search):5.0
Planning Time (msec): 210
Heuristic Time (msec): 4
Search Time (msec): 194
Expanded Nodes:365
States Evaluated:672
Number of Dead-Ends detected:0
Number of Duplicates detected:15
/usr/bin/time -v timeout 600 java -Xmx64g -jar ./enhsp3.jar -o ./domain_with_failure.pddl -f ./problems/BasePN-1And-del-2-d7/problem88.pddl -h blind -s WAStar
Domain parsed
Problem parsed
Grounding..
Grounding Time: 3800
UFX:true
|F|:12552
|X|:17
|A|:828
|P|:0
|E|:0
h(I):0.0
f(n) = 1.0 (Expanded Nodes: 12, Evaluated States: 48, Time: 0.035) Frontier Size: 36
f(n) = 2.0 (Expanded Nodes: 138, Evaluated States: 447, Time: 0.125) Frontier Size: 309
f(n) = 3.0 (Expanded Nodes: 823, Evaluated States: 2349, Time: 0.304) Frontier Size: 1526
f(n) = 4.0 (Expanded Nodes: 3290, Evaluated States: 8273, Time: 0.558) Frontier Size: 4983
f(n) = 5.0 (Expanded Nodes: 10064, Evaluated States: 21930, Time: 1.038) Frontier Size: 11866
Problem Solved

Found Plan:
0.0: (validate_payload t0 a7 t1)
1.0: (sync_actions a7)
2.0: (validate_payload t1 a10 t2)
3.0: (sync_actions a10)
4.0: (validate_payload t2 a12 t3)
5.0: (sync_actions a12)
6.0: (validate_payload t3 a11 t4)
7.0: (sync_actions a11)
8.0: (validate_payload t4 a8 t5)
9.0: (sync_actions a8)
10.0: (add_action a1)
11.0: (move_in_model_parameter a1 sDEC2_2 integer v0)
12.0: (check_added_variables_model a1)
13.0: (move_in_model_move_automata a1)
14.0: (add_action a0)
15.0: (check_added_variables_model a0)
16.0: (move_in_model_move_automata a0)
17.0: (validate_payload t5 a2 t6)
18.0: (sync_actions a2)
19.0: (validate_payload t6 a9 t7)
20.0: (sync_actions a9)

Plan-Length:21
Metric (Search):5.0
Planning Time (msec): 1381
Heuristic Time (msec): 8
Search Time (msec): 1380
Expanded Nodes:17010
States Evaluated:34260
Number of Dead-Ends detected:0
Number of Duplicates detected:149
/usr/bin/time -v timeout 600 java -Xmx64g -jar ./enhsp3.jar -o ./domain_with_failure.pddl -f ./problems/BasePN-1And-del-2-d7/problem89.pddl -h blind -s WAStar
Domain parsed
Problem parsed
Grounding..
Grounding Time: 3852
UFX:true
|F|:12552
|X|:15
|A|:828
|P|:0
|E|:0
h(I):0.0
f(n) = 1.0 (Expanded Nodes: 6, Evaluated States: 19, Time: 0.024) Frontier Size: 13
f(n) = 2.0 (Expanded Nodes: 33, Evaluated States: 67, Time: 0.075) Frontier Size: 34
f(n) = 3.0 (Expanded Nodes: 88, Evaluated States: 154, Time: 0.112) Frontier Size: 66
f(n) = 4.0 (Expanded Nodes: 253, Evaluated States: 511, Time: 0.164) Frontier Size: 258
Problem Solved

Found Plan:
0.0: (validate_payload t0 a7 t1)
1.0: (sync_actions a7)
2.0: (add_action a10)
3.0: (check_added_variables_model a10)
4.0: (move_in_model_move_automata a10)
5.0: (validate_payload t1 a12 t2)
6.0: (sync_actions a12)
7.0: (validate_payload t2 a11 t3)
8.0: (sync_actions a11)
9.0: (validate_payload t3 a8 t4)
10.0: (sync_actions a8)
11.0: (validate_payload t4 a1 t5)
12.0: (sync_actions a1)
13.0: (validate_payload t5 a0 t6)
14.0: (sync_actions a0)
15.0: (add_action a2)
16.0: (check_added_variables_model a2)
17.0: (move_in_model_move_automata a2)
18.0: (validate_payload t6 a9 t7)
19.0: (sync_actions a9)

Plan-Length:20
Metric (Search):4.0
Planning Time (msec): 204
Heuristic Time (msec): 2
Search Time (msec): 198
Expanded Nodes:323
States Evaluated:632
Number of Dead-Ends detected:0
Number of Duplicates detected:13
/usr/bin/time -v timeout 600 java -Xmx64g -jar ./enhsp3.jar -o ./domain_with_failure.pddl -f ./problems/BasePN-1And-del-2-d7/problem90.pddl -h blind -s WAStar
Domain parsed
Problem parsed
Grounding..
Grounding Time: 4049
UFX:true
|F|:12552
|X|:17
|A|:828
|P|:0
|E|:0
h(I):0.0
f(n) = 1.0 (Expanded Nodes: 6, Evaluated States: 19, Time: 0.027) Frontier Size: 13
f(n) = 2.0 (Expanded Nodes: 33, Evaluated States: 67, Time: 0.078) Frontier Size: 34
f(n) = 3.0 (Expanded Nodes: 88, Evaluated States: 162, Time: 0.114) Frontier Size: 74
f(n) = 4.0 (Expanded Nodes: 283, Evaluated States: 649, Time: 0.182) Frontier Size: 366
f(n) = 5.0 (Expanded Nodes: 1034, Evaluated States: 2421, Time: 0.312) Frontier Size: 1387
Problem Solved

Found Plan:
0.0: (validate_payload t0 a7 t1)
1.0: (sync_actions a7)
2.0: (add_action a10)
3.0: (check_added_variables_model a10)
4.0: (move_in_model_move_automata a10)
5.0: (validate_payload t1 a12 t2)
6.0: (sync_actions a12)
7.0: (validate_payload t2 a11 t3)
8.0: (sync_actions a11)
9.0: (validate_payload t3 a8 t4)
10.0: (sync_actions a8)
11.0: (validate_payload t4 a1 t5)
12.0: (sync_actions a1)
13.0: (validate_payload t5 a0 t6)
14.0: (sync_actions a0)
15.0: (add_action a2)
16.0: (move_in_model_parameter a2 sDEC6_2 integer v15)
17.0: (check_added_variables_model a2)
18.0: (move_in_model_move_automata a2)
19.0: (validate_payload t6 a9 t7)
20.0: (sync_actions a9)

Plan-Length:21
Metric (Search):5.0
Planning Time (msec): 372
Heuristic Time (msec): 9
Search Time (msec): 369
Expanded Nodes:1555
States Evaluated:3397
Number of Dead-Ends detected:0
Number of Duplicates detected:37
/usr/bin/time -v timeout 600 java -Xmx64g -jar ./enhsp3.jar -o ./domain_with_failure.pddl -f ./problems/BasePN-1And-del-2-d7/problem91.pddl -h blind -s WAStar
Domain parsed
Problem parsed
Grounding..
Grounding Time: 4103
UFX:true
|F|:12552
|X|:17
|A|:828
|P|:0
|E|:0
h(I):0.0
f(n) = 1.0 (Expanded Nodes: 14, Evaluated States: 55, Time: 0.04) Frontier Size: 41
f(n) = 2.0 (Expanded Nodes: 172, Evaluated States: 555, Time: 0.143) Frontier Size: 383
f(n) = 3.0 (Expanded Nodes: 1059, Evaluated States: 3067, Time: 0.399) Frontier Size: 2008
f(n) = 4.0 (Expanded Nodes: 4205, Evaluated States: 11046, Time: 0.985) Frontier Size: 6841
f(n) = 5.0 (Expanded Nodes: 12614, Evaluated States: 29144, Time: 1.77) Frontier Size: 16530
f(n) = 6.0 (Expanded Nodes: 32509, Evaluated States: 65172, Time: 2.917) Frontier Size: 32663
Problem Solved

Found Plan:
0.0: (validate_payload t0 a7 t1)
1.0: (sync_actions a7)
2.0: (change_value a10 integer v5)
3.0: (validate_payload t1 a10 t2)
4.0: (sync_actions a10)
5.0: (validate_payload t2 a12 t3)
6.0: (sync_actions a12)
7.0: (change_value a11 integer v5)
8.0: (validate_payload t3 a11 t4)
9.0: (sync_actions a11)
10.0: (validate_payload t4 a8 t5)
11.0: (sync_actions a8)
12.0: (add_action a1)
13.0: (check_added_variables_model a1)
14.0: (move_in_model_move_automata a1)
15.0: (add_action a2)
16.0: (check_added_variables_model a2)
17.0: (move_in_model_move_automata a2)
18.0: (validate_payload t5 a0 t6)
19.0: (sync_actions a0)
20.0: (validate_payload t6 a9 t7)
21.0: (sync_actions a9)

Plan-Length:22
Metric (Search):6.0
Planning Time (msec): 3010
Heuristic Time (msec): 7
Search Time (msec): 3003
Expanded Nodes:33864
States Evaluated:67898
Number of Dead-Ends detected:0
Number of Duplicates detected:2121
/usr/bin/time -v timeout 600 java -Xmx64g -jar ./enhsp3.jar -o ./domain_with_failure.pddl -f ./problems/BasePN-1And-del-2-d7/problem92.pddl -h blind -s WAStar
Domain parsed
Problem parsed
Grounding..
Grounding Time: 3836
UFX:true
|F|:12552
|X|:17
|A|:828
|P|:0
|E|:0
h(I):0.0
f(n) = 1.0 (Expanded Nodes: 12, Evaluated States: 48, Time: 0.031) Frontier Size: 36
f(n) = 2.0 (Expanded Nodes: 140, Evaluated States: 449, Time: 0.116) Frontier Size: 309
f(n) = 3.0 (Expanded Nodes: 851, Evaluated States: 2376, Time: 0.328) Frontier Size: 1525
f(n) = 4.0 (Expanded Nodes: 3444, Evaluated States: 8410, Time: 0.629) Frontier Size: 4966
f(n) = 5.0 (Expanded Nodes: 10483, Evaluated States: 22221, Time: 1.169) Frontier Size: 11738
Problem Solved

Found Plan:
0.0: (validate_payload t0 a7 t1)
1.0: (sync_actions a7)
2.0: (validate_payload t1 a10 t2)
3.0: (sync_actions a10)
4.0: (validate_payload t2 a12 t3)
5.0: (sync_actions a12)
6.0: (validate_payload t3 a11 t4)
7.0: (sync_actions a11)
8.0: (validate_payload t4 a8 t5)
9.0: (sync_actions a8)
10.0: (add_action a0)
11.0: (check_added_variables_model a0)
12.0: (move_in_model_move_automata a0)
13.0: (add_action a1)
14.0: (move_in_model_parameter a1 sDEC2_2 integer v5)
15.0: (check_added_variables_model a1)
16.0: (move_in_model_move_automata a1)
17.0: (validate_payload t5 a2 t6)
18.0: (sync_actions a2)
19.0: (validate_payload t6 a9 t7)
20.0: (sync_actions a9)

Plan-Length:21
Metric (Search):5.0
Planning Time (msec): 1597
Heuristic Time (msec): 11
Search Time (msec): 1588
Expanded Nodes:19677
States Evaluated:38829
Number of Dead-Ends detected:0
Number of Duplicates detected:522
/usr/bin/time -v timeout 600 java -Xmx64g -jar ./enhsp3.jar -o ./domain_with_failure.pddl -f ./problems/BasePN-1And-del-2-d7/problem93.pddl -h blind -s WAStar
Domain parsed
Problem parsed
Grounding..
Grounding Time: 3988
UFX:true
|F|:12552
|X|:18
|A|:828
|P|:0
|E|:0
h(I):0.0
f(n) = 1.0 (Expanded Nodes: 16, Evaluated States: 55, Time: 0.044) Frontier Size: 39
f(n) = 2.0 (Expanded Nodes: 208, Evaluated States: 597, Time: 0.155) Frontier Size: 389
f(n) = 3.0 (Expanded Nodes: 1351, Evaluated States: 3557, Time: 0.375) Frontier Size: 2206
f(n) = 4.0 (Expanded Nodes: 5644, Evaluated States: 13693, Time: 0.793) Frontier Size: 8049
f(n) = 5.0 (Expanded Nodes: 17507, Evaluated States: 38001, Time: 1.485) Frontier Size: 20494
Problem Solved

Found Plan:
0.0: (validate_payload t0 a7 t1)
1.0: (sync_actions a7)
2.0: (validate_payload t1 a10 t2)
3.0: (sync_actions a10)
4.0: (validate_payload t2 a12 t3)
5.0: (sync_actions a12)
6.0: (change_value a11 integer v0)
7.0: (validate_payload t3 a11 t4)
8.0: (sync_actions a11)
9.0: (validate_payload t4 a8 t5)
10.0: (sync_actions a8)
11.0: (validate_payload t5 a0 t6)
12.0: (sync_actions a0)
13.0: (validate_payload t6 a1 t7)
14.0: (sync_actions a1)
15.0: (add_action a2)
16.0: (check_added_variables_model a2)
17.0: (move_in_model_move_automata a2)
18.0: (add_action a9)
19.0: (check_added_variables_model a9)
20.0: (move_in_model_move_automata a9)

Plan-Length:21
Metric (Search):5.0
Planning Time (msec): 1964
Heuristic Time (msec): 9
Search Time (msec): 1961
Expanded Nodes:29431
States Evaluated:58694
Number of Dead-Ends detected:0
Number of Duplicates detected:1025
/usr/bin/time -v timeout 600 java -Xmx64g -jar ./enhsp3.jar -o ./domain_with_failure.pddl -f ./problems/BasePN-1And-del-2-d7/problem94.pddl -h blind -s WAStar
Domain parsed
Problem parsed
Grounding..
Grounding Time: 3893
UFX:true
|F|:12552
|X|:16
|A|:828
|P|:0
|E|:0
h(I):0.0
f(n) = 1.0 (Expanded Nodes: 4, Evaluated States: 14, Time: 0.025) Frontier Size: 10
f(n) = 2.0 (Expanded Nodes: 8, Evaluated States: 14, Time: 0.053) Frontier Size: 6
f(n) = 3.0 (Expanded Nodes: 23, Evaluated States: 55, Time: 0.077) Frontier Size: 32
f(n) = 4.0 (Expanded Nodes: 44, Evaluated States: 59, Time: 0.089) Frontier Size: 15
f(n) = 5.0 (Expanded Nodes: 88, Evaluated States: 162, Time: 0.114) Frontier Size: 74
Problem Solved

Found Plan:
0.0: (validate_payload t0 a7 t1)
1.0: (sync_actions a7)
2.0: (add_action a10)
3.0: (check_added_variables_model a10)
4.0: (move_in_model_move_automata a10)
5.0: (add_action a12)
6.0: (move_in_model_parameter a12 sDEC1_1 categorical c2)
7.0: (check_added_variables_model a12)
8.0: (move_in_model_move_automata a12)
9.0: (validate_payload t1 a11 t2)
10.0: (sync_actions a11)
11.0: (validate_payload t2 a8 t3)
12.0: (sync_actions a8)
13.0: (validate_payload t3 a1 t4)
14.0: (sync_actions a1)
15.0: (validate_payload t4 a2 t5)
16.0: (sync_actions a2)
17.0: (validate_payload t5 a0 t6)
18.0: (sync_actions a0)
19.0: (validate_payload t6 a9 t7)
20.0: (sync_actions a9)

Plan-Length:21
Metric (Search):5.0
Planning Time (msec): 152
Heuristic Time (msec): 6
Search Time (msec): 136
Expanded Nodes:198
States Evaluated:416
Number of Dead-Ends detected:0
Number of Duplicates detected:10
/usr/bin/time -v timeout 600 java -Xmx64g -jar ./enhsp3.jar -o ./domain_with_failure.pddl -f ./problems/BasePN-1And-del-2-d7/problem95.pddl -h blind -s WAStar
Domain parsed
Problem parsed
Grounding..
Grounding Time: 3913
UFX:true
|F|:12552
|X|:17
|A|:828
|P|:0
|E|:0
h(I):0.0
f(n) = 1.0 (Expanded Nodes: 6, Evaluated States: 27, Time: 0.03) Frontier Size: 21
f(n) = 2.0 (Expanded Nodes: 42, Evaluated States: 130, Time: 0.083) Frontier Size: 88
f(n) = 3.0 (Expanded Nodes: 147, Evaluated States: 338, Time: 0.137) Frontier Size: 191
f(n) = 4.0 (Expanded Nodes: 452, Evaluated States: 1076, Time: 0.222) Frontier Size: 624
f(n) = 5.0 (Expanded Nodes: 1725, Evaluated States: 4584, Time: 0.385) Frontier Size: 2859
Problem Solved

Found Plan:
0.0: (validate_payload t0 a7 t1)
1.0: (sync_actions a7)
2.0: (validate_payload t1 a10 t2)
3.0: (sync_actions a10)
4.0: (add_action a12)
5.0: (move_in_model_parameter a12 sDEC1_1 categorical c2)
6.0: (check_added_variables_model a12)
7.0: (move_in_model_move_automata a12)
8.0: (validate_payload t2 a11 t3)
9.0: (sync_actions a11)
10.0: (validate_payload t3 a8 t4)
11.0: (sync_actions a8)
12.0: (validate_payload t4 a1 t5)
13.0: (sync_actions a1)
14.0: (validate_payload t5 a2 t6)
15.0: (sync_actions a2)
16.0: (add_action a0)
17.0: (check_added_variables_model a0)
18.0: (move_in_model_move_automata a0)
19.0: (validate_payload t6 a9 t7)
20.0: (sync_actions a9)

Plan-Length:21
Metric (Search):5.0
Planning Time (msec): 695
Heuristic Time (msec): 6
Search Time (msec): 687
Expanded Nodes:4917
States Evaluated:12484
Number of Dead-Ends detected:0
Number of Duplicates detected:81
/usr/bin/time -v timeout 600 java -Xmx64g -jar ./enhsp3.jar -o ./domain_with_failure.pddl -f ./problems/BasePN-1And-del-2-d7/problem96.pddl -h blind -s WAStar
Domain parsed
Problem parsed
Grounding..
Grounding Time: 4006
UFX:true
|F|:12552
|X|:17
|A|:828
|P|:0
|E|:0
h(I):0.0
f(n) = 1.0 (Expanded Nodes: 6, Evaluated States: 19, Time: 0.03) Frontier Size: 13
f(n) = 2.0 (Expanded Nodes: 33, Evaluated States: 67, Time: 0.075) Frontier Size: 34
f(n) = 3.0 (Expanded Nodes: 82, Evaluated States: 141, Time: 0.111) Frontier Size: 59
f(n) = 4.0 (Expanded Nodes: 187, Evaluated States: 356, Time: 0.136) Frontier Size: 169
Problem Solved

Found Plan:
0.0: (validate_payload t0 a7 t1)
1.0: (sync_actions a7)
2.0: (add_action a10)
3.0: (check_added_variables_model a10)
4.0: (move_in_model_move_automata a10)
5.0: (validate_payload t1 a12 t2)
6.0: (sync_actions a12)
7.0: (validate_payload t2 a11 t3)
8.0: (sync_actions a11)
9.0: (add_action a8)
10.0: (check_added_variables_model a8)
11.0: (move_in_model_move_automata a8)
12.0: (validate_payload t3 a1 t4)
13.0: (sync_actions a1)
14.0: (validate_payload t4 a0 t5)
15.0: (sync_actions a0)
16.0: (validate_payload t5 a2 t6)
17.0: (sync_actions a2)
18.0: (validate_payload t6 a9 t7)
19.0: (sync_actions a9)

Plan-Length:20
Metric (Search):4.0
Planning Time (msec): 208
Heuristic Time (msec): 6
Search Time (msec): 206
Expanded Nodes:406
States Evaluated:741
Number of Dead-Ends detected:0
Number of Duplicates detected:20
/usr/bin/time -v timeout 600 java -Xmx64g -jar ./enhsp3.jar -o ./domain_with_failure.pddl -f ./problems/BasePN-1And-del-2-d7/problem97.pddl -h blind -s WAStar
Domain parsed
Problem parsed
Grounding..
Grounding Time: 4025
UFX:true
|F|:12552
|X|:15
|A|:828
|P|:0
|E|:0
h(I):0.0
f(n) = 1.0 (Expanded Nodes: 12, Evaluated States: 42, Time: 0.034) Frontier Size: 30
f(n) = 2.0 (Expanded Nodes: 113, Evaluated States: 292, Time: 0.118) Frontier Size: 179
f(n) = 3.0 (Expanded Nodes: 478, Evaluated States: 1008, Time: 0.238) Frontier Size: 530
f(n) = 4.0 (Expanded Nodes: 1265, Evaluated States: 2337, Time: 0.355) Frontier Size: 1072
Problem Solved

Found Plan:
0.0: (validate_payload t0 a7 t1)
1.0: (sync_actions a7)
2.0: (validate_payload t1 a10 t2)
3.0: (sync_actions a10)
4.0: (validate_payload t2 a12 t3)
5.0: (sync_actions a12)
6.0: (validate_payload t3 a11 t4)
7.0: (sync_actions a11)
8.0: (add_action a8)
9.0: (check_added_variables_model a8)
10.0: (move_in_model_move_automata a8)
11.0: (validate_payload t4 a1 t5)
12.0: (sync_actions a1)
13.0: (add_action a0)
14.0: (check_added_variables_model a0)
15.0: (move_in_model_move_automata a0)
16.0: (validate_payload t5 a2 t6)
17.0: (sync_actions a2)
18.0: (validate_payload t6 a9 t7)
19.0: (sync_actions a9)

Plan-Length:20
Metric (Search):4.0
Planning Time (msec): 436
Heuristic Time (msec): 6
Search Time (msec): 434
Expanded Nodes:1956
States Evaluated:3364
Number of Dead-Ends detected:0
Number of Duplicates detected:67
/usr/bin/time -v timeout 600 java -Xmx64g -jar ./enhsp3.jar -o ./domain_with_failure.pddl -f ./problems/BasePN-1And-del-2-d7/problem98.pddl -h blind -s WAStar
Domain parsed
Problem parsed
Grounding..
Grounding Time: 4142
UFX:true
|F|:12552
|X|:17
|A|:828
|P|:0
|E|:0
h(I):0.0
f(n) = 1.0 (Expanded Nodes: 14, Evaluated States: 50, Time: 0.041) Frontier Size: 36
f(n) = 2.0 (Expanded Nodes: 172, Evaluated States: 515, Time: 0.138) Frontier Size: 343
f(n) = 3.0 (Expanded Nodes: 1064, Evaluated States: 2961, Time: 0.318) Frontier Size: 1897
f(n) = 4.0 (Expanded Nodes: 4247, Evaluated States: 11075, Time: 0.609) Frontier Size: 6828
Problem Solved

Found Plan:
0.0: (validate_payload t0 a7 t1)
1.0: (sync_actions a7)
2.0: (validate_payload t1 a10 t2)
3.0: (sync_actions a10)
4.0: (validate_payload t2 a12 t3)
5.0: (sync_actions a12)
6.0: (validate_payload t3 a11 t4)
7.0: (sync_actions a11)
8.0: (validate_payload t4 a8 t5)
9.0: (sync_actions a8)
10.0: (add_action a0)
11.0: (check_added_variables_model a0)
12.0: (move_in_model_move_automata a0)
13.0: (validate_payload t5 a1 t6)
14.0: (sync_actions a1)
15.0: (add_action a2)
16.0: (check_added_variables_model a2)
17.0: (move_in_model_move_automata a2)
18.0: (validate_payload t6 a9 t7)
19.0: (sync_actions a9)

Plan-Length:20
Metric (Search):4.0
Planning Time (msec): 791
Heuristic Time (msec): 2
Search Time (msec): 785
Expanded Nodes:7527
States Evaluated:17956
Number of Dead-Ends detected:0
Number of Duplicates detected:179
/usr/bin/time -v timeout 600 java -Xmx64g -jar ./enhsp3.jar -o ./domain_with_failure.pddl -f ./problems/BasePN-1And-del-2-d7/problem99.pddl -h blind -s WAStar
Domain parsed
Problem parsed
Grounding..
Grounding Time: 3878
UFX:true
|F|:12552
|X|:18
|A|:828
|P|:0
|E|:0
h(I):0.0
f(n) = 1.0 (Expanded Nodes: 16, Evaluated States: 66, Time: 0.04) Frontier Size: 50
f(n) = 2.0 (Expanded Nodes: 240, Evaluated States: 804, Time: 0.154) Frontier Size: 564
f(n) = 3.0 (Expanded Nodes: 1889, Evaluated States: 5456, Time: 0.372) Frontier Size: 3567
f(n) = 4.0 (Expanded Nodes: 9486, Evaluated States: 24009, Time: 0.854) Frontier Size: 14523
Problem Solved

Found Plan:
0.0: (validate_payload t0 a7 t1)
1.0: (sync_actions a7)
2.0: (validate_payload t1 a10 t2)
3.0: (sync_actions a10)
4.0: (validate_payload t2 a12 t3)
5.0: (sync_actions a12)
6.0: (validate_payload t3 a11 t4)
7.0: (sync_actions a11)
8.0: (validate_payload t4 a8 t5)
9.0: (sync_actions a8)
10.0: (validate_payload t5 a1 t6)
11.0: (sync_actions a1)
12.0: (validate_payload t6 a2 t7)
13.0: (sync_actions a2)
14.0: (add_action a0)
15.0: (check_added_variables_model a0)
16.0: (move_in_model_move_automata a0)
17.0: (add_action a9)
18.0: (check_added_variables_model a9)
19.0: (move_in_model_move_automata a9)

Plan-Length:20
Metric (Search):4.0
Planning Time (msec): 1091
Heuristic Time (msec): 10
Search Time (msec): 1088
Expanded Nodes:14436
States Evaluated:34350
Number of Dead-Ends detected:0
Number of Duplicates detected:121
/usr/bin/time -v timeout 600 java -Xmx64g -jar ./enhsp3.jar -o ./domain_with_failure.pddl -f ./problems/BasePN-1And-del-2-d7/problem100.pddl -h blind -s WAStar
Domain parsed
Problem parsed
Grounding..
Grounding Time: 3743
UFX:true
|F|:12552
|X|:15
|A|:828
|P|:0
|E|:0
h(I):0.0
f(n) = 1.0 (Expanded Nodes: 4, Evaluated States: 14, Time: 0.017) Frontier Size: 10
f(n) = 2.0 (Expanded Nodes: 16, Evaluated States: 38, Time: 0.056) Frontier Size: 22
f(n) = 3.0 (Expanded Nodes: 31, Evaluated States: 71, Time: 0.076) Frontier Size: 40
f(n) = 4.0 (Expanded Nodes: 80, Evaluated States: 151, Time: 0.098) Frontier Size: 71
f(n) = 5.0 (Expanded Nodes: 151, Evaluated States: 259, Time: 0.124) Frontier Size: 108
Problem Solved

Found Plan:
0.0: (validate_payload t0 a7 t1)
1.0: (sync_actions a7)
2.0: (add_action a10)
3.0: (check_added_variables_model a10)
4.0: (move_in_model_move_automata a10)
5.0: (add_action a12)
6.0: (move_in_model_parameter a12 sDEC1_1 categorical c2)
7.0: (check_added_variables_model a12)
8.0: (move_in_model_move_automata a12)
9.0: (validate_payload t1 a11 t2)
10.0: (sync_actions a11)
11.0: (validate_payload t2 a8 t3)
12.0: (sync_actions a8)
13.0: (validate_payload t3 a1 t4)
14.0: (sync_actions a1)
15.0: (validate_payload t4 a2 t5)
16.0: (sync_actions a2)
17.0: (validate_payload t5 a0 t6)
18.0: (sync_actions a0)
19.0: (validate_payload t6 a9 t7)
20.0: (sync_actions a9)

Plan-Length:21
Metric (Search):5.0
Planning Time (msec): 177
Heuristic Time (msec): 2
Search Time (msec): 171
Expanded Nodes:336
States Evaluated:601
Number of Dead-Ends detected:0
Number of Duplicates detected:20
Loading openjdk/17.0.8.1_1
  Loading requirement: glibc/2.35-aocc-3.2.0-wetwhfr
    gcc-runtime/12.1.0-gcc-12.1.0-uotjsm3 glibc/2.35-aocc-3.2.0-dkzxmta
	Command being timed: "timeout 600 java -Xmx64g -jar ./enhsp3.jar -o ./domain_with_failure.pddl -f ./problems/BasePN-1And-del-2-d7/problem1.pddl -h blind -s WAStar -dap"
	User time (seconds): 6.12
	System time (seconds): 0.47
	Percent of CPU this job got: 92%
	Elapsed (wall clock) time (h:mm:ss or m:ss): 0:07.16
	Average shared text size (kbytes): 0
	Average unshared data size (kbytes): 0
	Average stack size (kbytes): 0
	Average total size (kbytes): 0
	Maximum resident set size (kbytes): 1078712
	Average resident set size (kbytes): 0
	Major (requiring I/O) page faults: 265
	Minor (reclaiming a frame) page faults: 356115
	Voluntary context switches: 2849
	Involuntary context switches: 2546
	Swaps: 0
	File system inputs: 0
	File system outputs: 88
	Socket messages sent: 0
	Socket messages received: 0
	Signals delivered: 0
	Page size (bytes): 4096
	Exit status: 0
	Command being timed: "timeout 600 java -Xmx64g -jar ./enhsp3.jar -o ./domain_with_failure.pddl -f ./problems/BasePN-1And-del-2-d7/problem2.pddl -h blind -s WAStar -dap"
	User time (seconds): 6.77
	System time (seconds): 0.52
	Percent of CPU this job got: 99%
	Elapsed (wall clock) time (h:mm:ss or m:ss): 0:07.36
	Average shared text size (kbytes): 0
	Average unshared data size (kbytes): 0
	Average stack size (kbytes): 0
	Average total size (kbytes): 0
	Maximum resident set size (kbytes): 1074740
	Average resident set size (kbytes): 0
	Major (requiring I/O) page faults: 0
	Minor (reclaiming a frame) page faults: 391210
	Voluntary context switches: 2611
	Involuntary context switches: 2928
	Swaps: 0
	File system inputs: 0
	File system outputs: 88
	Socket messages sent: 0
	Socket messages received: 0
	Signals delivered: 0
	Page size (bytes): 4096
	Exit status: 0
	Command being timed: "timeout 600 java -Xmx64g -jar ./enhsp3.jar -o ./domain_with_failure.pddl -f ./problems/BasePN-1And-del-2-d7/problem3.pddl -h blind -s WAStar -dap"
	User time (seconds): 6.24
	System time (seconds): 0.48
	Percent of CPU this job got: 99%
	Elapsed (wall clock) time (h:mm:ss or m:ss): 0:06.76
	Average shared text size (kbytes): 0
	Average unshared data size (kbytes): 0
	Average stack size (kbytes): 0
	Average total size (kbytes): 0
	Maximum resident set size (kbytes): 1075204
	Average resident set size (kbytes): 0
	Major (requiring I/O) page faults: 0
	Minor (reclaiming a frame) page faults: 389523
	Voluntary context switches: 2448
	Involuntary context switches: 2591
	Swaps: 0
	File system inputs: 0
	File system outputs: 120
	Socket messages sent: 0
	Socket messages received: 0
	Signals delivered: 0
	Page size (bytes): 4096
	Exit status: 0
	Command being timed: "timeout 600 java -Xmx64g -jar ./enhsp3.jar -o ./domain_with_failure.pddl -f ./problems/BasePN-1And-del-2-d7/problem4.pddl -h blind -s WAStar -dap"
	User time (seconds): 6.14
	System time (seconds): 0.44
	Percent of CPU this job got: 99%
	Elapsed (wall clock) time (h:mm:ss or m:ss): 0:06.61
	Average shared text size (kbytes): 0
	Average unshared data size (kbytes): 0
	Average stack size (kbytes): 0
	Average total size (kbytes): 0
	Maximum resident set size (kbytes): 1072512
	Average resident set size (kbytes): 0
	Major (requiring I/O) page faults: 114
	Minor (reclaiming a frame) page faults: 357221
	Voluntary context switches: 2743
	Involuntary context switches: 2637
	Swaps: 0
	File system inputs: 0
	File system outputs: 88
	Socket messages sent: 0
	Socket messages received: 0
	Signals delivered: 0
	Page size (bytes): 4096
	Exit status: 0
	Command being timed: "timeout 600 java -Xmx64g -jar ./enhsp3.jar -o ./domain_with_failure.pddl -f ./problems/BasePN-1And-del-2-d7/problem5.pddl -h blind -s WAStar -dap"
	User time (seconds): 6.44
	System time (seconds): 0.49
	Percent of CPU this job got: 99%
	Elapsed (wall clock) time (h:mm:ss or m:ss): 0:06.97
	Average shared text size (kbytes): 0
	Average unshared data size (kbytes): 0
	Average stack size (kbytes): 0
	Average total size (kbytes): 0
	Maximum resident set size (kbytes): 1073852
	Average resident set size (kbytes): 0
	Major (requiring I/O) page faults: 0
	Minor (reclaiming a frame) page faults: 391539
	Voluntary context switches: 2292
	Involuntary context switches: 2550
	Swaps: 0
	File system inputs: 0
	File system outputs: 96
	Socket messages sent: 0
	Socket messages received: 0
	Signals delivered: 0
	Page size (bytes): 4096
	Exit status: 0
	Command being timed: "timeout 600 java -Xmx64g -jar ./enhsp3.jar -o ./domain_with_failure.pddl -f ./problems/BasePN-1And-del-2-d7/problem6.pddl -h blind -s WAStar -dap"
	User time (seconds): 6.29
	System time (seconds): 0.50
	Percent of CPU this job got: 99%
	Elapsed (wall clock) time (h:mm:ss or m:ss): 0:06.82
	Average shared text size (kbytes): 0
	Average unshared data size (kbytes): 0
	Average stack size (kbytes): 0
	Average total size (kbytes): 0
	Maximum resident set size (kbytes): 1074064
	Average resident set size (kbytes): 0
	Major (requiring I/O) page faults: 0
	Minor (reclaiming a frame) page faults: 383085
	Voluntary context switches: 2548
	Involuntary context switches: 2660
	Swaps: 0
	File system inputs: 0
	File system outputs: 120
	Socket messages sent: 0
	Socket messages received: 0
	Signals delivered: 0
	Page size (bytes): 4096
	Exit status: 0
	Command being timed: "timeout 600 java -Xmx64g -jar ./enhsp3.jar -o ./domain_with_failure.pddl -f ./problems/BasePN-1And-del-2-d7/problem7.pddl -h blind -s WAStar -dap"
	User time (seconds): 6.82
	System time (seconds): 0.53
	Percent of CPU this job got: 99%
	Elapsed (wall clock) time (h:mm:ss or m:ss): 0:07.37
	Average shared text size (kbytes): 0
	Average unshared data size (kbytes): 0
	Average stack size (kbytes): 0
	Average total size (kbytes): 0
	Maximum resident set size (kbytes): 1078148
	Average resident set size (kbytes): 0
	Major (requiring I/O) page faults: 0
	Minor (reclaiming a frame) page faults: 401234
	Voluntary context switches: 2565
	Involuntary context switches: 2821
	Swaps: 0
	File system inputs: 0
	File system outputs: 88
	Socket messages sent: 0
	Socket messages received: 0
	Signals delivered: 0
	Page size (bytes): 4096
	Exit status: 0
	Command being timed: "timeout 600 java -Xmx64g -jar ./enhsp3.jar -o ./domain_with_failure.pddl -f ./problems/BasePN-1And-del-2-d7/problem8.pddl -h blind -s WAStar -dap"
	User time (seconds): 6.51
	System time (seconds): 0.48
	Percent of CPU this job got: 99%
	Elapsed (wall clock) time (h:mm:ss or m:ss): 0:07.00
	Average shared text size (kbytes): 0
	Average unshared data size (kbytes): 0
	Average stack size (kbytes): 0
	Average total size (kbytes): 0
	Maximum resident set size (kbytes): 1073780
	Average resident set size (kbytes): 0
	Major (requiring I/O) page faults: 0
	Minor (reclaiming a frame) page faults: 389914
	Voluntary context switches: 2324
	Involuntary context switches: 2653
	Swaps: 0
	File system inputs: 0
	File system outputs: 96
	Socket messages sent: 0
	Socket messages received: 0
	Signals delivered: 0
	Page size (bytes): 4096
	Exit status: 0
	Command being timed: "timeout 600 java -Xmx64g -jar ./enhsp3.jar -o ./domain_with_failure.pddl -f ./problems/BasePN-1And-del-2-d7/problem9.pddl -h blind -s WAStar -dap"
	User time (seconds): 6.39
	System time (seconds): 0.48
	Percent of CPU this job got: 99%
	Elapsed (wall clock) time (h:mm:ss or m:ss): 0:06.92
	Average shared text size (kbytes): 0
	Average unshared data size (kbytes): 0
	Average stack size (kbytes): 0
	Average total size (kbytes): 0
	Maximum resident set size (kbytes): 1073696
	Average resident set size (kbytes): 0
	Major (requiring I/O) page faults: 0
	Minor (reclaiming a frame) page faults: 357046
	Voluntary context switches: 2200
	Involuntary context switches: 2553
	Swaps: 0
	File system inputs: 0
	File system outputs: 112
	Socket messages sent: 0
	Socket messages received: 0
	Signals delivered: 0
	Page size (bytes): 4096
	Exit status: 0
	Command being timed: "timeout 600 java -Xmx64g -jar ./enhsp3.jar -o ./domain_with_failure.pddl -f ./problems/BasePN-1And-del-2-d7/problem10.pddl -h blind -s WAStar -dap"
	User time (seconds): 8.40
	System time (seconds): 0.50
	Percent of CPU this job got: 99%
	Elapsed (wall clock) time (h:mm:ss or m:ss): 0:08.94
	Average shared text size (kbytes): 0
	Average unshared data size (kbytes): 0
	Average stack size (kbytes): 0
	Average total size (kbytes): 0
	Maximum resident set size (kbytes): 1078616
	Average resident set size (kbytes): 0
	Major (requiring I/O) page faults: 0
	Minor (reclaiming a frame) page faults: 432338
	Voluntary context switches: 2709
	Involuntary context switches: 3253
	Swaps: 0
	File system inputs: 0
	File system outputs: 96
	Socket messages sent: 0
	Socket messages received: 0
	Signals delivered: 0
	Page size (bytes): 4096
	Exit status: 0
	Command being timed: "timeout 600 java -Xmx64g -jar ./enhsp3.jar -o ./domain_with_failure.pddl -f ./problems/BasePN-1And-del-2-d7/problem11.pddl -h blind -s WAStar -dap"
	User time (seconds): 6.38
	System time (seconds): 0.50
	Percent of CPU this job got: 99%
	Elapsed (wall clock) time (h:mm:ss or m:ss): 0:06.91
	Average shared text size (kbytes): 0
	Average unshared data size (kbytes): 0
	Average stack size (kbytes): 0
	Average total size (kbytes): 0
	Maximum resident set size (kbytes): 1075784
	Average resident set size (kbytes): 0
	Major (requiring I/O) page faults: 0
	Minor (reclaiming a frame) page faults: 393720
	Voluntary context switches: 2391
	Involuntary context switches: 2630
	Swaps: 0
	File system inputs: 0
	File system outputs: 96
	Socket messages sent: 0
	Socket messages received: 0
	Signals delivered: 0
	Page size (bytes): 4096
	Exit status: 0
	Command being timed: "timeout 600 java -Xmx64g -jar ./enhsp3.jar -o ./domain_with_failure.pddl -f ./problems/BasePN-1And-del-2-d7/problem12.pddl -h blind -s WAStar -dap"
	User time (seconds): 6.18
	System time (seconds): 0.47
	Percent of CPU this job got: 99%
	Elapsed (wall clock) time (h:mm:ss or m:ss): 0:06.70
	Average shared text size (kbytes): 0
	Average unshared data size (kbytes): 0
	Average stack size (kbytes): 0
	Average total size (kbytes): 0
	Maximum resident set size (kbytes): 1072360
	Average resident set size (kbytes): 0
	Major (requiring I/O) page faults: 0
	Minor (reclaiming a frame) page faults: 358623
	Voluntary context switches: 2220
	Involuntary context switches: 2440
	Swaps: 0
	File system inputs: 0
	File system outputs: 88
	Socket messages sent: 0
	Socket messages received: 0
	Signals delivered: 0
	Page size (bytes): 4096
	Exit status: 0
	Command being timed: "timeout 600 java -Xmx64g -jar ./enhsp3.jar -o ./domain_with_failure.pddl -f ./problems/BasePN-1And-del-2-d7/problem13.pddl -h blind -s WAStar -dap"
	User time (seconds): 6.82
	System time (seconds): 0.50
	Percent of CPU this job got: 99%
	Elapsed (wall clock) time (h:mm:ss or m:ss): 0:07.35
	Average shared text size (kbytes): 0
	Average unshared data size (kbytes): 0
	Average stack size (kbytes): 0
	Average total size (kbytes): 0
	Maximum resident set size (kbytes): 1073188
	Average resident set size (kbytes): 0
	Major (requiring I/O) page faults: 0
	Minor (reclaiming a frame) page faults: 393921
	Voluntary context switches: 2319
	Involuntary context switches: 2724
	Swaps: 0
	File system inputs: 0
	File system outputs: 112
	Socket messages sent: 0
	Socket messages received: 0
	Signals delivered: 0
	Page size (bytes): 4096
	Exit status: 0
	Command being timed: "timeout 600 java -Xmx64g -jar ./enhsp3.jar -o ./domain_with_failure.pddl -f ./problems/BasePN-1And-del-2-d7/problem14.pddl -h blind -s WAStar -dap"
	User time (seconds): 6.41
	System time (seconds): 0.51
	Percent of CPU this job got: 99%
	Elapsed (wall clock) time (h:mm:ss or m:ss): 0:06.96
	Average shared text size (kbytes): 0
	Average unshared data size (kbytes): 0
	Average stack size (kbytes): 0
	Average total size (kbytes): 0
	Maximum resident set size (kbytes): 1078340
	Average resident set size (kbytes): 0
	Major (requiring I/O) page faults: 0
	Minor (reclaiming a frame) page faults: 391029
	Voluntary context switches: 2424
	Involuntary context switches: 2652
	Swaps: 0
	File system inputs: 0
	File system outputs: 96
	Socket messages sent: 0
	Socket messages received: 0
	Signals delivered: 0
	Page size (bytes): 4096
	Exit status: 0
	Command being timed: "timeout 600 java -Xmx64g -jar ./enhsp3.jar -o ./domain_with_failure.pddl -f ./problems/BasePN-1And-del-2-d7/problem15.pddl -h blind -s WAStar -dap"
	User time (seconds): 6.30
	System time (seconds): 0.52
	Percent of CPU this job got: 99%
	Elapsed (wall clock) time (h:mm:ss or m:ss): 0:06.85
	Average shared text size (kbytes): 0
	Average unshared data size (kbytes): 0
	Average stack size (kbytes): 0
	Average total size (kbytes): 0
	Maximum resident set size (kbytes): 1074516
	Average resident set size (kbytes): 0
	Major (requiring I/O) page faults: 0
	Minor (reclaiming a frame) page faults: 386820
	Voluntary context switches: 2764
	Involuntary context switches: 2780
	Swaps: 0
	File system inputs: 0
	File system outputs: 88
	Socket messages sent: 0
	Socket messages received: 0
	Signals delivered: 0
	Page size (bytes): 4096
	Exit status: 0
	Command being timed: "timeout 600 java -Xmx64g -jar ./enhsp3.jar -o ./domain_with_failure.pddl -f ./problems/BasePN-1And-del-2-d7/problem16.pddl -h blind -s WAStar -dap"
	User time (seconds): 6.15
	System time (seconds): 0.54
	Percent of CPU this job got: 99%
	Elapsed (wall clock) time (h:mm:ss or m:ss): 0:06.72
	Average shared text size (kbytes): 0
	Average unshared data size (kbytes): 0
	Average stack size (kbytes): 0
	Average total size (kbytes): 0
	Maximum resident set size (kbytes): 1074244
	Average resident set size (kbytes): 0
	Major (requiring I/O) page faults: 0
	Minor (reclaiming a frame) page faults: 392953
	Voluntary context switches: 2122
	Involuntary context switches: 2390
	Swaps: 0
	File system inputs: 0
	File system outputs: 112
	Socket messages sent: 0
	Socket messages received: 0
	Signals delivered: 0
	Page size (bytes): 4096
	Exit status: 0
	Command being timed: "timeout 600 java -Xmx64g -jar ./enhsp3.jar -o ./domain_with_failure.pddl -f ./problems/BasePN-1And-del-2-d7/problem17.pddl -h blind -s WAStar -dap"
	User time (seconds): 6.39
	System time (seconds): 0.55
	Percent of CPU this job got: 99%
	Elapsed (wall clock) time (h:mm:ss or m:ss): 0:06.97
	Average shared text size (kbytes): 0
	Average unshared data size (kbytes): 0
	Average stack size (kbytes): 0
	Average total size (kbytes): 0
	Maximum resident set size (kbytes): 1075300
	Average resident set size (kbytes): 0
	Major (requiring I/O) page faults: 0
	Minor (reclaiming a frame) page faults: 427575
	Voluntary context switches: 2646
	Involuntary context switches: 2728
	Swaps: 0
	File system inputs: 0
	File system outputs: 96
	Socket messages sent: 0
	Socket messages received: 0
	Signals delivered: 0
	Page size (bytes): 4096
	Exit status: 0
	Command being timed: "timeout 600 java -Xmx64g -jar ./enhsp3.jar -o ./domain_with_failure.pddl -f ./problems/BasePN-1And-del-2-d7/problem18.pddl -h blind -s WAStar -dap"
	User time (seconds): 6.18
	System time (seconds): 0.49
	Percent of CPU this job got: 99%
	Elapsed (wall clock) time (h:mm:ss or m:ss): 0:06.72
	Average shared text size (kbytes): 0
	Average unshared data size (kbytes): 0
	Average stack size (kbytes): 0
	Average total size (kbytes): 0
	Maximum resident set size (kbytes): 1078240
	Average resident set size (kbytes): 0
	Major (requiring I/O) page faults: 0
	Minor (reclaiming a frame) page faults: 359505
	Voluntary context switches: 2469
	Involuntary context switches: 2543
	Swaps: 0
	File system inputs: 0
	File system outputs: 88
	Socket messages sent: 0
	Socket messages received: 0
	Signals delivered: 0
	Page size (bytes): 4096
	Exit status: 0
	Command being timed: "timeout 600 java -Xmx64g -jar ./enhsp3.jar -o ./domain_with_failure.pddl -f ./problems/BasePN-1And-del-2-d7/problem19.pddl -h blind -s WAStar -dap"
	User time (seconds): 7.76
	System time (seconds): 0.57
	Percent of CPU this job got: 99%
	Elapsed (wall clock) time (h:mm:ss or m:ss): 0:08.37
	Average shared text size (kbytes): 0
	Average unshared data size (kbytes): 0
	Average stack size (kbytes): 0
	Average total size (kbytes): 0
	Maximum resident set size (kbytes): 1074800
	Average resident set size (kbytes): 0
	Major (requiring I/O) page faults: 0
	Minor (reclaiming a frame) page faults: 456697
	Voluntary context switches: 2798
	Involuntary context switches: 3170
	Swaps: 0
	File system inputs: 0
	File system outputs: 128
	Socket messages sent: 0
	Socket messages received: 0
	Signals delivered: 0
	Page size (bytes): 4096
	Exit status: 0
	Command being timed: "timeout 600 java -Xmx64g -jar ./enhsp3.jar -o ./domain_with_failure.pddl -f ./problems/BasePN-1And-del-2-d7/problem20.pddl -h blind -s WAStar -dap"
	User time (seconds): 6.47
	System time (seconds): 0.49
	Percent of CPU this job got: 99%
	Elapsed (wall clock) time (h:mm:ss or m:ss): 0:07.00
	Average shared text size (kbytes): 0
	Average unshared data size (kbytes): 0
	Average stack size (kbytes): 0
	Average total size (kbytes): 0
	Maximum resident set size (kbytes): 1074524
	Average resident set size (kbytes): 0
	Major (requiring I/O) page faults: 0
	Minor (reclaiming a frame) page faults: 367906
	Voluntary context switches: 2372
	Involuntary context switches: 2661
	Swaps: 0
	File system inputs: 0
	File system outputs: 88
	Socket messages sent: 0
	Socket messages received: 0
	Signals delivered: 0
	Page size (bytes): 4096
	Exit status: 0
	Command being timed: "timeout 600 java -Xmx64g -jar ./enhsp3.jar -o ./domain_with_failure.pddl -f ./problems/BasePN-1And-del-2-d7/problem21.pddl -h blind -s WAStar -dap"
	User time (seconds): 6.11
	System time (seconds): 0.49
	Percent of CPU this job got: 99%
	Elapsed (wall clock) time (h:mm:ss or m:ss): 0:06.63
	Average shared text size (kbytes): 0
	Average unshared data size (kbytes): 0
	Average stack size (kbytes): 0
	Average total size (kbytes): 0
	Maximum resident set size (kbytes): 1072416
	Average resident set size (kbytes): 0
	Major (requiring I/O) page faults: 0
	Minor (reclaiming a frame) page faults: 357972
	Voluntary context switches: 2640
	Involuntary context switches: 2615
	Swaps: 0
	File system inputs: 0
	File system outputs: 112
	Socket messages sent: 0
	Socket messages received: 0
	Signals delivered: 0
	Page size (bytes): 4096
	Exit status: 0
	Command being timed: "timeout 600 java -Xmx64g -jar ./enhsp3.jar -o ./domain_with_failure.pddl -f ./problems/BasePN-1And-del-2-d7/problem22.pddl -h blind -s WAStar -dap"
	User time (seconds): 6.31
	System time (seconds): 0.46
	Percent of CPU this job got: 99%
	Elapsed (wall clock) time (h:mm:ss or m:ss): 0:06.80
	Average shared text size (kbytes): 0
	Average unshared data size (kbytes): 0
	Average stack size (kbytes): 0
	Average total size (kbytes): 0
	Maximum resident set size (kbytes): 1077868
	Average resident set size (kbytes): 0
	Major (requiring I/O) page faults: 0
	Minor (reclaiming a frame) page faults: 358082
	Voluntary context switches: 2666
	Involuntary context switches: 2725
	Swaps: 0
	File system inputs: 0
	File system outputs: 96
	Socket messages sent: 0
	Socket messages received: 0
	Signals delivered: 0
	Page size (bytes): 4096
	Exit status: 0
	Command being timed: "timeout 600 java -Xmx64g -jar ./enhsp3.jar -o ./domain_with_failure.pddl -f ./problems/BasePN-1And-del-2-d7/problem23.pddl -h blind -s WAStar -dap"
	User time (seconds): 6.40
	System time (seconds): 0.51
	Percent of CPU this job got: 99%
	Elapsed (wall clock) time (h:mm:ss or m:ss): 0:06.93
	Average shared text size (kbytes): 0
	Average unshared data size (kbytes): 0
	Average stack size (kbytes): 0
	Average total size (kbytes): 0
	Maximum resident set size (kbytes): 1069224
	Average resident set size (kbytes): 0
	Major (requiring I/O) page faults: 0
	Minor (reclaiming a frame) page faults: 395921
	Voluntary context switches: 2296
	Involuntary context switches: 2470
	Swaps: 0
	File system inputs: 0
	File system outputs: 88
	Socket messages sent: 0
	Socket messages received: 0
	Signals delivered: 0
	Page size (bytes): 4096
	Exit status: 0
	Command being timed: "timeout 600 java -Xmx64g -jar ./enhsp3.jar -o ./domain_with_failure.pddl -f ./problems/BasePN-1And-del-2-d7/problem24.pddl -h blind -s WAStar -dap"
	User time (seconds): 6.20
	System time (seconds): 0.55
	Percent of CPU this job got: 99%
	Elapsed (wall clock) time (h:mm:ss or m:ss): 0:06.79
	Average shared text size (kbytes): 0
	Average unshared data size (kbytes): 0
	Average stack size (kbytes): 0
	Average total size (kbytes): 0
	Maximum resident set size (kbytes): 1072644
	Average resident set size (kbytes): 0
	Major (requiring I/O) page faults: 0
	Minor (reclaiming a frame) page faults: 392273
	Voluntary context switches: 2256
	Involuntary context switches: 2447
	Swaps: 0
	File system inputs: 0
	File system outputs: 120
	Socket messages sent: 0
	Socket messages received: 0
	Signals delivered: 0
	Page size (bytes): 4096
	Exit status: 0
	Command being timed: "timeout 600 java -Xmx64g -jar ./enhsp3.jar -o ./domain_with_failure.pddl -f ./problems/BasePN-1And-del-2-d7/problem25.pddl -h blind -s WAStar -dap"
	User time (seconds): 6.47
	System time (seconds): 0.53
	Percent of CPU this job got: 99%
	Elapsed (wall clock) time (h:mm:ss or m:ss): 0:07.03
	Average shared text size (kbytes): 0
	Average unshared data size (kbytes): 0
	Average stack size (kbytes): 0
	Average total size (kbytes): 0
	Maximum resident set size (kbytes): 1068620
	Average resident set size (kbytes): 0
	Major (requiring I/O) page faults: 0
	Minor (reclaiming a frame) page faults: 362727
	Voluntary context switches: 2430
	Involuntary context switches: 2732
	Swaps: 0
	File system inputs: 0
	File system outputs: 96
	Socket messages sent: 0
	Socket messages received: 0
	Signals delivered: 0
	Page size (bytes): 4096
	Exit status: 0
	Command being timed: "timeout 600 java -Xmx64g -jar ./enhsp3.jar -o ./domain_with_failure.pddl -f ./problems/BasePN-1And-del-2-d7/problem26.pddl -h blind -s WAStar -dap"
	User time (seconds): 6.23
	System time (seconds): 0.51
	Percent of CPU this job got: 99%
	Elapsed (wall clock) time (h:mm:ss or m:ss): 0:06.76
	Average shared text size (kbytes): 0
	Average unshared data size (kbytes): 0
	Average stack size (kbytes): 0
	Average total size (kbytes): 0
	Maximum resident set size (kbytes): 1078036
	Average resident set size (kbytes): 0
	Major (requiring I/O) page faults: 0
	Minor (reclaiming a frame) page faults: 375587
	Voluntary context switches: 2246
	Involuntary context switches: 2489
	Swaps: 0
	File system inputs: 0
	File system outputs: 88
	Socket messages sent: 0
	Socket messages received: 0
	Signals delivered: 0
	Page size (bytes): 4096
	Exit status: 0
	Command being timed: "timeout 600 java -Xmx64g -jar ./enhsp3.jar -o ./domain_with_failure.pddl -f ./problems/BasePN-1And-del-2-d7/problem27.pddl -h blind -s WAStar -dap"
	User time (seconds): 6.29
	System time (seconds): 0.53
	Percent of CPU this job got: 99%
	Elapsed (wall clock) time (h:mm:ss or m:ss): 0:06.85
	Average shared text size (kbytes): 0
	Average unshared data size (kbytes): 0
	Average stack size (kbytes): 0
	Average total size (kbytes): 0
	Maximum resident set size (kbytes): 1071388
	Average resident set size (kbytes): 0
	Major (requiring I/O) page faults: 0
	Minor (reclaiming a frame) page faults: 400027
	Voluntary context switches: 2538
	Involuntary context switches: 2626
	Swaps: 0
	File system inputs: 0
	File system outputs: 120
	Socket messages sent: 0
	Socket messages received: 0
	Signals delivered: 0
	Page size (bytes): 4096
	Exit status: 0
	Command being timed: "timeout 600 java -Xmx64g -jar ./enhsp3.jar -o ./domain_with_failure.pddl -f ./problems/BasePN-1And-del-2-d7/problem28.pddl -h blind -s WAStar -dap"
	User time (seconds): 6.46
	System time (seconds): 0.55
	Percent of CPU this job got: 99%
	Elapsed (wall clock) time (h:mm:ss or m:ss): 0:07.05
	Average shared text size (kbytes): 0
	Average unshared data size (kbytes): 0
	Average stack size (kbytes): 0
	Average total size (kbytes): 0
	Maximum resident set size (kbytes): 1077748
	Average resident set size (kbytes): 0
	Major (requiring I/O) page faults: 0
	Minor (reclaiming a frame) page faults: 402669
	Voluntary context switches: 2217
	Involuntary context switches: 2578
	Swaps: 0
	File system inputs: 0
	File system outputs: 88
	Socket messages sent: 0
	Socket messages received: 0
	Signals delivered: 0
	Page size (bytes): 4096
	Exit status: 0
	Command being timed: "timeout 600 java -Xmx64g -jar ./enhsp3.jar -o ./domain_with_failure.pddl -f ./problems/BasePN-1And-del-2-d7/problem29.pddl -h blind -s WAStar -dap"
	User time (seconds): 6.36
	System time (seconds): 0.54
	Percent of CPU this job got: 99%
	Elapsed (wall clock) time (h:mm:ss or m:ss): 0:06.93
	Average shared text size (kbytes): 0
	Average unshared data size (kbytes): 0
	Average stack size (kbytes): 0
	Average total size (kbytes): 0
	Maximum resident set size (kbytes): 1074048
	Average resident set size (kbytes): 0
	Major (requiring I/O) page faults: 0
	Minor (reclaiming a frame) page faults: 389518
	Voluntary context switches: 2513
	Involuntary context switches: 2655
	Swaps: 0
	File system inputs: 0
	File system outputs: 96
	Socket messages sent: 0
	Socket messages received: 0
	Signals delivered: 0
	Page size (bytes): 4096
	Exit status: 0
	Command being timed: "timeout 600 java -Xmx64g -jar ./enhsp3.jar -o ./domain_with_failure.pddl -f ./problems/BasePN-1And-del-2-d7/problem30.pddl -h blind -s WAStar -dap"
	User time (seconds): 6.42
	System time (seconds): 0.55
	Percent of CPU this job got: 99%
	Elapsed (wall clock) time (h:mm:ss or m:ss): 0:06.99
	Average shared text size (kbytes): 0
	Average unshared data size (kbytes): 0
	Average stack size (kbytes): 0
	Average total size (kbytes): 0
	Maximum resident set size (kbytes): 1072180
	Average resident set size (kbytes): 0
	Major (requiring I/O) page faults: 0
	Minor (reclaiming a frame) page faults: 389287
	Voluntary context switches: 2650
	Involuntary context switches: 2768
	Swaps: 0
	File system inputs: 0
	File system outputs: 120
	Socket messages sent: 0
	Socket messages received: 0
	Signals delivered: 0
	Page size (bytes): 4096
	Exit status: 0
	Command being timed: "timeout 600 java -Xmx64g -jar ./enhsp3.jar -o ./domain_with_failure.pddl -f ./problems/BasePN-1And-del-2-d7/problem31.pddl -h blind -s WAStar -dap"
	User time (seconds): 7.58
	System time (seconds): 0.51
	Percent of CPU this job got: 99%
	Elapsed (wall clock) time (h:mm:ss or m:ss): 0:08.11
	Average shared text size (kbytes): 0
	Average unshared data size (kbytes): 0
	Average stack size (kbytes): 0
	Average total size (kbytes): 0
	Maximum resident set size (kbytes): 1076080
	Average resident set size (kbytes): 0
	Major (requiring I/O) page faults: 0
	Minor (reclaiming a frame) page faults: 404897
	Voluntary context switches: 2829
	Involuntary context switches: 3101
	Swaps: 0
	File system inputs: 0
	File system outputs: 88
	Socket messages sent: 0
	Socket messages received: 0
	Signals delivered: 0
	Page size (bytes): 4096
	Exit status: 0
	Command being timed: "timeout 600 java -Xmx64g -jar ./enhsp3.jar -o ./domain_with_failure.pddl -f ./problems/BasePN-1And-del-2-d7/problem32.pddl -h blind -s WAStar -dap"
	User time (seconds): 6.87
	System time (seconds): 0.55
	Percent of CPU this job got: 99%
	Elapsed (wall clock) time (h:mm:ss or m:ss): 0:07.44
	Average shared text size (kbytes): 0
	Average unshared data size (kbytes): 0
	Average stack size (kbytes): 0
	Average total size (kbytes): 0
	Maximum resident set size (kbytes): 1072496
	Average resident set size (kbytes): 0
	Major (requiring I/O) page faults: 0
	Minor (reclaiming a frame) page faults: 393076
	Voluntary context switches: 2713
	Involuntary context switches: 2874
	Swaps: 0
	File system inputs: 0
	File system outputs: 112
	Socket messages sent: 0
	Socket messages received: 0
	Signals delivered: 0
	Page size (bytes): 4096
	Exit status: 0
	Command being timed: "timeout 600 java -Xmx64g -jar ./enhsp3.jar -o ./domain_with_failure.pddl -f ./problems/BasePN-1And-del-2-d7/problem33.pddl -h blind -s WAStar -dap"
	User time (seconds): 6.44
	System time (seconds): 0.53
	Percent of CPU this job got: 99%
	Elapsed (wall clock) time (h:mm:ss or m:ss): 0:07.01
	Average shared text size (kbytes): 0
	Average unshared data size (kbytes): 0
	Average stack size (kbytes): 0
	Average total size (kbytes): 0
	Maximum resident set size (kbytes): 1074836
	Average resident set size (kbytes): 0
	Major (requiring I/O) page faults: 0
	Minor (reclaiming a frame) page faults: 365054
	Voluntary context switches: 2491
	Involuntary context switches: 2694
	Swaps: 0
	File system inputs: 0
	File system outputs: 96
	Socket messages sent: 0
	Socket messages received: 0
	Signals delivered: 0
	Page size (bytes): 4096
	Exit status: 0
	Command being timed: "timeout 600 java -Xmx64g -jar ./enhsp3.jar -o ./domain_with_failure.pddl -f ./problems/BasePN-1And-del-2-d7/problem34.pddl -h blind -s WAStar -dap"
	User time (seconds): 6.61
	System time (seconds): 0.54
	Percent of CPU this job got: 99%
	Elapsed (wall clock) time (h:mm:ss or m:ss): 0:07.19
	Average shared text size (kbytes): 0
	Average unshared data size (kbytes): 0
	Average stack size (kbytes): 0
	Average total size (kbytes): 0
	Maximum resident set size (kbytes): 1075416
	Average resident set size (kbytes): 0
	Major (requiring I/O) page faults: 0
	Minor (reclaiming a frame) page faults: 391214
	Voluntary context switches: 2314
	Involuntary context switches: 2688
	Swaps: 0
	File system inputs: 0
	File system outputs: 112
	Socket messages sent: 0
	Socket messages received: 0
	Signals delivered: 0
	Page size (bytes): 4096
	Exit status: 0
	Command being timed: "timeout 600 java -Xmx64g -jar ./enhsp3.jar -o ./domain_with_failure.pddl -f ./problems/BasePN-1And-del-2-d7/problem35.pddl -h blind -s WAStar -dap"
	User time (seconds): 6.26
	System time (seconds): 0.51
	Percent of CPU this job got: 99%
	Elapsed (wall clock) time (h:mm:ss or m:ss): 0:06.82
	Average shared text size (kbytes): 0
	Average unshared data size (kbytes): 0
	Average stack size (kbytes): 0
	Average total size (kbytes): 0
	Maximum resident set size (kbytes): 1078200
	Average resident set size (kbytes): 0
	Major (requiring I/O) page faults: 0
	Minor (reclaiming a frame) page faults: 397183
	Voluntary context switches: 2630
	Involuntary context switches: 2726
	Swaps: 0
	File system inputs: 0
	File system outputs: 96
	Socket messages sent: 0
	Socket messages received: 0
	Signals delivered: 0
	Page size (bytes): 4096
	Exit status: 0
	Command being timed: "timeout 600 java -Xmx64g -jar ./enhsp3.jar -o ./domain_with_failure.pddl -f ./problems/BasePN-1And-del-2-d7/problem36.pddl -h blind -s WAStar -dap"
	User time (seconds): 6.46
	System time (seconds): 0.54
	Percent of CPU this job got: 99%
	Elapsed (wall clock) time (h:mm:ss or m:ss): 0:07.04
	Average shared text size (kbytes): 0
	Average unshared data size (kbytes): 0
	Average stack size (kbytes): 0
	Average total size (kbytes): 0
	Maximum resident set size (kbytes): 1075272
	Average resident set size (kbytes): 0
	Major (requiring I/O) page faults: 0
	Minor (reclaiming a frame) page faults: 396817
	Voluntary context switches: 2236
	Involuntary context switches: 2556
	Swaps: 0
	File system inputs: 0
	File system outputs: 88
	Socket messages sent: 0
	Socket messages received: 0
	Signals delivered: 0
	Page size (bytes): 4096
	Exit status: 0
	Command being timed: "timeout 600 java -Xmx64g -jar ./enhsp3.jar -o ./domain_with_failure.pddl -f ./problems/BasePN-1And-del-2-d7/problem37.pddl -h blind -s WAStar -dap"
	User time (seconds): 6.09
	System time (seconds): 0.50
	Percent of CPU this job got: 99%
	Elapsed (wall clock) time (h:mm:ss or m:ss): 0:06.63
	Average shared text size (kbytes): 0
	Average unshared data size (kbytes): 0
	Average stack size (kbytes): 0
	Average total size (kbytes): 0
	Maximum resident set size (kbytes): 1078084
	Average resident set size (kbytes): 0
	Major (requiring I/O) page faults: 0
	Minor (reclaiming a frame) page faults: 360242
	Voluntary context switches: 2447
	Involuntary context switches: 2536
	Swaps: 0
	File system inputs: 0
	File system outputs: 112
	Socket messages sent: 0
	Socket messages received: 0
	Signals delivered: 0
	Page size (bytes): 4096
	Exit status: 0
	Command being timed: "timeout 600 java -Xmx64g -jar ./enhsp3.jar -o ./domain_with_failure.pddl -f ./problems/BasePN-1And-del-2-d7/problem38.pddl -h blind -s WAStar -dap"
	User time (seconds): 6.21
	System time (seconds): 0.50
	Percent of CPU this job got: 99%
	Elapsed (wall clock) time (h:mm:ss or m:ss): 0:06.73
	Average shared text size (kbytes): 0
	Average unshared data size (kbytes): 0
	Average stack size (kbytes): 0
	Average total size (kbytes): 0
	Maximum resident set size (kbytes): 1071972
	Average resident set size (kbytes): 0
	Major (requiring I/O) page faults: 0
	Minor (reclaiming a frame) page faults: 370253
	Voluntary context switches: 2704
	Involuntary context switches: 2674
	Swaps: 0
	File system inputs: 0
	File system outputs: 104
	Socket messages sent: 0
	Socket messages received: 0
	Signals delivered: 0
	Page size (bytes): 4096
	Exit status: 0
	Command being timed: "timeout 600 java -Xmx64g -jar ./enhsp3.jar -o ./domain_with_failure.pddl -f ./problems/BasePN-1And-del-2-d7/problem39.pddl -h blind -s WAStar -dap"
	User time (seconds): 7.14
	System time (seconds): 0.53
	Percent of CPU this job got: 99%
	Elapsed (wall clock) time (h:mm:ss or m:ss): 0:07.70
	Average shared text size (kbytes): 0
	Average unshared data size (kbytes): 0
	Average stack size (kbytes): 0
	Average total size (kbytes): 0
	Maximum resident set size (kbytes): 1079340
	Average resident set size (kbytes): 0
	Major (requiring I/O) page faults: 0
	Minor (reclaiming a frame) page faults: 365068
	Voluntary context switches: 2556
	Involuntary context switches: 2890
	Swaps: 0
	File system inputs: 0
	File system outputs: 88
	Socket messages sent: 0
	Socket messages received: 0
	Signals delivered: 0
	Page size (bytes): 4096
	Exit status: 0
	Command being timed: "timeout 600 java -Xmx64g -jar ./enhsp3.jar -o ./domain_with_failure.pddl -f ./problems/BasePN-1And-del-2-d7/problem40.pddl -h blind -s WAStar -dap"
	User time (seconds): 6.44
	System time (seconds): 0.57
	Percent of CPU this job got: 99%
	Elapsed (wall clock) time (h:mm:ss or m:ss): 0:07.05
	Average shared text size (kbytes): 0
	Average unshared data size (kbytes): 0
	Average stack size (kbytes): 0
	Average total size (kbytes): 0
	Maximum resident set size (kbytes): 1076464
	Average resident set size (kbytes): 0
	Major (requiring I/O) page faults: 0
	Minor (reclaiming a frame) page faults: 398317
	Voluntary context switches: 2659
	Involuntary context switches: 2770
	Swaps: 0
	File system inputs: 0
	File system outputs: 112
	Socket messages sent: 0
	Socket messages received: 0
	Signals delivered: 0
	Page size (bytes): 4096
	Exit status: 0
	Command being timed: "timeout 600 java -Xmx64g -jar ./enhsp3.jar -o ./domain_with_failure.pddl -f ./problems/BasePN-1And-del-2-d7/problem41.pddl -h blind -s WAStar -dap"
	User time (seconds): 6.15
	System time (seconds): 0.52
	Percent of CPU this job got: 99%
	Elapsed (wall clock) time (h:mm:ss or m:ss): 0:06.69
	Average shared text size (kbytes): 0
	Average unshared data size (kbytes): 0
	Average stack size (kbytes): 0
	Average total size (kbytes): 0
	Maximum resident set size (kbytes): 1072964
	Average resident set size (kbytes): 0
	Major (requiring I/O) page faults: 0
	Minor (reclaiming a frame) page faults: 356978
	Voluntary context switches: 2509
	Involuntary context switches: 2691
	Swaps: 0
	File system inputs: 0
	File system outputs: 88
	Socket messages sent: 0
	Socket messages received: 0
	Signals delivered: 0
	Page size (bytes): 4096
	Exit status: 0
	Command being timed: "timeout 600 java -Xmx64g -jar ./enhsp3.jar -o ./domain_with_failure.pddl -f ./problems/BasePN-1And-del-2-d7/problem42.pddl -h blind -s WAStar -dap"
	User time (seconds): 6.63
	System time (seconds): 0.55
	Percent of CPU this job got: 99%
	Elapsed (wall clock) time (h:mm:ss or m:ss): 0:07.20
	Average shared text size (kbytes): 0
	Average unshared data size (kbytes): 0
	Average stack size (kbytes): 0
	Average total size (kbytes): 0
	Maximum resident set size (kbytes): 1074364
	Average resident set size (kbytes): 0
	Major (requiring I/O) page faults: 0
	Minor (reclaiming a frame) page faults: 391878
	Voluntary context switches: 2390
	Involuntary context switches: 2680
	Swaps: 0
	File system inputs: 0
	File system outputs: 88
	Socket messages sent: 0
	Socket messages received: 0
	Signals delivered: 0
	Page size (bytes): 4096
	Exit status: 0
	Command being timed: "timeout 600 java -Xmx64g -jar ./enhsp3.jar -o ./domain_with_failure.pddl -f ./problems/BasePN-1And-del-2-d7/problem43.pddl -h blind -s WAStar -dap"
	User time (seconds): 6.35
	System time (seconds): 0.53
	Percent of CPU this job got: 99%
	Elapsed (wall clock) time (h:mm:ss or m:ss): 0:06.91
	Average shared text size (kbytes): 0
	Average unshared data size (kbytes): 0
	Average stack size (kbytes): 0
	Average total size (kbytes): 0
	Maximum resident set size (kbytes): 1077952
	Average resident set size (kbytes): 0
	Major (requiring I/O) page faults: 0
	Minor (reclaiming a frame) page faults: 391387
	Voluntary context switches: 2324
	Involuntary context switches: 2603
	Swaps: 0
	File system inputs: 0
	File system outputs: 136
	Socket messages sent: 0
	Socket messages received: 0
	Signals delivered: 0
	Page size (bytes): 4096
	Exit status: 0
	Command being timed: "timeout 600 java -Xmx64g -jar ./enhsp3.jar -o ./domain_with_failure.pddl -f ./problems/BasePN-1And-del-2-d7/problem44.pddl -h blind -s WAStar -dap"
	User time (seconds): 6.33
	System time (seconds): 0.54
	Percent of CPU this job got: 99%
	Elapsed (wall clock) time (h:mm:ss or m:ss): 0:06.90
	Average shared text size (kbytes): 0
	Average unshared data size (kbytes): 0
	Average stack size (kbytes): 0
	Average total size (kbytes): 0
	Maximum resident set size (kbytes): 1074692
	Average resident set size (kbytes): 0
	Major (requiring I/O) page faults: 0
	Minor (reclaiming a frame) page faults: 385535
	Voluntary context switches: 2267
	Involuntary context switches: 2536
	Swaps: 0
	File system inputs: 0
	File system outputs: 88
	Socket messages sent: 0
	Socket messages received: 0
	Signals delivered: 0
	Page size (bytes): 4096
	Exit status: 0
	Command being timed: "timeout 600 java -Xmx64g -jar ./enhsp3.jar -o ./domain_with_failure.pddl -f ./problems/BasePN-1And-del-2-d7/problem45.pddl -h blind -s WAStar -dap"
	User time (seconds): 6.31
	System time (seconds): 0.54
	Percent of CPU this job got: 99%
	Elapsed (wall clock) time (h:mm:ss or m:ss): 0:06.88
	Average shared text size (kbytes): 0
	Average unshared data size (kbytes): 0
	Average stack size (kbytes): 0
	Average total size (kbytes): 0
	Maximum resident set size (kbytes): 1073356
	Average resident set size (kbytes): 0
	Major (requiring I/O) page faults: 0
	Minor (reclaiming a frame) page faults: 402962
	Voluntary context switches: 2229
	Involuntary context switches: 2456
	Swaps: 0
	File system inputs: 0
	File system outputs: 112
	Socket messages sent: 0
	Socket messages received: 0
	Signals delivered: 0
	Page size (bytes): 4096
	Exit status: 0
	Command being timed: "timeout 600 java -Xmx64g -jar ./enhsp3.jar -o ./domain_with_failure.pddl -f ./problems/BasePN-1And-del-2-d7/problem46.pddl -h blind -s WAStar -dap"
	User time (seconds): 6.44
	System time (seconds): 0.56
	Percent of CPU this job got: 99%
	Elapsed (wall clock) time (h:mm:ss or m:ss): 0:07.04
	Average shared text size (kbytes): 0
	Average unshared data size (kbytes): 0
	Average stack size (kbytes): 0
	Average total size (kbytes): 0
	Maximum resident set size (kbytes): 1075480
	Average resident set size (kbytes): 0
	Major (requiring I/O) page faults: 0
	Minor (reclaiming a frame) page faults: 401231
	Voluntary context switches: 2466
	Involuntary context switches: 2652
	Swaps: 0
	File system inputs: 0
	File system outputs: 96
	Socket messages sent: 0
	Socket messages received: 0
	Signals delivered: 0
	Page size (bytes): 4096
	Exit status: 0
	Command being timed: "timeout 600 java -Xmx64g -jar ./enhsp3.jar -o ./domain_with_failure.pddl -f ./problems/BasePN-1And-del-2-d7/problem47.pddl -h blind -s WAStar -dap"
	User time (seconds): 6.27
	System time (seconds): 0.52
	Percent of CPU this job got: 99%
	Elapsed (wall clock) time (h:mm:ss or m:ss): 0:06.80
	Average shared text size (kbytes): 0
	Average unshared data size (kbytes): 0
	Average stack size (kbytes): 0
	Average total size (kbytes): 0
	Maximum resident set size (kbytes): 1075668
	Average resident set size (kbytes): 0
	Major (requiring I/O) page faults: 0
	Minor (reclaiming a frame) page faults: 391346
	Voluntary context switches: 2418
	Involuntary context switches: 2580
	Swaps: 0
	File system inputs: 0
	File system outputs: 88
	Socket messages sent: 0
	Socket messages received: 0
	Signals delivered: 0
	Page size (bytes): 4096
	Exit status: 0
	Command being timed: "timeout 600 java -Xmx64g -jar ./enhsp3.jar -o ./domain_with_failure.pddl -f ./problems/BasePN-1And-del-2-d7/problem48.pddl -h blind -s WAStar -dap"
	User time (seconds): 6.27
	System time (seconds): 0.57
	Percent of CPU this job got: 99%
	Elapsed (wall clock) time (h:mm:ss or m:ss): 0:06.87
	Average shared text size (kbytes): 0
	Average unshared data size (kbytes): 0
	Average stack size (kbytes): 0
	Average total size (kbytes): 0
	Maximum resident set size (kbytes): 1074488
	Average resident set size (kbytes): 0
	Major (requiring I/O) page faults: 0
	Minor (reclaiming a frame) page faults: 389479
	Voluntary context switches: 2358
	Involuntary context switches: 2598
	Swaps: 0
	File system inputs: 0
	File system outputs: 120
	Socket messages sent: 0
	Socket messages received: 0
	Signals delivered: 0
	Page size (bytes): 4096
	Exit status: 0
	Command being timed: "timeout 600 java -Xmx64g -jar ./enhsp3.jar -o ./domain_with_failure.pddl -f ./problems/BasePN-1And-del-2-d7/problem49.pddl -h blind -s WAStar -dap"
	User time (seconds): 6.36
	System time (seconds): 0.56
	Percent of CPU this job got: 99%
	Elapsed (wall clock) time (h:mm:ss or m:ss): 0:06.96
	Average shared text size (kbytes): 0
	Average unshared data size (kbytes): 0
	Average stack size (kbytes): 0
	Average total size (kbytes): 0
	Maximum resident set size (kbytes): 1074856
	Average resident set size (kbytes): 0
	Major (requiring I/O) page faults: 0
	Minor (reclaiming a frame) page faults: 358291
	Voluntary context switches: 2300
	Involuntary context switches: 2609
	Swaps: 0
	File system inputs: 0
	File system outputs: 88
	Socket messages sent: 0
	Socket messages received: 0
	Signals delivered: 0
	Page size (bytes): 4096
	Exit status: 0
	Command being timed: "timeout 600 java -Xmx64g -jar ./enhsp3.jar -o ./domain_with_failure.pddl -f ./problems/BasePN-1And-del-2-d7/problem50.pddl -h blind -s WAStar -dap"
	User time (seconds): 6.18
	System time (seconds): 0.53
	Percent of CPU this job got: 99%
	Elapsed (wall clock) time (h:mm:ss or m:ss): 0:06.73
	Average shared text size (kbytes): 0
	Average unshared data size (kbytes): 0
	Average stack size (kbytes): 0
	Average total size (kbytes): 0
	Maximum resident set size (kbytes): 1076512
	Average resident set size (kbytes): 0
	Major (requiring I/O) page faults: 0
	Minor (reclaiming a frame) page faults: 358198
	Voluntary context switches: 2201
	Involuntary context switches: 2425
	Swaps: 0
	File system inputs: 0
	File system outputs: 88
	Socket messages sent: 0
	Socket messages received: 0
	Signals delivered: 0
	Page size (bytes): 4096
	Exit status: 0
	Command being timed: "timeout 600 java -Xmx64g -jar ./enhsp3.jar -o ./domain_with_failure.pddl -f ./problems/BasePN-1And-del-2-d7/problem51.pddl -h blind -s WAStar -dap"
	User time (seconds): 6.39
	System time (seconds): 0.51
	Percent of CPU this job got: 99%
	Elapsed (wall clock) time (h:mm:ss or m:ss): 0:06.92
	Average shared text size (kbytes): 0
	Average unshared data size (kbytes): 0
	Average stack size (kbytes): 0
	Average total size (kbytes): 0
	Maximum resident set size (kbytes): 1076112
	Average resident set size (kbytes): 0
	Major (requiring I/O) page faults: 0
	Minor (reclaiming a frame) page faults: 397066
	Voluntary context switches: 2651
	Involuntary context switches: 2723
	Swaps: 0
	File system inputs: 0
	File system outputs: 120
	Socket messages sent: 0
	Socket messages received: 0
	Signals delivered: 0
	Page size (bytes): 4096
	Exit status: 0
	Command being timed: "timeout 600 java -Xmx64g -jar ./enhsp3.jar -o ./domain_with_failure.pddl -f ./problems/BasePN-1And-del-2-d7/problem52.pddl -h blind -s WAStar -dap"
	User time (seconds): 7.01
	System time (seconds): 0.54
	Percent of CPU this job got: 99%
	Elapsed (wall clock) time (h:mm:ss or m:ss): 0:07.57
	Average shared text size (kbytes): 0
	Average unshared data size (kbytes): 0
	Average stack size (kbytes): 0
	Average total size (kbytes): 0
	Maximum resident set size (kbytes): 1079116
	Average resident set size (kbytes): 0
	Major (requiring I/O) page faults: 0
	Minor (reclaiming a frame) page faults: 387417
	Voluntary context switches: 2413
	Involuntary context switches: 2830
	Swaps: 0
	File system inputs: 0
	File system outputs: 88
	Socket messages sent: 0
	Socket messages received: 0
	Signals delivered: 0
	Page size (bytes): 4096
	Exit status: 0
	Command being timed: "timeout 600 java -Xmx64g -jar ./enhsp3.jar -o ./domain_with_failure.pddl -f ./problems/BasePN-1And-del-2-d7/problem53.pddl -h blind -s WAStar -dap"
	User time (seconds): 6.32
	System time (seconds): 0.51
	Percent of CPU this job got: 99%
	Elapsed (wall clock) time (h:mm:ss or m:ss): 0:06.87
	Average shared text size (kbytes): 0
	Average unshared data size (kbytes): 0
	Average stack size (kbytes): 0
	Average total size (kbytes): 0
	Maximum resident set size (kbytes): 1075808
	Average resident set size (kbytes): 0
	Major (requiring I/O) page faults: 0
	Minor (reclaiming a frame) page faults: 399093
	Voluntary context switches: 2403
	Involuntary context switches: 2578
	Swaps: 0
	File system inputs: 0
	File system outputs: 96
	Socket messages sent: 0
	Socket messages received: 0
	Signals delivered: 0
	Page size (bytes): 4096
	Exit status: 0
	Command being timed: "timeout 600 java -Xmx64g -jar ./enhsp3.jar -o ./domain_with_failure.pddl -f ./problems/BasePN-1And-del-2-d7/problem54.pddl -h blind -s WAStar -dap"
	User time (seconds): 6.50
	System time (seconds): 0.53
	Percent of CPU this job got: 99%
	Elapsed (wall clock) time (h:mm:ss or m:ss): 0:07.06
	Average shared text size (kbytes): 0
	Average unshared data size (kbytes): 0
	Average stack size (kbytes): 0
	Average total size (kbytes): 0
	Maximum resident set size (kbytes): 1075296
	Average resident set size (kbytes): 0
	Major (requiring I/O) page faults: 0
	Minor (reclaiming a frame) page faults: 366252
	Voluntary context switches: 2282
	Involuntary context switches: 2643
	Swaps: 0
	File system inputs: 0
	File system outputs: 120
	Socket messages sent: 0
	Socket messages received: 0
	Signals delivered: 0
	Page size (bytes): 4096
	Exit status: 0
	Command being timed: "timeout 600 java -Xmx64g -jar ./enhsp3.jar -o ./domain_with_failure.pddl -f ./problems/BasePN-1And-del-2-d7/problem55.pddl -h blind -s WAStar -dap"
	User time (seconds): 6.39
	System time (seconds): 0.50
	Percent of CPU this job got: 99%
	Elapsed (wall clock) time (h:mm:ss or m:ss): 0:06.92
	Average shared text size (kbytes): 0
	Average unshared data size (kbytes): 0
	Average stack size (kbytes): 0
	Average total size (kbytes): 0
	Maximum resident set size (kbytes): 1074488
	Average resident set size (kbytes): 0
	Major (requiring I/O) page faults: 0
	Minor (reclaiming a frame) page faults: 355726
	Voluntary context switches: 2092
	Involuntary context switches: 2461
	Swaps: 0
	File system inputs: 0
	File system outputs: 88
	Socket messages sent: 0
	Socket messages received: 0
	Signals delivered: 0
	Page size (bytes): 4096
	Exit status: 0
	Command being timed: "timeout 600 java -Xmx64g -jar ./enhsp3.jar -o ./domain_with_failure.pddl -f ./problems/BasePN-1And-del-2-d7/problem56.pddl -h blind -s WAStar -dap"
	User time (seconds): 6.07
	System time (seconds): 0.54
	Percent of CPU this job got: 99%
	Elapsed (wall clock) time (h:mm:ss or m:ss): 0:06.65
	Average shared text size (kbytes): 0
	Average unshared data size (kbytes): 0
	Average stack size (kbytes): 0
	Average total size (kbytes): 0
	Maximum resident set size (kbytes): 1075988
	Average resident set size (kbytes): 0
	Major (requiring I/O) page faults: 0
	Minor (reclaiming a frame) page faults: 360011
	Voluntary context switches: 2446
	Involuntary context switches: 2539
	Swaps: 0
	File system inputs: 0
	File system outputs: 88
	Socket messages sent: 0
	Socket messages received: 0
	Signals delivered: 0
	Page size (bytes): 4096
	Exit status: 0
	Command being timed: "timeout 600 java -Xmx64g -jar ./enhsp3.jar -o ./domain_with_failure.pddl -f ./problems/BasePN-1And-del-2-d7/problem57.pddl -h blind -s WAStar -dap"
	User time (seconds): 6.50
	System time (seconds): 0.50
	Percent of CPU this job got: 99%
	Elapsed (wall clock) time (h:mm:ss or m:ss): 0:07.05
	Average shared text size (kbytes): 0
	Average unshared data size (kbytes): 0
	Average stack size (kbytes): 0
	Average total size (kbytes): 0
	Maximum resident set size (kbytes): 1077204
	Average resident set size (kbytes): 0
	Major (requiring I/O) page faults: 0
	Minor (reclaiming a frame) page faults: 361721
	Voluntary context switches: 2240
	Involuntary context switches: 2604
	Swaps: 0
	File system inputs: 0
	File system outputs: 120
	Socket messages sent: 0
	Socket messages received: 0
	Signals delivered: 0
	Page size (bytes): 4096
	Exit status: 0
	Command being timed: "timeout 600 java -Xmx64g -jar ./enhsp3.jar -o ./domain_with_failure.pddl -f ./problems/BasePN-1And-del-2-d7/problem58.pddl -h blind -s WAStar -dap"
	User time (seconds): 6.27
	System time (seconds): 0.51
	Percent of CPU this job got: 99%
	Elapsed (wall clock) time (h:mm:ss or m:ss): 0:06.81
	Average shared text size (kbytes): 0
	Average unshared data size (kbytes): 0
	Average stack size (kbytes): 0
	Average total size (kbytes): 0
	Maximum resident set size (kbytes): 1073284
	Average resident set size (kbytes): 0
	Major (requiring I/O) page faults: 0
	Minor (reclaiming a frame) page faults: 392174
	Voluntary context switches: 2461
	Involuntary context switches: 2541
	Swaps: 0
	File system inputs: 0
	File system outputs: 96
	Socket messages sent: 0
	Socket messages received: 0
	Signals delivered: 0
	Page size (bytes): 4096
	Exit status: 0
	Command being timed: "timeout 600 java -Xmx64g -jar ./enhsp3.jar -o ./domain_with_failure.pddl -f ./problems/BasePN-1And-del-2-d7/problem59.pddl -h blind -s WAStar -dap"
	User time (seconds): 6.23
	System time (seconds): 0.51
	Percent of CPU this job got: 99%
	Elapsed (wall clock) time (h:mm:ss or m:ss): 0:06.76
	Average shared text size (kbytes): 0
	Average unshared data size (kbytes): 0
	Average stack size (kbytes): 0
	Average total size (kbytes): 0
	Maximum resident set size (kbytes): 1076340
	Average resident set size (kbytes): 0
	Major (requiring I/O) page faults: 0
	Minor (reclaiming a frame) page faults: 358612
	Voluntary context switches: 2517
	Involuntary context switches: 2686
	Swaps: 0
	File system inputs: 0
	File system outputs: 96
	Socket messages sent: 0
	Socket messages received: 0
	Signals delivered: 0
	Page size (bytes): 4096
	Exit status: 0
	Command being timed: "timeout 600 java -Xmx64g -jar ./enhsp3.jar -o ./domain_with_failure.pddl -f ./problems/BasePN-1And-del-2-d7/problem60.pddl -h blind -s WAStar -dap"
	User time (seconds): 6.49
	System time (seconds): 0.53
	Percent of CPU this job got: 99%
	Elapsed (wall clock) time (h:mm:ss or m:ss): 0:07.06
	Average shared text size (kbytes): 0
	Average unshared data size (kbytes): 0
	Average stack size (kbytes): 0
	Average total size (kbytes): 0
	Maximum resident set size (kbytes): 1073240
	Average resident set size (kbytes): 0
	Major (requiring I/O) page faults: 0
	Minor (reclaiming a frame) page faults: 386748
	Voluntary context switches: 2473
	Involuntary context switches: 2679
	Swaps: 0
	File system inputs: 0
	File system outputs: 88
	Socket messages sent: 0
	Socket messages received: 0
	Signals delivered: 0
	Page size (bytes): 4096
	Exit status: 0
	Command being timed: "timeout 600 java -Xmx64g -jar ./enhsp3.jar -o ./domain_with_failure.pddl -f ./problems/BasePN-1And-del-2-d7/problem61.pddl -h blind -s WAStar -dap"
	User time (seconds): 6.77
	System time (seconds): 0.54
	Percent of CPU this job got: 99%
	Elapsed (wall clock) time (h:mm:ss or m:ss): 0:07.35
	Average shared text size (kbytes): 0
	Average unshared data size (kbytes): 0
	Average stack size (kbytes): 0
	Average total size (kbytes): 0
	Maximum resident set size (kbytes): 1079144
	Average resident set size (kbytes): 0
	Major (requiring I/O) page faults: 0
	Minor (reclaiming a frame) page faults: 361010
	Voluntary context switches: 2183
	Involuntary context switches: 2644
	Swaps: 0
	File system inputs: 0
	File system outputs: 88
	Socket messages sent: 0
	Socket messages received: 0
	Signals delivered: 0
	Page size (bytes): 4096
	Exit status: 0
	Command being timed: "timeout 600 java -Xmx64g -jar ./enhsp3.jar -o ./domain_with_failure.pddl -f ./problems/BasePN-1And-del-2-d7/problem62.pddl -h blind -s WAStar -dap"
	User time (seconds): 6.31
	System time (seconds): 0.49
	Percent of CPU this job got: 99%
	Elapsed (wall clock) time (h:mm:ss or m:ss): 0:06.83
	Average shared text size (kbytes): 0
	Average unshared data size (kbytes): 0
	Average stack size (kbytes): 0
	Average total size (kbytes): 0
	Maximum resident set size (kbytes): 1075204
	Average resident set size (kbytes): 0
	Major (requiring I/O) page faults: 0
	Minor (reclaiming a frame) page faults: 356185
	Voluntary context switches: 2341
	Involuntary context switches: 2582
	Swaps: 0
	File system inputs: 0
	File system outputs: 128
	Socket messages sent: 0
	Socket messages received: 0
	Signals delivered: 0
	Page size (bytes): 4096
	Exit status: 0
	Command being timed: "timeout 600 java -Xmx64g -jar ./enhsp3.jar -o ./domain_with_failure.pddl -f ./problems/BasePN-1And-del-2-d7/problem63.pddl -h blind -s WAStar -dap"
	User time (seconds): 6.47
	System time (seconds): 0.53
	Percent of CPU this job got: 99%
	Elapsed (wall clock) time (h:mm:ss or m:ss): 0:07.04
	Average shared text size (kbytes): 0
	Average unshared data size (kbytes): 0
	Average stack size (kbytes): 0
	Average total size (kbytes): 0
	Maximum resident set size (kbytes): 1073616
	Average resident set size (kbytes): 0
	Major (requiring I/O) page faults: 0
	Minor (reclaiming a frame) page faults: 391242
	Voluntary context switches: 2528
	Involuntary context switches: 2690
	Swaps: 0
	File system inputs: 0
	File system outputs: 88
	Socket messages sent: 0
	Socket messages received: 0
	Signals delivered: 0
	Page size (bytes): 4096
	Exit status: 0
	Command being timed: "timeout 600 java -Xmx64g -jar ./enhsp3.jar -o ./domain_with_failure.pddl -f ./problems/BasePN-1And-del-2-d7/problem64.pddl -h blind -s WAStar -dap"
	User time (seconds): 6.54
	System time (seconds): 0.56
	Percent of CPU this job got: 99%
	Elapsed (wall clock) time (h:mm:ss or m:ss): 0:07.13
	Average shared text size (kbytes): 0
	Average unshared data size (kbytes): 0
	Average stack size (kbytes): 0
	Average total size (kbytes): 0
	Maximum resident set size (kbytes): 1076956
	Average resident set size (kbytes): 0
	Major (requiring I/O) page faults: 0
	Minor (reclaiming a frame) page faults: 398632
	Voluntary context switches: 2422
	Involuntary context switches: 2684
	Swaps: 0
	File system inputs: 0
	File system outputs: 88
	Socket messages sent: 0
	Socket messages received: 0
	Signals delivered: 0
	Page size (bytes): 4096
	Exit status: 0
	Command being timed: "timeout 600 java -Xmx64g -jar ./enhsp3.jar -o ./domain_with_failure.pddl -f ./problems/BasePN-1And-del-2-d7/problem65.pddl -h blind -s WAStar -dap"
	User time (seconds): 6.30
	System time (seconds): 0.53
	Percent of CPU this job got: 99%
	Elapsed (wall clock) time (h:mm:ss or m:ss): 0:06.86
	Average shared text size (kbytes): 0
	Average unshared data size (kbytes): 0
	Average stack size (kbytes): 0
	Average total size (kbytes): 0
	Maximum resident set size (kbytes): 1073600
	Average resident set size (kbytes): 0
	Major (requiring I/O) page faults: 0
	Minor (reclaiming a frame) page faults: 397018
	Voluntary context switches: 2519
	Involuntary context switches: 2647
	Swaps: 0
	File system inputs: 0
	File system outputs: 120
	Socket messages sent: 0
	Socket messages received: 0
	Signals delivered: 0
	Page size (bytes): 4096
	Exit status: 0
	Command being timed: "timeout 600 java -Xmx64g -jar ./enhsp3.jar -o ./domain_with_failure.pddl -f ./problems/BasePN-1And-del-2-d7/problem66.pddl -h blind -s WAStar -dap"
	User time (seconds): 6.27
	System time (seconds): 0.57
	Percent of CPU this job got: 99%
	Elapsed (wall clock) time (h:mm:ss or m:ss): 0:06.85
	Average shared text size (kbytes): 0
	Average unshared data size (kbytes): 0
	Average stack size (kbytes): 0
	Average total size (kbytes): 0
	Maximum resident set size (kbytes): 1078332
	Average resident set size (kbytes): 0
	Major (requiring I/O) page faults: 0
	Minor (reclaiming a frame) page faults: 396435
	Voluntary context switches: 2377
	Involuntary context switches: 2636
	Swaps: 0
	File system inputs: 0
	File system outputs: 88
	Socket messages sent: 0
	Socket messages received: 0
	Signals delivered: 0
	Page size (bytes): 4096
	Exit status: 0
	Command being timed: "timeout 600 java -Xmx64g -jar ./enhsp3.jar -o ./domain_with_failure.pddl -f ./problems/BasePN-1And-del-2-d7/problem67.pddl -h blind -s WAStar -dap"
	User time (seconds): 6.28
	System time (seconds): 0.54
	Percent of CPU this job got: 99%
	Elapsed (wall clock) time (h:mm:ss or m:ss): 0:06.86
	Average shared text size (kbytes): 0
	Average unshared data size (kbytes): 0
	Average stack size (kbytes): 0
	Average total size (kbytes): 0
	Maximum resident set size (kbytes): 1073556
	Average resident set size (kbytes): 0
	Major (requiring I/O) page faults: 0
	Minor (reclaiming a frame) page faults: 388380
	Voluntary context switches: 2591
	Involuntary context switches: 2678
	Swaps: 0
	File system inputs: 0
	File system outputs: 96
	Socket messages sent: 0
	Socket messages received: 0
	Signals delivered: 0
	Page size (bytes): 4096
	Exit status: 0
	Command being timed: "timeout 600 java -Xmx64g -jar ./enhsp3.jar -o ./domain_with_failure.pddl -f ./problems/BasePN-1And-del-2-d7/problem68.pddl -h blind -s WAStar -dap"
	User time (seconds): 6.30
	System time (seconds): 0.56
	Percent of CPU this job got: 99%
	Elapsed (wall clock) time (h:mm:ss or m:ss): 0:06.88
	Average shared text size (kbytes): 0
	Average unshared data size (kbytes): 0
	Average stack size (kbytes): 0
	Average total size (kbytes): 0
	Maximum resident set size (kbytes): 1076328
	Average resident set size (kbytes): 0
	Major (requiring I/O) page faults: 0
	Minor (reclaiming a frame) page faults: 395168
	Voluntary context switches: 2214
	Involuntary context switches: 2444
	Swaps: 0
	File system inputs: 0
	File system outputs: 120
	Socket messages sent: 0
	Socket messages received: 0
	Signals delivered: 0
	Page size (bytes): 4096
	Exit status: 0
	Command being timed: "timeout 600 java -Xmx64g -jar ./enhsp3.jar -o ./domain_with_failure.pddl -f ./problems/BasePN-1And-del-2-d7/problem69.pddl -h blind -s WAStar -dap"
	User time (seconds): 7.05
	System time (seconds): 0.53
	Percent of CPU this job got: 99%
	Elapsed (wall clock) time (h:mm:ss or m:ss): 0:07.63
	Average shared text size (kbytes): 0
	Average unshared data size (kbytes): 0
	Average stack size (kbytes): 0
	Average total size (kbytes): 0
	Maximum resident set size (kbytes): 1074416
	Average resident set size (kbytes): 0
	Major (requiring I/O) page faults: 0
	Minor (reclaiming a frame) page faults: 359417
	Voluntary context switches: 2373
	Involuntary context switches: 2786
	Swaps: 0
	File system inputs: 0
	File system outputs: 88
	Socket messages sent: 0
	Socket messages received: 0
	Signals delivered: 0
	Page size (bytes): 4096
	Exit status: 0
	Command being timed: "timeout 600 java -Xmx64g -jar ./enhsp3.jar -o ./domain_with_failure.pddl -f ./problems/BasePN-1And-del-2-d7/problem70.pddl -h blind -s WAStar -dap"
	User time (seconds): 6.37
	System time (seconds): 0.55
	Percent of CPU this job got: 99%
	Elapsed (wall clock) time (h:mm:ss or m:ss): 0:06.95
	Average shared text size (kbytes): 0
	Average unshared data size (kbytes): 0
	Average stack size (kbytes): 0
	Average total size (kbytes): 0
	Maximum resident set size (kbytes): 1073832
	Average resident set size (kbytes): 0
	Major (requiring I/O) page faults: 0
	Minor (reclaiming a frame) page faults: 388553
	Voluntary context switches: 2338
	Involuntary context switches: 2589
	Swaps: 0
	File system inputs: 0
	File system outputs: 120
	Socket messages sent: 0
	Socket messages received: 0
	Signals delivered: 0
	Page size (bytes): 4096
	Exit status: 0
	Command being timed: "timeout 600 java -Xmx64g -jar ./enhsp3.jar -o ./domain_with_failure.pddl -f ./problems/BasePN-1And-del-2-d7/problem71.pddl -h blind -s WAStar -dap"
	User time (seconds): 6.42
	System time (seconds): 0.56
	Percent of CPU this job got: 99%
	Elapsed (wall clock) time (h:mm:ss or m:ss): 0:07.01
	Average shared text size (kbytes): 0
	Average unshared data size (kbytes): 0
	Average stack size (kbytes): 0
	Average total size (kbytes): 0
	Maximum resident set size (kbytes): 1075748
	Average resident set size (kbytes): 0
	Major (requiring I/O) page faults: 0
	Minor (reclaiming a frame) page faults: 397198
	Voluntary context switches: 2580
	Involuntary context switches: 2725
	Swaps: 0
	File system inputs: 0
	File system outputs: 88
	Socket messages sent: 0
	Socket messages received: 0
	Signals delivered: 0
	Page size (bytes): 4096
	Exit status: 0
	Command being timed: "timeout 600 java -Xmx64g -jar ./enhsp3.jar -o ./domain_with_failure.pddl -f ./problems/BasePN-1And-del-2-d7/problem72.pddl -h blind -s WAStar -dap"
	User time (seconds): 6.49
	System time (seconds): 0.54
	Percent of CPU this job got: 99%
	Elapsed (wall clock) time (h:mm:ss or m:ss): 0:07.05
	Average shared text size (kbytes): 0
	Average unshared data size (kbytes): 0
	Average stack size (kbytes): 0
	Average total size (kbytes): 0
	Maximum resident set size (kbytes): 1077148
	Average resident set size (kbytes): 0
	Major (requiring I/O) page faults: 0
	Minor (reclaiming a frame) page faults: 393829
	Voluntary context switches: 2358
	Involuntary context switches: 2605
	Swaps: 0
	File system inputs: 0
	File system outputs: 88
	Socket messages sent: 0
	Socket messages received: 0
	Signals delivered: 0
	Page size (bytes): 4096
	Exit status: 0
	Command being timed: "timeout 600 java -Xmx64g -jar ./enhsp3.jar -o ./domain_with_failure.pddl -f ./problems/BasePN-1And-del-2-d7/problem73.pddl -h blind -s WAStar -dap"
	User time (seconds): 6.31
	System time (seconds): 0.49
	Percent of CPU this job got: 99%
	Elapsed (wall clock) time (h:mm:ss or m:ss): 0:06.84
	Average shared text size (kbytes): 0
	Average unshared data size (kbytes): 0
	Average stack size (kbytes): 0
	Average total size (kbytes): 0
	Maximum resident set size (kbytes): 1075664
	Average resident set size (kbytes): 0
	Major (requiring I/O) page faults: 0
	Minor (reclaiming a frame) page faults: 357523
	Voluntary context switches: 2167
	Involuntary context switches: 2486
	Swaps: 0
	File system inputs: 0
	File system outputs: 120
	Socket messages sent: 0
	Socket messages received: 0
	Signals delivered: 0
	Page size (bytes): 4096
	Exit status: 0
	Command being timed: "timeout 600 java -Xmx64g -jar ./enhsp3.jar -o ./domain_with_failure.pddl -f ./problems/BasePN-1And-del-2-d7/problem74.pddl -h blind -s WAStar -dap"
	User time (seconds): 6.35
	System time (seconds): 0.54
	Percent of CPU this job got: 99%
	Elapsed (wall clock) time (h:mm:ss or m:ss): 0:06.94
	Average shared text size (kbytes): 0
	Average unshared data size (kbytes): 0
	Average stack size (kbytes): 0
	Average total size (kbytes): 0
	Maximum resident set size (kbytes): 1074968
	Average resident set size (kbytes): 0
	Major (requiring I/O) page faults: 0
	Minor (reclaiming a frame) page faults: 395278
	Voluntary context switches: 2242
	Involuntary context switches: 2542
	Swaps: 0
	File system inputs: 0
	File system outputs: 88
	Socket messages sent: 0
	Socket messages received: 0
	Signals delivered: 0
	Page size (bytes): 4096
	Exit status: 0
	Command being timed: "timeout 600 java -Xmx64g -jar ./enhsp3.jar -o ./domain_with_failure.pddl -f ./problems/BasePN-1And-del-2-d7/problem75.pddl -h blind -s WAStar -dap"
	User time (seconds): 6.66
	System time (seconds): 0.53
	Percent of CPU this job got: 99%
	Elapsed (wall clock) time (h:mm:ss or m:ss): 0:07.22
	Average shared text size (kbytes): 0
	Average unshared data size (kbytes): 0
	Average stack size (kbytes): 0
	Average total size (kbytes): 0
	Maximum resident set size (kbytes): 1078928
	Average resident set size (kbytes): 0
	Major (requiring I/O) page faults: 0
	Minor (reclaiming a frame) page faults: 366935
	Voluntary context switches: 2661
	Involuntary context switches: 2817
	Swaps: 0
	File system inputs: 0
	File system outputs: 88
	Socket messages sent: 0
	Socket messages received: 0
	Signals delivered: 0
	Page size (bytes): 4096
	Exit status: 0
	Command being timed: "timeout 600 java -Xmx64g -jar ./enhsp3.jar -o ./domain_with_failure.pddl -f ./problems/BasePN-1And-del-2-d7/problem76.pddl -h blind -s WAStar -dap"
	User time (seconds): 6.21
	System time (seconds): 0.55
	Percent of CPU this job got: 99%
	Elapsed (wall clock) time (h:mm:ss or m:ss): 0:06.81
	Average shared text size (kbytes): 0
	Average unshared data size (kbytes): 0
	Average stack size (kbytes): 0
	Average total size (kbytes): 0
	Maximum resident set size (kbytes): 1073060
	Average resident set size (kbytes): 0
	Major (requiring I/O) page faults: 0
	Minor (reclaiming a frame) page faults: 391036
	Voluntary context switches: 2337
	Involuntary context switches: 2537
	Swaps: 0
	File system inputs: 0
	File system outputs: 104
	Socket messages sent: 0
	Socket messages received: 0
	Signals delivered: 0
	Page size (bytes): 4096
	Exit status: 0
	Command being timed: "timeout 600 java -Xmx64g -jar ./enhsp3.jar -o ./domain_with_failure.pddl -f ./problems/BasePN-1And-del-2-d7/problem77.pddl -h blind -s WAStar -dap"
	User time (seconds): 6.08
	System time (seconds): 0.52
	Percent of CPU this job got: 99%
	Elapsed (wall clock) time (h:mm:ss or m:ss): 0:06.64
	Average shared text size (kbytes): 0
	Average unshared data size (kbytes): 0
	Average stack size (kbytes): 0
	Average total size (kbytes): 0
	Maximum resident set size (kbytes): 1074100
	Average resident set size (kbytes): 0
	Major (requiring I/O) page faults: 0
	Minor (reclaiming a frame) page faults: 356944
	Voluntary context switches: 2604
	Involuntary context switches: 2602
	Swaps: 0
	File system inputs: 0
	File system outputs: 88
	Socket messages sent: 0
	Socket messages received: 0
	Signals delivered: 0
	Page size (bytes): 4096
	Exit status: 0
	Command being timed: "timeout 600 java -Xmx64g -jar ./enhsp3.jar -o ./domain_with_failure.pddl -f ./problems/BasePN-1And-del-2-d7/problem78.pddl -h blind -s WAStar -dap"
	User time (seconds): 6.31
	System time (seconds): 0.52
	Percent of CPU this job got: 99%
	Elapsed (wall clock) time (h:mm:ss or m:ss): 0:06.86
	Average shared text size (kbytes): 0
	Average unshared data size (kbytes): 0
	Average stack size (kbytes): 0
	Average total size (kbytes): 0
	Maximum resident set size (kbytes): 1077088
	Average resident set size (kbytes): 0
	Major (requiring I/O) page faults: 0
	Minor (reclaiming a frame) page faults: 360250
	Voluntary context switches: 2261
	Involuntary context switches: 2562
	Swaps: 0
	File system inputs: 0
	File system outputs: 88
	Socket messages sent: 0
	Socket messages received: 0
	Signals delivered: 0
	Page size (bytes): 4096
	Exit status: 0
	Command being timed: "timeout 600 java -Xmx64g -jar ./enhsp3.jar -o ./domain_with_failure.pddl -f ./problems/BasePN-1And-del-2-d7/problem79.pddl -h blind -s WAStar -dap"
	User time (seconds): 6.27
	System time (seconds): 0.52
	Percent of CPU this job got: 99%
	Elapsed (wall clock) time (h:mm:ss or m:ss): 0:06.82
	Average shared text size (kbytes): 0
	Average unshared data size (kbytes): 0
	Average stack size (kbytes): 0
	Average total size (kbytes): 0
	Maximum resident set size (kbytes): 1077948
	Average resident set size (kbytes): 0
	Major (requiring I/O) page faults: 0
	Minor (reclaiming a frame) page faults: 390298
	Voluntary context switches: 2253
	Involuntary context switches: 2524
	Swaps: 0
	File system inputs: 0
	File system outputs: 120
	Socket messages sent: 0
	Socket messages received: 0
	Signals delivered: 0
	Page size (bytes): 4096
	Exit status: 0
	Command being timed: "timeout 600 java -Xmx64g -jar ./enhsp3.jar -o ./domain_with_failure.pddl -f ./problems/BasePN-1And-del-2-d7/problem80.pddl -h blind -s WAStar -dap"
	User time (seconds): 6.77
	System time (seconds): 0.56
	Percent of CPU this job got: 99%
	Elapsed (wall clock) time (h:mm:ss or m:ss): 0:07.37
	Average shared text size (kbytes): 0
	Average unshared data size (kbytes): 0
	Average stack size (kbytes): 0
	Average total size (kbytes): 0
	Maximum resident set size (kbytes): 1079680
	Average resident set size (kbytes): 0
	Major (requiring I/O) page faults: 0
	Minor (reclaiming a frame) page faults: 425258
	Voluntary context switches: 2451
	Involuntary context switches: 2712
	Swaps: 0
	File system inputs: 0
	File system outputs: 88
	Socket messages sent: 0
	Socket messages received: 0
	Signals delivered: 0
	Page size (bytes): 4096
	Exit status: 0
	Command being timed: "timeout 600 java -Xmx64g -jar ./enhsp3.jar -o ./domain_with_failure.pddl -f ./problems/BasePN-1And-del-2-d7/problem81.pddl -h blind -s WAStar -dap"
	User time (seconds): 6.85
	System time (seconds): 0.51
	Percent of CPU this job got: 99%
	Elapsed (wall clock) time (h:mm:ss or m:ss): 0:07.37
	Average shared text size (kbytes): 0
	Average unshared data size (kbytes): 0
	Average stack size (kbytes): 0
	Average total size (kbytes): 0
	Maximum resident set size (kbytes): 1074292
	Average resident set size (kbytes): 0
	Major (requiring I/O) page faults: 0
	Minor (reclaiming a frame) page faults: 391426
	Voluntary context switches: 2607
	Involuntary context switches: 2806
	Swaps: 0
	File system inputs: 0
	File system outputs: 128
	Socket messages sent: 0
	Socket messages received: 0
	Signals delivered: 0
	Page size (bytes): 4096
	Exit status: 0
	Command being timed: "timeout 600 java -Xmx64g -jar ./enhsp3.jar -o ./domain_with_failure.pddl -f ./problems/BasePN-1And-del-2-d7/problem82.pddl -h blind -s WAStar -dap"
	User time (seconds): 6.23
	System time (seconds): 0.54
	Percent of CPU this job got: 99%
	Elapsed (wall clock) time (h:mm:ss or m:ss): 0:06.81
	Average shared text size (kbytes): 0
	Average unshared data size (kbytes): 0
	Average stack size (kbytes): 0
	Average total size (kbytes): 0
	Maximum resident set size (kbytes): 1078152
	Average resident set size (kbytes): 0
	Major (requiring I/O) page faults: 0
	Minor (reclaiming a frame) page faults: 394929
	Voluntary context switches: 2668
	Involuntary context switches: 2690
	Swaps: 0
	File system inputs: 0
	File system outputs: 88
	Socket messages sent: 0
	Socket messages received: 0
	Signals delivered: 0
	Page size (bytes): 4096
	Exit status: 0
	Command being timed: "timeout 600 java -Xmx64g -jar ./enhsp3.jar -o ./domain_with_failure.pddl -f ./problems/BasePN-1And-del-2-d7/problem83.pddl -h blind -s WAStar -dap"
	User time (seconds): 6.12
	System time (seconds): 0.55
	Percent of CPU this job got: 99%
	Elapsed (wall clock) time (h:mm:ss or m:ss): 0:06.71
	Average shared text size (kbytes): 0
	Average unshared data size (kbytes): 0
	Average stack size (kbytes): 0
	Average total size (kbytes): 0
	Maximum resident set size (kbytes): 1073644
	Average resident set size (kbytes): 0
	Major (requiring I/O) page faults: 0
	Minor (reclaiming a frame) page faults: 360305
	Voluntary context switches: 2073
	Involuntary context switches: 2380
	Swaps: 0
	File system inputs: 0
	File system outputs: 88
	Socket messages sent: 0
	Socket messages received: 0
	Signals delivered: 0
	Page size (bytes): 4096
	Exit status: 0
	Command being timed: "timeout 600 java -Xmx64g -jar ./enhsp3.jar -o ./domain_with_failure.pddl -f ./problems/BasePN-1And-del-2-d7/problem84.pddl -h blind -s WAStar -dap"
	User time (seconds): 6.34
	System time (seconds): 0.52
	Percent of CPU this job got: 99%
	Elapsed (wall clock) time (h:mm:ss or m:ss): 0:06.90
	Average shared text size (kbytes): 0
	Average unshared data size (kbytes): 0
	Average stack size (kbytes): 0
	Average total size (kbytes): 0
	Maximum resident set size (kbytes): 1074676
	Average resident set size (kbytes): 0
	Major (requiring I/O) page faults: 0
	Minor (reclaiming a frame) page faults: 356339
	Voluntary context switches: 2510
	Involuntary context switches: 2665
	Swaps: 0
	File system inputs: 0
	File system outputs: 120
	Socket messages sent: 0
	Socket messages received: 0
	Signals delivered: 0
	Page size (bytes): 4096
	Exit status: 0
	Command being timed: "timeout 600 java -Xmx64g -jar ./enhsp3.jar -o ./domain_with_failure.pddl -f ./problems/BasePN-1And-del-2-d7/problem85.pddl -h blind -s WAStar -dap"
	User time (seconds): 6.51
	System time (seconds): 0.57
	Percent of CPU this job got: 99%
	Elapsed (wall clock) time (h:mm:ss or m:ss): 0:07.10
	Average shared text size (kbytes): 0
	Average unshared data size (kbytes): 0
	Average stack size (kbytes): 0
	Average total size (kbytes): 0
	Maximum resident set size (kbytes): 1075800
	Average resident set size (kbytes): 0
	Major (requiring I/O) page faults: 0
	Minor (reclaiming a frame) page faults: 394694
	Voluntary context switches: 2318
	Involuntary context switches: 2655
	Swaps: 0
	File system inputs: 0
	File system outputs: 88
	Socket messages sent: 0
	Socket messages received: 0
	Signals delivered: 0
	Page size (bytes): 4096
	Exit status: 0
	Command being timed: "timeout 600 java -Xmx64g -jar ./enhsp3.jar -o ./domain_with_failure.pddl -f ./problems/BasePN-1And-del-2-d7/problem86.pddl -h blind -s WAStar -dap"
	User time (seconds): 6.64
	System time (seconds): 0.53
	Percent of CPU this job got: 99%
	Elapsed (wall clock) time (h:mm:ss or m:ss): 0:07.22
	Average shared text size (kbytes): 0
	Average unshared data size (kbytes): 0
	Average stack size (kbytes): 0
	Average total size (kbytes): 0
	Maximum resident set size (kbytes): 1079368
	Average resident set size (kbytes): 0
	Major (requiring I/O) page faults: 0
	Minor (reclaiming a frame) page faults: 360814
	Voluntary context switches: 2538
	Involuntary context switches: 2730
	Swaps: 0
	File system inputs: 0
	File system outputs: 96
	Socket messages sent: 0
	Socket messages received: 0
	Signals delivered: 0
	Page size (bytes): 4096
	Exit status: 0
	Command being timed: "timeout 600 java -Xmx64g -jar ./enhsp3.jar -o ./domain_with_failure.pddl -f ./problems/BasePN-1And-del-2-d7/problem87.pddl -h blind -s WAStar -dap"
	User time (seconds): 6.29
	System time (seconds): 0.52
	Percent of CPU this job got: 99%
	Elapsed (wall clock) time (h:mm:ss or m:ss): 0:06.85
	Average shared text size (kbytes): 0
	Average unshared data size (kbytes): 0
	Average stack size (kbytes): 0
	Average total size (kbytes): 0
	Maximum resident set size (kbytes): 1074588
	Average resident set size (kbytes): 0
	Major (requiring I/O) page faults: 0
	Minor (reclaiming a frame) page faults: 360249
	Voluntary context switches: 2498
	Involuntary context switches: 2656
	Swaps: 0
	File system inputs: 0
	File system outputs: 120
	Socket messages sent: 0
	Socket messages received: 0
	Signals delivered: 0
	Page size (bytes): 4096
	Exit status: 0
	Command being timed: "timeout 600 java -Xmx64g -jar ./enhsp3.jar -o ./domain_with_failure.pddl -f ./problems/BasePN-1And-del-2-d7/problem88.pddl -h blind -s WAStar -dap"
	User time (seconds): 7.23
	System time (seconds): 0.56
	Percent of CPU this job got: 99%
	Elapsed (wall clock) time (h:mm:ss or m:ss): 0:07.81
	Average shared text size (kbytes): 0
	Average unshared data size (kbytes): 0
	Average stack size (kbytes): 0
	Average total size (kbytes): 0
	Maximum resident set size (kbytes): 1076020
	Average resident set size (kbytes): 0
	Major (requiring I/O) page faults: 0
	Minor (reclaiming a frame) page faults: 413057
	Voluntary context switches: 2697
	Involuntary context switches: 2897
	Swaps: 0
	File system inputs: 0
	File system outputs: 88
	Socket messages sent: 0
	Socket messages received: 0
	Signals delivered: 0
	Page size (bytes): 4096
	Exit status: 0
	Command being timed: "timeout 600 java -Xmx64g -jar ./enhsp3.jar -o ./domain_with_failure.pddl -f ./problems/BasePN-1And-del-2-d7/problem89.pddl -h blind -s WAStar -dap"
	User time (seconds): 6.22
	System time (seconds): 0.53
	Percent of CPU this job got: 99%
	Elapsed (wall clock) time (h:mm:ss or m:ss): 0:06.78
	Average shared text size (kbytes): 0
	Average unshared data size (kbytes): 0
	Average stack size (kbytes): 0
	Average total size (kbytes): 0
	Maximum resident set size (kbytes): 1073936
	Average resident set size (kbytes): 0
	Major (requiring I/O) page faults: 0
	Minor (reclaiming a frame) page faults: 358937
	Voluntary context switches: 2568
	Involuntary context switches: 2633
	Swaps: 0
	File system inputs: 0
	File system outputs: 120
	Socket messages sent: 0
	Socket messages received: 0
	Signals delivered: 0
	Page size (bytes): 4096
	Exit status: 0
	Command being timed: "timeout 600 java -Xmx64g -jar ./enhsp3.jar -o ./domain_with_failure.pddl -f ./problems/BasePN-1And-del-2-d7/problem90.pddl -h blind -s WAStar -dap"
	User time (seconds): 6.50
	System time (seconds): 0.54
	Percent of CPU this job got: 99%
	Elapsed (wall clock) time (h:mm:ss or m:ss): 0:07.08
	Average shared text size (kbytes): 0
	Average unshared data size (kbytes): 0
	Average stack size (kbytes): 0
	Average total size (kbytes): 0
	Maximum resident set size (kbytes): 1074032
	Average resident set size (kbytes): 0
	Major (requiring I/O) page faults: 0
	Minor (reclaiming a frame) page faults: 354736
	Voluntary context switches: 2235
	Involuntary context switches: 2542
	Swaps: 0
	File system inputs: 0
	File system outputs: 96
	Socket messages sent: 0
	Socket messages received: 0
	Signals delivered: 0
	Page size (bytes): 4096
	Exit status: 0
	Command being timed: "timeout 600 java -Xmx64g -jar ./enhsp3.jar -o ./domain_with_failure.pddl -f ./problems/BasePN-1And-del-2-d7/problem91.pddl -h blind -s WAStar -dap"
	User time (seconds): 9.13
	System time (seconds): 0.72
	Percent of CPU this job got: 99%
	Elapsed (wall clock) time (h:mm:ss or m:ss): 0:09.88
	Average shared text size (kbytes): 0
	Average unshared data size (kbytes): 0
	Average stack size (kbytes): 0
	Average total size (kbytes): 0
	Maximum resident set size (kbytes): 1325448
	Average resident set size (kbytes): 0
	Major (requiring I/O) page faults: 0
	Minor (reclaiming a frame) page faults: 591579
	Voluntary context switches: 2577
	Involuntary context switches: 3246
	Swaps: 0
	File system inputs: 0
	File system outputs: 112
	Socket messages sent: 0
	Socket messages received: 0
	Signals delivered: 0
	Page size (bytes): 4096
	Exit status: 0
	Command being timed: "timeout 600 java -Xmx64g -jar ./enhsp3.jar -o ./domain_with_failure.pddl -f ./problems/BasePN-1And-del-2-d7/problem92.pddl -h blind -s WAStar -dap"
	User time (seconds): 7.48
	System time (seconds): 0.62
	Percent of CPU this job got: 99%
	Elapsed (wall clock) time (h:mm:ss or m:ss): 0:08.13
	Average shared text size (kbytes): 0
	Average unshared data size (kbytes): 0
	Average stack size (kbytes): 0
	Average total size (kbytes): 0
	Maximum resident set size (kbytes): 1077128
	Average resident set size (kbytes): 0
	Major (requiring I/O) page faults: 0
	Minor (reclaiming a frame) page faults: 468845
	Voluntary context switches: 2667
	Involuntary context switches: 3008
	Swaps: 0
	File system inputs: 0
	File system outputs: 120
	Socket messages sent: 0
	Socket messages received: 0
	Signals delivered: 0
	Page size (bytes): 4096
	Exit status: 0
	Command being timed: "timeout 600 java -Xmx64g -jar ./enhsp3.jar -o ./domain_with_failure.pddl -f ./problems/BasePN-1And-del-2-d7/problem93.pddl -h blind -s WAStar -dap"
	User time (seconds): 7.90
	System time (seconds): 0.59
	Percent of CPU this job got: 99%
	Elapsed (wall clock) time (h:mm:ss or m:ss): 0:08.50
	Average shared text size (kbytes): 0
	Average unshared data size (kbytes): 0
	Average stack size (kbytes): 0
	Average total size (kbytes): 0
	Maximum resident set size (kbytes): 1073600
	Average resident set size (kbytes): 0
	Major (requiring I/O) page faults: 1
	Minor (reclaiming a frame) page faults: 427117
	Voluntary context switches: 2648
	Involuntary context switches: 3018
	Swaps: 0
	File system inputs: 0
	File system outputs: 88
	Socket messages sent: 0
	Socket messages received: 0
	Signals delivered: 0
	Page size (bytes): 4096
	Exit status: 0
	Command being timed: "timeout 600 java -Xmx64g -jar ./enhsp3.jar -o ./domain_with_failure.pddl -f ./problems/BasePN-1And-del-2-d7/problem94.pddl -h blind -s WAStar -dap"
	User time (seconds): 6.18
	System time (seconds): 0.50
	Percent of CPU this job got: 99%
	Elapsed (wall clock) time (h:mm:ss or m:ss): 0:06.69
	Average shared text size (kbytes): 0
	Average unshared data size (kbytes): 0
	Average stack size (kbytes): 0
	Average total size (kbytes): 0
	Maximum resident set size (kbytes): 1073608
	Average resident set size (kbytes): 0
	Major (requiring I/O) page faults: 0
	Minor (reclaiming a frame) page faults: 358906
	Voluntary context switches: 2561
	Involuntary context switches: 2637
	Swaps: 0
	File system inputs: 0
	File system outputs: 128
	Socket messages sent: 0
	Socket messages received: 0
	Signals delivered: 0
	Page size (bytes): 4096
	Exit status: 0
	Command being timed: "timeout 600 java -Xmx64g -jar ./enhsp3.jar -o ./domain_with_failure.pddl -f ./problems/BasePN-1And-del-2-d7/problem95.pddl -h blind -s WAStar -dap"
	User time (seconds): 6.73
	System time (seconds): 0.52
	Percent of CPU this job got: 99%
	Elapsed (wall clock) time (h:mm:ss or m:ss): 0:07.29
	Average shared text size (kbytes): 0
	Average unshared data size (kbytes): 0
	Average stack size (kbytes): 0
	Average total size (kbytes): 0
	Maximum resident set size (kbytes): 1078000
	Average resident set size (kbytes): 0
	Major (requiring I/O) page faults: 0
	Minor (reclaiming a frame) page faults: 388840
	Voluntary context switches: 2568
	Involuntary context switches: 2820
	Swaps: 0
	File system inputs: 0
	File system outputs: 88
	Socket messages sent: 0
	Socket messages received: 0
	Signals delivered: 0
	Page size (bytes): 4096
	Exit status: 0
	Command being timed: "timeout 600 java -Xmx64g -jar ./enhsp3.jar -o ./domain_with_failure.pddl -f ./problems/BasePN-1And-del-2-d7/problem96.pddl -h blind -s WAStar -dap"
	User time (seconds): 6.25
	System time (seconds): 0.52
	Percent of CPU this job got: 99%
	Elapsed (wall clock) time (h:mm:ss or m:ss): 0:06.79
	Average shared text size (kbytes): 0
	Average unshared data size (kbytes): 0
	Average stack size (kbytes): 0
	Average total size (kbytes): 0
	Maximum resident set size (kbytes): 1073520
	Average resident set size (kbytes): 0
	Major (requiring I/O) page faults: 0
	Minor (reclaiming a frame) page faults: 391936
	Voluntary context switches: 2514
	Involuntary context switches: 2627
	Swaps: 0
	File system inputs: 0
	File system outputs: 96
	Socket messages sent: 0
	Socket messages received: 0
	Signals delivered: 0
	Page size (bytes): 4096
	Exit status: 0
	Command being timed: "timeout 600 java -Xmx64g -jar ./enhsp3.jar -o ./domain_with_failure.pddl -f ./problems/BasePN-1And-del-2-d7/problem97.pddl -h blind -s WAStar -dap"
	User time (seconds): 6.52
	System time (seconds): 0.51
	Percent of CPU this job got: 99%
	Elapsed (wall clock) time (h:mm:ss or m:ss): 0:07.06
	Average shared text size (kbytes): 0
	Average unshared data size (kbytes): 0
	Average stack size (kbytes): 0
	Average total size (kbytes): 0
	Maximum resident set size (kbytes): 1075216
	Average resident set size (kbytes): 0
	Major (requiring I/O) page faults: 0
	Minor (reclaiming a frame) page faults: 358625
	Voluntary context switches: 2339
	Involuntary context switches: 2656
	Swaps: 0
	File system inputs: 0
	File system outputs: 128
	Socket messages sent: 0
	Socket messages received: 0
	Signals delivered: 0
	Page size (bytes): 4096
	Exit status: 0
	Command being timed: "timeout 600 java -Xmx64g -jar ./enhsp3.jar -o ./domain_with_failure.pddl -f ./problems/BasePN-1And-del-2-d7/problem98.pddl -h blind -s WAStar -dap"
	User time (seconds): 6.96
	System time (seconds): 0.50
	Percent of CPU this job got: 99%
	Elapsed (wall clock) time (h:mm:ss or m:ss): 0:07.49
	Average shared text size (kbytes): 0
	Average unshared data size (kbytes): 0
	Average stack size (kbytes): 0
	Average total size (kbytes): 0
	Maximum resident set size (kbytes): 1077268
	Average resident set size (kbytes): 0
	Major (requiring I/O) page faults: 0
	Minor (reclaiming a frame) page faults: 354942
	Voluntary context switches: 2536
	Involuntary context switches: 2806
	Swaps: 0
	File system inputs: 0
	File system outputs: 96
	Socket messages sent: 0
	Socket messages received: 0
	Signals delivered: 0
	Page size (bytes): 4096
	Exit status: 0
	Command being timed: "timeout 600 java -Xmx64g -jar ./enhsp3.jar -o ./domain_with_failure.pddl -f ./problems/BasePN-1And-del-2-d7/problem99.pddl -h blind -s WAStar -dap"
	User time (seconds): 6.98
	System time (seconds): 0.49
	Percent of CPU this job got: 99%
	Elapsed (wall clock) time (h:mm:ss or m:ss): 0:07.49
	Average shared text size (kbytes): 0
	Average unshared data size (kbytes): 0
	Average stack size (kbytes): 0
	Average total size (kbytes): 0
	Maximum resident set size (kbytes): 1073428
	Average resident set size (kbytes): 0
	Major (requiring I/O) page faults: 0
	Minor (reclaiming a frame) page faults: 362128
	Voluntary context switches: 2419
	Involuntary context switches: 2721
	Swaps: 0
	File system inputs: 0
	File system outputs: 128
	Socket messages sent: 0
	Socket messages received: 0
	Signals delivered: 0
	Page size (bytes): 4096
	Exit status: 0
	Command being timed: "timeout 600 java -Xmx64g -jar ./enhsp3.jar -o ./domain_with_failure.pddl -f ./problems/BasePN-1And-del-2-d7/problem100.pddl -h blind -s WAStar -dap"
	User time (seconds): 5.97
	System time (seconds): 0.48
	Percent of CPU this job got: 99%
	Elapsed (wall clock) time (h:mm:ss or m:ss): 0:06.49
	Average shared text size (kbytes): 0
	Average unshared data size (kbytes): 0
	Average stack size (kbytes): 0
	Average total size (kbytes): 0
	Maximum resident set size (kbytes): 1072428
	Average resident set size (kbytes): 0
	Major (requiring I/O) page faults: 0
	Minor (reclaiming a frame) page faults: 356950
	Voluntary context switches: 2270
	Involuntary context switches: 2440
	Swaps: 0
	File system inputs: 0
	File system outputs: 104
	Socket messages sent: 0
	Socket messages received: 0
	Signals delivered: 0
	Page size (bytes): 4096
	Exit status: 0
