/usr/bin/time -v timeout 600 java -Xmx64g -jar ./enhsp3.jar -o ./domain_with_failure.pddl -f ./problems/BasePN-3And-add-5-d7/problem1.pddl -h blind -s WAStar
Domain parsed
Problem parsed
Grounding..
Grounding Time: 9715
UFX:true
|F|:31323
|X|:19
|A|:1595
|P|:0
|E|:0
h(I):0.0
f(n) = 1.0 (Expanded Nodes: 8, Evaluated States: 31, Time: 0.037) Frontier Size: 23
f(n) = 2.0 (Expanded Nodes: 48, Evaluated States: 152, Time: 0.112) Frontier Size: 104
f(n) = 3.0 (Expanded Nodes: 151, Evaluated States: 384, Time: 0.19) Frontier Size: 233
f(n) = 4.0 (Expanded Nodes: 418, Evaluated States: 962, Time: 0.353) Frontier Size: 544
f(n) = 5.0 (Expanded Nodes: 995, Evaluated States: 2008, Time: 0.544) Frontier Size: 1013
f(n) = 6.0 (Expanded Nodes: 1972, Evaluated States: 3615, Time: 0.973) Frontier Size: 1643
f(n) = 7.0 (Expanded Nodes: 3745, Evaluated States: 6331, Time: 1.219) Frontier Size: 2586
f(n) = 8.0 (Expanded Nodes: 6507, Evaluated States: 10002, Time: 1.53) Frontier Size: 3495
f(n) = 9.0 (Expanded Nodes: 10620, Evaluated States: 15539, Time: 1.881) Frontier Size: 4919
f(n) = 10.0 (Expanded Nodes: 16139, Evaluated States: 22138, Time: 2.276) Frontier Size: 5999
Problem Solved

Found Plan:
0.0: (validate_payload t0 a7 t1)
1.0: (sync_actions a7)
2.0: (validate_payload t1 a3 t2)
3.0: (sync_actions a3)
4.0: (validate_payload t2 a10 t3)
5.0: (sync_actions a10)
6.0: (del a11)
7.0: (del a0)
8.0: (del a3)
9.0: (validate_payload t6 a5 t7)
10.0: (sync_actions a5)
11.0: (validate_payload t7 a4 t8)
12.0: (sync_actions a4)
13.0: (validate_payload t8 a6 t9)
14.0: (sync_actions a6)
15.0: (validate_payload t9 a12 t10)
16.0: (sync_actions a12)
17.0: (del a3)
18.0: (del a8)
19.0: (validate_payload t12 a11 t13)
20.0: (sync_actions a11)
21.0: (validate_payload t13 a8 t14)
22.0: (sync_actions a8)
23.0: (validate_payload t14 a1 t15)
24.0: (sync_actions a1)
25.0: (validate_payload t15 a2 t16)
26.0: (sync_actions a2)
27.0: (validate_payload t16 a0 t17)
28.0: (sync_actions a0)
29.0: (validate_payload t17 a9 t18)
30.0: (sync_actions a9)

Plan-Length:31
Metric (Search):10.0
Planning Time (msec): 3019
Heuristic Time (msec): 9
Search Time (msec): 3016
Expanded Nodes:22495
States Evaluated:30109
Number of Dead-Ends detected:0
Number of Duplicates detected:5074
/usr/bin/time -v timeout 600 java -Xmx64g -jar ./enhsp3.jar -o ./domain_with_failure.pddl -f ./problems/BasePN-3And-add-5-d7/problem2.pddl -h blind -s WAStar
Domain parsed
Problem parsed
Grounding..
Grounding Time: 9901
UFX:true
|F|:31323
|X|:17
|A|:1595
|P|:0
|E|:0
h(I):0.0
f(n) = 2.0 (Expanded Nodes: 4, Evaluated States: 10, Time: 0.026) Frontier Size: 6
f(n) = 3.0 (Expanded Nodes: 19, Evaluated States: 38, Time: 0.09) Frontier Size: 19
f(n) = 4.0 (Expanded Nodes: 25, Evaluated States: 42, Time: 0.098) Frontier Size: 17
f(n) = 5.0 (Expanded Nodes: 65, Evaluated States: 109, Time: 0.137) Frontier Size: 44
f(n) = 6.0 (Expanded Nodes: 77, Evaluated States: 119, Time: 0.146) Frontier Size: 42
f(n) = 7.0 (Expanded Nodes: 178, Evaluated States: 307, Time: 0.218) Frontier Size: 129
f(n) = 8.0 (Expanded Nodes: 321, Evaluated States: 626, Time: 0.325) Frontier Size: 305
f(n) = 9.0 (Expanded Nodes: 786, Evaluated States: 1550, Time: 0.499) Frontier Size: 764
f(n) = 10.0 (Expanded Nodes: 1564, Evaluated States: 2920, Time: 0.663) Frontier Size: 1356
Problem Solved

Found Plan:
0.0: (validate_payload t0 a7 t1)
1.0: (sync_actions a7)
2.0: (del a8)
3.0: (del a11)
4.0: (validate_payload t3 a10 t4)
5.0: (sync_actions a10)
6.0: (del a5)
7.0: (validate_payload t5 a12 t6)
8.0: (sync_actions a12)
9.0: (validate_payload t6 a11 t7)
10.0: (sync_actions a11)
11.0: (validate_payload t7 a3 t8)
12.0: (sync_actions a3)
13.0: (validate_payload t8 a4 t9)
14.0: (sync_actions a4)
15.0: (validate_payload t9 a5 t10)
16.0: (sync_actions a5)
17.0: (del a10)
18.0: (validate_payload t11 a6 t12)
19.0: (sync_actions a6)
20.0: (validate_payload t12 a8 t13)
21.0: (sync_actions a8)
22.0: (validate_payload t13 a1 t14)
23.0: (sync_actions a1)
24.0: (del a10)
25.0: (validate_payload t15 a2 t16)
26.0: (sync_actions a2)
27.0: (validate_payload t16 a0 t17)
28.0: (sync_actions a0)
29.0: (validate_payload t17 a9 t18)
30.0: (sync_actions a9)

Plan-Length:31
Metric (Search):10.0
Planning Time (msec): 1135
Heuristic Time (msec): 4
Search Time (msec): 1128
Expanded Nodes:3242
States Evaluated:5565
Number of Dead-Ends detected:0
Number of Duplicates detected:423
/usr/bin/time -v timeout 600 java -Xmx64g -jar ./enhsp3.jar -o ./domain_with_failure.pddl -f ./problems/BasePN-3And-add-5-d7/problem3.pddl -h blind -s WAStar
Domain parsed
Problem parsed
Grounding..
Grounding Time: 9795
UFX:true
|F|:31323
|X|:21
|A|:1595
|P|:0
|E|:0
h(I):0.0
f(n) = 1.0 (Expanded Nodes: 8, Evaluated States: 31, Time: 0.039) Frontier Size: 23
f(n) = 2.0 (Expanded Nodes: 54, Evaluated States: 160, Time: 0.117) Frontier Size: 106
f(n) = 3.0 (Expanded Nodes: 168, Evaluated States: 424, Time: 0.201) Frontier Size: 256
f(n) = 4.0 (Expanded Nodes: 443, Evaluated States: 1002, Time: 0.291) Frontier Size: 559
f(n) = 5.0 (Expanded Nodes: 1149, Evaluated States: 2293, Time: 0.462) Frontier Size: 1144
f(n) = 6.0 (Expanded Nodes: 2375, Evaluated States: 4407, Time: 0.664) Frontier Size: 2032
f(n) = 7.0 (Expanded Nodes: 4711, Evaluated States: 7985, Time: 1.212) Frontier Size: 3274
f(n) = 8.0 (Expanded Nodes: 8528, Evaluated States: 13169, Time: 1.64) Frontier Size: 4641
f(n) = 9.0 (Expanded Nodes: 14029, Evaluated States: 20476, Time: 2.04) Frontier Size: 6447
f(n) = 10.0 (Expanded Nodes: 22010, Evaluated States: 30398, Time: 2.701) Frontier Size: 8388
f(n) = 11.0 (Expanded Nodes: 32456, Evaluated States: 42995, Time: 3.67) Frontier Size: 10539
Problem Solved

Found Plan:
0.0: (validate_payload t0 a7 t1)
1.0: (sync_actions a7)
2.0: (validate_payload t1 a10 t2)
3.0: (sync_actions a10)
4.0: (validate_payload t2 a3 t3)
5.0: (sync_actions a3)
6.0: (del a2)
7.0: (change_value a4 categorical c2)
8.0: (validate_payload t4 a4 t5)
9.0: (sync_actions a4)
10.0: (del a12)
11.0: (del a3)
12.0: (del a9)
13.0: (validate_payload t8 a5 t9)
14.0: (sync_actions a5)
15.0: (validate_payload t9 a6 t10)
16.0: (sync_actions a6)
17.0: (validate_payload t10 a12 t11)
18.0: (sync_actions a12)
19.0: (del a5)
20.0: (validate_payload t12 a11 t13)
21.0: (sync_actions a11)
22.0: (validate_payload t13 a8 t14)
23.0: (sync_actions a8)
24.0: (validate_payload t14 a0 t15)
25.0: (sync_actions a0)
26.0: (validate_payload t15 a1 t16)
27.0: (sync_actions a1)
28.0: (validate_payload t16 a2 t17)
29.0: (sync_actions a2)
30.0: (validate_payload t17 a9 t18)
31.0: (sync_actions a9)

Plan-Length:32
Metric (Search):11.0
Planning Time (msec): 3748
Heuristic Time (msec): 5
Search Time (msec): 3745
Expanded Nodes:33451
States Evaluated:44454
Number of Dead-Ends detected:0
Number of Duplicates detected:6303
/usr/bin/time -v timeout 600 java -Xmx64g -jar ./enhsp3.jar -o ./domain_with_failure.pddl -f ./problems/BasePN-3And-add-5-d7/problem4.pddl -h blind -s WAStar
Domain parsed
Problem parsed
Grounding..
Grounding Time: 10042
UFX:true
|F|:31323
|X|:19
|A|:1595
|P|:0
|E|:0
h(I):0.0
f(n) = 1.0 (Expanded Nodes: 4, Evaluated States: 14, Time: 0.027) Frontier Size: 10
f(n) = 2.0 (Expanded Nodes: 16, Evaluated States: 38, Time: 0.075) Frontier Size: 22
f(n) = 3.0 (Expanded Nodes: 35, Evaluated States: 87, Time: 0.103) Frontier Size: 52
f(n) = 4.0 (Expanded Nodes: 109, Evaluated States: 246, Time: 0.162) Frontier Size: 137
f(n) = 5.0 (Expanded Nodes: 256, Evaluated States: 547, Time: 0.258) Frontier Size: 291
f(n) = 6.0 (Expanded Nodes: 743, Evaluated States: 1633, Time: 0.43) Frontier Size: 890
f(n) = 7.0 (Expanded Nodes: 2331, Evaluated States: 5299, Time: 0.779) Frontier Size: 2968
f(n) = 8.0 (Expanded Nodes: 6954, Evaluated States: 15952, Time: 1.511) Frontier Size: 8998
f(n) = 9.0 (Expanded Nodes: 18363, Evaluated States: 40541, Time: 2.457) Frontier Size: 22178
f(n) = 10.0 (Expanded Nodes: 43640, Evaluated States: 88615, Time: 6.539) Frontier Size: 44975
Problem Solved

Found Plan:
0.0: (validate_payload t0 a7 t1)
1.0: (sync_actions a7)
2.0: (del a1)
3.0: (validate_payload t2 a3 t3)
4.0: (sync_actions a3)
5.0: (validate_payload t3 a10 t4)
6.0: (sync_actions a10)
7.0: (del a1)
8.0: (validate_payload t5 a5 t6)
9.0: (sync_actions a5)
10.0: (validate_payload t6 a4 t7)
11.0: (sync_actions a4)
12.0: (validate_payload t7 a6 t8)
13.0: (sync_actions a6)
14.0: (validate_payload t8 a12 t9)
15.0: (sync_actions a12)
16.0: (validate_payload t9 a11 t10)
17.0: (sync_actions a11)
18.0: (validate_payload t10 a8 t11)
19.0: (sync_actions a8)
20.0: (validate_payload t11 a1 t12)
21.0: (sync_actions a1)
22.0: (del a3)
23.0: (validate_payload t13 a2 t14)
24.0: (sync_actions a2)
25.0: (del a7)
26.0: (del a2)
27.0: (validate_payload t16 a0 t17)
28.0: (sync_actions a0)
29.0: (validate_payload t17 a9 t18)
30.0: (sync_actions a9)

Plan-Length:31
Metric (Search):10.0
Planning Time (msec): 8967
Heuristic Time (msec): 5
Search Time (msec): 8960
Expanded Nodes:73354
States Evaluated:141813
Number of Dead-Ends detected:0
Number of Duplicates detected:5822
/usr/bin/time -v timeout 600 java -Xmx64g -jar ./enhsp3.jar -o ./domain_with_failure.pddl -f ./problems/BasePN-3And-add-5-d7/problem5.pddl -h blind -s WAStar
Domain parsed
Problem parsed
Grounding..
Grounding Time: 9732
UFX:true
|F|:31323
|X|:18
|A|:1595
|P|:0
|E|:0
h(I):0.0
f(n) = 1.0 (Expanded Nodes: 10, Evaluated States: 39, Time: 0.036) Frontier Size: 29
f(n) = 2.0 (Expanded Nodes: 81, Evaluated States: 230, Time: 0.124) Frontier Size: 149
f(n) = 3.0 (Expanded Nodes: 262, Evaluated States: 640, Time: 0.244) Frontier Size: 378
f(n) = 4.0 (Expanded Nodes: 696, Evaluated States: 1531, Time: 0.46) Frontier Size: 835
f(n) = 5.0 (Expanded Nodes: 1716, Evaluated States: 3361, Time: 0.704) Frontier Size: 1645
f(n) = 6.0 (Expanded Nodes: 3474, Evaluated States: 6297, Time: 1.22) Frontier Size: 2823
f(n) = 7.0 (Expanded Nodes: 7467, Evaluated States: 13799, Time: 1.68) Frontier Size: 6332
f(n) = 8.0 (Expanded Nodes: 16264, Evaluated States: 30629, Time: 2.424) Frontier Size: 14365
f(n) = 9.0 (Expanded Nodes: 35135, Evaluated States: 67748, Time: 4.172) Frontier Size: 32613
f(n) = 10.0 (Expanded Nodes: 73377, Evaluated States: 135586, Time: 8.993) Frontier Size: 62209
-------------Time: 10s ; Expanded Nodes: 79472 (Avg-Speed 7947.0 n/s); Evaluated States: 144478
Problem Solved

Found Plan:
0.0: (validate_payload t0 a7 t1)
1.0: (sync_actions a7)
2.0: (validate_payload t1 a3 t2)
3.0: (sync_actions a3)
4.0: (validate_payload t2 a10 t3)
5.0: (sync_actions a10)
6.0: (validate_payload t3 a5 t4)
7.0: (sync_actions a5)
8.0: (del a1)
9.0: (validate_payload t5 a4 t6)
10.0: (sync_actions a4)
11.0: (validate_payload t6 a6 t7)
12.0: (sync_actions a6)
13.0: (del a4)
14.0: (validate_payload t8 a12 t9)
15.0: (sync_actions a12)
16.0: (validate_payload t9 a11 t10)
17.0: (sync_actions a11)
18.0: (validate_payload t10 a8 t11)
19.0: (sync_actions a8)
20.0: (validate_payload t11 a1 t12)
21.0: (sync_actions a1)
22.0: (del a12)
23.0: (del a9)
24.0: (validate_payload t14 a0 t15)
25.0: (sync_actions a0)
26.0: (del a4)
27.0: (validate_payload t16 a2 t17)
28.0: (sync_actions a2)
29.0: (validate_payload t17 a9 t18)
30.0: (sync_actions a9)

Plan-Length:31
Metric (Search):10.0
Planning Time (msec): 16019
Heuristic Time (msec): 9
Search Time (msec): 16011
Expanded Nodes:126653
States Evaluated:219785
Number of Dead-Ends detected:0
Number of Duplicates detected:12947
/usr/bin/time -v timeout 600 java -Xmx64g -jar ./enhsp3.jar -o ./domain_with_failure.pddl -f ./problems/BasePN-3And-add-5-d7/problem6.pddl -h blind -s WAStar
Domain parsed
Problem parsed
Grounding..
Grounding Time: 10535
UFX:true
|F|:31323
|X|:19
|A|:1595
|P|:0
|E|:0
h(I):0.0
f(n) = 1.0 (Expanded Nodes: 14, Evaluated States: 53, Time: 0.052) Frontier Size: 39
f(n) = 2.0 (Expanded Nodes: 105, Evaluated States: 332, Time: 0.14) Frontier Size: 227
f(n) = 3.0 (Expanded Nodes: 379, Evaluated States: 1022, Time: 0.235) Frontier Size: 643
f(n) = 4.0 (Expanded Nodes: 1153, Evaluated States: 2697, Time: 0.377) Frontier Size: 1544
f(n) = 5.0 (Expanded Nodes: 3067, Evaluated States: 6249, Time: 0.873) Frontier Size: 3182
f(n) = 6.0 (Expanded Nodes: 6730, Evaluated States: 12426, Time: 1.278) Frontier Size: 5696
f(n) = 7.0 (Expanded Nodes: 13278, Evaluated States: 22568, Time: 1.758) Frontier Size: 9290
f(n) = 8.0 (Expanded Nodes: 24542, Evaluated States: 38568, Time: 2.903) Frontier Size: 14026
f(n) = 9.0 (Expanded Nodes: 41804, Evaluated States: 62513, Time: 6.157) Frontier Size: 20709
f(n) = 10.0 (Expanded Nodes: 68507, Evaluated States: 101310, Time: 9.05) Frontier Size: 32803
-------------Time: 10s ; Expanded Nodes: 81596 (Avg-Speed 8159.0 n/s); Evaluated States: 123207
Problem Solved

Found Plan:
0.0: (validate_payload t0 a7 t1)
1.0: (sync_actions a7)
2.0: (validate_payload t1 a3 t2)
3.0: (sync_actions a3)
4.0: (validate_payload t2 a10 t3)
5.0: (sync_actions a10)
6.0: (validate_payload t3 a5 t4)
7.0: (sync_actions a5)
8.0: (validate_payload t4 a4 t5)
9.0: (sync_actions a4)
10.0: (validate_payload t5 a12 t6)
11.0: (sync_actions a12)
12.0: (del a3)
13.0: (validate_payload t7 a11 t8)
14.0: (sync_actions a11)
15.0: (del a5)
16.0: (del a4)
17.0: (validate_payload t10 a6 t11)
18.0: (sync_actions a6)
19.0: (validate_payload t11 a8 t12)
20.0: (sync_actions a8)
21.0: (validate_payload t12 a1 t13)
22.0: (sync_actions a1)
23.0: (del a5)
24.0: (validate_payload t14 a2 t15)
25.0: (sync_actions a2)
26.0: (validate_payload t15 a0 t16)
27.0: (sync_actions a0)
28.0: (del a12)
29.0: (validate_payload t17 a9 t18)
30.0: (sync_actions a9)

Plan-Length:31
Metric (Search):10.0
Planning Time (msec): 11104
Heuristic Time (msec): 7
Search Time (msec): 11100
Expanded Nodes:95704
States Evaluated:143703
Number of Dead-Ends detected:0
Number of Duplicates detected:15957
/usr/bin/time -v timeout 600 java -Xmx64g -jar ./enhsp3.jar -o ./domain_with_failure.pddl -f ./problems/BasePN-3And-add-5-d7/problem7.pddl -h blind -s WAStar
Domain parsed
Problem parsed
Grounding..
Grounding Time: 10371
UFX:true
|F|:31323
|X|:20
|A|:1595
|P|:0
|E|:0
h(I):0.0
f(n) = 1.0 (Expanded Nodes: 4, Evaluated States: 14, Time: 0.037) Frontier Size: 10
f(n) = 2.0 (Expanded Nodes: 16, Evaluated States: 38, Time: 0.09) Frontier Size: 22
f(n) = 3.0 (Expanded Nodes: 45, Evaluated States: 124, Time: 0.13) Frontier Size: 79
f(n) = 4.0 (Expanded Nodes: 223, Evaluated States: 591, Time: 0.254) Frontier Size: 368
f(n) = 5.0 (Expanded Nodes: 751, Evaluated States: 1846, Time: 0.522) Frontier Size: 1095
f(n) = 6.0 (Expanded Nodes: 1986, Evaluated States: 4367, Time: 0.828) Frontier Size: 2381
f(n) = 7.0 (Expanded Nodes: 4680, Evaluated States: 8913, Time: 1.508) Frontier Size: 4233
f(n) = 8.0 (Expanded Nodes: 9749, Evaluated States: 16522, Time: 1.959) Frontier Size: 6773
f(n) = 9.0 (Expanded Nodes: 17547, Evaluated States: 27249, Time: 2.611) Frontier Size: 9702
f(n) = 10.0 (Expanded Nodes: 29408, Evaluated States: 42498, Time: 3.689) Frontier Size: 13090
Problem Solved

Found Plan:
0.0: (validate_payload t0 a7 t1)
1.0: (sync_actions a7)
2.0: (del a4)
3.0: (validate_payload t2 a10 t3)
4.0: (sync_actions a10)
5.0: (validate_payload t3 a12 t4)
6.0: (sync_actions a12)
7.0: (validate_payload t4 a11 t5)
8.0: (sync_actions a11)
9.0: (del a11)
10.0: (validate_payload t6 a3 t7)
11.0: (sync_actions a3)
12.0: (validate_payload t7 a5 t8)
13.0: (sync_actions a5)
14.0: (del a3)
15.0: (validate_payload t9 a4 t10)
16.0: (sync_actions a4)
17.0: (del a9)
18.0: (del a5)
19.0: (validate_payload t12 a6 t13)
20.0: (sync_actions a6)
21.0: (validate_payload t13 a8 t14)
22.0: (sync_actions a8)
23.0: (validate_payload t14 a1 t15)
24.0: (sync_actions a1)
25.0: (validate_payload t15 a2 t16)
26.0: (sync_actions a2)
27.0: (validate_payload t16 a0 t17)
28.0: (sync_actions a0)
29.0: (validate_payload t17 a9 t18)
30.0: (sync_actions a9)

Plan-Length:31
Metric (Search):10.0
Planning Time (msec): 6740
Heuristic Time (msec): 10
Search Time (msec): 6737
Expanded Nodes:44306
States Evaluated:60395
Number of Dead-Ends detected:0
Number of Duplicates detected:8898
/usr/bin/time -v timeout 600 java -Xmx64g -jar ./enhsp3.jar -o ./domain_with_failure.pddl -f ./problems/BasePN-3And-add-5-d7/problem8.pddl -h blind -s WAStar
Domain parsed
Problem parsed
Grounding..
Grounding Time: 9789
UFX:true
|F|:31323
|X|:21
|A|:1595
|P|:0
|E|:0
h(I):0.0
f(n) = 1.0 (Expanded Nodes: 6, Evaluated States: 21, Time: 0.032) Frontier Size: 15
f(n) = 2.0 (Expanded Nodes: 26, Evaluated States: 76, Time: 0.085) Frontier Size: 50
f(n) = 3.0 (Expanded Nodes: 67, Evaluated States: 160, Time: 0.119) Frontier Size: 93
f(n) = 4.0 (Expanded Nodes: 214, Evaluated States: 466, Time: 0.181) Frontier Size: 252
f(n) = 5.0 (Expanded Nodes: 510, Evaluated States: 1018, Time: 0.265) Frontier Size: 508
f(n) = 6.0 (Expanded Nodes: 1212, Evaluated States: 2327, Time: 0.411) Frontier Size: 1115
f(n) = 7.0 (Expanded Nodes: 2756, Evaluated States: 5527, Time: 0.645) Frontier Size: 2771
f(n) = 8.0 (Expanded Nodes: 7558, Evaluated States: 16765, Time: 1.384) Frontier Size: 9207
f(n) = 9.0 (Expanded Nodes: 22164, Evaluated States: 52382, Time: 2.938) Frontier Size: 30218
f(n) = 10.0 (Expanded Nodes: 61679, Evaluated States: 142428, Time: 8.151) Frontier Size: 80749
-------------Time: 10s ; Expanded Nodes: 76628 (Avg-Speed 7662.0 n/s); Evaluated States: 172094
f(n) = 11.0 (Expanded Nodes: 157964, Evaluated States: 339679, Time: 18.954) Frontier Size: 181715
-------------Time: 20s ; Expanded Nodes: 158262 (Avg-Speed 7913.0 n/s); Evaluated States: 340352
-------------Time: 30s ; Expanded Nodes: 238767 (Avg-Speed 7958.0 n/s); Evaluated States: 494272
-------------Time: 40s ; Expanded Nodes: 343466 (Avg-Speed 8586.0 n/s); Evaluated States: 684708
Problem Solved

Found Plan:
0.0: (validate_payload t0 a7 t1)
1.0: (sync_actions a7)
2.0: (validate_payload t1 a3 t2)
3.0: (sync_actions a3)
4.0: (del a0)
5.0: (validate_payload t3 a10 t4)
6.0: (sync_actions a10)
7.0: (change_value a4 categorical c3)
8.0: (validate_payload t4 a4 t5)
9.0: (sync_actions a4)
10.0: (del a9)
11.0: (validate_payload t6 a12 t7)
12.0: (sync_actions a12)
13.0: (validate_payload t7 a11 t8)
14.0: (sync_actions a11)
15.0: (validate_payload t8 a5 t9)
16.0: (sync_actions a5)
17.0: (validate_payload t9 a6 t10)
18.0: (sync_actions a6)
19.0: (validate_payload t10 a8 t11)
20.0: (sync_actions a8)
21.0: (del a3)
22.0: (validate_payload t12 a0 t13)
23.0: (sync_actions a0)
24.0: (validate_payload t13 a1 t14)
25.0: (sync_actions a1)
26.0: (del a7)
27.0: (validate_payload t15 a2 t16)
28.0: (sync_actions a2)
29.0: (del a1)
30.0: (validate_payload t17 a9 t18)
31.0: (sync_actions a9)

Plan-Length:32
Metric (Search):11.0
Planning Time (msec): 40372
Heuristic Time (msec): 38
Search Time (msec): 40370
Expanded Nodes:347950
States Evaluated:693864
Number of Dead-Ends detected:0
Number of Duplicates detected:15103
/usr/bin/time -v timeout 600 java -Xmx64g -jar ./enhsp3.jar -o ./domain_with_failure.pddl -f ./problems/BasePN-3And-add-5-d7/problem9.pddl -h blind -s WAStar
Domain parsed
Problem parsed
Grounding..
Grounding Time: 9982
UFX:true
|F|:31323
|X|:20
|A|:1595
|P|:0
|E|:0
h(I):0.0
f(n) = 2.0 (Expanded Nodes: 2, Evaluated States: 4, Time: 0.023) Frontier Size: 2
f(n) = 3.0 (Expanded Nodes: 9, Evaluated States: 16, Time: 0.059) Frontier Size: 7
f(n) = 4.0 (Expanded Nodes: 12, Evaluated States: 18, Time: 0.064) Frontier Size: 6
f(n) = 5.0 (Expanded Nodes: 27, Evaluated States: 43, Time: 0.081) Frontier Size: 16
f(n) = 6.0 (Expanded Nodes: 32, Evaluated States: 46, Time: 0.087) Frontier Size: 14
f(n) = 7.0 (Expanded Nodes: 65, Evaluated States: 103, Time: 0.112) Frontier Size: 38
f(n) = 8.0 (Expanded Nodes: 75, Evaluated States: 112, Time: 0.122) Frontier Size: 37
f(n) = 9.0 (Expanded Nodes: 157, Evaluated States: 260, Time: 0.182) Frontier Size: 103
f(n) = 10.0 (Expanded Nodes: 283, Evaluated States: 569, Time: 0.23) Frontier Size: 286
f(n) = 11.0 (Expanded Nodes: 793, Evaluated States: 1647, Time: 0.384) Frontier Size: 854
Problem Solved

Found Plan:
0.0: (del a8)
1.0: (del a12)
2.0: (del a1)
3.0: (del a6)
4.0: (validate_payload t4 a7 t5)
5.0: (sync_actions a7)
6.0: (validate_payload t5 a10 t6)
7.0: (sync_actions a10)
8.0: (validate_payload t6 a3 t7)
9.0: (sync_actions a3)
10.0: (validate_payload t7 a12 t8)
11.0: (sync_actions a12)
12.0: (change_value a4 categorical c2)
13.0: (validate_payload t8 a4 t9)
14.0: (sync_actions a4)
15.0: (del a1)
16.0: (validate_payload t10 a11 t11)
17.0: (sync_actions a11)
18.0: (validate_payload t11 a5 t12)
19.0: (sync_actions a5)
20.0: (validate_payload t12 a6 t13)
21.0: (sync_actions a6)
22.0: (validate_payload t13 a8 t14)
23.0: (sync_actions a8)
24.0: (validate_payload t14 a0 t15)
25.0: (sync_actions a0)
26.0: (validate_payload t15 a1 t16)
27.0: (sync_actions a1)
28.0: (validate_payload t16 a2 t17)
29.0: (sync_actions a2)
30.0: (validate_payload t17 a9 t18)
31.0: (sync_actions a9)

Plan-Length:32
Metric (Search):11.0
Planning Time (msec): 612
Heuristic Time (msec): 5
Search Time (msec): 608
Expanded Nodes:1771
States Evaluated:3634
Number of Dead-Ends detected:0
Number of Duplicates detected:116
/usr/bin/time -v timeout 600 java -Xmx64g -jar ./enhsp3.jar -o ./domain_with_failure.pddl -f ./problems/BasePN-3And-add-5-d7/problem10.pddl -h blind -s WAStar
Domain parsed
Problem parsed
Grounding..
Grounding Time: 10359
UFX:true
|F|:31323
|X|:20
|A|:1595
|P|:0
|E|:0
h(I):0.0
f(n) = 2.0 (Expanded Nodes: 2, Evaluated States: 4, Time: 0.022) Frontier Size: 2
f(n) = 3.0 (Expanded Nodes: 8, Evaluated States: 15, Time: 0.068) Frontier Size: 7
f(n) = 4.0 (Expanded Nodes: 11, Evaluated States: 17, Time: 0.07) Frontier Size: 6
f(n) = 5.0 (Expanded Nodes: 37, Evaluated States: 90, Time: 0.109) Frontier Size: 53
f(n) = 6.0 (Expanded Nodes: 143, Evaluated States: 417, Time: 0.19) Frontier Size: 274
f(n) = 7.0 (Expanded Nodes: 588, Evaluated States: 1619, Time: 0.398) Frontier Size: 1031
f(n) = 8.0 (Expanded Nodes: 1776, Evaluated States: 4413, Time: 0.677) Frontier Size: 2637
f(n) = 9.0 (Expanded Nodes: 4746, Evaluated States: 10196, Time: 1.418) Frontier Size: 5450
f(n) = 10.0 (Expanded Nodes: 10941, Evaluated States: 20319, Time: 1.958) Frontier Size: 9378
Problem Solved

Found Plan:
0.0: (del a5)
1.0: (del a11)
2.0: (validate_payload t2 a7 t3)
3.0: (sync_actions a7)
4.0: (validate_payload t3 a10 t4)
5.0: (sync_actions a10)
6.0: (validate_payload t4 a3 t5)
7.0: (sync_actions a3)
8.0: (validate_payload t5 a12 t6)
9.0: (sync_actions a12)
10.0: (validate_payload t6 a11 t7)
11.0: (sync_actions a11)
12.0: (del a11)
13.0: (del a8)
14.0: (validate_payload t9 a4 t10)
15.0: (sync_actions a4)
16.0: (validate_payload t10 a5 t11)
17.0: (sync_actions a5)
18.0: (validate_payload t11 a6 t12)
19.0: (sync_actions a6)
20.0: (validate_payload t12 a8 t13)
21.0: (sync_actions a8)
22.0: (validate_payload t13 a0 t14)
23.0: (sync_actions a0)
24.0: (validate_payload t14 a1 t15)
25.0: (sync_actions a1)
26.0: (del a9)
27.0: (validate_payload t16 a2 t17)
28.0: (sync_actions a2)
29.0: (validate_payload t17 a9 t18)
30.0: (sync_actions a9)

Plan-Length:31
Metric (Search):10.0
Planning Time (msec): 2825
Heuristic Time (msec): 6
Search Time (msec): 2822
Expanded Nodes:21455
States Evaluated:36848
Number of Dead-Ends detected:0
Number of Duplicates detected:2897
/usr/bin/time -v timeout 600 java -Xmx64g -jar ./enhsp3.jar -o ./domain_with_failure.pddl -f ./problems/BasePN-3And-add-5-d7/problem11.pddl -h blind -s WAStar
Domain parsed
Problem parsed
Grounding..
Grounding Time: 9779
UFX:true
|F|:31323
|X|:20
|A|:1595
|P|:0
|E|:0
h(I):0.0
f(n) = 1.0 (Expanded Nodes: 12, Evaluated States: 43, Time: 0.047) Frontier Size: 31
f(n) = 2.0 (Expanded Nodes: 86, Evaluated States: 252, Time: 0.143) Frontier Size: 166
f(n) = 3.0 (Expanded Nodes: 273, Evaluated States: 707, Time: 0.272) Frontier Size: 434
f(n) = 4.0 (Expanded Nodes: 718, Evaluated States: 1631, Time: 0.419) Frontier Size: 913
f(n) = 5.0 (Expanded Nodes: 1797, Evaluated States: 3489, Time: 0.671) Frontier Size: 1692
f(n) = 6.0 (Expanded Nodes: 3572, Evaluated States: 6217, Time: 1.12) Frontier Size: 2645
f(n) = 7.0 (Expanded Nodes: 6742, Evaluated States: 10646, Time: 1.466) Frontier Size: 3904
f(n) = 8.0 (Expanded Nodes: 11188, Evaluated States: 16259, Time: 1.835) Frontier Size: 5071
f(n) = 9.0 (Expanded Nodes: 17332, Evaluated States: 23988, Time: 2.286) Frontier Size: 6656
f(n) = 10.0 (Expanded Nodes: 25707, Evaluated States: 34167, Time: 3.198) Frontier Size: 8460
Problem Solved

Found Plan:
0.0: (validate_payload t0 a7 t1)
1.0: (sync_actions a7)
2.0: (validate_payload t1 a10 t2)
3.0: (sync_actions a10)
4.0: (validate_payload t2 a3 t3)
5.0: (sync_actions a3)
6.0: (validate_payload t3 a5 t4)
7.0: (sync_actions a5)
8.0: (validate_payload t4 a4 t5)
9.0: (sync_actions a4)
10.0: (del a2)
11.0: (del a2)
12.0: (validate_payload t7 a6 t8)
13.0: (sync_actions a6)
14.0: (del a6)
15.0: (validate_payload t9 a12 t10)
16.0: (sync_actions a12)
17.0: (del a8)
18.0: (validate_payload t11 a11 t12)
19.0: (sync_actions a11)
20.0: (validate_payload t12 a8 t13)
21.0: (sync_actions a8)
22.0: (validate_payload t13 a1 t14)
23.0: (sync_actions a1)
24.0: (validate_payload t14 a0 t15)
25.0: (sync_actions a0)
26.0: (del a5)
27.0: (validate_payload t16 a2 t17)
28.0: (sync_actions a2)
29.0: (validate_payload t17 a9 t18)
30.0: (sync_actions a9)

Plan-Length:31
Metric (Search):10.0
Planning Time (msec): 3379
Heuristic Time (msec): 7
Search Time (msec): 3375
Expanded Nodes:28136
States Evaluated:38084
Number of Dead-Ends detected:0
Number of Duplicates detected:6206
/usr/bin/time -v timeout 600 java -Xmx64g -jar ./enhsp3.jar -o ./domain_with_failure.pddl -f ./problems/BasePN-3And-add-5-d7/problem12.pddl -h blind -s WAStar
Domain parsed
Problem parsed
Grounding..
Grounding Time: 9953
UFX:true
|F|:31323
|X|:19
|A|:1595
|P|:0
|E|:0
h(I):0.0
f(n) = 1.0 (Expanded Nodes: 8, Evaluated States: 31, Time: 0.039) Frontier Size: 23
f(n) = 2.0 (Expanded Nodes: 54, Evaluated States: 160, Time: 0.113) Frontier Size: 106
f(n) = 3.0 (Expanded Nodes: 168, Evaluated States: 428, Time: 0.2) Frontier Size: 260
f(n) = 4.0 (Expanded Nodes: 433, Evaluated States: 1007, Time: 0.329) Frontier Size: 574
f(n) = 5.0 (Expanded Nodes: 1072, Evaluated States: 2175, Time: 0.501) Frontier Size: 1103
f(n) = 6.0 (Expanded Nodes: 2246, Evaluated States: 4151, Time: 0.712) Frontier Size: 1905
f(n) = 7.0 (Expanded Nodes: 4548, Evaluated States: 7890, Time: 1.24) Frontier Size: 3342
f(n) = 8.0 (Expanded Nodes: 8342, Evaluated States: 13682, Time: 1.562) Frontier Size: 5340
f(n) = 9.0 (Expanded Nodes: 14871, Evaluated States: 23577, Time: 2.061) Frontier Size: 8706
f(n) = 10.0 (Expanded Nodes: 25712, Evaluated States: 39213, Time: 3.13) Frontier Size: 13501
Problem Solved

Found Plan:
0.0: (validate_payload t0 a7 t1)
1.0: (sync_actions a7)
2.0: (validate_payload t1 a10 t2)
3.0: (sync_actions a10)
4.0: (validate_payload t2 a3 t3)
5.0: (sync_actions a3)
6.0: (del a6)
7.0: (validate_payload t4 a4 t5)
8.0: (sync_actions a4)
9.0: (del a4)
10.0: (validate_payload t6 a5 t7)
11.0: (sync_actions a5)
12.0: (validate_payload t7 a12 t8)
13.0: (sync_actions a12)
14.0: (del a8)
15.0: (validate_payload t9 a11 t10)
16.0: (sync_actions a11)
17.0: (del a1)
18.0: (del a12)
19.0: (validate_payload t12 a6 t13)
20.0: (sync_actions a6)
21.0: (validate_payload t13 a8 t14)
22.0: (sync_actions a8)
23.0: (validate_payload t14 a0 t15)
24.0: (sync_actions a0)
25.0: (validate_payload t15 a1 t16)
26.0: (sync_actions a1)
27.0: (validate_payload t16 a2 t17)
28.0: (sync_actions a2)
29.0: (validate_payload t17 a9 t18)
30.0: (sync_actions a9)

Plan-Length:31
Metric (Search):10.0
Planning Time (msec): 3600
Heuristic Time (msec): 8
Search Time (msec): 3597
Expanded Nodes:32278
States Evaluated:49000
Number of Dead-Ends detected:0
Number of Duplicates detected:5254
/usr/bin/time -v timeout 600 java -Xmx64g -jar ./enhsp3.jar -o ./domain_with_failure.pddl -f ./problems/BasePN-3And-add-5-d7/problem13.pddl -h blind -s WAStar
Domain parsed
Problem parsed
Grounding..
Grounding Time: 10144
UFX:true
|F|:31323
|X|:19
|A|:1595
|P|:0
|E|:0
h(I):0.0
f(n) = 1.0 (Expanded Nodes: 6, Evaluated States: 23, Time: 0.035) Frontier Size: 17
f(n) = 2.0 (Expanded Nodes: 30, Evaluated States: 76, Time: 0.092) Frontier Size: 46
f(n) = 3.0 (Expanded Nodes: 75, Evaluated States: 172, Time: 0.134) Frontier Size: 97
f(n) = 4.0 (Expanded Nodes: 236, Evaluated States: 564, Time: 0.242) Frontier Size: 328
f(n) = 5.0 (Expanded Nodes: 600, Evaluated States: 1300, Time: 0.412) Frontier Size: 700
f(n) = 6.0 (Expanded Nodes: 1413, Evaluated States: 2876, Time: 0.621) Frontier Size: 1463
f(n) = 7.0 (Expanded Nodes: 3031, Evaluated States: 5617, Time: 0.946) Frontier Size: 2586
f(n) = 8.0 (Expanded Nodes: 5925, Evaluated States: 9952, Time: 1.502) Frontier Size: 4027
f(n) = 9.0 (Expanded Nodes: 10510, Evaluated States: 16425, Time: 1.88) Frontier Size: 5915
f(n) = 10.0 (Expanded Nodes: 17474, Evaluated States: 25641, Time: 2.466) Frontier Size: 8167
Problem Solved

Found Plan:
0.0: (validate_payload t0 a7 t1)
1.0: (sync_actions a7)
2.0: (validate_payload t1 a10 t2)
3.0: (sync_actions a10)
4.0: (del a10)
5.0: (validate_payload t3 a3 t4)
6.0: (sync_actions a3)
7.0: (validate_payload t4 a4 t5)
8.0: (sync_actions a4)
9.0: (del a9)
10.0: (validate_payload t6 a5 t7)
11.0: (sync_actions a5)
12.0: (del a5)
13.0: (del a1)
14.0: (validate_payload t9 a6 t10)
15.0: (sync_actions a6)
16.0: (validate_payload t10 a12 t11)
17.0: (sync_actions a12)
18.0: (validate_payload t11 a11 t12)
19.0: (sync_actions a11)
20.0: (validate_payload t12 a8 t13)
21.0: (sync_actions a8)
22.0: (validate_payload t13 a1 t14)
23.0: (sync_actions a1)
24.0: (del a5)
25.0: (validate_payload t15 a2 t16)
26.0: (sync_actions a2)
27.0: (validate_payload t16 a0 t17)
28.0: (sync_actions a0)
29.0: (validate_payload t17 a9 t18)
30.0: (sync_actions a9)

Plan-Length:31
Metric (Search):10.0
Planning Time (msec): 3079
Heuristic Time (msec): 7
Search Time (msec): 3075
Expanded Nodes:22588
States Evaluated:33908
Number of Dead-Ends detected:0
Number of Duplicates detected:4498
/usr/bin/time -v timeout 600 java -Xmx64g -jar ./enhsp3.jar -o ./domain_with_failure.pddl -f ./problems/BasePN-3And-add-5-d7/problem14.pddl -h blind -s WAStar
Domain parsed
Problem parsed
Grounding..
Grounding Time: 9669
UFX:true
|F|:31323
|X|:18
|A|:1595
|P|:0
|E|:0
h(I):0.0
f(n) = 1.0 (Expanded Nodes: 10, Evaluated States: 30, Time: 0.033) Frontier Size: 20
f(n) = 2.0 (Expanded Nodes: 42, Evaluated States: 104, Time: 0.092) Frontier Size: 62
f(n) = 3.0 (Expanded Nodes: 89, Evaluated States: 206, Time: 0.137) Frontier Size: 117
f(n) = 4.0 (Expanded Nodes: 251, Evaluated States: 521, Time: 0.242) Frontier Size: 270
f(n) = 5.0 (Expanded Nodes: 455, Evaluated States: 849, Time: 0.358) Frontier Size: 394
f(n) = 6.0 (Expanded Nodes: 1045, Evaluated States: 1825, Time: 0.508) Frontier Size: 780
f(n) = 7.0 (Expanded Nodes: 1897, Evaluated States: 3268, Time: 0.704) Frontier Size: 1371
f(n) = 8.0 (Expanded Nodes: 3567, Evaluated States: 5952, Time: 0.92) Frontier Size: 2385
f(n) = 9.0 (Expanded Nodes: 5984, Evaluated States: 9539, Time: 1.415) Frontier Size: 3555
f(n) = 10.0 (Expanded Nodes: 9686, Evaluated States: 14668, Time: 1.7) Frontier Size: 4982
Problem Solved

Found Plan:
0.0: (validate_payload t0 a7 t1)
1.0: (sync_actions a7)
2.0: (validate_payload t1 a10 t2)
3.0: (sync_actions a10)
4.0: (validate_payload t2 a3 t3)
5.0: (sync_actions a3)
6.0: (validate_payload t3 a4 t4)
7.0: (sync_actions a4)
8.0: (del a3)
9.0: (del a4)
10.0: (validate_payload t6 a12 t7)
11.0: (sync_actions a12)
12.0: (validate_payload t7 a11 t8)
13.0: (sync_actions a11)
14.0: (validate_payload t8 a5 t9)
15.0: (sync_actions a5)
16.0: (validate_payload t9 a6 t10)
17.0: (sync_actions a6)
18.0: (validate_payload t10 a8 t11)
19.0: (sync_actions a8)
20.0: (del a7)
21.0: (del a9)
22.0: (del a5)
23.0: (validate_payload t14 a1 t15)
24.0: (sync_actions a1)
25.0: (validate_payload t15 a2 t16)
26.0: (sync_actions a2)
27.0: (validate_payload t16 a0 t17)
28.0: (sync_actions a0)
29.0: (validate_payload t17 a9 t18)
30.0: (sync_actions a9)

Plan-Length:31
Metric (Search):10.0
Planning Time (msec): 1833
Heuristic Time (msec): 6
Search Time (msec): 1828
Expanded Nodes:11625
States Evaluated:17086
Number of Dead-Ends detected:0
Number of Duplicates detected:2126
/usr/bin/time -v timeout 600 java -Xmx64g -jar ./enhsp3.jar -o ./domain_with_failure.pddl -f ./problems/BasePN-3And-add-5-d7/problem15.pddl -h blind -s WAStar
Domain parsed
Problem parsed
Grounding..
Grounding Time: 9913
UFX:true
|F|:31323
|X|:21
|A|:1595
|P|:0
|E|:0
h(I):0.0
f(n) = 1.0 (Expanded Nodes: 6, Evaluated States: 24, Time: 0.033) Frontier Size: 18
f(n) = 2.0 (Expanded Nodes: 38, Evaluated States: 106, Time: 0.1) Frontier Size: 68
f(n) = 3.0 (Expanded Nodes: 117, Evaluated States: 269, Time: 0.159) Frontier Size: 152
f(n) = 4.0 (Expanded Nodes: 302, Evaluated States: 690, Time: 0.269) Frontier Size: 388
f(n) = 5.0 (Expanded Nodes: 743, Evaluated States: 1581, Time: 0.412) Frontier Size: 838
f(n) = 6.0 (Expanded Nodes: 1628, Evaluated States: 3205, Time: 0.626) Frontier Size: 1577
f(n) = 7.0 (Expanded Nodes: 3652, Evaluated States: 6623, Time: 1.02) Frontier Size: 2971
f(n) = 8.0 (Expanded Nodes: 7482, Evaluated States: 12920, Time: 1.648) Frontier Size: 5438
f(n) = 9.0 (Expanded Nodes: 14484, Evaluated States: 24163, Time: 2.18) Frontier Size: 9679
f(n) = 10.0 (Expanded Nodes: 25930, Evaluated States: 41304, Time: 3.339) Frontier Size: 15374
f(n) = 11.0 (Expanded Nodes: 44409, Evaluated States: 67115, Time: 6.687) Frontier Size: 22706
Problem Solved

Found Plan:
0.0: (validate_payload t0 a7 t1)
1.0: (sync_actions a7)
2.0: (validate_payload t1 a10 t2)
3.0: (sync_actions a10)
4.0: (del a11)
5.0: (validate_payload t3 a3 t4)
6.0: (sync_actions a3)
7.0: (del a11)
8.0: (change_value a4 categorical c3)
9.0: (validate_payload t5 a4 t6)
10.0: (sync_actions a4)
11.0: (validate_payload t6 a12 t7)
12.0: (sync_actions a12)
13.0: (validate_payload t7 a11 t8)
14.0: (sync_actions a11)
15.0: (del a2)
16.0: (del a6)
17.0: (del a12)
18.0: (validate_payload t11 a5 t12)
19.0: (sync_actions a5)
20.0: (validate_payload t12 a6 t13)
21.0: (sync_actions a6)
22.0: (validate_payload t13 a8 t14)
23.0: (sync_actions a8)
24.0: (validate_payload t14 a1 t15)
25.0: (sync_actions a1)
26.0: (validate_payload t15 a2 t16)
27.0: (sync_actions a2)
28.0: (validate_payload t16 a0 t17)
29.0: (sync_actions a0)
30.0: (validate_payload t17 a9 t18)
31.0: (sync_actions a9)

Plan-Length:32
Metric (Search):11.0
Planning Time (msec): 8930
Heuristic Time (msec): 7
Search Time (msec): 8926
Expanded Nodes:71147
States Evaluated:102873
Number of Dead-Ends detected:0
Number of Duplicates detected:10421
/usr/bin/time -v timeout 600 java -Xmx64g -jar ./enhsp3.jar -o ./domain_with_failure.pddl -f ./problems/BasePN-3And-add-5-d7/problem16.pddl -h blind -s WAStar
Domain parsed
Problem parsed
Grounding..
Grounding Time: 10091
UFX:true
|F|:31323
|X|:20
|A|:1595
|P|:0
|E|:0
h(I):0.0
f(n) = 1.0 (Expanded Nodes: 8, Evaluated States: 31, Time: 0.029) Frontier Size: 23
f(n) = 2.0 (Expanded Nodes: 54, Evaluated States: 160, Time: 0.103) Frontier Size: 106
f(n) = 3.0 (Expanded Nodes: 167, Evaluated States: 420, Time: 0.187) Frontier Size: 253
f(n) = 4.0 (Expanded Nodes: 423, Evaluated States: 949, Time: 0.338) Frontier Size: 526
f(n) = 5.0 (Expanded Nodes: 1036, Evaluated States: 2028, Time: 0.551) Frontier Size: 992
f(n) = 6.0 (Expanded Nodes: 2157, Evaluated States: 3966, Time: 0.772) Frontier Size: 1809
f(n) = 7.0 (Expanded Nodes: 4421, Evaluated States: 7694, Time: 1.363) Frontier Size: 3273
f(n) = 8.0 (Expanded Nodes: 8313, Evaluated States: 14011, Time: 1.783) Frontier Size: 5698
f(n) = 9.0 (Expanded Nodes: 15639, Evaluated States: 26483, Time: 2.439) Frontier Size: 10844
f(n) = 10.0 (Expanded Nodes: 29836, Evaluated States: 51526, Time: 3.873) Frontier Size: 21690
Problem Solved

Found Plan:
0.0: (validate_payload t0 a7 t1)
1.0: (sync_actions a7)
2.0: (validate_payload t1 a10 t2)
3.0: (sync_actions a10)
4.0: (validate_payload t2 a3 t3)
5.0: (sync_actions a3)
6.0: (del a3)
7.0: (del a10)
8.0: (validate_payload t5 a4 t6)
9.0: (sync_actions a4)
10.0: (validate_payload t6 a5 t7)
11.0: (sync_actions a5)
12.0: (validate_payload t7 a6 t8)
13.0: (sync_actions a6)
14.0: (validate_payload t8 a12 t9)
15.0: (sync_actions a12)
16.0: (del a5)
17.0: (validate_payload t10 a11 t11)
18.0: (sync_actions a11)
19.0: (validate_payload t11 a8 t12)
20.0: (sync_actions a8)
21.0: (validate_payload t12 a1 t13)
22.0: (sync_actions a1)
23.0: (del a4)
24.0: (validate_payload t14 a2 t15)
25.0: (sync_actions a2)
26.0: (validate_payload t15 a0 t16)
27.0: (sync_actions a0)
28.0: (del a0)
29.0: (validate_payload t17 a9 t18)
30.0: (sync_actions a9)

Plan-Length:31
Metric (Search):10.0
Planning Time (msec): 6464
Heuristic Time (msec): 4
Search Time (msec): 6456
Expanded Nodes:38765
States Evaluated:69162
Number of Dead-Ends detected:0
Number of Duplicates detected:5258
/usr/bin/time -v timeout 600 java -Xmx64g -jar ./enhsp3.jar -o ./domain_with_failure.pddl -f ./problems/BasePN-3And-add-5-d7/problem17.pddl -h blind -s WAStar
Domain parsed
Problem parsed
Grounding..
Grounding Time: 9912
UFX:true
|F|:31323
|X|:19
|A|:1595
|P|:0
|E|:0
h(I):0.0
f(n) = 1.0 (Expanded Nodes: 10, Evaluated States: 35, Time: 0.046) Frontier Size: 25
f(n) = 2.0 (Expanded Nodes: 35, Evaluated States: 89, Time: 0.102) Frontier Size: 54
f(n) = 3.0 (Expanded Nodes: 110, Evaluated States: 254, Time: 0.178) Frontier Size: 144
f(n) = 4.0 (Expanded Nodes: 247, Evaluated States: 493, Time: 0.267) Frontier Size: 246
f(n) = 5.0 (Expanded Nodes: 541, Evaluated States: 1025, Time: 0.375) Frontier Size: 484
f(n) = 6.0 (Expanded Nodes: 1091, Evaluated States: 1993, Time: 0.524) Frontier Size: 902
f(n) = 7.0 (Expanded Nodes: 2348, Evaluated States: 4342, Time: 0.8) Frontier Size: 1994
f(n) = 8.0 (Expanded Nodes: 4960, Evaluated States: 9182, Time: 1.353) Frontier Size: 4222
f(n) = 9.0 (Expanded Nodes: 9802, Evaluated States: 17582, Time: 1.761) Frontier Size: 7780
f(n) = 10.0 (Expanded Nodes: 17974, Evaluated States: 30417, Time: 2.452) Frontier Size: 12443
Problem Solved

Found Plan:
0.0: (validate_payload t0 a7 t1)
1.0: (sync_actions a7)
2.0: (validate_payload t1 a3 t2)
3.0: (sync_actions a3)
4.0: (validate_payload t2 a4 t3)
5.0: (sync_actions a4)
6.0: (validate_payload t3 a10 t4)
7.0: (sync_actions a10)
8.0: (del a7)
9.0: (validate_payload t5 a5 t6)
10.0: (sync_actions a5)
11.0: (del a5)
12.0: (validate_payload t7 a6 t8)
13.0: (sync_actions a6)
14.0: (validate_payload t8 a12 t9)
15.0: (sync_actions a12)
16.0: (validate_payload t9 a11 t10)
17.0: (sync_actions a11)
18.0: (del a3)
19.0: (del a10)
20.0: (del a0)
21.0: (validate_payload t13 a8 t14)
22.0: (sync_actions a8)
23.0: (validate_payload t14 a0 t15)
24.0: (sync_actions a0)
25.0: (validate_payload t15 a1 t16)
26.0: (sync_actions a1)
27.0: (validate_payload t16 a2 t17)
28.0: (sync_actions a2)
29.0: (validate_payload t17 a9 t18)
30.0: (sync_actions a9)

Plan-Length:31
Metric (Search):10.0
Planning Time (msec): 3814
Heuristic Time (msec): 8
Search Time (msec): 3811
Expanded Nodes:31598
States Evaluated:49926
Number of Dead-Ends detected:0
Number of Duplicates detected:3063
/usr/bin/time -v timeout 600 java -Xmx64g -jar ./enhsp3.jar -o ./domain_with_failure.pddl -f ./problems/BasePN-3And-add-5-d7/problem18.pddl -h blind -s WAStar
Domain parsed
Problem parsed
Grounding..
Grounding Time: 9942
UFX:true
|F|:31323
|X|:19
|A|:1595
|P|:0
|E|:0
h(I):0.0
f(n) = 1.0 (Expanded Nodes: 10, Evaluated States: 30, Time: 0.041) Frontier Size: 20
f(n) = 2.0 (Expanded Nodes: 47, Evaluated States: 110, Time: 0.108) Frontier Size: 63
f(n) = 3.0 (Expanded Nodes: 125, Evaluated States: 268, Time: 0.167) Frontier Size: 143
f(n) = 4.0 (Expanded Nodes: 311, Evaluated States: 647, Time: 0.269) Frontier Size: 336
f(n) = 5.0 (Expanded Nodes: 799, Evaluated States: 1576, Time: 0.418) Frontier Size: 777
f(n) = 6.0 (Expanded Nodes: 1801, Evaluated States: 3555, Time: 0.665) Frontier Size: 1754
f(n) = 7.0 (Expanded Nodes: 3628, Evaluated States: 6676, Time: 1.207) Frontier Size: 3048
f(n) = 8.0 (Expanded Nodes: 7080, Evaluated States: 12198, Time: 1.571) Frontier Size: 5118
f(n) = 9.0 (Expanded Nodes: 13049, Evaluated States: 20605, Time: 2.047) Frontier Size: 7556
f(n) = 10.0 (Expanded Nodes: 21774, Evaluated States: 32315, Time: 2.996) Frontier Size: 10541
f(n) = 11.0 (Expanded Nodes: 34259, Evaluated States: 49013, Time: 3.902) Frontier Size: 14754
Problem Solved

Found Plan:
0.0: (validate_payload t0 a7 t1)
1.0: (sync_actions a7)
2.0: (validate_payload t1 a10 t2)
3.0: (sync_actions a10)
4.0: (validate_payload t2 a3 t3)
5.0: (sync_actions a3)
6.0: (change_value a4 categorical c2)
7.0: (validate_payload t3 a4 t4)
8.0: (sync_actions a4)
9.0: (del a0)
10.0: (validate_payload t5 a12 t6)
11.0: (sync_actions a12)
12.0: (validate_payload t6 a5 t7)
13.0: (sync_actions a5)
14.0: (validate_payload t7 a6 t8)
15.0: (sync_actions a6)
16.0: (validate_payload t8 a11 t9)
17.0: (sync_actions a11)
18.0: (del a7)
19.0: (del a4)
20.0: (del a7)
21.0: (validate_payload t12 a8 t13)
22.0: (sync_actions a8)
23.0: (del a5)
24.0: (validate_payload t14 a1 t15)
25.0: (sync_actions a1)
26.0: (validate_payload t15 a2 t16)
27.0: (sync_actions a2)
28.0: (validate_payload t16 a0 t17)
29.0: (sync_actions a0)
30.0: (validate_payload t17 a9 t18)
31.0: (sync_actions a9)

Plan-Length:32
Metric (Search):11.0
Planning Time (msec): 7029
Heuristic Time (msec): 9
Search Time (msec): 7026
Expanded Nodes:49970
States Evaluated:69702
Number of Dead-Ends detected:0
Number of Duplicates detected:7192
/usr/bin/time -v timeout 600 java -Xmx64g -jar ./enhsp3.jar -o ./domain_with_failure.pddl -f ./problems/BasePN-3And-add-5-d7/problem19.pddl -h blind -s WAStar
Domain parsed
Problem parsed
Grounding..
Grounding Time: 9737
UFX:true
|F|:31323
|X|:22
|A|:1595
|P|:0
|E|:0
h(I):0.0
f(n) = 1.0 (Expanded Nodes: 4, Evaluated States: 14, Time: 0.025) Frontier Size: 10
f(n) = 2.0 (Expanded Nodes: 16, Evaluated States: 38, Time: 0.075) Frontier Size: 22
f(n) = 3.0 (Expanded Nodes: 35, Evaluated States: 82, Time: 0.1) Frontier Size: 47
f(n) = 4.0 (Expanded Nodes: 104, Evaluated States: 212, Time: 0.157) Frontier Size: 108
f(n) = 5.0 (Expanded Nodes: 212, Evaluated States: 396, Time: 0.239) Frontier Size: 184
f(n) = 6.0 (Expanded Nodes: 439, Evaluated States: 771, Time: 0.382) Frontier Size: 332
f(n) = 7.0 (Expanded Nodes: 778, Evaluated States: 1240, Time: 0.514) Frontier Size: 462
f(n) = 8.0 (Expanded Nodes: 1326, Evaluated States: 2034, Time: 0.649) Frontier Size: 708
f(n) = 9.0 (Expanded Nodes: 2189, Evaluated States: 3400, Time: 0.842) Frontier Size: 1211
f(n) = 10.0 (Expanded Nodes: 3658, Evaluated States: 5719, Time: 1.054) Frontier Size: 2061
f(n) = 11.0 (Expanded Nodes: 5908, Evaluated States: 9372, Time: 1.54) Frontier Size: 3464
Problem Solved

Found Plan:
0.0: (validate_payload t0 a7 t1)
1.0: (sync_actions a7)
2.0: (del a9)
3.0: (validate_payload t2 a3 t3)
4.0: (sync_actions a3)
5.0: (change_value a4 categorical c2)
6.0: (validate_payload t3 a4 t4)
7.0: (sync_actions a4)
8.0: (del a6)
9.0: (del a12)
10.0: (validate_payload t6 a10 t7)
11.0: (sync_actions a10)
12.0: (validate_payload t7 a5 t8)
13.0: (sync_actions a5)
14.0: (validate_payload t8 a6 t9)
15.0: (sync_actions a6)
16.0: (del a10)
17.0: (validate_payload t10 a12 t11)
18.0: (sync_actions a12)
19.0: (del a9)
20.0: (validate_payload t12 a11 t13)
21.0: (sync_actions a11)
22.0: (validate_payload t13 a8 t14)
23.0: (sync_actions a8)
24.0: (validate_payload t14 a1 t15)
25.0: (sync_actions a1)
26.0: (validate_payload t15 a0 t16)
27.0: (sync_actions a0)
28.0: (validate_payload t16 a2 t17)
29.0: (sync_actions a2)
30.0: (validate_payload t17 a9 t18)
31.0: (sync_actions a9)

Plan-Length:32
Metric (Search):11.0
Planning Time (msec): 1866
Heuristic Time (msec): 7
Search Time (msec): 1859
Expanded Nodes:9441
States Evaluated:14901
Number of Dead-Ends detected:0
Number of Duplicates detected:1550
/usr/bin/time -v timeout 600 java -Xmx64g -jar ./enhsp3.jar -o ./domain_with_failure.pddl -f ./problems/BasePN-3And-add-5-d7/problem20.pddl -h blind -s WAStar
Domain parsed
Problem parsed
Grounding..
Grounding Time: 9949
UFX:true
|F|:31323
|X|:21
|A|:1595
|P|:0
|E|:0
h(I):0.0
f(n) = 1.0 (Expanded Nodes: 6, Evaluated States: 24, Time: 0.031) Frontier Size: 18
f(n) = 2.0 (Expanded Nodes: 38, Evaluated States: 106, Time: 0.094) Frontier Size: 68
f(n) = 3.0 (Expanded Nodes: 113, Evaluated States: 255, Time: 0.155) Frontier Size: 142
f(n) = 4.0 (Expanded Nodes: 268, Evaluated States: 576, Time: 0.232) Frontier Size: 308
f(n) = 5.0 (Expanded Nodes: 625, Evaluated States: 1224, Time: 0.348) Frontier Size: 599
f(n) = 6.0 (Expanded Nodes: 1328, Evaluated States: 2505, Time: 0.535) Frontier Size: 1177
f(n) = 7.0 (Expanded Nodes: 2995, Evaluated States: 5508, Time: 0.866) Frontier Size: 2513
f(n) = 8.0 (Expanded Nodes: 6448, Evaluated States: 11575, Time: 1.578) Frontier Size: 5127
f(n) = 9.0 (Expanded Nodes: 13118, Evaluated States: 22754, Time: 2.122) Frontier Size: 9636
f(n) = 10.0 (Expanded Nodes: 25802, Evaluated States: 43854, Time: 3.406) Frontier Size: 18052
f(n) = 11.0 (Expanded Nodes: 50139, Evaluated States: 86724, Time: 7.245) Frontier Size: 36585
Problem Solved

Found Plan:
0.0: (validate_payload t0 a7 t1)
1.0: (sync_actions a7)
2.0: (validate_payload t1 a10 t2)
3.0: (sync_actions a10)
4.0: (del a11)
5.0: (del a11)
6.0: (validate_payload t4 a3 t5)
7.0: (sync_actions a3)
8.0: (change_value a4 categorical c2)
9.0: (validate_payload t5 a4 t6)
10.0: (sync_actions a4)
11.0: (validate_payload t6 a5 t7)
12.0: (sync_actions a5)
13.0: (validate_payload t7 a6 t8)
14.0: (sync_actions a6)
15.0: (del a12)
16.0: (validate_payload t9 a12 t10)
17.0: (sync_actions a12)
18.0: (validate_payload t10 a11 t11)
19.0: (sync_actions a11)
20.0: (validate_payload t11 a8 t12)
21.0: (sync_actions a8)
22.0: (del a10)
23.0: (validate_payload t13 a1 t14)
24.0: (sync_actions a1)
25.0: (validate_payload t14 a0 t15)
26.0: (sync_actions a0)
27.0: (del a2)
28.0: (validate_payload t16 a2 t17)
29.0: (sync_actions a2)
30.0: (validate_payload t17 a9 t18)
31.0: (sync_actions a9)

Plan-Length:32
Metric (Search):11.0
Planning Time (msec): 8471
Heuristic Time (msec): 8
Search Time (msec): 8465
Expanded Nodes:63150
States Evaluated:108231
Number of Dead-Ends detected:0
Number of Duplicates detected:6915
/usr/bin/time -v timeout 600 java -Xmx64g -jar ./enhsp3.jar -o ./domain_with_failure.pddl -f ./problems/BasePN-3And-add-5-d7/problem21.pddl -h blind -s WAStar
Domain parsed
Problem parsed
Grounding..
Grounding Time: 9887
UFX:true
|F|:31323
|X|:18
|A|:1595
|P|:0
|E|:0
h(I):0.0
f(n) = 1.0 (Expanded Nodes: 4, Evaluated States: 14, Time: 0.028) Frontier Size: 10
f(n) = 2.0 (Expanded Nodes: 16, Evaluated States: 38, Time: 0.074) Frontier Size: 22
f(n) = 3.0 (Expanded Nodes: 35, Evaluated States: 87, Time: 0.102) Frontier Size: 52
f(n) = 4.0 (Expanded Nodes: 109, Evaluated States: 253, Time: 0.154) Frontier Size: 144
f(n) = 5.0 (Expanded Nodes: 237, Evaluated States: 493, Time: 0.223) Frontier Size: 256
f(n) = 6.0 (Expanded Nodes: 536, Evaluated States: 1050, Time: 0.31) Frontier Size: 514
f(n) = 7.0 (Expanded Nodes: 1039, Evaluated States: 1856, Time: 0.43) Frontier Size: 817
f(n) = 8.0 (Expanded Nodes: 1870, Evaluated States: 3123, Time: 0.609) Frontier Size: 1253
f(n) = 9.0 (Expanded Nodes: 3203, Evaluated States: 5199, Time: 0.847) Frontier Size: 1996
f(n) = 10.0 (Expanded Nodes: 5294, Evaluated States: 8168, Time: 1.376) Frontier Size: 2874
Problem Solved

Found Plan:
0.0: (validate_payload t0 a7 t1)
1.0: (sync_actions a7)
2.0: (del a2)
3.0: (validate_payload t2 a3 t3)
4.0: (sync_actions a3)
5.0: (validate_payload t3 a10 t4)
6.0: (sync_actions a10)
7.0: (del a8)
8.0: (del a0)
9.0: (validate_payload t6 a4 t7)
10.0: (sync_actions a4)
11.0: (validate_payload t7 a12 t8)
12.0: (sync_actions a12)
13.0: (del a0)
14.0: (validate_payload t9 a11 t10)
15.0: (sync_actions a11)
16.0: (validate_payload t10 a5 t11)
17.0: (sync_actions a5)
18.0: (del a9)
19.0: (validate_payload t12 a6 t13)
20.0: (sync_actions a6)
21.0: (validate_payload t13 a8 t14)
22.0: (sync_actions a8)
23.0: (validate_payload t14 a0 t15)
24.0: (sync_actions a0)
25.0: (validate_payload t15 a1 t16)
26.0: (sync_actions a1)
27.0: (validate_payload t16 a2 t17)
28.0: (sync_actions a2)
29.0: (validate_payload t17 a9 t18)
30.0: (sync_actions a9)

Plan-Length:31
Metric (Search):10.0
Planning Time (msec): 1664
Heuristic Time (msec): 8
Search Time (msec): 1657
Expanded Nodes:8447
States Evaluated:13127
Number of Dead-Ends detected:0
Number of Duplicates detected:1542
/usr/bin/time -v timeout 600 java -Xmx64g -jar ./enhsp3.jar -o ./domain_with_failure.pddl -f ./problems/BasePN-3And-add-5-d7/problem22.pddl -h blind -s WAStar
Domain parsed
Problem parsed
Grounding..
Grounding Time: 9599
UFX:true
|F|:31323
|X|:20
|A|:1595
|P|:0
|E|:0
h(I):0.0
f(n) = 1.0 (Expanded Nodes: 6, Evaluated States: 21, Time: 0.043) Frontier Size: 15
f(n) = 2.0 (Expanded Nodes: 26, Evaluated States: 76, Time: 0.108) Frontier Size: 50
f(n) = 3.0 (Expanded Nodes: 63, Evaluated States: 144, Time: 0.139) Frontier Size: 81
f(n) = 4.0 (Expanded Nodes: 165, Evaluated States: 326, Time: 0.188) Frontier Size: 161
f(n) = 5.0 (Expanded Nodes: 295, Evaluated States: 537, Time: 0.223) Frontier Size: 242
f(n) = 6.0 (Expanded Nodes: 687, Evaluated States: 1291, Time: 0.288) Frontier Size: 604
f(n) = 7.0 (Expanded Nodes: 1534, Evaluated States: 3119, Time: 0.47) Frontier Size: 1585
f(n) = 8.0 (Expanded Nodes: 3877, Evaluated States: 7775, Time: 1.047) Frontier Size: 3898
f(n) = 9.0 (Expanded Nodes: 8447, Evaluated States: 16011, Time: 1.47) Frontier Size: 7564
f(n) = 10.0 (Expanded Nodes: 16390, Evaluated States: 28769, Time: 2.12) Frontier Size: 12379
Problem Solved

Found Plan:
0.0: (validate_payload t0 a7 t1)
1.0: (sync_actions a7)
2.0: (validate_payload t1 a3 t2)
3.0: (sync_actions a3)
4.0: (del a9)
5.0: (del a9)
6.0: (validate_payload t4 a4 t5)
7.0: (sync_actions a4)
8.0: (validate_payload t5 a5 t6)
9.0: (sync_actions a5)
10.0: (validate_payload t6 a10 t7)
11.0: (sync_actions a10)
12.0: (validate_payload t7 a12 t8)
13.0: (sync_actions a12)
14.0: (validate_payload t8 a6 t9)
15.0: (sync_actions a6)
16.0: (validate_payload t9 a11 t10)
17.0: (sync_actions a11)
18.0: (del a4)
19.0: (del a2)
20.0: (del a1)
21.0: (validate_payload t13 a8 t14)
22.0: (sync_actions a8)
23.0: (validate_payload t14 a1 t15)
24.0: (sync_actions a1)
25.0: (validate_payload t15 a0 t16)
26.0: (sync_actions a0)
27.0: (validate_payload t16 a2 t17)
28.0: (sync_actions a2)
29.0: (validate_payload t17 a9 t18)
30.0: (sync_actions a9)

Plan-Length:31
Metric (Search):10.0
Planning Time (msec): 3180
Heuristic Time (msec): 16
Search Time (msec): 3178
Expanded Nodes:28117
States Evaluated:45988
Number of Dead-Ends detected:0
Number of Duplicates detected:2788
/usr/bin/time -v timeout 600 java -Xmx64g -jar ./enhsp3.jar -o ./domain_with_failure.pddl -f ./problems/BasePN-3And-add-5-d7/problem23.pddl -h blind -s WAStar
Domain parsed
Problem parsed
Grounding..
Grounding Time: 9893
UFX:true
|F|:31323
|X|:18
|A|:1595
|P|:0
|E|:0
h(I):0.0
f(n) = 1.0 (Expanded Nodes: 4, Evaluated States: 14, Time: 0.021) Frontier Size: 10
f(n) = 2.0 (Expanded Nodes: 16, Evaluated States: 38, Time: 0.066) Frontier Size: 22
f(n) = 3.0 (Expanded Nodes: 47, Evaluated States: 131, Time: 0.104) Frontier Size: 84
f(n) = 4.0 (Expanded Nodes: 279, Evaluated States: 762, Time: 0.212) Frontier Size: 483
f(n) = 5.0 (Expanded Nodes: 1204, Evaluated States: 3064, Time: 0.46) Frontier Size: 1860
f(n) = 6.0 (Expanded Nodes: 3691, Evaluated States: 8599, Time: 0.869) Frontier Size: 4908
f(n) = 7.0 (Expanded Nodes: 8799, Evaluated States: 18283, Time: 1.569) Frontier Size: 9484
f(n) = 8.0 (Expanded Nodes: 19167, Evaluated States: 34565, Time: 2.367) Frontier Size: 15398
f(n) = 9.0 (Expanded Nodes: 37971, Evaluated States: 60524, Time: 4.164) Frontier Size: 22553
f(n) = 10.0 (Expanded Nodes: 65325, Evaluated States: 95780, Time: 7.967) Frontier Size: 30455
-------------Time: 10s ; Expanded Nodes: 81690 (Avg-Speed 8169.0 n/s); Evaluated States: 120886
Problem Solved

Found Plan:
0.0: (validate_payload t0 a7 t1)
1.0: (sync_actions a7)
2.0: (del a4)
3.0: (validate_payload t2 a10 t3)
4.0: (sync_actions a10)
5.0: (validate_payload t3 a12 t4)
6.0: (sync_actions a12)
7.0: (validate_payload t4 a11 t5)
8.0: (sync_actions a11)
9.0: (validate_payload t5 a3 t6)
10.0: (sync_actions a3)
11.0: (del a1)
12.0: (validate_payload t7 a4 t8)
13.0: (sync_actions a4)
14.0: (del a6)
15.0: (validate_payload t9 a5 t10)
16.0: (sync_actions a5)
17.0: (validate_payload t10 a6 t11)
18.0: (sync_actions a6)
19.0: (validate_payload t11 a8 t12)
20.0: (sync_actions a8)
21.0: (del a4)
22.0: (del a4)
23.0: (validate_payload t14 a0 t15)
24.0: (sync_actions a0)
25.0: (validate_payload t15 a1 t16)
26.0: (sync_actions a1)
27.0: (validate_payload t16 a2 t17)
28.0: (sync_actions a2)
29.0: (validate_payload t17 a9 t18)
30.0: (sync_actions a9)

Plan-Length:31
Metric (Search):10.0
Planning Time (msec): 10938
Heuristic Time (msec): 10
Search Time (msec): 10934
Expanded Nodes:95098
States Evaluated:132612
Number of Dead-Ends detected:0
Number of Duplicates detected:15743
/usr/bin/time -v timeout 600 java -Xmx64g -jar ./enhsp3.jar -o ./domain_with_failure.pddl -f ./problems/BasePN-3And-add-5-d7/problem24.pddl -h blind -s WAStar
Domain parsed
Problem parsed
Grounding..
Grounding Time: 9636
UFX:true
|F|:31323
|X|:19
|A|:1595
|P|:0
|E|:0
h(I):0.0
f(n) = 2.0 (Expanded Nodes: 2, Evaluated States: 4, Time: 0.018) Frontier Size: 2
f(n) = 3.0 (Expanded Nodes: 26, Evaluated States: 82, Time: 0.094) Frontier Size: 56
f(n) = 4.0 (Expanded Nodes: 210, Evaluated States: 558, Time: 0.226) Frontier Size: 348
f(n) = 5.0 (Expanded Nodes: 953, Evaluated States: 2313, Time: 0.472) Frontier Size: 1360
f(n) = 6.0 (Expanded Nodes: 2912, Evaluated States: 6436, Time: 0.855) Frontier Size: 3524
f(n) = 7.0 (Expanded Nodes: 7208, Evaluated States: 14596, Time: 1.526) Frontier Size: 7388
f(n) = 8.0 (Expanded Nodes: 15883, Evaluated States: 28933, Time: 2.239) Frontier Size: 13050
f(n) = 9.0 (Expanded Nodes: 31387, Evaluated States: 52769, Time: 3.686) Frontier Size: 21382
f(n) = 10.0 (Expanded Nodes: 56307, Evaluated States: 88679, Time: 7.289) Frontier Size: 32372
Problem Solved

Found Plan:
0.0: (del a10)
1.0: (validate_payload t1 a7 t2)
2.0: (sync_actions a7)
3.0: (validate_payload t2 a3 t3)
4.0: (sync_actions a3)
5.0: (validate_payload t3 a10 t4)
6.0: (sync_actions a10)
7.0: (validate_payload t4 a5 t5)
8.0: (sync_actions a5)
9.0: (validate_payload t5 a4 t6)
10.0: (sync_actions a4)
11.0: (validate_payload t6 a6 t7)
12.0: (sync_actions a6)
13.0: (validate_payload t7 a12 t8)
14.0: (sync_actions a12)
15.0: (validate_payload t8 a11 t9)
16.0: (sync_actions a11)
17.0: (del a6)
18.0: (validate_payload t10 a8 t11)
19.0: (sync_actions a8)
20.0: (del a8)
21.0: (validate_payload t12 a1 t13)
22.0: (sync_actions a1)
23.0: (validate_payload t13 a2 t14)
24.0: (sync_actions a2)
25.0: (del a3)
26.0: (del a7)
27.0: (validate_payload t16 a0 t17)
28.0: (sync_actions a0)
29.0: (validate_payload t17 a9 t18)
30.0: (sync_actions a9)

Plan-Length:31
Metric (Search):10.0
Planning Time (msec): 8529
Heuristic Time (msec): 4
Search Time (msec): 8522
Expanded Nodes:69750
States Evaluated:108584
Number of Dead-Ends detected:0
Number of Duplicates detected:11415
/usr/bin/time -v timeout 600 java -Xmx64g -jar ./enhsp3.jar -o ./domain_with_failure.pddl -f ./problems/BasePN-3And-add-5-d7/problem25.pddl -h blind -s WAStar
Domain parsed
Problem parsed
Grounding..
Grounding Time: 9838
UFX:true
|F|:31323
|X|:21
|A|:1595
|P|:0
|E|:0
h(I):0.0
f(n) = 1.0 (Expanded Nodes: 4, Evaluated States: 14, Time: 0.031) Frontier Size: 10
f(n) = 2.0 (Expanded Nodes: 16, Evaluated States: 38, Time: 0.077) Frontier Size: 22
f(n) = 3.0 (Expanded Nodes: 37, Evaluated States: 98, Time: 0.112) Frontier Size: 61
f(n) = 4.0 (Expanded Nodes: 136, Evaluated States: 375, Time: 0.184) Frontier Size: 239
f(n) = 5.0 (Expanded Nodes: 403, Evaluated States: 1061, Time: 0.321) Frontier Size: 658
f(n) = 6.0 (Expanded Nodes: 1133, Evaluated States: 2664, Time: 0.518) Frontier Size: 1531
f(n) = 7.0 (Expanded Nodes: 2786, Evaluated States: 5657, Time: 0.853) Frontier Size: 2871
f(n) = 8.0 (Expanded Nodes: 5907, Evaluated States: 10642, Time: 1.445) Frontier Size: 4735
f(n) = 9.0 (Expanded Nodes: 11000, Evaluated States: 18138, Time: 1.953) Frontier Size: 7138
f(n) = 10.0 (Expanded Nodes: 19321, Evaluated States: 29923, Time: 2.649) Frontier Size: 10602
f(n) = 11.0 (Expanded Nodes: 31249, Evaluated States: 46682, Time: 3.803) Frontier Size: 15433
Problem Solved

Found Plan:
0.0: (validate_payload t0 a7 t1)
1.0: (sync_actions a7)
2.0: (del a8)
3.0: (validate_payload t2 a3 t3)
4.0: (sync_actions a3)
5.0: (validate_payload t3 a10 t4)
6.0: (sync_actions a10)
7.0: (validate_payload t4 a12 t5)
8.0: (sync_actions a12)
9.0: (del a8)
10.0: (del a9)
11.0: (validate_payload t7 a11 t8)
12.0: (sync_actions a11)
13.0: (del a0)
14.0: (validate_payload t9 a5 t10)
15.0: (sync_actions a5)
16.0: (change_value a4 categorical c3)
17.0: (validate_payload t10 a4 t11)
18.0: (sync_actions a4)
19.0: (del a11)
20.0: (validate_payload t12 a6 t13)
21.0: (sync_actions a6)
22.0: (validate_payload t13 a8 t14)
23.0: (sync_actions a8)
24.0: (validate_payload t14 a1 t15)
25.0: (sync_actions a1)
26.0: (validate_payload t15 a2 t16)
27.0: (sync_actions a2)
28.0: (validate_payload t16 a0 t17)
29.0: (sync_actions a0)
30.0: (validate_payload t17 a9 t18)
31.0: (sync_actions a9)

Plan-Length:32
Metric (Search):11.0
Planning Time (msec): 4654
Heuristic Time (msec): 8
Search Time (msec): 4648
Expanded Nodes:40414
States Evaluated:62045
Number of Dead-Ends detected:0
Number of Duplicates detected:6887
/usr/bin/time -v timeout 600 java -Xmx64g -jar ./enhsp3.jar -o ./domain_with_failure.pddl -f ./problems/BasePN-3And-add-5-d7/problem26.pddl -h blind -s WAStar
Domain parsed
Problem parsed
Grounding..
Grounding Time: 9837
UFX:true
|F|:31323
|X|:20
|A|:1595
|P|:0
|E|:0
h(I):0.0
f(n) = 2.0 (Expanded Nodes: 2, Evaluated States: 4, Time: 0.02) Frontier Size: 2
f(n) = 3.0 (Expanded Nodes: 20, Evaluated States: 58, Time: 0.08) Frontier Size: 38
f(n) = 4.0 (Expanded Nodes: 100, Evaluated States: 266, Time: 0.147) Frontier Size: 166
f(n) = 5.0 (Expanded Nodes: 319, Evaluated States: 765, Time: 0.284) Frontier Size: 446
f(n) = 6.0 (Expanded Nodes: 860, Evaluated States: 1793, Time: 0.448) Frontier Size: 933
f(n) = 7.0 (Expanded Nodes: 1934, Evaluated States: 3592, Time: 0.698) Frontier Size: 1658
f(n) = 8.0 (Expanded Nodes: 3830, Evaluated States: 6446, Time: 1.14) Frontier Size: 2616
f(n) = 9.0 (Expanded Nodes: 6750, Evaluated States: 10458, Time: 1.485) Frontier Size: 3708
f(n) = 10.0 (Expanded Nodes: 10875, Evaluated States: 15956, Time: 1.833) Frontier Size: 5081
Problem Solved

Found Plan:
0.0: (del a5)
1.0: (validate_payload t1 a7 t2)
2.0: (sync_actions a7)
3.0: (validate_payload t2 a10 t3)
4.0: (sync_actions a10)
5.0: (validate_payload t3 a3 t4)
6.0: (sync_actions a3)
7.0: (validate_payload t4 a12 t5)
8.0: (sync_actions a12)
9.0: (validate_payload t5 a4 t6)
10.0: (sync_actions a4)
11.0: (validate_payload t6 a11 t7)
12.0: (sync_actions a11)
13.0: (del a4)
14.0: (validate_payload t8 a5 t9)
15.0: (sync_actions a5)
16.0: (del a8)
17.0: (del a10)
18.0: (validate_payload t11 a6 t12)
19.0: (sync_actions a6)
20.0: (del a6)
21.0: (validate_payload t13 a8 t14)
22.0: (sync_actions a8)
23.0: (validate_payload t14 a0 t15)
24.0: (sync_actions a0)
25.0: (validate_payload t15 a1 t16)
26.0: (sync_actions a1)
27.0: (validate_payload t16 a2 t17)
28.0: (sync_actions a2)
29.0: (validate_payload t17 a9 t18)
30.0: (sync_actions a9)

Plan-Length:31
Metric (Search):10.0
Planning Time (msec): 1891
Heuristic Time (msec): 4
Search Time (msec): 1879
Expanded Nodes:11500
States Evaluated:16579
Number of Dead-Ends detected:0
Number of Duplicates detected:2222
/usr/bin/time -v timeout 600 java -Xmx64g -jar ./enhsp3.jar -o ./domain_with_failure.pddl -f ./problems/BasePN-3And-add-5-d7/problem27.pddl -h blind -s WAStar
Domain parsed
Problem parsed
Grounding..
Grounding Time: 9878
UFX:true
|F|:31323
|X|:20
|A|:1595
|P|:0
|E|:0
h(I):0.0
f(n) = 1.0 (Expanded Nodes: 4, Evaluated States: 14, Time: 0.03) Frontier Size: 10
f(n) = 2.0 (Expanded Nodes: 16, Evaluated States: 38, Time: 0.08) Frontier Size: 22
f(n) = 3.0 (Expanded Nodes: 37, Evaluated States: 90, Time: 0.11) Frontier Size: 53
f(n) = 4.0 (Expanded Nodes: 131, Evaluated States: 301, Time: 0.179) Frontier Size: 170
f(n) = 5.0 (Expanded Nodes: 313, Evaluated States: 684, Time: 0.293) Frontier Size: 371
f(n) = 6.0 (Expanded Nodes: 680, Evaluated States: 1384, Time: 0.477) Frontier Size: 704
f(n) = 7.0 (Expanded Nodes: 1462, Evaluated States: 2754, Time: 0.671) Frontier Size: 1292
f(n) = 8.0 (Expanded Nodes: 2771, Evaluated States: 4684, Time: 0.918) Frontier Size: 1913
f(n) = 9.0 (Expanded Nodes: 4995, Evaluated States: 8020, Time: 1.414) Frontier Size: 3025
f(n) = 10.0 (Expanded Nodes: 8254, Evaluated States: 12340, Time: 1.727) Frontier Size: 4086
Problem Solved

Found Plan:
0.0: (validate_payload t0 a7 t1)
1.0: (sync_actions a7)
2.0: (del a8)
3.0: (validate_payload t2 a10 t3)
4.0: (sync_actions a10)
5.0: (validate_payload t3 a3 t4)
6.0: (sync_actions a3)
7.0: (validate_payload t4 a4 t5)
8.0: (sync_actions a4)
9.0: (del a10)
10.0: (del a3)
11.0: (validate_payload t7 a5 t8)
12.0: (sync_actions a5)
13.0: (validate_payload t8 a12 t9)
14.0: (sync_actions a12)
15.0: (del a10)
16.0: (validate_payload t10 a11 t11)
17.0: (sync_actions a11)
18.0: (validate_payload t11 a6 t12)
19.0: (sync_actions a6)
20.0: (del a10)
21.0: (validate_payload t13 a8 t14)
22.0: (sync_actions a8)
23.0: (validate_payload t14 a0 t15)
24.0: (sync_actions a0)
25.0: (validate_payload t15 a1 t16)
26.0: (sync_actions a1)
27.0: (validate_payload t16 a2 t17)
28.0: (sync_actions a2)
29.0: (validate_payload t17 a9 t18)
30.0: (sync_actions a9)

Plan-Length:31
Metric (Search):10.0
Planning Time (msec): 1936
Heuristic Time (msec): 6
Search Time (msec): 1932
Expanded Nodes:10650
States Evaluated:16319
Number of Dead-Ends detected:0
Number of Duplicates detected:2288
/usr/bin/time -v timeout 600 java -Xmx64g -jar ./enhsp3.jar -o ./domain_with_failure.pddl -f ./problems/BasePN-3And-add-5-d7/problem28.pddl -h blind -s WAStar
Domain parsed
Problem parsed
Grounding..
Grounding Time: 10303
UFX:true
|F|:31323
|X|:22
|A|:1595
|P|:0
|E|:0
h(I):0.0
f(n) = 1.0 (Expanded Nodes: 4, Evaluated States: 14, Time: 0.027) Frontier Size: 10
f(n) = 2.0 (Expanded Nodes: 16, Evaluated States: 38, Time: 0.079) Frontier Size: 22
f(n) = 3.0 (Expanded Nodes: 33, Evaluated States: 76, Time: 0.103) Frontier Size: 43
f(n) = 4.0 (Expanded Nodes: 87, Evaluated States: 176, Time: 0.145) Frontier Size: 89
f(n) = 5.0 (Expanded Nodes: 159, Evaluated States: 309, Time: 0.196) Frontier Size: 150
f(n) = 6.0 (Expanded Nodes: 376, Evaluated States: 703, Time: 0.336) Frontier Size: 327
f(n) = 7.0 (Expanded Nodes: 695, Evaluated States: 1255, Time: 0.526) Frontier Size: 560
f(n) = 8.0 (Expanded Nodes: 1308, Evaluated States: 2260, Time: 0.71) Frontier Size: 952
f(n) = 9.0 (Expanded Nodes: 2400, Evaluated States: 4012, Time: 1.14) Frontier Size: 1612
f(n) = 10.0 (Expanded Nodes: 4140, Evaluated States: 6611, Time: 1.347) Frontier Size: 2471
f(n) = 11.0 (Expanded Nodes: 7011, Evaluated States: 11032, Time: 1.663) Frontier Size: 4021
Problem Solved

Found Plan:
0.0: (validate_payload t0 a7 t1)
1.0: (sync_actions a7)
2.0: (del a5)
3.0: (del a2)
4.0: (validate_payload t3 a10 t4)
5.0: (sync_actions a10)
6.0: (validate_payload t4 a3 t5)
7.0: (sync_actions a3)
8.0: (del a3)
9.0: (change_value a4 categorical c3)
10.0: (validate_payload t6 a4 t7)
11.0: (sync_actions a4)
12.0: (validate_payload t7 a5 t8)
13.0: (sync_actions a5)
14.0: (del a9)
15.0: (validate_payload t9 a6 t10)
16.0: (sync_actions a6)
17.0: (validate_payload t10 a12 t11)
18.0: (sync_actions a12)
19.0: (validate_payload t11 a11 t12)
20.0: (sync_actions a11)
21.0: (del a10)
22.0: (validate_payload t13 a8 t14)
23.0: (sync_actions a8)
24.0: (validate_payload t14 a0 t15)
25.0: (sync_actions a0)
26.0: (validate_payload t15 a1 t16)
27.0: (sync_actions a1)
28.0: (validate_payload t16 a2 t17)
29.0: (sync_actions a2)
30.0: (validate_payload t17 a9 t18)
31.0: (sync_actions a9)

Plan-Length:32
Metric (Search):11.0
Planning Time (msec): 1853
Heuristic Time (msec): 9
Search Time (msec): 1852
Expanded Nodes:8875
States Evaluated:13890
Number of Dead-Ends detected:0
Number of Duplicates detected:1702
/usr/bin/time -v timeout 600 java -Xmx64g -jar ./enhsp3.jar -o ./domain_with_failure.pddl -f ./problems/BasePN-3And-add-5-d7/problem29.pddl -h blind -s WAStar
Domain parsed
Problem parsed
Grounding..
Grounding Time: 9965
UFX:true
|F|:31323
|X|:16
|A|:1595
|P|:0
|E|:0
h(I):0.0
f(n) = 1.0 (Expanded Nodes: 12, Evaluated States: 41, Time: 0.039) Frontier Size: 29
f(n) = 2.0 (Expanded Nodes: 72, Evaluated States: 193, Time: 0.117) Frontier Size: 121
f(n) = 3.0 (Expanded Nodes: 227, Evaluated States: 534, Time: 0.225) Frontier Size: 307
f(n) = 4.0 (Expanded Nodes: 683, Evaluated States: 1473, Time: 0.364) Frontier Size: 790
f(n) = 5.0 (Expanded Nodes: 1635, Evaluated States: 3148, Time: 0.572) Frontier Size: 1513
f(n) = 6.0 (Expanded Nodes: 3364, Evaluated States: 5953, Time: 0.858) Frontier Size: 2589
f(n) = 7.0 (Expanded Nodes: 6060, Evaluated States: 9716, Time: 1.352) Frontier Size: 3656
f(n) = 8.0 (Expanded Nodes: 9920, Evaluated States: 14628, Time: 1.639) Frontier Size: 4708
f(n) = 9.0 (Expanded Nodes: 14720, Evaluated States: 20103, Time: 1.944) Frontier Size: 5383
f(n) = 10.0 (Expanded Nodes: 20540, Evaluated States: 26535, Time: 2.39) Frontier Size: 5995
Problem Solved

Found Plan:
0.0: (validate_payload t0 a7 t1)
1.0: (sync_actions a7)
2.0: (validate_payload t1 a10 t2)
3.0: (sync_actions a10)
4.0: (validate_payload t2 a3 t3)
5.0: (sync_actions a3)
6.0: (validate_payload t3 a4 t4)
7.0: (sync_actions a4)
8.0: (validate_payload t4 a12 t5)
9.0: (sync_actions a12)
10.0: (del a4)
11.0: (validate_payload t6 a5 t7)
12.0: (sync_actions a5)
13.0: (validate_payload t7 a11 t8)
14.0: (sync_actions a11)
15.0: (validate_payload t8 a6 t9)
16.0: (sync_actions a6)
17.0: (validate_payload t9 a8 t10)
18.0: (sync_actions a8)
19.0: (validate_payload t10 a1 t11)
20.0: (sync_actions a1)
21.0: (del a9)
22.0: (validate_payload t12 a2 t13)
23.0: (sync_actions a2)
24.0: (del a1)
25.0: (del a8)
26.0: (validate_payload t15 a0 t16)
27.0: (sync_actions a0)
28.0: (del a2)
29.0: (validate_payload t17 a9 t18)
30.0: (sync_actions a9)

Plan-Length:31
Metric (Search):10.0
Planning Time (msec): 2435
Heuristic Time (msec): 8
Search Time (msec): 2430
Expanded Nodes:21175
States Evaluated:27196
Number of Dead-Ends detected:0
Number of Duplicates detected:5254
/usr/bin/time -v timeout 600 java -Xmx64g -jar ./enhsp3.jar -o ./domain_with_failure.pddl -f ./problems/BasePN-3And-add-5-d7/problem30.pddl -h blind -s WAStar
Domain parsed
Problem parsed
Grounding..
Grounding Time: 9675
UFX:true
|F|:31323
|X|:15
|A|:1595
|P|:0
|E|:0
h(I):0.0
f(n) = 2.0 (Expanded Nodes: 3, Evaluated States: 5, Time: 0.027) Frontier Size: 2
f(n) = 3.0 (Expanded Nodes: 16, Evaluated States: 38, Time: 0.077) Frontier Size: 22
f(n) = 4.0 (Expanded Nodes: 45, Evaluated States: 99, Time: 0.11) Frontier Size: 54
f(n) = 5.0 (Expanded Nodes: 92, Evaluated States: 200, Time: 0.147) Frontier Size: 108
f(n) = 6.0 (Expanded Nodes: 218, Evaluated States: 433, Time: 0.221) Frontier Size: 215
f(n) = 7.0 (Expanded Nodes: 389, Evaluated States: 713, Time: 0.288) Frontier Size: 324
f(n) = 8.0 (Expanded Nodes: 773, Evaluated States: 1264, Time: 0.388) Frontier Size: 491
f(n) = 9.0 (Expanded Nodes: 1196, Evaluated States: 1836, Time: 0.493) Frontier Size: 640
f(n) = 10.0 (Expanded Nodes: 1982, Evaluated States: 2831, Time: 0.589) Frontier Size: 849
Problem Solved

Found Plan:
0.0: (del a12)
1.0: (validate_payload t1 a7 t2)
2.0: (sync_actions a7)
3.0: (validate_payload t2 a10 t3)
4.0: (sync_actions a10)
5.0: (validate_payload t3 a3 t4)
6.0: (sync_actions a3)
7.0: (del a6)
8.0: (del a2)
9.0: (del a11)
10.0: (validate_payload t7 a5 t8)
11.0: (sync_actions a5)
12.0: (validate_payload t8 a4 t9)
13.0: (sync_actions a4)
14.0: (validate_payload t9 a12 t10)
15.0: (sync_actions a12)
16.0: (del a7)
17.0: (validate_payload t11 a11 t12)
18.0: (sync_actions a11)
19.0: (validate_payload t12 a6 t13)
20.0: (sync_actions a6)
21.0: (validate_payload t13 a8 t14)
22.0: (sync_actions a8)
23.0: (validate_payload t14 a0 t15)
24.0: (sync_actions a0)
25.0: (validate_payload t15 a1 t16)
26.0: (sync_actions a1)
27.0: (validate_payload t16 a2 t17)
28.0: (sync_actions a2)
29.0: (validate_payload t17 a9 t18)
30.0: (sync_actions a9)

Plan-Length:31
Metric (Search):10.0
Planning Time (msec): 693
Heuristic Time (msec): 7
Search Time (msec): 687
Expanded Nodes:2802
States Evaluated:3840
Number of Dead-Ends detected:0
Number of Duplicates detected:683
/usr/bin/time -v timeout 600 java -Xmx64g -jar ./enhsp3.jar -o ./domain_with_failure.pddl -f ./problems/BasePN-3And-add-5-d7/problem31.pddl -h blind -s WAStar
Domain parsed
Problem parsed
Grounding..
Grounding Time: 9542
UFX:true
|F|:31323
|X|:19
|A|:1595
|P|:0
|E|:0
h(I):0.0
f(n) = 2.0 (Expanded Nodes: 2, Evaluated States: 4, Time: 0.025) Frontier Size: 2
f(n) = 3.0 (Expanded Nodes: 10, Evaluated States: 22, Time: 0.069) Frontier Size: 12
f(n) = 4.0 (Expanded Nodes: 13, Evaluated States: 24, Time: 0.076) Frontier Size: 11
f(n) = 5.0 (Expanded Nodes: 48, Evaluated States: 109, Time: 0.122) Frontier Size: 61
f(n) = 6.0 (Expanded Nodes: 136, Evaluated States: 329, Time: 0.191) Frontier Size: 193
f(n) = 7.0 (Expanded Nodes: 512, Evaluated States: 1281, Time: 0.325) Frontier Size: 769
f(n) = 8.0 (Expanded Nodes: 1631, Evaluated States: 4116, Time: 0.54) Frontier Size: 2485
f(n) = 9.0 (Expanded Nodes: 4772, Evaluated States: 10953, Time: 1.21) Frontier Size: 6181
f(n) = 10.0 (Expanded Nodes: 11732, Evaluated States: 23679, Time: 1.796) Frontier Size: 11947
f(n) = 11.0 (Expanded Nodes: 26170, Evaluated States: 46179, Time: 3.147) Frontier Size: 20009
Problem Solved

Found Plan:
0.0: (del a3)
1.0: (del a2)
2.0: (validate_payload t2 a7 t3)
3.0: (sync_actions a7)
4.0: (validate_payload t3 a10 t4)
5.0: (sync_actions a10)
6.0: (validate_payload t4 a3 t5)
7.0: (sync_actions a3)
8.0: (change_value a4 categorical c2)
9.0: (validate_payload t5 a4 t6)
10.0: (sync_actions a4)
11.0: (validate_payload t6 a12 t7)
12.0: (sync_actions a12)
13.0: (validate_payload t7 a11 t8)
14.0: (sync_actions a11)
15.0: (del a7)
16.0: (del a1)
17.0: (validate_payload t10 a5 t11)
18.0: (sync_actions a5)
19.0: (del a5)
20.0: (validate_payload t12 a6 t13)
21.0: (sync_actions a6)
22.0: (validate_payload t13 a8 t14)
23.0: (sync_actions a8)
24.0: (validate_payload t14 a1 t15)
25.0: (sync_actions a1)
26.0: (validate_payload t15 a0 t16)
27.0: (sync_actions a0)
28.0: (validate_payload t16 a2 t17)
29.0: (sync_actions a2)
30.0: (validate_payload t17 a9 t18)
31.0: (sync_actions a9)

Plan-Length:32
Metric (Search):11.0
Planning Time (msec): 6752
Heuristic Time (msec): 11
Search Time (msec): 6743
Expanded Nodes:48505
States Evaluated:78321
Number of Dead-Ends detected:0
Number of Duplicates detected:4208
/usr/bin/time -v timeout 600 java -Xmx64g -jar ./enhsp3.jar -o ./domain_with_failure.pddl -f ./problems/BasePN-3And-add-5-d7/problem32.pddl -h blind -s WAStar
Domain parsed
Problem parsed
Grounding..
Grounding Time: 10252
UFX:true
|F|:31323
|X|:21
|A|:1595
|P|:0
|E|:0
h(I):0.0
f(n) = 2.0 (Expanded Nodes: 2, Evaluated States: 4, Time: 0.02) Frontier Size: 2
f(n) = 3.0 (Expanded Nodes: 14, Evaluated States: 42, Time: 0.076) Frontier Size: 28
f(n) = 4.0 (Expanded Nodes: 57, Evaluated States: 159, Time: 0.122) Frontier Size: 102
f(n) = 5.0 (Expanded Nodes: 156, Evaluated States: 360, Time: 0.192) Frontier Size: 204
f(n) = 6.0 (Expanded Nodes: 391, Evaluated States: 825, Time: 0.334) Frontier Size: 434
f(n) = 7.0 (Expanded Nodes: 844, Evaluated States: 1558, Time: 0.46) Frontier Size: 714
f(n) = 8.0 (Expanded Nodes: 1574, Evaluated States: 2699, Time: 0.611) Frontier Size: 1125
f(n) = 9.0 (Expanded Nodes: 2952, Evaluated States: 5021, Time: 0.825) Frontier Size: 2069
f(n) = 10.0 (Expanded Nodes: 5550, Evaluated States: 9625, Time: 1.352) Frontier Size: 4075
f(n) = 11.0 (Expanded Nodes: 10497, Evaluated States: 18712, Time: 1.771) Frontier Size: 8215
Problem Solved

Found Plan:
0.0: (del a9)
1.0: (validate_payload t1 a7 t2)
2.0: (sync_actions a7)
3.0: (validate_payload t2 a3 t3)
4.0: (sync_actions a3)
5.0: (validate_payload t3 a10 t4)
6.0: (sync_actions a10)
7.0: (del a10)
8.0: (del a3)
9.0: (change_value a4 categorical c2)
10.0: (validate_payload t6 a4 t7)
11.0: (sync_actions a4)
12.0: (validate_payload t7 a12 t8)
13.0: (sync_actions a12)
14.0: (validate_payload t8 a5 t9)
15.0: (sync_actions a5)
16.0: (validate_payload t9 a11 t10)
17.0: (sync_actions a11)
18.0: (del a0)
19.0: (del a5)
20.0: (validate_payload t12 a6 t13)
21.0: (sync_actions a6)
22.0: (validate_payload t13 a8 t14)
23.0: (sync_actions a8)
24.0: (validate_payload t14 a1 t15)
25.0: (sync_actions a1)
26.0: (validate_payload t15 a0 t16)
27.0: (sync_actions a0)
28.0: (validate_payload t16 a2 t17)
29.0: (sync_actions a2)
30.0: (validate_payload t17 a9 t18)
31.0: (sync_actions a9)

Plan-Length:32
Metric (Search):11.0
Planning Time (msec): 2226
Heuristic Time (msec): 9
Search Time (msec): 2220
Expanded Nodes:14959
States Evaluated:26134
Number of Dead-Ends detected:0
Number of Duplicates detected:2178
/usr/bin/time -v timeout 600 java -Xmx64g -jar ./enhsp3.jar -o ./domain_with_failure.pddl -f ./problems/BasePN-3And-add-5-d7/problem33.pddl -h blind -s WAStar
Domain parsed
Problem parsed
Grounding..
Grounding Time: 9616
UFX:true
|F|:31323
|X|:20
|A|:1595
|P|:0
|E|:0
h(I):0.0
f(n) = 1.0 (Expanded Nodes: 8, Evaluated States: 29, Time: 0.041) Frontier Size: 21
f(n) = 2.0 (Expanded Nodes: 54, Evaluated States: 152, Time: 0.121) Frontier Size: 98
f(n) = 3.0 (Expanded Nodes: 162, Evaluated States: 393, Time: 0.206) Frontier Size: 231
f(n) = 4.0 (Expanded Nodes: 378, Evaluated States: 840, Time: 0.311) Frontier Size: 462
f(n) = 5.0 (Expanded Nodes: 897, Evaluated States: 1789, Time: 0.454) Frontier Size: 892
f(n) = 6.0 (Expanded Nodes: 1889, Evaluated States: 3502, Time: 0.675) Frontier Size: 1613
f(n) = 7.0 (Expanded Nodes: 4202, Evaluated States: 7874, Time: 1.276) Frontier Size: 3672
f(n) = 8.0 (Expanded Nodes: 9111, Evaluated States: 17305, Time: 1.697) Frontier Size: 8194
f(n) = 9.0 (Expanded Nodes: 19365, Evaluated States: 37220, Time: 2.701) Frontier Size: 17855
f(n) = 10.0 (Expanded Nodes: 40719, Evaluated States: 75865, Time: 6.55) Frontier Size: 35146
Problem Solved

Found Plan:
0.0: (validate_payload t0 a7 t1)
1.0: (sync_actions a7)
2.0: (validate_payload t1 a10 t2)
3.0: (sync_actions a10)
4.0: (validate_payload t2 a3 t3)
5.0: (sync_actions a3)
6.0: (del a6)
7.0: (del a3)
8.0: (validate_payload t5 a4 t6)
9.0: (sync_actions a4)
10.0: (validate_payload t6 a12 t7)
11.0: (sync_actions a12)
12.0: (validate_payload t7 a5 t8)
13.0: (sync_actions a5)
14.0: (validate_payload t8 a11 t9)
15.0: (sync_actions a11)
16.0: (validate_payload t9 a6 t10)
17.0: (sync_actions a6)
18.0: (del a7)
19.0: (validate_payload t11 a8 t12)
20.0: (sync_actions a8)
21.0: (validate_payload t12 a1 t13)
22.0: (sync_actions a1)
23.0: (del a12)
24.0: (del a3)
25.0: (validate_payload t15 a0 t16)
26.0: (sync_actions a0)
27.0: (validate_payload t16 a2 t17)
28.0: (sync_actions a2)
29.0: (validate_payload t17 a9 t18)
30.0: (sync_actions a9)

Plan-Length:31
Metric (Search):10.0
Planning Time (msec): 9003
Heuristic Time (msec): 8
Search Time (msec): 9000
Expanded Nodes:69928
States Evaluated:124883
Number of Dead-Ends detected:0
Number of Duplicates detected:8549
/usr/bin/time -v timeout 600 java -Xmx64g -jar ./enhsp3.jar -o ./domain_with_failure.pddl -f ./problems/BasePN-3And-add-5-d7/problem34.pddl -h blind -s WAStar
Domain parsed
Problem parsed
Grounding..
Grounding Time: 9868
UFX:true
|F|:31323
|X|:22
|A|:1595
|P|:0
|E|:0
h(I):0.0
f(n) = 1.0 (Expanded Nodes: 11, Evaluated States: 44, Time: 0.043) Frontier Size: 33
f(n) = 2.0 (Expanded Nodes: 110, Evaluated States: 341, Time: 0.16) Frontier Size: 231
f(n) = 3.0 (Expanded Nodes: 537, Evaluated States: 1407, Time: 0.388) Frontier Size: 870
f(n) = 4.0 (Expanded Nodes: 1734, Evaluated States: 4011, Time: 0.687) Frontier Size: 2277
f(n) = 5.0 (Expanded Nodes: 4609, Evaluated States: 9513, Time: 1.325) Frontier Size: 4904
f(n) = 6.0 (Expanded Nodes: 11227, Evaluated States: 20936, Time: 1.896) Frontier Size: 9709
f(n) = 7.0 (Expanded Nodes: 24244, Evaluated States: 41671, Time: 3.195) Frontier Size: 17427
f(n) = 8.0 (Expanded Nodes: 46368, Evaluated States: 75710, Time: 6.916) Frontier Size: 29342
-------------Time: 10s ; Expanded Nodes: 73716 (Avg-Speed 7371.0 n/s); Evaluated States: 113434
f(n) = 9.0 (Expanded Nodes: 83786, Evaluated States: 130694, Time: 10.786) Frontier Size: 46908
f(n) = 10.0 (Expanded Nodes: 143040, Evaluated States: 212723, Time: 17.933) Frontier Size: 69683
-------------Time: 20s ; Expanded Nodes: 163077 (Avg-Speed 8153.0 n/s); Evaluated States: 245653
f(n) = 11.0 (Expanded Nodes: 229929, Evaluated States: 328971, Time: 28.479) Frontier Size: 99042
-------------Time: 30s ; Expanded Nodes: 260394 (Avg-Speed 8679.0 n/s); Evaluated States: 366922
Problem Solved

Found Plan:
0.0: (validate_payload t0 a7 t1)
1.0: (sync_actions a7)
2.0: (validate_payload t1 a10 t2)
3.0: (sync_actions a10)
4.0: (validate_payload t2 a12 t3)
5.0: (sync_actions a12)
6.0: (del a11)
7.0: (del a2)
8.0: (validate_payload t5 a3 t6)
9.0: (sync_actions a3)
10.0: (change_value a4 categorical c2)
11.0: (validate_payload t6 a4 t7)
12.0: (sync_actions a4)
13.0: (del a0)
14.0: (validate_payload t8 a5 t9)
15.0: (sync_actions a5)
16.0: (validate_payload t9 a6 t10)
17.0: (sync_actions a6)
18.0: (validate_payload t10 a11 t11)
19.0: (sync_actions a11)
20.0: (del a5)
21.0: (del a11)
22.0: (validate_payload t13 a8 t14)
23.0: (sync_actions a8)
24.0: (validate_payload t14 a1 t15)
25.0: (sync_actions a1)
26.0: (validate_payload t15 a0 t16)
27.0: (sync_actions a0)
28.0: (validate_payload t16 a2 t17)
29.0: (sync_actions a2)
30.0: (validate_payload t17 a9 t18)
31.0: (sync_actions a9)

Plan-Length:32
Metric (Search):11.0
Planning Time (msec): 37386
Heuristic Time (msec): 15
Search Time (msec): 37379
Expanded Nodes:329901
States Evaluated:446203
Number of Dead-Ends detected:0
Number of Duplicates detected:35742
/usr/bin/time -v timeout 600 java -Xmx64g -jar ./enhsp3.jar -o ./domain_with_failure.pddl -f ./problems/BasePN-3And-add-5-d7/problem35.pddl -h blind -s WAStar
Domain parsed
Problem parsed
Grounding..
Grounding Time: 10238
UFX:true
|F|:31323
|X|:20
|A|:1595
|P|:0
|E|:0
h(I):0.0
f(n) = 2.0 (Expanded Nodes: 2, Evaluated States: 4, Time: 0.021) Frontier Size: 2
f(n) = 3.0 (Expanded Nodes: 10, Evaluated States: 21, Time: 0.057) Frontier Size: 11
f(n) = 4.0 (Expanded Nodes: 13, Evaluated States: 23, Time: 0.067) Frontier Size: 10
f(n) = 5.0 (Expanded Nodes: 40, Evaluated States: 81, Time: 0.098) Frontier Size: 41
f(n) = 6.0 (Expanded Nodes: 68, Evaluated States: 134, Time: 0.117) Frontier Size: 66
f(n) = 7.0 (Expanded Nodes: 151, Evaluated States: 308, Time: 0.175) Frontier Size: 157
f(n) = 8.0 (Expanded Nodes: 320, Evaluated States: 614, Time: 0.278) Frontier Size: 294
f(n) = 9.0 (Expanded Nodes: 665, Evaluated States: 1226, Time: 0.38) Frontier Size: 561
f(n) = 10.0 (Expanded Nodes: 1316, Evaluated States: 2332, Time: 0.541) Frontier Size: 1016
f(n) = 11.0 (Expanded Nodes: 2534, Evaluated States: 4266, Time: 1.021) Frontier Size: 1732
Problem Solved

Found Plan:
0.0: (del a2)
1.0: (validate_payload t1 a7 t2)
2.0: (sync_actions a7)
3.0: (del a8)
4.0: (validate_payload t3 a10 t4)
5.0: (sync_actions a10)
6.0: (validate_payload t4 a3 t5)
7.0: (sync_actions a3)
8.0: (del a2)
9.0: (validate_payload t6 a5 t7)
10.0: (sync_actions a5)
11.0: (change_value a4 categorical c3)
12.0: (validate_payload t7 a4 t8)
13.0: (sync_actions a4)
14.0: (validate_payload t8 a12 t9)
15.0: (sync_actions a12)
16.0: (del a5)
17.0: (validate_payload t10 a11 t11)
18.0: (sync_actions a11)
19.0: (del a9)
20.0: (validate_payload t12 a6 t13)
21.0: (sync_actions a6)
22.0: (validate_payload t13 a8 t14)
23.0: (sync_actions a8)
24.0: (validate_payload t14 a1 t15)
25.0: (sync_actions a1)
26.0: (validate_payload t15 a0 t16)
27.0: (sync_actions a0)
28.0: (validate_payload t16 a2 t17)
29.0: (sync_actions a2)
30.0: (validate_payload t17 a9 t18)
31.0: (sync_actions a9)

Plan-Length:32
Metric (Search):11.0
Planning Time (msec): 1236
Heuristic Time (msec): 6
Search Time (msec): 1229
Expanded Nodes:4162
States Evaluated:6821
Number of Dead-Ends detected:0
Number of Duplicates detected:610
/usr/bin/time -v timeout 600 java -Xmx64g -jar ./enhsp3.jar -o ./domain_with_failure.pddl -f ./problems/BasePN-3And-add-5-d7/problem36.pddl -h blind -s WAStar
Domain parsed
Problem parsed
Grounding..
Grounding Time: 9887
UFX:true
|F|:31323
|X|:19
|A|:1595
|P|:0
|E|:0
h(I):0.0
f(n) = 1.0 (Expanded Nodes: 8, Evaluated States: 25, Time: 0.033) Frontier Size: 17
f(n) = 2.0 (Expanded Nodes: 28, Evaluated States: 73, Time: 0.084) Frontier Size: 45
f(n) = 3.0 (Expanded Nodes: 65, Evaluated States: 159, Time: 0.126) Frontier Size: 94
f(n) = 4.0 (Expanded Nodes: 174, Evaluated States: 365, Time: 0.187) Frontier Size: 191
f(n) = 5.0 (Expanded Nodes: 356, Evaluated States: 653, Time: 0.311) Frontier Size: 297
f(n) = 6.0 (Expanded Nodes: 767, Evaluated States: 1468, Time: 0.431) Frontier Size: 701
f(n) = 7.0 (Expanded Nodes: 1718, Evaluated States: 3337, Time: 0.645) Frontier Size: 1619
f(n) = 8.0 (Expanded Nodes: 3841, Evaluated States: 7722, Time: 1.186) Frontier Size: 3881
f(n) = 9.0 (Expanded Nodes: 8617, Evaluated States: 16710, Time: 1.628) Frontier Size: 8093
f(n) = 10.0 (Expanded Nodes: 19106, Evaluated States: 35793, Time: 2.489) Frontier Size: 16687
Problem Solved

Found Plan:
0.0: (validate_payload t0 a7 t1)
1.0: (sync_actions a7)
2.0: (validate_payload t1 a10 t2)
3.0: (sync_actions a10)
4.0: (validate_payload t2 a3 t3)
5.0: (sync_actions a3)
6.0: (del a10)
7.0: (del a8)
8.0: (validate_payload t5 a12 t6)
9.0: (sync_actions a12)
10.0: (validate_payload t6 a11 t7)
11.0: (sync_actions a11)
12.0: (validate_payload t7 a4 t8)
13.0: (sync_actions a4)
14.0: (validate_payload t8 a5 t9)
15.0: (sync_actions a5)
16.0: (del a5)
17.0: (validate_payload t10 a6 t11)
18.0: (sync_actions a6)
19.0: (validate_payload t11 a8 t12)
20.0: (sync_actions a8)
21.0: (del a6)
22.0: (validate_payload t13 a1 t14)
23.0: (sync_actions a1)
24.0: (validate_payload t14 a2 t15)
25.0: (sync_actions a2)
26.0: (del a6)
27.0: (validate_payload t16 a0 t17)
28.0: (sync_actions a0)
29.0: (validate_payload t17 a9 t18)
30.0: (sync_actions a9)

Plan-Length:31
Metric (Search):10.0
Planning Time (msec): 4016
Heuristic Time (msec): 8
Search Time (msec): 4014
Expanded Nodes:35276
States Evaluated:63105
Number of Dead-Ends detected:0
Number of Duplicates detected:3528
/usr/bin/time -v timeout 600 java -Xmx64g -jar ./enhsp3.jar -o ./domain_with_failure.pddl -f ./problems/BasePN-3And-add-5-d7/problem37.pddl -h blind -s WAStar
Domain parsed
Problem parsed
Grounding..
Grounding Time: 10256
UFX:true
|F|:31323
|X|:21
|A|:1595
|P|:0
|E|:0
h(I):0.0
f(n) = 1.0 (Expanded Nodes: 8, Evaluated States: 27, Time: 0.044) Frontier Size: 19
f(n) = 2.0 (Expanded Nodes: 28, Evaluated States: 75, Time: 0.096) Frontier Size: 47
f(n) = 3.0 (Expanded Nodes: 72, Evaluated States: 199, Time: 0.125) Frontier Size: 127
f(n) = 4.0 (Expanded Nodes: 244, Evaluated States: 583, Time: 0.189) Frontier Size: 339
f(n) = 5.0 (Expanded Nodes: 619, Evaluated States: 1436, Time: 0.281) Frontier Size: 817
f(n) = 6.0 (Expanded Nodes: 1574, Evaluated States: 3341, Time: 0.497) Frontier Size: 1767
f(n) = 7.0 (Expanded Nodes: 3735, Evaluated States: 7038, Time: 1.099) Frontier Size: 3303
f(n) = 8.0 (Expanded Nodes: 7789, Evaluated States: 13199, Time: 1.45) Frontier Size: 5410
f(n) = 9.0 (Expanded Nodes: 14304, Evaluated States: 22535, Time: 1.961) Frontier Size: 8231
f(n) = 10.0 (Expanded Nodes: 24955, Evaluated States: 37566, Time: 3.107) Frontier Size: 12611
f(n) = 11.0 (Expanded Nodes: 41149, Evaluated States: 60595, Time: 6.32) Frontier Size: 19446
Problem Solved

Found Plan:
0.0: (validate_payload t0 a7 t1)
1.0: (sync_actions a7)
2.0: (validate_payload t1 a10 t2)
3.0: (sync_actions a10)
4.0: (validate_payload t2 a3 t3)
5.0: (sync_actions a3)
6.0: (del a6)
7.0: (validate_payload t4 a12 t5)
8.0: (sync_actions a12)
9.0: (validate_payload t5 a11 t6)
10.0: (sync_actions a11)
11.0: (del a6)
12.0: (change_value a4 categorical c2)
13.0: (validate_payload t7 a4 t8)
14.0: (sync_actions a4)
15.0: (del a8)
16.0: (validate_payload t9 a5 t10)
17.0: (sync_actions a5)
18.0: (validate_payload t10 a6 t11)
19.0: (sync_actions a6)
20.0: (del a8)
21.0: (del a5)
22.0: (validate_payload t13 a8 t14)
23.0: (sync_actions a8)
24.0: (validate_payload t14 a0 t15)
25.0: (sync_actions a0)
26.0: (validate_payload t15 a1 t16)
27.0: (sync_actions a1)
28.0: (validate_payload t16 a2 t17)
29.0: (sync_actions a2)
30.0: (validate_payload t17 a9 t18)
31.0: (sync_actions a9)

Plan-Length:32
Metric (Search):11.0
Planning Time (msec): 8591
Heuristic Time (msec): 11
Search Time (msec): 8589
Expanded Nodes:61374
States Evaluated:92000
Number of Dead-Ends detected:0
Number of Duplicates detected:7831
/usr/bin/time -v timeout 600 java -Xmx64g -jar ./enhsp3.jar -o ./domain_with_failure.pddl -f ./problems/BasePN-3And-add-5-d7/problem38.pddl -h blind -s WAStar
Domain parsed
Problem parsed
Grounding..
Grounding Time: 9874
UFX:true
|F|:31323
|X|:18
|A|:1595
|P|:0
|E|:0
h(I):0.0
f(n) = 1.0 (Expanded Nodes: 12, Evaluated States: 46, Time: 0.047) Frontier Size: 34
f(n) = 2.0 (Expanded Nodes: 62, Evaluated States: 192, Time: 0.114) Frontier Size: 130
f(n) = 3.0 (Expanded Nodes: 249, Evaluated States: 650, Time: 0.177) Frontier Size: 401
f(n) = 4.0 (Expanded Nodes: 787, Evaluated States: 1841, Time: 0.309) Frontier Size: 1054
f(n) = 5.0 (Expanded Nodes: 2385, Evaluated States: 5272, Time: 0.586) Frontier Size: 2887
f(n) = 6.0 (Expanded Nodes: 6223, Evaluated States: 13434, Time: 1.271) Frontier Size: 7211
f(n) = 7.0 (Expanded Nodes: 14535, Evaluated States: 29728, Time: 1.978) Frontier Size: 15193
f(n) = 8.0 (Expanded Nodes: 32394, Evaluated States: 61436, Time: 3.619) Frontier Size: 29042
f(n) = 9.0 (Expanded Nodes: 68284, Evaluated States: 120986, Time: 9.142) Frontier Size: 52702
-------------Time: 10s ; Expanded Nodes: 80108 (Avg-Speed 8010.0 n/s); Evaluated States: 141117
f(n) = 10.0 (Expanded Nodes: 131693, Evaluated States: 222074, Time: 16.366) Frontier Size: 90381
-------------Time: 20s ; Expanded Nodes: 166419 (Avg-Speed 8320.0 n/s); Evaluated States: 277903
Problem Solved

Found Plan:
0.0: (validate_payload t0 a7 t1)
1.0: (sync_actions a7)
2.0: (validate_payload t1 a3 t2)
3.0: (sync_actions a3)
4.0: (validate_payload t2 a10 t3)
5.0: (sync_actions a10)
6.0: (validate_payload t3 a4 t4)
7.0: (sync_actions a4)
8.0: (validate_payload t4 a12 t5)
9.0: (sync_actions a12)
10.0: (del a8)
11.0: (validate_payload t6 a11 t7)
12.0: (sync_actions a11)
13.0: (validate_payload t7 a5 t8)
14.0: (sync_actions a5)
15.0: (validate_payload t8 a6 t9)
16.0: (sync_actions a6)
17.0: (validate_payload t9 a8 t10)
18.0: (sync_actions a8)
19.0: (del a9)
20.0: (validate_payload t11 a0 t12)
21.0: (sync_actions a0)
22.0: (validate_payload t12 a1 t13)
23.0: (sync_actions a1)
24.0: (del a5)
25.0: (validate_payload t14 a2 t15)
26.0: (sync_actions a2)
27.0: (del a0)
28.0: (del a0)
29.0: (validate_payload t17 a9 t18)
30.0: (sync_actions a9)

Plan-Length:31
Metric (Search):10.0
Planning Time (msec): 22318
Heuristic Time (msec): 19
Search Time (msec): 22313
Expanded Nodes:198098
States Evaluated:332044
Number of Dead-Ends detected:0
Number of Duplicates detected:21366
/usr/bin/time -v timeout 600 java -Xmx64g -jar ./enhsp3.jar -o ./domain_with_failure.pddl -f ./problems/BasePN-3And-add-5-d7/problem39.pddl -h blind -s WAStar
Domain parsed
Problem parsed
Grounding..
Grounding Time: 9838
UFX:true
|F|:31323
|X|:19
|A|:1595
|P|:0
|E|:0
h(I):0.0
f(n) = 1.0 (Expanded Nodes: 10, Evaluated States: 30, Time: 0.04) Frontier Size: 20
f(n) = 2.0 (Expanded Nodes: 55, Evaluated States: 132, Time: 0.12) Frontier Size: 77
f(n) = 3.0 (Expanded Nodes: 156, Evaluated States: 357, Time: 0.177) Frontier Size: 201
f(n) = 4.0 (Expanded Nodes: 440, Evaluated States: 937, Time: 0.272) Frontier Size: 497
f(n) = 5.0 (Expanded Nodes: 1034, Evaluated States: 1987, Time: 0.397) Frontier Size: 953
f(n) = 6.0 (Expanded Nodes: 2365, Evaluated States: 4309, Time: 0.616) Frontier Size: 1944
f(n) = 7.0 (Expanded Nodes: 4441, Evaluated States: 7668, Time: 0.884) Frontier Size: 3227
f(n) = 8.0 (Expanded Nodes: 7804, Evaluated States: 12489, Time: 1.395) Frontier Size: 4685
f(n) = 9.0 (Expanded Nodes: 13163, Evaluated States: 19547, Time: 1.763) Frontier Size: 6384
f(n) = 10.0 (Expanded Nodes: 20630, Evaluated States: 28852, Time: 2.364) Frontier Size: 8222
f(n) = 11.0 (Expanded Nodes: 30024, Evaluated States: 40643, Time: 3.254) Frontier Size: 10619
Problem Solved

Found Plan:
0.0: (validate_payload t0 a7 t1)
1.0: (sync_actions a7)
2.0: (validate_payload t1 a10 t2)
3.0: (sync_actions a10)
4.0: (validate_payload t2 a3 t3)
5.0: (sync_actions a3)
6.0: (change_value a4 categorical c3)
7.0: (validate_payload t3 a4 t4)
8.0: (sync_actions a4)
9.0: (validate_payload t4 a12 t5)
10.0: (sync_actions a12)
11.0: (del a1)
12.0: (validate_payload t6 a11 t7)
13.0: (sync_actions a11)
14.0: (validate_payload t7 a5 t8)
15.0: (sync_actions a5)
16.0: (del a1)
17.0: (del a2)
18.0: (del a12)
19.0: (validate_payload t11 a6 t12)
20.0: (sync_actions a6)
21.0: (del a6)
22.0: (validate_payload t13 a8 t14)
23.0: (sync_actions a8)
24.0: (validate_payload t14 a1 t15)
25.0: (sync_actions a1)
26.0: (validate_payload t15 a0 t16)
27.0: (sync_actions a0)
28.0: (validate_payload t16 a2 t17)
29.0: (sync_actions a2)
30.0: (validate_payload t17 a9 t18)
31.0: (sync_actions a9)

Plan-Length:32
Metric (Search):11.0
Planning Time (msec): 3457
Heuristic Time (msec): 7
Search Time (msec): 3455
Expanded Nodes:32940
States Evaluated:43734
Number of Dead-Ends detected:0
Number of Duplicates detected:5958
/usr/bin/time -v timeout 600 java -Xmx64g -jar ./enhsp3.jar -o ./domain_with_failure.pddl -f ./problems/BasePN-3And-add-5-d7/problem40.pddl -h blind -s WAStar
Domain parsed
Problem parsed
Grounding..
Grounding Time: 9835
UFX:true
|F|:31323
|X|:18
|A|:1595
|P|:0
|E|:0
h(I):0.0
f(n) = 2.0 (Expanded Nodes: 2, Evaluated States: 4, Time: 0.023) Frontier Size: 2
f(n) = 3.0 (Expanded Nodes: 10, Evaluated States: 25, Time: 0.067) Frontier Size: 15
f(n) = 4.0 (Expanded Nodes: 17, Evaluated States: 27, Time: 0.074) Frontier Size: 10
f(n) = 5.0 (Expanded Nodes: 41, Evaluated States: 81, Time: 0.102) Frontier Size: 40
f(n) = 6.0 (Expanded Nodes: 69, Evaluated States: 110, Time: 0.12) Frontier Size: 41
f(n) = 7.0 (Expanded Nodes: 129, Evaluated States: 235, Time: 0.171) Frontier Size: 106
f(n) = 8.0 (Expanded Nodes: 245, Evaluated States: 452, Time: 0.245) Frontier Size: 207
f(n) = 9.0 (Expanded Nodes: 511, Evaluated States: 942, Time: 0.41) Frontier Size: 431
f(n) = 10.0 (Expanded Nodes: 977, Evaluated States: 1746, Time: 0.568) Frontier Size: 769
Problem Solved

Found Plan:
0.0: (del a1)
1.0: (validate_payload t1 a7 t2)
2.0: (sync_actions a7)
3.0: (del a7)
4.0: (del a6)
5.0: (validate_payload t4 a10 t5)
6.0: (sync_actions a10)
7.0: (validate_payload t5 a12 t6)
8.0: (sync_actions a12)
9.0: (validate_payload t6 a11 t7)
10.0: (sync_actions a11)
11.0: (del a7)
12.0: (validate_payload t8 a3 t9)
13.0: (sync_actions a3)
14.0: (del a9)
15.0: (validate_payload t10 a5 t11)
16.0: (sync_actions a5)
17.0: (validate_payload t11 a4 t12)
18.0: (sync_actions a4)
19.0: (validate_payload t12 a6 t13)
20.0: (sync_actions a6)
21.0: (validate_payload t13 a8 t14)
22.0: (sync_actions a8)
23.0: (validate_payload t14 a1 t15)
24.0: (sync_actions a1)
25.0: (validate_payload t15 a2 t16)
26.0: (sync_actions a2)
27.0: (validate_payload t16 a0 t17)
28.0: (sync_actions a0)
29.0: (validate_payload t17 a9 t18)
30.0: (sync_actions a9)

Plan-Length:31
Metric (Search):10.0
Planning Time (msec): 748
Heuristic Time (msec): 12
Search Time (msec): 741
Expanded Nodes:1738
States Evaluated:3036
Number of Dead-Ends detected:0
Number of Duplicates detected:207
/usr/bin/time -v timeout 600 java -Xmx64g -jar ./enhsp3.jar -o ./domain_with_failure.pddl -f ./problems/BasePN-3And-add-5-d7/problem41.pddl -h blind -s WAStar
Domain parsed
Problem parsed
Grounding..
Grounding Time: 10384
UFX:true
|F|:31323
|X|:20
|A|:1595
|P|:0
|E|:0
h(I):0.0
f(n) = 1.0 (Expanded Nodes: 6, Evaluated States: 24, Time: 0.041) Frontier Size: 18
f(n) = 2.0 (Expanded Nodes: 35, Evaluated States: 90, Time: 0.102) Frontier Size: 55
f(n) = 3.0 (Expanded Nodes: 79, Evaluated States: 180, Time: 0.129) Frontier Size: 101
f(n) = 4.0 (Expanded Nodes: 233, Evaluated States: 483, Time: 0.17) Frontier Size: 250
f(n) = 5.0 (Expanded Nodes: 392, Evaluated States: 732, Time: 0.204) Frontier Size: 340
f(n) = 6.0 (Expanded Nodes: 895, Evaluated States: 1501, Time: 0.296) Frontier Size: 606
f(n) = 7.0 (Expanded Nodes: 1365, Evaluated States: 2133, Time: 0.403) Frontier Size: 768
f(n) = 8.0 (Expanded Nodes: 2380, Evaluated States: 3518, Time: 0.569) Frontier Size: 1138
f(n) = 9.0 (Expanded Nodes: 3422, Evaluated States: 4916, Time: 0.716) Frontier Size: 1494
f(n) = 10.0 (Expanded Nodes: 5188, Evaluated States: 7199, Time: 1.142) Frontier Size: 2011
Problem Solved

Found Plan:
0.0: (validate_payload t0 a7 t1)
1.0: (sync_actions a7)
2.0: (validate_payload t1 a3 t2)
3.0: (sync_actions a3)
4.0: (del a1)
5.0: (validate_payload t3 a4 t4)
6.0: (sync_actions a4)
7.0: (validate_payload t4 a5 t5)
8.0: (sync_actions a5)
9.0: (validate_payload t5 a6 t6)
10.0: (sync_actions a6)
11.0: (del a4)
12.0: (validate_payload t7 a10 t8)
13.0: (sync_actions a10)
14.0: (del a6)
15.0: (del a3)
16.0: (del a7)
17.0: (validate_payload t11 a12 t12)
18.0: (sync_actions a12)
19.0: (validate_payload t12 a11 t13)
20.0: (sync_actions a11)
21.0: (validate_payload t13 a8 t14)
22.0: (sync_actions a8)
23.0: (validate_payload t14 a0 t15)
24.0: (sync_actions a0)
25.0: (validate_payload t15 a1 t16)
26.0: (sync_actions a1)
27.0: (validate_payload t16 a2 t17)
28.0: (sync_actions a2)
29.0: (validate_payload t17 a9 t18)
30.0: (sync_actions a9)

Plan-Length:31
Metric (Search):10.0
Planning Time (msec): 1177
Heuristic Time (msec): 6
Search Time (msec): 1175
Expanded Nodes:5468
States Evaluated:7584
Number of Dead-Ends detected:0
Number of Duplicates detected:1220
/usr/bin/time -v timeout 600 java -Xmx64g -jar ./enhsp3.jar -o ./domain_with_failure.pddl -f ./problems/BasePN-3And-add-5-d7/problem42.pddl -h blind -s WAStar
Domain parsed
Problem parsed
Grounding..
Grounding Time: 9701
UFX:true
|F|:31323
|X|:21
|A|:1595
|P|:0
|E|:0
h(I):0.0
f(n) = 1.0 (Expanded Nodes: 4, Evaluated States: 14, Time: 0.025) Frontier Size: 10
f(n) = 2.0 (Expanded Nodes: 16, Evaluated States: 38, Time: 0.078) Frontier Size: 22
f(n) = 3.0 (Expanded Nodes: 45, Evaluated States: 129, Time: 0.121) Frontier Size: 84
f(n) = 4.0 (Expanded Nodes: 271, Evaluated States: 806, Time: 0.247) Frontier Size: 535
f(n) = 5.0 (Expanded Nodes: 1240, Evaluated States: 3543, Time: 0.509) Frontier Size: 2303
f(n) = 6.0 (Expanded Nodes: 4602, Evaluated States: 11806, Time: 1.239) Frontier Size: 7204
f(n) = 7.0 (Expanded Nodes: 13211, Evaluated States: 29675, Time: 2.006) Frontier Size: 16464
f(n) = 8.0 (Expanded Nodes: 31475, Evaluated States: 61285, Time: 3.754) Frontier Size: 29810
f(n) = 9.0 (Expanded Nodes: 67372, Evaluated States: 115620, Time: 9.286) Frontier Size: 48248
-------------Time: 10s ; Expanded Nodes: 76959 (Avg-Speed 7695.0 n/s); Evaluated States: 129717
f(n) = 10.0 (Expanded Nodes: 128562, Evaluated States: 201927, Time: 16.525) Frontier Size: 73365
-------------Time: 20s ; Expanded Nodes: 159109 (Avg-Speed 7955.0 n/s); Evaluated States: 247785
Problem Solved

Found Plan:
0.0: (validate_payload t0 a7 t1)
1.0: (sync_actions a7)
2.0: (del a2)
3.0: (validate_payload t2 a3 t3)
4.0: (sync_actions a3)
5.0: (validate_payload t3 a10 t4)
6.0: (sync_actions a10)
7.0: (validate_payload t4 a4 t5)
8.0: (sync_actions a4)
9.0: (validate_payload t5 a5 t6)
10.0: (sync_actions a5)
11.0: (validate_payload t6 a6 t7)
12.0: (sync_actions a6)
13.0: (validate_payload t7 a12 t8)
14.0: (sync_actions a12)
15.0: (validate_payload t8 a11 t9)
16.0: (sync_actions a11)
17.0: (del a9)
18.0: (del a12)
19.0: (del a4)
20.0: (validate_payload t12 a8 t13)
21.0: (sync_actions a8)
22.0: (del a6)
23.0: (validate_payload t14 a1 t15)
24.0: (sync_actions a1)
25.0: (validate_payload t15 a2 t16)
26.0: (sync_actions a2)
27.0: (validate_payload t16 a0 t17)
28.0: (sync_actions a0)
29.0: (validate_payload t17 a9 t18)
30.0: (sync_actions a9)

Plan-Length:31
Metric (Search):10.0
Planning Time (msec): 27125
Heuristic Time (msec): 16
Search Time (msec): 27120
Expanded Nodes:217301
States Evaluated:327851
Number of Dead-Ends detected:0
Number of Duplicates detected:15153
/usr/bin/time -v timeout 600 java -Xmx64g -jar ./enhsp3.jar -o ./domain_with_failure.pddl -f ./problems/BasePN-3And-add-5-d7/problem43.pddl -h blind -s WAStar
Domain parsed
Problem parsed
Grounding..
Grounding Time: 9821
UFX:true
|F|:31323
|X|:19
|A|:1595
|P|:0
|E|:0
h(I):0.0
f(n) = 2.0 (Expanded Nodes: 2, Evaluated States: 4, Time: 0.02) Frontier Size: 2
f(n) = 3.0 (Expanded Nodes: 16, Evaluated States: 48, Time: 0.084) Frontier Size: 32
f(n) = 4.0 (Expanded Nodes: 65, Evaluated States: 175, Time: 0.128) Frontier Size: 110
f(n) = 5.0 (Expanded Nodes: 164, Evaluated States: 391, Time: 0.21) Frontier Size: 227
f(n) = 6.0 (Expanded Nodes: 469, Evaluated States: 1079, Time: 0.32) Frontier Size: 610
f(n) = 7.0 (Expanded Nodes: 1212, Evaluated States: 2667, Time: 0.511) Frontier Size: 1455
f(n) = 8.0 (Expanded Nodes: 2940, Evaluated States: 6150, Time: 0.858) Frontier Size: 3210
f(n) = 9.0 (Expanded Nodes: 6547, Evaluated States: 12597, Time: 1.537) Frontier Size: 6050
f(n) = 10.0 (Expanded Nodes: 13759, Evaluated States: 24022, Time: 2.064) Frontier Size: 10263
Problem Solved

Found Plan:
0.0: (del a8)
1.0: (validate_payload t1 a7 t2)
2.0: (sync_actions a7)
3.0: (validate_payload t2 a3 t3)
4.0: (sync_actions a3)
5.0: (validate_payload t3 a4 t4)
6.0: (sync_actions a4)
7.0: (validate_payload t4 a10 t5)
8.0: (sync_actions a10)
9.0: (del a7)
10.0: (validate_payload t6 a12 t7)
11.0: (sync_actions a12)
12.0: (validate_payload t7 a11 t8)
13.0: (sync_actions a11)
14.0: (del a4)
15.0: (del a10)
16.0: (validate_payload t10 a5 t11)
17.0: (sync_actions a5)
18.0: (validate_payload t11 a6 t12)
19.0: (sync_actions a6)
20.0: (validate_payload t12 a8 t13)
21.0: (sync_actions a8)
22.0: (del a6)
23.0: (validate_payload t14 a0 t15)
24.0: (sync_actions a0)
25.0: (validate_payload t15 a1 t16)
26.0: (sync_actions a1)
27.0: (validate_payload t16 a2 t17)
28.0: (sync_actions a2)
29.0: (validate_payload t17 a9 t18)
30.0: (sync_actions a9)

Plan-Length:31
Metric (Search):10.0
Planning Time (msec): 3392
Heuristic Time (msec): 5
Search Time (msec): 3385
Expanded Nodes:26609
States Evaluated:43168
Number of Dead-Ends detected:0
Number of Duplicates detected:3231
/usr/bin/time -v timeout 600 java -Xmx64g -jar ./enhsp3.jar -o ./domain_with_failure.pddl -f ./problems/BasePN-3And-add-5-d7/problem44.pddl -h blind -s WAStar
Domain parsed
Problem parsed
Grounding..
Grounding Time: 10493
UFX:true
|F|:31323
|X|:19
|A|:1595
|P|:0
|E|:0
h(I):0.0
f(n) = 2.0 (Expanded Nodes: 2, Evaluated States: 4, Time: 0.025) Frontier Size: 2
f(n) = 3.0 (Expanded Nodes: 8, Evaluated States: 15, Time: 0.06) Frontier Size: 7
f(n) = 4.0 (Expanded Nodes: 11, Evaluated States: 17, Time: 0.067) Frontier Size: 6
f(n) = 5.0 (Expanded Nodes: 27, Evaluated States: 48, Time: 0.09) Frontier Size: 21
f(n) = 6.0 (Expanded Nodes: 32, Evaluated States: 51, Time: 0.093) Frontier Size: 19
f(n) = 7.0 (Expanded Nodes: 83, Evaluated States: 156, Time: 0.135) Frontier Size: 73
f(n) = 8.0 (Expanded Nodes: 160, Evaluated States: 316, Time: 0.174) Frontier Size: 156
f(n) = 9.0 (Expanded Nodes: 515, Evaluated States: 1119, Time: 0.293) Frontier Size: 604
f(n) = 10.0 (Expanded Nodes: 1620, Evaluated States: 3634, Time: 0.733) Frontier Size: 2014
f(n) = 11.0 (Expanded Nodes: 4480, Evaluated States: 9647, Time: 1.123) Frontier Size: 5167
Problem Solved

Found Plan:
0.0: (del a6)
1.0: (del a3)
2.0: (del a0)
3.0: (validate_payload t3 a7 t4)
4.0: (sync_actions a7)
5.0: (validate_payload t4 a10 t5)
6.0: (sync_actions a10)
7.0: (validate_payload t5 a3 t6)
8.0: (sync_actions a3)
9.0: (change_value a4 categorical c2)
10.0: (validate_payload t6 a4 t7)
11.0: (sync_actions a4)
12.0: (validate_payload t7 a5 t8)
13.0: (sync_actions a5)
14.0: (validate_payload t8 a6 t9)
15.0: (sync_actions a6)
16.0: (validate_payload t9 a12 t10)
17.0: (sync_actions a12)
18.0: (validate_payload t10 a11 t11)
19.0: (sync_actions a11)
20.0: (validate_payload t11 a8 t12)
21.0: (sync_actions a8)
22.0: (del a10)
23.0: (validate_payload t13 a1 t14)
24.0: (sync_actions a1)
25.0: (validate_payload t14 a2 t15)
26.0: (sync_actions a2)
27.0: (validate_payload t15 a0 t16)
28.0: (sync_actions a0)
29.0: (validate_payload t16 a9 t17)
30.0: (sync_actions a9)
31.0: (del a9)

Plan-Length:32
Metric (Search):11.0
Planning Time (msec): 1133
Heuristic Time (msec): 9
Search Time (msec): 1126
Expanded Nodes:4520
States Evaluated:9725
Number of Dead-Ends detected:0
Number of Duplicates detected:253
/usr/bin/time -v timeout 600 java -Xmx64g -jar ./enhsp3.jar -o ./domain_with_failure.pddl -f ./problems/BasePN-3And-add-5-d7/problem45.pddl -h blind -s WAStar
Domain parsed
Problem parsed
Grounding..
Grounding Time: 9843
UFX:true
|F|:31323
|X|:20
|A|:1595
|P|:0
|E|:0
h(I):0.0
f(n) = 2.0 (Expanded Nodes: 3, Evaluated States: 5, Time: 0.026) Frontier Size: 2
f(n) = 3.0 (Expanded Nodes: 10, Evaluated States: 17, Time: 0.062) Frontier Size: 7
f(n) = 4.0 (Expanded Nodes: 13, Evaluated States: 19, Time: 0.069) Frontier Size: 6
f(n) = 5.0 (Expanded Nodes: 38, Evaluated States: 80, Time: 0.1) Frontier Size: 42
f(n) = 6.0 (Expanded Nodes: 103, Evaluated States: 243, Time: 0.15) Frontier Size: 140
f(n) = 7.0 (Expanded Nodes: 291, Evaluated States: 660, Time: 0.271) Frontier Size: 369
f(n) = 8.0 (Expanded Nodes: 680, Evaluated States: 1501, Time: 0.397) Frontier Size: 821
f(n) = 9.0 (Expanded Nodes: 1813, Evaluated States: 3741, Time: 0.671) Frontier Size: 1928
f(n) = 10.0 (Expanded Nodes: 3907, Evaluated States: 7424, Time: 1.235) Frontier Size: 3517
Problem Solved

Found Plan:
0.0: (del a12)
1.0: (del a0)
2.0: (validate_payload t2 a7 t3)
3.0: (sync_actions a7)
4.0: (validate_payload t3 a10 t4)
5.0: (sync_actions a10)
6.0: (validate_payload t4 a3 t5)
7.0: (sync_actions a3)
8.0: (validate_payload t5 a5 t6)
9.0: (sync_actions a5)
10.0: (del a2)
11.0: (validate_payload t7 a4 t8)
12.0: (sync_actions a4)
13.0: (validate_payload t8 a6 t9)
14.0: (sync_actions a6)
15.0: (validate_payload t9 a12 t10)
16.0: (sync_actions a12)
17.0: (validate_payload t10 a11 t11)
18.0: (sync_actions a11)
19.0: (del a9)
20.0: (del a2)
21.0: (validate_payload t13 a8 t14)
22.0: (sync_actions a8)
23.0: (validate_payload t14 a1 t15)
24.0: (sync_actions a1)
25.0: (validate_payload t15 a2 t16)
26.0: (sync_actions a2)
27.0: (validate_payload t16 a0 t17)
28.0: (sync_actions a0)
29.0: (validate_payload t17 a9 t18)
30.0: (sync_actions a9)

Plan-Length:31
Metric (Search):10.0
Planning Time (msec): 1396
Heuristic Time (msec): 5
Search Time (msec): 1389
Expanded Nodes:5171
States Evaluated:9550
Number of Dead-Ends detected:0
Number of Duplicates detected:660
/usr/bin/time -v timeout 600 java -Xmx64g -jar ./enhsp3.jar -o ./domain_with_failure.pddl -f ./problems/BasePN-3And-add-5-d7/problem46.pddl -h blind -s WAStar
Domain parsed
Problem parsed
Grounding..
Grounding Time: 9881
UFX:true
|F|:31323
|X|:21
|A|:1595
|P|:0
|E|:0
h(I):0.0
f(n) = 1.0 (Expanded Nodes: 6, Evaluated States: 24, Time: 0.025) Frontier Size: 18
f(n) = 2.0 (Expanded Nodes: 35, Evaluated States: 90, Time: 0.092) Frontier Size: 55
f(n) = 3.0 (Expanded Nodes: 73, Evaluated States: 163, Time: 0.128) Frontier Size: 90
f(n) = 4.0 (Expanded Nodes: 197, Evaluated States: 381, Time: 0.203) Frontier Size: 184
f(n) = 5.0 (Expanded Nodes: 324, Evaluated States: 579, Time: 0.278) Frontier Size: 255
f(n) = 6.0 (Expanded Nodes: 713, Evaluated States: 1253, Time: 0.481) Frontier Size: 540
f(n) = 7.0 (Expanded Nodes: 1245, Evaluated States: 2308, Time: 0.654) Frontier Size: 1063
f(n) = 8.0 (Expanded Nodes: 2525, Evaluated States: 4629, Time: 0.925) Frontier Size: 2104
f(n) = 9.0 (Expanded Nodes: 5062, Evaluated States: 9343, Time: 1.527) Frontier Size: 4281
f(n) = 10.0 (Expanded Nodes: 10290, Evaluated States: 18566, Time: 2.043) Frontier Size: 8276
Problem Solved

Found Plan:
0.0: (validate_payload t0 a7 t1)
1.0: (sync_actions a7)
2.0: (validate_payload t1 a3 t2)
3.0: (sync_actions a3)
4.0: (del a8)
5.0: (del a2)
6.0: (validate_payload t4 a10 t5)
7.0: (sync_actions a10)
8.0: (validate_payload t5 a4 t6)
9.0: (sync_actions a4)
10.0: (validate_payload t6 a12 t7)
11.0: (sync_actions a12)
12.0: (del a7)
13.0: (validate_payload t8 a11 t9)
14.0: (sync_actions a11)
15.0: (validate_payload t9 a5 t10)
16.0: (sync_actions a5)
17.0: (del a4)
18.0: (validate_payload t11 a6 t12)
19.0: (sync_actions a6)
20.0: (del a0)
21.0: (validate_payload t13 a8 t14)
22.0: (sync_actions a8)
23.0: (validate_payload t14 a0 t15)
24.0: (sync_actions a0)
25.0: (validate_payload t15 a1 t16)
26.0: (sync_actions a1)
27.0: (validate_payload t16 a2 t17)
28.0: (sync_actions a2)
29.0: (validate_payload t17 a9 t18)
30.0: (sync_actions a9)

Plan-Length:31
Metric (Search):10.0
Planning Time (msec): 2806
Heuristic Time (msec): 7
Search Time (msec): 2804
Expanded Nodes:19550
States Evaluated:34619
Number of Dead-Ends detected:0
Number of Duplicates detected:2819
/usr/bin/time -v timeout 600 java -Xmx64g -jar ./enhsp3.jar -o ./domain_with_failure.pddl -f ./problems/BasePN-3And-add-5-d7/problem47.pddl -h blind -s WAStar
Domain parsed
Problem parsed
Grounding..
Grounding Time: 9999
UFX:true
|F|:31323
|X|:18
|A|:1595
|P|:0
|E|:0
h(I):0.0
f(n) = 1.0 (Expanded Nodes: 6, Evaluated States: 24, Time: 0.033) Frontier Size: 18
f(n) = 2.0 (Expanded Nodes: 35, Evaluated States: 90, Time: 0.104) Frontier Size: 55
f(n) = 3.0 (Expanded Nodes: 73, Evaluated States: 163, Time: 0.134) Frontier Size: 90
f(n) = 4.0 (Expanded Nodes: 197, Evaluated States: 381, Time: 0.177) Frontier Size: 184
f(n) = 5.0 (Expanded Nodes: 318, Evaluated States: 556, Time: 0.211) Frontier Size: 238
f(n) = 6.0 (Expanded Nodes: 640, Evaluated States: 1016, Time: 0.263) Frontier Size: 376
f(n) = 7.0 (Expanded Nodes: 909, Evaluated States: 1389, Time: 0.311) Frontier Size: 480
f(n) = 8.0 (Expanded Nodes: 1527, Evaluated States: 2249, Time: 0.431) Frontier Size: 722
f(n) = 9.0 (Expanded Nodes: 2124, Evaluated States: 3066, Time: 0.531) Frontier Size: 942
f(n) = 10.0 (Expanded Nodes: 3329, Evaluated States: 4877, Time: 0.72) Frontier Size: 1548
Problem Solved

Found Plan:
0.0: (validate_payload t0 a7 t1)
1.0: (sync_actions a7)
2.0: (validate_payload t1 a3 t2)
3.0: (sync_actions a3)
4.0: (del a9)
5.0: (del a2)
6.0: (del a0)
7.0: (validate_payload t5 a10 t6)
8.0: (sync_actions a10)
9.0: (validate_payload t6 a4 t7)
10.0: (sync_actions a4)
11.0: (validate_payload t7 a12 t8)
12.0: (sync_actions a12)
13.0: (del a8)
14.0: (validate_payload t9 a11 t10)
15.0: (sync_actions a11)
16.0: (validate_payload t10 a5 t11)
17.0: (sync_actions a5)
18.0: (validate_payload t11 a6 t12)
19.0: (sync_actions a6)
20.0: (validate_payload t12 a8 t13)
21.0: (sync_actions a8)
22.0: (del a7)
23.0: (validate_payload t14 a1 t15)
24.0: (sync_actions a1)
25.0: (validate_payload t15 a0 t16)
26.0: (sync_actions a0)
27.0: (validate_payload t16 a2 t17)
28.0: (sync_actions a2)
29.0: (validate_payload t17 a9 t18)
30.0: (sync_actions a9)

Plan-Length:31
Metric (Search):10.0
Planning Time (msec): 1189
Heuristic Time (msec): 2
Search Time (msec): 1182
Expanded Nodes:4905
States Evaluated:7445
Number of Dead-Ends detected:0
Number of Duplicates detected:942
/usr/bin/time -v timeout 600 java -Xmx64g -jar ./enhsp3.jar -o ./domain_with_failure.pddl -f ./problems/BasePN-3And-add-5-d7/problem48.pddl -h blind -s WAStar
Domain parsed
Problem parsed
Grounding..
Grounding Time: 9690
UFX:true
|F|:31323
|X|:21
|A|:1595
|P|:0
|E|:0
h(I):0.0
f(n) = 1.0 (Expanded Nodes: 14, Evaluated States: 55, Time: 0.059) Frontier Size: 41
f(n) = 2.0 (Expanded Nodes: 128, Evaluated States: 391, Time: 0.148) Frontier Size: 263
f(n) = 3.0 (Expanded Nodes: 495, Evaluated States: 1306, Time: 0.248) Frontier Size: 811
f(n) = 4.0 (Expanded Nodes: 1558, Evaluated States: 3773, Time: 0.488) Frontier Size: 2215
f(n) = 5.0 (Expanded Nodes: 5231, Evaluated States: 12217, Time: 1.184) Frontier Size: 6986
f(n) = 6.0 (Expanded Nodes: 17406, Evaluated States: 39953, Time: 2.258) Frontier Size: 22547
f(n) = 7.0 (Expanded Nodes: 52142, Evaluated States: 115273, Time: 7.458) Frontier Size: 63131
-------------Time: 10s ; Expanded Nodes: 74897 (Avg-Speed 7489.0 n/s); Evaluated States: 162657
f(n) = 8.0 (Expanded Nodes: 132957, Evaluated States: 275927, Time: 17.151) Frontier Size: 142970
-------------Time: 21s ; Expanded Nodes: 166696 (Avg-Speed 7937.0 n/s); Evaluated States: 332656
-------------Time: 31s ; Expanded Nodes: 247523 (Avg-Speed 7984.0 n/s); Evaluated States: 477256
f(n) = 9.0 (Expanded Nodes: 304449, Evaluated States: 585417, Time: 35.518) Frontier Size: 280968
-------------Time: 41s ; Expanded Nodes: 350124 (Avg-Speed 8539.0 n/s); Evaluated States: 675757
-------------Time: 55s ; Expanded Nodes: 431619 (Avg-Speed 7847.0 n/s); Evaluated States: 808666
-------------Time: 65s ; Expanded Nodes: 563246 (Avg-Speed 8665.0 n/s); Evaluated States: 1017116
-------------Time: 75s ; Expanded Nodes: 651091 (Avg-Speed 8681.0 n/s); Evaluated States: 1157687
f(n) = 10.0 (Expanded Nodes: 651956, Evaluated States: 1158908, Time: 75.145) Frontier Size: 506952
-------------Time: 85s ; Expanded Nodes: 778766 (Avg-Speed 9161.0 n/s); Evaluated States: 1379857
-------------Time: 95s ; Expanded Nodes: 828154 (Avg-Speed 8717.0 n/s); Evaluated States: 1457478
Problem Solved

Found Plan:
0.0: (validate_payload t0 a7 t1)
1.0: (sync_actions a7)
2.0: (validate_payload t1 a3 t2)
3.0: (sync_actions a3)
4.0: (validate_payload t2 a10 t3)
5.0: (sync_actions a10)
6.0: (validate_payload t3 a4 t4)
7.0: (sync_actions a4)
8.0: (validate_payload t4 a5 t5)
9.0: (sync_actions a5)
10.0: (validate_payload t5 a6 t6)
11.0: (sync_actions a6)
12.0: (del a9)
13.0: (validate_payload t7 a12 t8)
14.0: (sync_actions a12)
15.0: (validate_payload t8 a11 t9)
16.0: (sync_actions a11)
17.0: (validate_payload t9 a8 t10)
18.0: (sync_actions a8)
19.0: (validate_payload t10 a0 t11)
20.0: (sync_actions a0)
21.0: (del a4)
22.0: (del a6)
23.0: (del a5)
24.0: (del a12)
25.0: (validate_payload t15 a1 t16)
26.0: (sync_actions a1)
27.0: (validate_payload t16 a2 t17)
28.0: (sync_actions a2)
29.0: (validate_payload t17 a9 t18)
30.0: (sync_actions a9)

Plan-Length:31
Metric (Search):10.0
Planning Time (msec): 98325
Heuristic Time (msec): 58
Search Time (msec): 98321
Expanded Nodes:869216
States Evaluated:1519907
Number of Dead-Ends detected:0
Number of Duplicates detected:95441
/usr/bin/time -v timeout 600 java -Xmx64g -jar ./enhsp3.jar -o ./domain_with_failure.pddl -f ./problems/BasePN-3And-add-5-d7/problem49.pddl -h blind -s WAStar
Domain parsed
Problem parsed
Grounding..
Grounding Time: 9852
UFX:true
|F|:31323
|X|:17
|A|:1595
|P|:0
|E|:0
h(I):0.0
f(n) = 1.0 (Expanded Nodes: 9, Evaluated States: 34, Time: 0.039) Frontier Size: 25
f(n) = 2.0 (Expanded Nodes: 72, Evaluated States: 205, Time: 0.131) Frontier Size: 133
f(n) = 3.0 (Expanded Nodes: 282, Evaluated States: 685, Time: 0.252) Frontier Size: 403
f(n) = 4.0 (Expanded Nodes: 881, Evaluated States: 2062, Time: 0.422) Frontier Size: 1181
f(n) = 5.0 (Expanded Nodes: 2721, Evaluated States: 6357, Time: 0.808) Frontier Size: 3636
f(n) = 6.0 (Expanded Nodes: 7327, Evaluated States: 16728, Time: 1.509) Frontier Size: 9401
f(n) = 7.0 (Expanded Nodes: 17550, Evaluated States: 36406, Time: 2.337) Frontier Size: 18856
f(n) = 8.0 (Expanded Nodes: 39991, Evaluated States: 71978, Time: 6.154) Frontier Size: 31987
f(n) = 9.0 (Expanded Nodes: 80686, Evaluated States: 129744, Time: 9.928) Frontier Size: 49058
-------------Time: 10s ; Expanded Nodes: 81768 (Avg-Speed 8176.0 n/s); Evaluated States: 130906
f(n) = 10.0 (Expanded Nodes: 142609, Evaluated States: 213814, Time: 17.08) Frontier Size: 71205
-------------Time: 20s ; Expanded Nodes: 169682 (Avg-Speed 8484.0 n/s); Evaluated States: 257596
Problem Solved

Found Plan:
0.0: (validate_payload t0 a7 t1)
1.0: (sync_actions a7)
2.0: (validate_payload t1 a10 t2)
3.0: (sync_actions a10)
4.0: (validate_payload t2 a12 t3)
5.0: (sync_actions a12)
6.0: (del a1)
7.0: (validate_payload t4 a3 t5)
8.0: (sync_actions a3)
9.0: (validate_payload t5 a11 t6)
10.0: (sync_actions a11)
11.0: (validate_payload t6 a4 t7)
12.0: (sync_actions a4)
13.0: (validate_payload t7 a5 t8)
14.0: (sync_actions a5)
15.0: (validate_payload t8 a6 t9)
16.0: (sync_actions a6)
17.0: (validate_payload t9 a8 t10)
18.0: (sync_actions a8)
19.0: (del a3)
20.0: (del a2)
21.0: (validate_payload t12 a0 t13)
22.0: (sync_actions a0)
23.0: (del a2)
24.0: (validate_payload t14 a1 t15)
25.0: (sync_actions a1)
26.0: (del a11)
27.0: (validate_payload t16 a2 t17)
28.0: (sync_actions a2)
29.0: (validate_payload t17 a9 t18)
30.0: (sync_actions a9)

Plan-Length:31
Metric (Search):10.0
Planning Time (msec): 20787
Heuristic Time (msec): 19
Search Time (msec): 20783
Expanded Nodes:180424
States Evaluated:272821
Number of Dead-Ends detected:0
Number of Duplicates detected:26477
/usr/bin/time -v timeout 600 java -Xmx64g -jar ./enhsp3.jar -o ./domain_with_failure.pddl -f ./problems/BasePN-3And-add-5-d7/problem50.pddl -h blind -s WAStar
Domain parsed
Problem parsed
Grounding..
Grounding Time: 9926
UFX:true
|F|:31323
|X|:17
|A|:1595
|P|:0
|E|:0
h(I):0.0
f(n) = 1.0 (Expanded Nodes: 6, Evaluated States: 19, Time: 0.031) Frontier Size: 13
f(n) = 2.0 (Expanded Nodes: 26, Evaluated States: 60, Time: 0.087) Frontier Size: 34
f(n) = 3.0 (Expanded Nodes: 53, Evaluated States: 119, Time: 0.117) Frontier Size: 66
f(n) = 4.0 (Expanded Nodes: 140, Evaluated States: 282, Time: 0.179) Frontier Size: 142
f(n) = 5.0 (Expanded Nodes: 266, Evaluated States: 516, Time: 0.272) Frontier Size: 250
f(n) = 6.0 (Expanded Nodes: 675, Evaluated States: 1319, Time: 0.485) Frontier Size: 644
f(n) = 7.0 (Expanded Nodes: 1468, Evaluated States: 2975, Time: 0.687) Frontier Size: 1507
f(n) = 8.0 (Expanded Nodes: 3271, Evaluated States: 6344, Time: 0.967) Frontier Size: 3073
f(n) = 9.0 (Expanded Nodes: 6224, Evaluated States: 11303, Time: 1.491) Frontier Size: 5079
f(n) = 10.0 (Expanded Nodes: 11616, Evaluated States: 19303, Time: 1.901) Frontier Size: 7687
Problem Solved

Found Plan:
0.0: (validate_payload t0 a7 t1)
1.0: (sync_actions a7)
2.0: (validate_payload t1 a10 t2)
3.0: (sync_actions a10)
4.0: (del a4)
5.0: (validate_payload t3 a3 t4)
6.0: (sync_actions a3)
7.0: (del a10)
8.0: (validate_payload t5 a12 t6)
9.0: (sync_actions a12)
10.0: (validate_payload t6 a4 t7)
11.0: (sync_actions a4)
12.0: (validate_payload t7 a11 t8)
13.0: (sync_actions a11)
14.0: (validate_payload t8 a5 t9)
15.0: (sync_actions a5)
16.0: (validate_payload t9 a6 t10)
17.0: (sync_actions a6)
18.0: (validate_payload t10 a8 t11)
19.0: (sync_actions a8)
20.0: (del a11)
21.0: (del a10)
22.0: (validate_payload t13 a0 t14)
23.0: (sync_actions a0)
24.0: (del a7)
25.0: (validate_payload t15 a1 t16)
26.0: (sync_actions a1)
27.0: (validate_payload t16 a2 t17)
28.0: (sync_actions a2)
29.0: (validate_payload t17 a9 t18)
30.0: (sync_actions a9)

Plan-Length:31
Metric (Search):10.0
Planning Time (msec): 2455
Heuristic Time (msec): 9
Search Time (msec): 2451
Expanded Nodes:18571
States Evaluated:28466
Number of Dead-Ends detected:0
Number of Duplicates detected:2486
/usr/bin/time -v timeout 600 java -Xmx64g -jar ./enhsp3.jar -o ./domain_with_failure.pddl -f ./problems/BasePN-3And-add-5-d7/problem51.pddl -h blind -s WAStar
Domain parsed
Problem parsed
Grounding..
Grounding Time: 10158
UFX:true
|F|:31323
|X|:19
|A|:1595
|P|:0
|E|:0
h(I):0.0
f(n) = 1.0 (Expanded Nodes: 8, Evaluated States: 29, Time: 0.036) Frontier Size: 21
f(n) = 2.0 (Expanded Nodes: 54, Evaluated States: 152, Time: 0.103) Frontier Size: 98
f(n) = 3.0 (Expanded Nodes: 170, Evaluated States: 419, Time: 0.198) Frontier Size: 249
f(n) = 4.0 (Expanded Nodes: 492, Evaluated States: 1165, Time: 0.329) Frontier Size: 673
f(n) = 5.0 (Expanded Nodes: 1608, Evaluated States: 3476, Time: 0.597) Frontier Size: 1868
f(n) = 6.0 (Expanded Nodes: 4503, Evaluated States: 8804, Time: 1.097) Frontier Size: 4301
f(n) = 7.0 (Expanded Nodes: 10605, Evaluated States: 19303, Time: 1.802) Frontier Size: 8698
f(n) = 8.0 (Expanded Nodes: 21218, Evaluated States: 36130, Time: 2.643) Frontier Size: 14912
f(n) = 9.0 (Expanded Nodes: 39263, Evaluated States: 62883, Time: 4.316) Frontier Size: 23620
f(n) = 10.0 (Expanded Nodes: 67602, Evaluated States: 100576, Time: 8.413) Frontier Size: 32974
-------------Time: 10s ; Expanded Nodes: 81308 (Avg-Speed 8130.0 n/s); Evaluated States: 120685
f(n) = 11.0 (Expanded Nodes: 106210, Evaluated States: 148653, Time: 11.753) Frontier Size: 42443
Problem Solved

Found Plan:
0.0: (validate_payload t0 a7 t1)
1.0: (sync_actions a7)
2.0: (validate_payload t1 a10 t2)
3.0: (sync_actions a10)
4.0: (validate_payload t2 a3 t3)
5.0: (sync_actions a3)
6.0: (del a6)
7.0: (validate_payload t4 a5 t5)
8.0: (sync_actions a5)
9.0: (validate_payload t5 a12 t6)
10.0: (sync_actions a12)
11.0: (validate_payload t6 a11 t7)
12.0: (sync_actions a11)
13.0: (change_value a4 categorical c3)
14.0: (validate_payload t7 a4 t8)
15.0: (sync_actions a4)
16.0: (del a2)
17.0: (del a9)
18.0: (del a1)
19.0: (del a3)
20.0: (validate_payload t12 a6 t13)
21.0: (sync_actions a6)
22.0: (validate_payload t13 a8 t14)
23.0: (sync_actions a8)
24.0: (validate_payload t14 a1 t15)
25.0: (sync_actions a1)
26.0: (validate_payload t15 a2 t16)
27.0: (sync_actions a2)
28.0: (validate_payload t16 a0 t17)
29.0: (sync_actions a0)
30.0: (validate_payload t17 a9 t18)
31.0: (sync_actions a9)

Plan-Length:32
Metric (Search):11.0
Planning Time (msec): 15478
Heuristic Time (msec): 8
Search Time (msec): 15472
Expanded Nodes:129986
States Evaluated:170399
Number of Dead-Ends detected:0
Number of Duplicates detected:16600
/usr/bin/time -v timeout 600 java -Xmx64g -jar ./enhsp3.jar -o ./domain_with_failure.pddl -f ./problems/BasePN-3And-add-5-d7/problem52.pddl -h blind -s WAStar
Domain parsed
Problem parsed
Grounding..
Grounding Time: 9830
UFX:true
|F|:31323
|X|:19
|A|:1595
|P|:0
|E|:0
h(I):0.0
f(n) = 1.0 (Expanded Nodes: 10, Evaluated States: 32, Time: 0.04) Frontier Size: 22
f(n) = 2.0 (Expanded Nodes: 55, Evaluated States: 142, Time: 0.111) Frontier Size: 87
f(n) = 3.0 (Expanded Nodes: 203, Evaluated States: 512, Time: 0.209) Frontier Size: 309
f(n) = 4.0 (Expanded Nodes: 590, Evaluated States: 1346, Time: 0.349) Frontier Size: 756
f(n) = 5.0 (Expanded Nodes: 1400, Evaluated States: 2782, Time: 0.546) Frontier Size: 1382
f(n) = 6.0 (Expanded Nodes: 3128, Evaluated States: 5421, Time: 0.872) Frontier Size: 2293
f(n) = 7.0 (Expanded Nodes: 5822, Evaluated States: 9085, Time: 1.444) Frontier Size: 3263
f(n) = 8.0 (Expanded Nodes: 9755, Evaluated States: 14247, Time: 1.762) Frontier Size: 4492
f(n) = 9.0 (Expanded Nodes: 15237, Evaluated States: 21208, Time: 2.138) Frontier Size: 5971
f(n) = 10.0 (Expanded Nodes: 22475, Evaluated States: 30828, Time: 2.739) Frontier Size: 8353
f(n) = 11.0 (Expanded Nodes: 33208, Evaluated States: 45957, Time: 3.718) Frontier Size: 12749
Problem Solved

Found Plan:
0.0: (validate_payload t0 a7 t1)
1.0: (sync_actions a7)
2.0: (validate_payload t1 a10 t2)
3.0: (sync_actions a10)
4.0: (validate_payload t2 a3 t3)
5.0: (sync_actions a3)
6.0: (change_value a4 categorical c3)
7.0: (validate_payload t3 a4 t4)
8.0: (sync_actions a4)
9.0: (validate_payload t4 a12 t5)
10.0: (sync_actions a12)
11.0: (validate_payload t5 a11 t6)
12.0: (sync_actions a11)
13.0: (del a2)
14.0: (del a11)
15.0: (del a11)
16.0: (validate_payload t9 a5 t10)
17.0: (sync_actions a5)
18.0: (validate_payload t10 a6 t11)
19.0: (sync_actions a6)
20.0: (del a9)
21.0: (validate_payload t12 a8 t13)
22.0: (sync_actions a8)
23.0: (validate_payload t13 a0 t14)
24.0: (sync_actions a0)
25.0: (del a7)
26.0: (validate_payload t15 a1 t16)
27.0: (sync_actions a1)
28.0: (validate_payload t16 a2 t17)
29.0: (sync_actions a2)
30.0: (validate_payload t17 a9 t18)
31.0: (sync_actions a9)

Plan-Length:32
Metric (Search):11.0
Planning Time (msec): 6650
Heuristic Time (msec): 12
Search Time (msec): 6648
Expanded Nodes:46018
States Evaluated:64410
Number of Dead-Ends detected:0
Number of Duplicates detected:7436
/usr/bin/time -v timeout 600 java -Xmx64g -jar ./enhsp3.jar -o ./domain_with_failure.pddl -f ./problems/BasePN-3And-add-5-d7/problem53.pddl -h blind -s WAStar
Domain parsed
Problem parsed
Grounding..
Grounding Time: 9869
UFX:true
|F|:31323
|X|:21
|A|:1595
|P|:0
|E|:0
h(I):0.0
f(n) = 2.0 (Expanded Nodes: 2, Evaluated States: 4, Time: 0.022) Frontier Size: 2
f(n) = 3.0 (Expanded Nodes: 13, Evaluated States: 35, Time: 0.079) Frontier Size: 22
f(n) = 4.0 (Expanded Nodes: 36, Evaluated States: 65, Time: 0.104) Frontier Size: 29
f(n) = 5.0 (Expanded Nodes: 78, Evaluated States: 170, Time: 0.152) Frontier Size: 92
f(n) = 6.0 (Expanded Nodes: 193, Evaluated States: 420, Time: 0.242) Frontier Size: 227
f(n) = 7.0 (Expanded Nodes: 427, Evaluated States: 848, Time: 0.334) Frontier Size: 421
f(n) = 8.0 (Expanded Nodes: 1006, Evaluated States: 1999, Time: 0.485) Frontier Size: 993
f(n) = 9.0 (Expanded Nodes: 2492, Evaluated States: 4979, Time: 0.767) Frontier Size: 2487
f(n) = 10.0 (Expanded Nodes: 6522, Evaluated States: 13626, Time: 1.445) Frontier Size: 7104
Problem Solved

Found Plan:
0.0: (del a10)
1.0: (validate_payload t1 a7 t2)
2.0: (sync_actions a7)
3.0: (del a12)
4.0: (validate_payload t3 a3 t4)
5.0: (sync_actions a3)
6.0: (validate_payload t4 a4 t5)
7.0: (sync_actions a4)
8.0: (del a2)
9.0: (validate_payload t6 a10 t7)
10.0: (sync_actions a10)
11.0: (validate_payload t7 a12 t8)
12.0: (sync_actions a12)
13.0: (validate_payload t8 a11 t9)
14.0: (sync_actions a11)
15.0: (validate_payload t9 a5 t10)
16.0: (sync_actions a5)
17.0: (del a10)
18.0: (validate_payload t11 a6 t12)
19.0: (sync_actions a6)
20.0: (validate_payload t12 a8 t13)
21.0: (sync_actions a8)
22.0: (validate_payload t13 a1 t14)
23.0: (sync_actions a1)
24.0: (validate_payload t14 a2 t15)
25.0: (sync_actions a2)
26.0: (del a6)
27.0: (validate_payload t16 a0 t17)
28.0: (sync_actions a0)
29.0: (validate_payload t17 a9 t18)
30.0: (sync_actions a9)

Plan-Length:31
Metric (Search):10.0
Planning Time (msec): 2276
Heuristic Time (msec): 7
Search Time (msec): 2273
Expanded Nodes:15990
States Evaluated:33859
Number of Dead-Ends detected:0
Number of Duplicates detected:1259
/usr/bin/time -v timeout 600 java -Xmx64g -jar ./enhsp3.jar -o ./domain_with_failure.pddl -f ./problems/BasePN-3And-add-5-d7/problem54.pddl -h blind -s WAStar
Domain parsed
Problem parsed
Grounding..
Grounding Time: 9765
UFX:true
|F|:31323
|X|:21
|A|:1595
|P|:0
|E|:0
h(I):0.0
f(n) = 1.0 (Expanded Nodes: 8, Evaluated States: 29, Time: 0.038) Frontier Size: 21
f(n) = 2.0 (Expanded Nodes: 54, Evaluated States: 152, Time: 0.113) Frontier Size: 98
f(n) = 3.0 (Expanded Nodes: 164, Evaluated States: 399, Time: 0.196) Frontier Size: 235
f(n) = 4.0 (Expanded Nodes: 396, Evaluated States: 900, Time: 0.28) Frontier Size: 504
f(n) = 5.0 (Expanded Nodes: 953, Evaluated States: 1948, Time: 0.446) Frontier Size: 995
f(n) = 6.0 (Expanded Nodes: 1928, Evaluated States: 3493, Time: 0.658) Frontier Size: 1565
f(n) = 7.0 (Expanded Nodes: 3679, Evaluated States: 6103, Time: 0.954) Frontier Size: 2424
f(n) = 8.0 (Expanded Nodes: 6192, Evaluated States: 9190, Time: 1.492) Frontier Size: 2998
f(n) = 9.0 (Expanded Nodes: 9641, Evaluated States: 13491, Time: 1.784) Frontier Size: 3850
f(n) = 10.0 (Expanded Nodes: 14185, Evaluated States: 18859, Time: 2.109) Frontier Size: 4674
Problem Solved

Found Plan:
0.0: (validate_payload t0 a7 t1)
1.0: (sync_actions a7)
2.0: (validate_payload t1 a10 t2)
3.0: (sync_actions a10)
4.0: (validate_payload t2 a3 t3)
5.0: (sync_actions a3)
6.0: (del a11)
7.0: (del a6)
8.0: (del a2)
9.0: (del a10)
10.0: (validate_payload t7 a4 t8)
11.0: (sync_actions a4)
12.0: (validate_payload t8 a12 t9)
13.0: (sync_actions a12)
14.0: (validate_payload t9 a11 t10)
15.0: (sync_actions a11)
16.0: (validate_payload t10 a5 t11)
17.0: (sync_actions a5)
18.0: (validate_payload t11 a6 t12)
19.0: (sync_actions a6)
20.0: (validate_payload t12 a8 t13)
21.0: (sync_actions a8)
22.0: (del a8)
23.0: (validate_payload t14 a1 t15)
24.0: (sync_actions a1)
25.0: (validate_payload t15 a2 t16)
26.0: (sync_actions a2)
27.0: (validate_payload t16 a0 t17)
28.0: (sync_actions a0)
29.0: (validate_payload t17 a9 t18)
30.0: (sync_actions a9)

Plan-Length:31
Metric (Search):10.0
Planning Time (msec): 2620
Heuristic Time (msec): 8
Search Time (msec): 2612
Expanded Nodes:19600
States Evaluated:27029
Number of Dead-Ends detected:0
Number of Duplicates detected:4477
/usr/bin/time -v timeout 600 java -Xmx64g -jar ./enhsp3.jar -o ./domain_with_failure.pddl -f ./problems/BasePN-3And-add-5-d7/problem55.pddl -h blind -s WAStar
Domain parsed
Problem parsed
Grounding..
Grounding Time: 9831
UFX:true
|F|:31323
|X|:20
|A|:1595
|P|:0
|E|:0
h(I):0.0
f(n) = 1.0 (Expanded Nodes: 14, Evaluated States: 52, Time: 0.046) Frontier Size: 38
f(n) = 2.0 (Expanded Nodes: 117, Evaluated States: 362, Time: 0.163) Frontier Size: 245
f(n) = 3.0 (Expanded Nodes: 452, Evaluated States: 1238, Time: 0.319) Frontier Size: 786
f(n) = 4.0 (Expanded Nodes: 1329, Evaluated States: 3172, Time: 0.562) Frontier Size: 1843
f(n) = 5.0 (Expanded Nodes: 3602, Evaluated States: 7410, Time: 1.153) Frontier Size: 3808
f(n) = 6.0 (Expanded Nodes: 8063, Evaluated States: 14879, Time: 1.587) Frontier Size: 6816
f(n) = 7.0 (Expanded Nodes: 15939, Evaluated States: 26830, Time: 2.29) Frontier Size: 10891
f(n) = 8.0 (Expanded Nodes: 29061, Evaluated States: 45048, Time: 3.581) Frontier Size: 15987
f(n) = 9.0 (Expanded Nodes: 48271, Evaluated States: 70704, Time: 7.009) Frontier Size: 22433
-------------Time: 10s ; Expanded Nodes: 76559 (Avg-Speed 7655.0 n/s); Evaluated States: 109819
f(n) = 10.0 (Expanded Nodes: 76720, Evaluated States: 110008, Time: 10.038) Frontier Size: 33288
Problem Solved

Found Plan:
0.0: (validate_payload t0 a7 t1)
1.0: (sync_actions a7)
2.0: (validate_payload t1 a10 t2)
3.0: (sync_actions a10)
4.0: (validate_payload t2 a3 t3)
5.0: (sync_actions a3)
6.0: (validate_payload t3 a4 t4)
7.0: (sync_actions a4)
8.0: (validate_payload t4 a12 t5)
9.0: (sync_actions a12)
10.0: (validate_payload t5 a5 t6)
11.0: (sync_actions a5)
12.0: (del a5)
13.0: (validate_payload t7 a11 t8)
14.0: (sync_actions a11)
15.0: (del a3)
16.0: (del a3)
17.0: (validate_payload t10 a6 t11)
18.0: (sync_actions a6)
19.0: (validate_payload t11 a8 t12)
20.0: (sync_actions a8)
21.0: (del a6)
22.0: (validate_payload t13 a0 t14)
23.0: (sync_actions a0)
24.0: (validate_payload t14 a1 t15)
25.0: (sync_actions a1)
26.0: (validate_payload t15 a2 t16)
27.0: (sync_actions a2)
28.0: (del a8)
29.0: (validate_payload t17 a9 t18)
30.0: (sync_actions a9)

Plan-Length:31
Metric (Search):10.0
Planning Time (msec): 15084
Heuristic Time (msec): 10
Search Time (msec): 15081
Expanded Nodes:115722
States Evaluated:169538
Number of Dead-Ends detected:0
Number of Duplicates detected:19466
/usr/bin/time -v timeout 600 java -Xmx64g -jar ./enhsp3.jar -o ./domain_with_failure.pddl -f ./problems/BasePN-3And-add-5-d7/problem56.pddl -h blind -s WAStar
Domain parsed
Problem parsed
Grounding..
Grounding Time: 10010
UFX:true
|F|:31323
|X|:22
|A|:1595
|P|:0
|E|:0
h(I):0.0
f(n) = 1.0 (Expanded Nodes: 6, Evaluated States: 24, Time: 0.032) Frontier Size: 18
f(n) = 2.0 (Expanded Nodes: 38, Evaluated States: 106, Time: 0.101) Frontier Size: 68
f(n) = 3.0 (Expanded Nodes: 117, Evaluated States: 276, Time: 0.159) Frontier Size: 159
f(n) = 4.0 (Expanded Nodes: 331, Evaluated States: 839, Time: 0.283) Frontier Size: 508
f(n) = 5.0 (Expanded Nodes: 1018, Evaluated States: 2570, Time: 0.545) Frontier Size: 1552
f(n) = 6.0 (Expanded Nodes: 2762, Evaluated States: 6529, Time: 0.883) Frontier Size: 3767
f(n) = 7.0 (Expanded Nodes: 7169, Evaluated States: 14863, Time: 1.47) Frontier Size: 7694
f(n) = 8.0 (Expanded Nodes: 17149, Evaluated States: 31331, Time: 2.209) Frontier Size: 14182
f(n) = 9.0 (Expanded Nodes: 35218, Evaluated States: 58700, Time: 3.709) Frontier Size: 23482
f(n) = 10.0 (Expanded Nodes: 64009, Evaluated States: 99400, Time: 7.776) Frontier Size: 35391
-------------Time: 10s ; Expanded Nodes: 89359 (Avg-Speed 8935.0 n/s); Evaluated States: 137188
f(n) = 11.0 (Expanded Nodes: 109540, Evaluated States: 158084, Time: 13.426) Frontier Size: 48544
Problem Solved

Found Plan:
0.0: (validate_payload t0 a7 t1)
1.0: (sync_actions a7)
2.0: (validate_payload t1 a10 t2)
3.0: (sync_actions a10)
4.0: (del a8)
5.0: (validate_payload t3 a12 t4)
6.0: (sync_actions a12)
7.0: (validate_payload t4 a3 t5)
8.0: (sync_actions a3)
9.0: (validate_payload t5 a11 t6)
10.0: (sync_actions a11)
11.0: (del a3)
12.0: (change_value a4 categorical c2)
13.0: (validate_payload t7 a4 t8)
14.0: (sync_actions a4)
15.0: (validate_payload t8 a5 t9)
16.0: (sync_actions a5)
17.0: (del a1)
18.0: (del a1)
19.0: (validate_payload t11 a6 t12)
20.0: (sync_actions a6)
21.0: (validate_payload t12 a8 t13)
22.0: (sync_actions a8)
23.0: (del a9)
24.0: (validate_payload t14 a0 t15)
25.0: (sync_actions a0)
26.0: (validate_payload t15 a1 t16)
27.0: (sync_actions a1)
28.0: (validate_payload t16 a2 t17)
29.0: (sync_actions a2)
30.0: (validate_payload t17 a9 t18)
31.0: (sync_actions a9)

Plan-Length:32
Metric (Search):11.0
Planning Time (msec): 17320
Heuristic Time (msec): 12
Search Time (msec): 17316
Expanded Nodes:161081
States Evaluated:219478
Number of Dead-Ends detected:0
Number of Duplicates detected:20840
/usr/bin/time -v timeout 600 java -Xmx64g -jar ./enhsp3.jar -o ./domain_with_failure.pddl -f ./problems/BasePN-3And-add-5-d7/problem57.pddl -h blind -s WAStar
Domain parsed
Problem parsed
Grounding..
Grounding Time: 10021
UFX:true
|F|:31323
|X|:18
|A|:1595
|P|:0
|E|:0
h(I):0.0
f(n) = 1.0 (Expanded Nodes: 6, Evaluated States: 19, Time: 0.037) Frontier Size: 13
f(n) = 2.0 (Expanded Nodes: 18, Evaluated States: 41, Time: 0.077) Frontier Size: 23
f(n) = 3.0 (Expanded Nodes: 49, Evaluated States: 125, Time: 0.121) Frontier Size: 76
f(n) = 4.0 (Expanded Nodes: 167, Evaluated States: 404, Time: 0.192) Frontier Size: 237
f(n) = 5.0 (Expanded Nodes: 469, Evaluated States: 1033, Time: 0.318) Frontier Size: 564
f(n) = 6.0 (Expanded Nodes: 1156, Evaluated States: 2390, Time: 0.497) Frontier Size: 1234
f(n) = 7.0 (Expanded Nodes: 2560, Evaluated States: 4775, Time: 0.739) Frontier Size: 2215
f(n) = 8.0 (Expanded Nodes: 5280, Evaluated States: 9043, Time: 1.31) Frontier Size: 3763
f(n) = 9.0 (Expanded Nodes: 9697, Evaluated States: 15201, Time: 1.663) Frontier Size: 5504
f(n) = 10.0 (Expanded Nodes: 16453, Evaluated States: 24442, Time: 2.137) Frontier Size: 7989
Problem Solved

Found Plan:
0.0: (validate_payload t0 a7 t1)
1.0: (sync_actions a7)
2.0: (validate_payload t1 a10 t2)
3.0: (sync_actions a10)
4.0: (del a0)
5.0: (validate_payload t3 a3 t4)
6.0: (sync_actions a3)
7.0: (validate_payload t4 a4 t5)
8.0: (sync_actions a4)
9.0: (validate_payload t5 a12 t6)
10.0: (sync_actions a12)
11.0: (validate_payload t6 a11 t7)
12.0: (sync_actions a11)
13.0: (del a12)
14.0: (validate_payload t8 a5 t9)
15.0: (sync_actions a5)
16.0: (del a3)
17.0: (validate_payload t10 a6 t11)
18.0: (sync_actions a6)
19.0: (del a6)
20.0: (validate_payload t12 a8 t13)
21.0: (sync_actions a8)
22.0: (validate_payload t13 a1 t14)
23.0: (sync_actions a1)
24.0: (validate_payload t14 a0 t15)
25.0: (sync_actions a0)
26.0: (del a10)
27.0: (validate_payload t16 a2 t17)
28.0: (sync_actions a2)
29.0: (validate_payload t17 a9 t18)
30.0: (sync_actions a9)

Plan-Length:31
Metric (Search):10.0
Planning Time (msec): 2296
Heuristic Time (msec): 11
Search Time (msec): 2289
Expanded Nodes:17363
States Evaluated:26138
Number of Dead-Ends detected:0
Number of Duplicates detected:2391
/usr/bin/time -v timeout 600 java -Xmx64g -jar ./enhsp3.jar -o ./domain_with_failure.pddl -f ./problems/BasePN-3And-add-5-d7/problem58.pddl -h blind -s WAStar
Domain parsed
Problem parsed
Grounding..
Grounding Time: 10357
UFX:true
|F|:31323
|X|:19
|A|:1595
|P|:0
|E|:0
h(I):0.0
f(n) = 1.0 (Expanded Nodes: 18, Evaluated States: 62, Time: 0.051) Frontier Size: 44
f(n) = 2.0 (Expanded Nodes: 174, Evaluated States: 517, Time: 0.209) Frontier Size: 343
f(n) = 3.0 (Expanded Nodes: 865, Evaluated States: 2348, Time: 0.53) Frontier Size: 1483
f(n) = 4.0 (Expanded Nodes: 2679, Evaluated States: 6445, Time: 1.076) Frontier Size: 3766
f(n) = 5.0 (Expanded Nodes: 6721, Evaluated States: 13799, Time: 1.527) Frontier Size: 7078
f(n) = 6.0 (Expanded Nodes: 15445, Evaluated States: 27041, Time: 2.268) Frontier Size: 11596
f(n) = 7.0 (Expanded Nodes: 30271, Evaluated States: 46884, Time: 3.59) Frontier Size: 16613
f(n) = 8.0 (Expanded Nodes: 51302, Evaluated States: 74442, Time: 7.23) Frontier Size: 23140
-------------Time: 10s ; Expanded Nodes: 78495 (Avg-Speed 7849.0 n/s); Evaluated States: 107512
f(n) = 9.0 (Expanded Nodes: 80142, Evaluated States: 110415, Time: 10.137) Frontier Size: 30273
f(n) = 10.0 (Expanded Nodes: 117784, Evaluated States: 158150, Time: 14.899) Frontier Size: 40366
Problem Solved

Found Plan:
0.0: (validate_payload t0 a7 t1)
1.0: (sync_actions a7)
2.0: (validate_payload t1 a10 t2)
3.0: (sync_actions a10)
4.0: (validate_payload t2 a12 t3)
5.0: (sync_actions a12)
6.0: (validate_payload t3 a11 t4)
7.0: (sync_actions a11)
8.0: (validate_payload t4 a3 t5)
9.0: (sync_actions a3)
10.0: (validate_payload t5 a5 t6)
11.0: (sync_actions a5)
12.0: (validate_payload t6 a4 t7)
13.0: (sync_actions a4)
14.0: (validate_payload t7 a6 t8)
15.0: (sync_actions a6)
16.0: (del a5)
17.0: (del a5)
18.0: (validate_payload t10 a8 t11)
19.0: (sync_actions a8)
20.0: (del a6)
21.0: (del a8)
22.0: (validate_payload t13 a0 t14)
23.0: (sync_actions a0)
24.0: (del a0)
25.0: (validate_payload t15 a1 t16)
26.0: (sync_actions a1)
27.0: (validate_payload t16 a2 t17)
28.0: (sync_actions a2)
29.0: (validate_payload t17 a9 t18)
30.0: (sync_actions a9)

Plan-Length:31
Metric (Search):10.0
Planning Time (msec): 15934
Heuristic Time (msec): 15
Search Time (msec): 15929
Expanded Nodes:131507
States Evaluated:173541
Number of Dead-Ends detected:0
Number of Duplicates detected:21777
/usr/bin/time -v timeout 600 java -Xmx64g -jar ./enhsp3.jar -o ./domain_with_failure.pddl -f ./problems/BasePN-3And-add-5-d7/problem59.pddl -h blind -s WAStar
Domain parsed
Problem parsed
Grounding..
Grounding Time: 9981
UFX:true
|F|:31323
|X|:21
|A|:1595
|P|:0
|E|:0
h(I):0.0
f(n) = 1.0 (Expanded Nodes: 6, Evaluated States: 24, Time: 0.047) Frontier Size: 18
f(n) = 2.0 (Expanded Nodes: 35, Evaluated States: 90, Time: 0.125) Frontier Size: 55
f(n) = 3.0 (Expanded Nodes: 75, Evaluated States: 168, Time: 0.157) Frontier Size: 93
f(n) = 4.0 (Expanded Nodes: 234, Evaluated States: 489, Time: 0.217) Frontier Size: 255
f(n) = 5.0 (Expanded Nodes: 612, Evaluated States: 1424, Time: 0.32) Frontier Size: 812
f(n) = 6.0 (Expanded Nodes: 1999, Evaluated States: 4613, Time: 0.62) Frontier Size: 2614
f(n) = 7.0 (Expanded Nodes: 5307, Evaluated States: 11491, Time: 1.383) Frontier Size: 6184
f(n) = 8.0 (Expanded Nodes: 12925, Evaluated States: 25316, Time: 2.073) Frontier Size: 12391
f(n) = 9.0 (Expanded Nodes: 28147, Evaluated States: 50583, Time: 3.568) Frontier Size: 22436
f(n) = 10.0 (Expanded Nodes: 57671, Evaluated States: 100574, Time: 7.876) Frontier Size: 42903
-------------Time: 10s ; Expanded Nodes: 76536 (Avg-Speed 7653.0 n/s); Evaluated States: 135127
f(n) = 11.0 (Expanded Nodes: 118936, Evaluated States: 213982, Time: 15.681) Frontier Size: 95046
-------------Time: 20s ; Expanded Nodes: 172528 (Avg-Speed 8626.0 n/s); Evaluated States: 316135
Problem Solved

Found Plan:
0.0: (validate_payload t0 a7 t1)
1.0: (sync_actions a7)
2.0: (validate_payload t1 a3 t2)
3.0: (sync_actions a3)
4.0: (del a7)
5.0: (change_value a4 categorical c2)
6.0: (validate_payload t3 a4 t4)
7.0: (sync_actions a4)
8.0: (validate_payload t4 a10 t5)
9.0: (sync_actions a10)
10.0: (validate_payload t5 a5 t6)
11.0: (sync_actions a5)
12.0: (validate_payload t6 a6 t7)
13.0: (sync_actions a6)
14.0: (validate_payload t7 a12 t8)
15.0: (sync_actions a12)
16.0: (del a8)
17.0: (del a7)
18.0: (validate_payload t10 a11 t11)
19.0: (sync_actions a11)
20.0: (validate_payload t11 a8 t12)
21.0: (sync_actions a8)
22.0: (validate_payload t12 a0 t13)
23.0: (sync_actions a0)
24.0: (validate_payload t13 a1 t14)
25.0: (sync_actions a1)
26.0: (del a10)
27.0: (del a1)
28.0: (validate_payload t16 a2 t17)
29.0: (sync_actions a2)
30.0: (validate_payload t17 a9 t18)
31.0: (sync_actions a9)

Plan-Length:32
Metric (Search):11.0
Planning Time (msec): 22592
Heuristic Time (msec): 22
Search Time (msec): 22589
Expanded Nodes:195019
States Evaluated:360912
Number of Dead-Ends detected:0
Number of Duplicates detected:15013
/usr/bin/time -v timeout 600 java -Xmx64g -jar ./enhsp3.jar -o ./domain_with_failure.pddl -f ./problems/BasePN-3And-add-5-d7/problem60.pddl -h blind -s WAStar
Domain parsed
Problem parsed
Grounding..
Grounding Time: 9331
UFX:true
|F|:31323
|X|:19
|A|:1595
|P|:0
|E|:0
h(I):0.0
f(n) = 1.0 (Expanded Nodes: 8, Evaluated States: 25, Time: 0.035) Frontier Size: 17
f(n) = 2.0 (Expanded Nodes: 34, Evaluated States: 84, Time: 0.093) Frontier Size: 50
f(n) = 3.0 (Expanded Nodes: 72, Evaluated States: 166, Time: 0.122) Frontier Size: 94
f(n) = 4.0 (Expanded Nodes: 198, Evaluated States: 410, Time: 0.168) Frontier Size: 212
f(n) = 5.0 (Expanded Nodes: 360, Evaluated States: 670, Time: 0.222) Frontier Size: 310
f(n) = 6.0 (Expanded Nodes: 749, Evaluated States: 1260, Time: 0.287) Frontier Size: 511
f(n) = 7.0 (Expanded Nodes: 1166, Evaluated States: 1822, Time: 0.357) Frontier Size: 656
f(n) = 8.0 (Expanded Nodes: 1946, Evaluated States: 2782, Time: 0.465) Frontier Size: 836
f(n) = 9.0 (Expanded Nodes: 2759, Evaluated States: 3759, Time: 0.549) Frontier Size: 1000
f(n) = 10.0 (Expanded Nodes: 3973, Evaluated States: 5377, Time: 0.728) Frontier Size: 1404
Problem Solved

Found Plan:
0.0: (validate_payload t0 a7 t1)
1.0: (sync_actions a7)
2.0: (validate_payload t1 a10 t2)
3.0: (sync_actions a10)
4.0: (validate_payload t2 a3 t3)
5.0: (sync_actions a3)
6.0: (del a9)
7.0: (validate_payload t4 a4 t5)
8.0: (sync_actions a4)
9.0: (del a10)
10.0: (del a7)
11.0: (validate_payload t7 a12 t8)
12.0: (sync_actions a12)
13.0: (del a2)
14.0: (validate_payload t9 a11 t10)
15.0: (sync_actions a11)
16.0: (validate_payload t10 a5 t11)
17.0: (sync_actions a5)
18.0: (validate_payload t11 a6 t12)
19.0: (sync_actions a6)
20.0: (validate_payload t12 a8 t13)
21.0: (sync_actions a8)
22.0: (del a8)
23.0: (validate_payload t14 a1 t15)
24.0: (sync_actions a1)
25.0: (validate_payload t15 a0 t16)
26.0: (sync_actions a0)
27.0: (validate_payload t16 a2 t17)
28.0: (sync_actions a2)
29.0: (validate_payload t17 a9 t18)
30.0: (sync_actions a9)

Plan-Length:31
Metric (Search):10.0
Planning Time (msec): 1100
Heuristic Time (msec): 7
Search Time (msec): 1095
Expanded Nodes:5129
States Evaluated:7257
Number of Dead-Ends detected:0
Number of Duplicates detected:1281
/usr/bin/time -v timeout 600 java -Xmx64g -jar ./enhsp3.jar -o ./domain_with_failure.pddl -f ./problems/BasePN-3And-add-5-d7/problem61.pddl -h blind -s WAStar
Domain parsed
Problem parsed
Grounding..
Grounding Time: 9659
UFX:true
|F|:31323
|X|:20
|A|:1595
|P|:0
|E|:0
h(I):0.0
f(n) = 1.0 (Expanded Nodes: 8, Evaluated States: 31, Time: 0.033) Frontier Size: 23
f(n) = 2.0 (Expanded Nodes: 48, Evaluated States: 152, Time: 0.093) Frontier Size: 104
f(n) = 3.0 (Expanded Nodes: 151, Evaluated States: 387, Time: 0.166) Frontier Size: 236
f(n) = 4.0 (Expanded Nodes: 425, Evaluated States: 1004, Time: 0.31) Frontier Size: 579
f(n) = 5.0 (Expanded Nodes: 1072, Evaluated States: 2279, Time: 0.464) Frontier Size: 1207
f(n) = 6.0 (Expanded Nodes: 2436, Evaluated States: 4962, Time: 0.749) Frontier Size: 2526
f(n) = 7.0 (Expanded Nodes: 6149, Evaluated States: 12719, Time: 1.516) Frontier Size: 6570
f(n) = 8.0 (Expanded Nodes: 16205, Evaluated States: 34159, Time: 2.369) Frontier Size: 17954
f(n) = 9.0 (Expanded Nodes: 39613, Evaluated States: 83149, Time: 6.287) Frontier Size: 43536
-------------Time: 10s ; Expanded Nodes: 77608 (Avg-Speed 7760.0 n/s); Evaluated States: 153688
f(n) = 10.0 (Expanded Nodes: 88342, Evaluated States: 175550, Time: 12.898) Frontier Size: 87208
Problem Solved

Found Plan:
0.0: (validate_payload t0 a7 t1)
1.0: (sync_actions a7)
2.0: (validate_payload t1 a3 t2)
3.0: (sync_actions a3)
4.0: (validate_payload t2 a10 t3)
5.0: (sync_actions a10)
6.0: (del a2)
7.0: (validate_payload t4 a12 t5)
8.0: (sync_actions a12)
9.0: (del a9)
10.0: (validate_payload t6 a11 t7)
11.0: (sync_actions a11)
12.0: (validate_payload t7 a5 t8)
13.0: (sync_actions a5)
14.0: (validate_payload t8 a4 t9)
15.0: (sync_actions a4)
16.0: (validate_payload t9 a6 t10)
17.0: (sync_actions a6)
18.0: (validate_payload t10 a8 t11)
19.0: (sync_actions a8)
20.0: (del a11)
21.0: (del a2)
22.0: (del a4)
23.0: (validate_payload t14 a1 t15)
24.0: (sync_actions a1)
25.0: (validate_payload t15 a2 t16)
26.0: (sync_actions a2)
27.0: (validate_payload t16 a0 t17)
28.0: (sync_actions a0)
29.0: (validate_payload t17 a9 t18)
30.0: (sync_actions a9)

Plan-Length:31
Metric (Search):10.0
Planning Time (msec): 19911
Heuristic Time (msec): 19
Search Time (msec): 19905
Expanded Nodes:162939
States Evaluated:299065
Number of Dead-Ends detected:0
Number of Duplicates detected:14521
/usr/bin/time -v timeout 600 java -Xmx64g -jar ./enhsp3.jar -o ./domain_with_failure.pddl -f ./problems/BasePN-3And-add-5-d7/problem62.pddl -h blind -s WAStar
Domain parsed
Problem parsed
Grounding..
Grounding Time: 9314
UFX:true
|F|:31323
|X|:19
|A|:1595
|P|:0
|E|:0
h(I):0.0
f(n) = 2.0 (Expanded Nodes: 2, Evaluated States: 4, Time: 0.022) Frontier Size: 2
f(n) = 3.0 (Expanded Nodes: 10, Evaluated States: 22, Time: 0.063) Frontier Size: 12
f(n) = 4.0 (Expanded Nodes: 13, Evaluated States: 24, Time: 0.064) Frontier Size: 11
f(n) = 5.0 (Expanded Nodes: 51, Evaluated States: 127, Time: 0.108) Frontier Size: 76
f(n) = 6.0 (Expanded Nodes: 157, Evaluated States: 476, Time: 0.183) Frontier Size: 319
f(n) = 7.0 (Expanded Nodes: 625, Evaluated States: 1798, Time: 0.366) Frontier Size: 1173
f(n) = 8.0 (Expanded Nodes: 2055, Evaluated States: 5320, Time: 0.684) Frontier Size: 3265
f(n) = 9.0 (Expanded Nodes: 5990, Evaluated States: 13422, Time: 1.439) Frontier Size: 7432
f(n) = 10.0 (Expanded Nodes: 14856, Evaluated States: 29216, Time: 2.212) Frontier Size: 14360
Problem Solved

Found Plan:
0.0: (del a3)
1.0: (del a3)
2.0: (validate_payload t2 a7 t3)
3.0: (sync_actions a7)
4.0: (validate_payload t3 a3 t4)
5.0: (sync_actions a3)
6.0: (validate_payload t4 a10 t5)
7.0: (sync_actions a10)
8.0: (validate_payload t5 a12 t6)
9.0: (sync_actions a12)
10.0: (del a11)
11.0: (validate_payload t7 a11 t8)
12.0: (sync_actions a11)
13.0: (validate_payload t8 a4 t9)
14.0: (sync_actions a4)
15.0: (validate_payload t9 a5 t10)
16.0: (sync_actions a5)
17.0: (del a12)
18.0: (validate_payload t11 a6 t12)
19.0: (sync_actions a6)
20.0: (validate_payload t12 a8 t13)
21.0: (sync_actions a8)
22.0: (del a11)
23.0: (validate_payload t14 a0 t15)
24.0: (sync_actions a0)
25.0: (validate_payload t15 a1 t16)
26.0: (sync_actions a1)
27.0: (validate_payload t16 a2 t17)
28.0: (sync_actions a2)
29.0: (validate_payload t17 a9 t18)
30.0: (sync_actions a9)

Plan-Length:31
Metric (Search):10.0
Planning Time (msec): 3291
Heuristic Time (msec): 7
Search Time (msec): 3290
Expanded Nodes:26720
States Evaluated:48452
Number of Dead-Ends detected:0
Number of Duplicates detected:2482
/usr/bin/time -v timeout 600 java -Xmx64g -jar ./enhsp3.jar -o ./domain_with_failure.pddl -f ./problems/BasePN-3And-add-5-d7/problem63.pddl -h blind -s WAStar
Domain parsed
Problem parsed
Grounding..
Grounding Time: 9816
UFX:true
|F|:31323
|X|:20
|A|:1595
|P|:0
|E|:0
h(I):0.0
f(n) = 2.0 (Expanded Nodes: 4, Evaluated States: 10, Time: 0.023) Frontier Size: 6
f(n) = 3.0 (Expanded Nodes: 21, Evaluated States: 45, Time: 0.079) Frontier Size: 24
f(n) = 4.0 (Expanded Nodes: 27, Evaluated States: 49, Time: 0.087) Frontier Size: 22
f(n) = 5.0 (Expanded Nodes: 78, Evaluated States: 136, Time: 0.128) Frontier Size: 58
f(n) = 6.0 (Expanded Nodes: 93, Evaluated States: 148, Time: 0.137) Frontier Size: 55
f(n) = 7.0 (Expanded Nodes: 204, Evaluated States: 308, Time: 0.204) Frontier Size: 104
f(n) = 8.0 (Expanded Nodes: 243, Evaluated States: 345, Time: 0.22) Frontier Size: 102
f(n) = 9.0 (Expanded Nodes: 419, Evaluated States: 571, Time: 0.324) Frontier Size: 152
f(n) = 10.0 (Expanded Nodes: 505, Evaluated States: 651, Time: 0.369) Frontier Size: 146
Problem Solved

Found Plan:
0.0: (validate_payload t0 a7 t1)
1.0: (sync_actions a7)
2.0: (del a0)
3.0: (validate_payload t2 a3 t3)
4.0: (sync_actions a3)
5.0: (del a6)
6.0: (del a9)
7.0: (del a0)
8.0: (del a7)
9.0: (validate_payload t7 a10 t8)
10.0: (sync_actions a10)
11.0: (validate_payload t8 a4 t9)
12.0: (sync_actions a4)
13.0: (validate_payload t9 a12 t10)
14.0: (sync_actions a12)
15.0: (validate_payload t10 a11 t11)
16.0: (sync_actions a11)
17.0: (validate_payload t11 a5 t12)
18.0: (sync_actions a5)
19.0: (validate_payload t12 a6 t13)
20.0: (sync_actions a6)
21.0: (validate_payload t13 a8 t14)
22.0: (sync_actions a8)
23.0: (validate_payload t14 a0 t15)
24.0: (sync_actions a0)
25.0: (validate_payload t15 a1 t16)
26.0: (sync_actions a1)
27.0: (validate_payload t16 a2 t17)
28.0: (sync_actions a2)
29.0: (validate_payload t17 a9 t18)
30.0: (sync_actions a9)

Plan-Length:31
Metric (Search):10.0
Planning Time (msec): 506
Heuristic Time (msec): 5
Search Time (msec): 495
Expanded Nodes:743
States Evaluated:990
Number of Dead-Ends detected:0
Number of Duplicates detected:196
/usr/bin/time -v timeout 600 java -Xmx64g -jar ./enhsp3.jar -o ./domain_with_failure.pddl -f ./problems/BasePN-3And-add-5-d7/problem64.pddl -h blind -s WAStar
Domain parsed
Problem parsed
Grounding..
Grounding Time: 9359
UFX:true
|F|:31323
|X|:21
|A|:1595
|P|:0
|E|:0
h(I):0.0
f(n) = 1.0 (Expanded Nodes: 6, Evaluated States: 23, Time: 0.026) Frontier Size: 17
f(n) = 2.0 (Expanded Nodes: 38, Evaluated States: 102, Time: 0.099) Frontier Size: 64
f(n) = 3.0 (Expanded Nodes: 109, Evaluated States: 236, Time: 0.148) Frontier Size: 127
f(n) = 4.0 (Expanded Nodes: 232, Evaluated States: 478, Time: 0.208) Frontier Size: 246
f(n) = 5.0 (Expanded Nodes: 504, Evaluated States: 956, Time: 0.332) Frontier Size: 452
f(n) = 6.0 (Expanded Nodes: 1020, Evaluated States: 1863, Time: 0.479) Frontier Size: 843
f(n) = 7.0 (Expanded Nodes: 2134, Evaluated States: 4018, Time: 0.723) Frontier Size: 1884
f(n) = 8.0 (Expanded Nodes: 4858, Evaluated States: 9624, Time: 1.283) Frontier Size: 4766
f(n) = 9.0 (Expanded Nodes: 11899, Evaluated States: 24530, Time: 1.882) Frontier Size: 12631
f(n) = 10.0 (Expanded Nodes: 28610, Evaluated States: 58543, Time: 3.553) Frontier Size: 29933
f(n) = 11.0 (Expanded Nodes: 68314, Evaluated States: 137400, Time: 8.73) Frontier Size: 69086
-------------Time: 10s ; Expanded Nodes: 76389 (Avg-Speed 7638.0 n/s); Evaluated States: 152633
Problem Solved

Found Plan:
0.0: (validate_payload t0 a7 t1)
1.0: (sync_actions a7)
2.0: (validate_payload t1 a10 t2)
3.0: (sync_actions a10)
4.0: (del a2)
5.0: (del a4)
6.0: (validate_payload t4 a3 t5)
7.0: (sync_actions a3)
8.0: (validate_payload t5 a5 t6)
9.0: (sync_actions a5)
10.0: (change_value a4 categorical c2)
11.0: (validate_payload t6 a4 t7)
12.0: (sync_actions a4)
13.0: (validate_payload t7 a12 t8)
14.0: (sync_actions a12)
15.0: (validate_payload t8 a11 t9)
16.0: (sync_actions a11)
17.0: (validate_payload t9 a6 t10)
18.0: (sync_actions a6)
19.0: (del a0)
20.0: (validate_payload t11 a8 t12)
21.0: (sync_actions a8)
22.0: (validate_payload t12 a0 t13)
23.0: (sync_actions a0)
24.0: (validate_payload t13 a1 t14)
25.0: (sync_actions a1)
26.0: (del a9)
27.0: (validate_payload t15 a2 t16)
28.0: (sync_actions a2)
29.0: (del a0)
30.0: (validate_payload t17 a9 t18)
31.0: (sync_actions a9)

Plan-Length:32
Metric (Search):11.0
Planning Time (msec): 16786
Heuristic Time (msec): 13
Search Time (msec): 16780
Expanded Nodes:131675
States Evaluated:253482
Number of Dead-Ends detected:0
Number of Duplicates detected:9338
/usr/bin/time -v timeout 600 java -Xmx64g -jar ./enhsp3.jar -o ./domain_with_failure.pddl -f ./problems/BasePN-3And-add-5-d7/problem65.pddl -h blind -s WAStar
Domain parsed
Problem parsed
Grounding..
Grounding Time: 10014
UFX:true
|F|:31323
|X|:18
|A|:1595
|P|:0
|E|:0
h(I):0.0
f(n) = 2.0 (Expanded Nodes: 2, Evaluated States: 4, Time: 0.021) Frontier Size: 2
f(n) = 3.0 (Expanded Nodes: 8, Evaluated States: 15, Time: 0.059) Frontier Size: 7
f(n) = 4.0 (Expanded Nodes: 11, Evaluated States: 17, Time: 0.067) Frontier Size: 6
f(n) = 5.0 (Expanded Nodes: 33, Evaluated States: 73, Time: 0.1) Frontier Size: 40
f(n) = 6.0 (Expanded Nodes: 94, Evaluated States: 230, Time: 0.147) Frontier Size: 136
f(n) = 7.0 (Expanded Nodes: 251, Evaluated States: 555, Time: 0.242) Frontier Size: 304
f(n) = 8.0 (Expanded Nodes: 585, Evaluated States: 1223, Time: 0.372) Frontier Size: 638
f(n) = 9.0 (Expanded Nodes: 1319, Evaluated States: 2442, Time: 0.565) Frontier Size: 1123
f(n) = 10.0 (Expanded Nodes: 2471, Evaluated States: 4197, Time: 1.002) Frontier Size: 1726
Problem Solved

Found Plan:
0.0: (del a2)
1.0: (del a6)
2.0: (validate_payload t2 a7 t3)
3.0: (sync_actions a7)
4.0: (validate_payload t3 a3 t4)
5.0: (sync_actions a3)
6.0: (validate_payload t4 a10 t5)
7.0: (sync_actions a10)
8.0: (validate_payload t5 a5 t6)
9.0: (sync_actions a5)
10.0: (del a1)
11.0: (validate_payload t7 a4 t8)
12.0: (sync_actions a4)
13.0: (del a8)
14.0: (validate_payload t9 a6 t10)
15.0: (sync_actions a6)
16.0: (validate_payload t10 a12 t11)
17.0: (sync_actions a12)
18.0: (del a5)
19.0: (validate_payload t12 a11 t13)
20.0: (sync_actions a11)
21.0: (validate_payload t13 a8 t14)
22.0: (sync_actions a8)
23.0: (validate_payload t14 a1 t15)
24.0: (sync_actions a1)
25.0: (validate_payload t15 a0 t16)
26.0: (sync_actions a0)
27.0: (validate_payload t16 a2 t17)
28.0: (sync_actions a2)
29.0: (validate_payload t17 a9 t18)
30.0: (sync_actions a9)

Plan-Length:31
Metric (Search):10.0
Planning Time (msec): 1262
Heuristic Time (msec): 8
Search Time (msec): 1259
Expanded Nodes:4250
States Evaluated:6872
Number of Dead-Ends detected:0
Number of Duplicates detected:761
/usr/bin/time -v timeout 600 java -Xmx64g -jar ./enhsp3.jar -o ./domain_with_failure.pddl -f ./problems/BasePN-3And-add-5-d7/problem66.pddl -h blind -s WAStar
Domain parsed
Problem parsed
Grounding..
Grounding Time: 9663
UFX:true
|F|:31323
|X|:20
|A|:1595
|P|:0
|E|:0
h(I):0.0
f(n) = 1.0 (Expanded Nodes: 4, Evaluated States: 14, Time: 0.029) Frontier Size: 10
f(n) = 2.0 (Expanded Nodes: 16, Evaluated States: 38, Time: 0.069) Frontier Size: 22
f(n) = 3.0 (Expanded Nodes: 33, Evaluated States: 76, Time: 0.095) Frontier Size: 43
f(n) = 4.0 (Expanded Nodes: 87, Evaluated States: 176, Time: 0.134) Frontier Size: 89
f(n) = 5.0 (Expanded Nodes: 157, Evaluated States: 303, Time: 0.158) Frontier Size: 146
f(n) = 6.0 (Expanded Nodes: 360, Evaluated States: 653, Time: 0.229) Frontier Size: 293
f(n) = 7.0 (Expanded Nodes: 652, Evaluated States: 1137, Time: 0.304) Frontier Size: 485
f(n) = 8.0 (Expanded Nodes: 1294, Evaluated States: 2370, Time: 0.431) Frontier Size: 1076
f(n) = 9.0 (Expanded Nodes: 2852, Evaluated States: 5779, Time: 0.725) Frontier Size: 2927
f(n) = 10.0 (Expanded Nodes: 6831, Evaluated States: 14286, Time: 1.393) Frontier Size: 7455
Problem Solved

Found Plan:
0.0: (validate_payload t0 a7 t1)
1.0: (sync_actions a7)
2.0: (del a5)
3.0: (del a1)
4.0: (validate_payload t3 a10 t4)
5.0: (sync_actions a10)
6.0: (del a8)
7.0: (validate_payload t5 a3 t6)
8.0: (sync_actions a3)
9.0: (validate_payload t6 a5 t7)
10.0: (sync_actions a5)
11.0: (validate_payload t7 a12 t8)
12.0: (sync_actions a12)
13.0: (validate_payload t8 a11 t9)
14.0: (sync_actions a11)
15.0: (validate_payload t9 a4 t10)
16.0: (sync_actions a4)
17.0: (validate_payload t10 a6 t11)
18.0: (sync_actions a6)
19.0: (del a1)
20.0: (validate_payload t12 a8 t13)
21.0: (sync_actions a8)
22.0: (del a5)
23.0: (validate_payload t14 a1 t15)
24.0: (sync_actions a1)
25.0: (validate_payload t15 a2 t16)
26.0: (sync_actions a2)
27.0: (validate_payload t16 a0 t17)
28.0: (sync_actions a0)
29.0: (validate_payload t17 a9 t18)
30.0: (sync_actions a9)

Plan-Length:31
Metric (Search):10.0
Planning Time (msec): 1957
Heuristic Time (msec): 6
Search Time (msec): 1951
Expanded Nodes:12914
States Evaluated:26653
Number of Dead-Ends detected:0
Number of Duplicates detected:1136
/usr/bin/time -v timeout 600 java -Xmx64g -jar ./enhsp3.jar -o ./domain_with_failure.pddl -f ./problems/BasePN-3And-add-5-d7/problem67.pddl -h blind -s WAStar
Domain parsed
Problem parsed
Grounding..
Grounding Time: 9373
UFX:true
|F|:31323
|X|:18
|A|:1595
|P|:0
|E|:0
h(I):0.0
f(n) = 2.0 (Expanded Nodes: 2, Evaluated States: 4, Time: 0.02) Frontier Size: 2
f(n) = 3.0 (Expanded Nodes: 22, Evaluated States: 60, Time: 0.082) Frontier Size: 38
f(n) = 4.0 (Expanded Nodes: 105, Evaluated States: 257, Time: 0.151) Frontier Size: 152
f(n) = 5.0 (Expanded Nodes: 306, Evaluated States: 664, Time: 0.226) Frontier Size: 358
f(n) = 6.0 (Expanded Nodes: 777, Evaluated States: 1529, Time: 0.352) Frontier Size: 752
f(n) = 7.0 (Expanded Nodes: 1596, Evaluated States: 2854, Time: 0.521) Frontier Size: 1258
f(n) = 8.0 (Expanded Nodes: 3024, Evaluated States: 4920, Time: 0.754) Frontier Size: 1896
f(n) = 9.0 (Expanded Nodes: 4982, Evaluated States: 7485, Time: 1.173) Frontier Size: 2503
f(n) = 10.0 (Expanded Nodes: 7578, Evaluated States: 10589, Time: 1.465) Frontier Size: 3011
Problem Solved

Found Plan:
0.0: (del a9)
1.0: (validate_payload t1 a7 t2)
2.0: (sync_actions a7)
3.0: (validate_payload t2 a10 t3)
4.0: (sync_actions a10)
5.0: (validate_payload t3 a3 t4)
6.0: (sync_actions a3)
7.0: (validate_payload t4 a5 t5)
8.0: (sync_actions a5)
9.0: (validate_payload t5 a12 t6)
10.0: (sync_actions a12)
11.0: (validate_payload t6 a11 t7)
12.0: (sync_actions a11)
13.0: (validate_payload t7 a4 t8)
14.0: (sync_actions a4)
15.0: (del a5)
16.0: (del a7)
17.0: (del a5)
18.0: (del a4)
19.0: (validate_payload t12 a6 t13)
20.0: (sync_actions a6)
21.0: (validate_payload t13 a8 t14)
22.0: (sync_actions a8)
23.0: (validate_payload t14 a1 t15)
24.0: (sync_actions a1)
25.0: (validate_payload t15 a2 t16)
26.0: (sync_actions a2)
27.0: (validate_payload t16 a0 t17)
28.0: (sync_actions a0)
29.0: (validate_payload t17 a9 t18)
30.0: (sync_actions a9)

Plan-Length:31
Metric (Search):10.0
Planning Time (msec): 1631
Heuristic Time (msec): 7
Search Time (msec): 1627
Expanded Nodes:9480
States Evaluated:12716
Number of Dead-Ends detected:0
Number of Duplicates detected:2073
/usr/bin/time -v timeout 600 java -Xmx64g -jar ./enhsp3.jar -o ./domain_with_failure.pddl -f ./problems/BasePN-3And-add-5-d7/problem68.pddl -h blind -s WAStar
Domain parsed
Problem parsed
Grounding..
Grounding Time: 10165
UFX:true
|F|:31323
|X|:19
|A|:1595
|P|:0
|E|:0
h(I):0.0
f(n) = 2.0 (Expanded Nodes: 3, Evaluated States: 5, Time: 0.019) Frontier Size: 2
f(n) = 3.0 (Expanded Nodes: 10, Evaluated States: 17, Time: 0.058) Frontier Size: 7
f(n) = 4.0 (Expanded Nodes: 13, Evaluated States: 19, Time: 0.064) Frontier Size: 6
f(n) = 5.0 (Expanded Nodes: 40, Evaluated States: 90, Time: 0.098) Frontier Size: 50
f(n) = 6.0 (Expanded Nodes: 160, Evaluated States: 425, Time: 0.188) Frontier Size: 265
f(n) = 7.0 (Expanded Nodes: 717, Evaluated States: 1836, Time: 0.39) Frontier Size: 1119
f(n) = 8.0 (Expanded Nodes: 2195, Evaluated States: 5324, Time: 0.696) Frontier Size: 3129
f(n) = 9.0 (Expanded Nodes: 5730, Evaluated States: 12571, Time: 1.466) Frontier Size: 6841
f(n) = 10.0 (Expanded Nodes: 13966, Evaluated States: 27270, Time: 2.166) Frontier Size: 13304
Problem Solved

Found Plan:
0.0: (del a12)
1.0: (del a2)
2.0: (validate_payload t2 a7 t3)
3.0: (sync_actions a7)
4.0: (validate_payload t3 a10 t4)
5.0: (sync_actions a10)
6.0: (validate_payload t4 a12 t5)
7.0: (sync_actions a12)
8.0: (validate_payload t5 a11 t6)
9.0: (sync_actions a11)
10.0: (validate_payload t6 a3 t7)
11.0: (sync_actions a3)
12.0: (del a3)
13.0: (validate_payload t8 a4 t9)
14.0: (sync_actions a4)
15.0: (validate_payload t9 a5 t10)
16.0: (sync_actions a5)
17.0: (del a10)
18.0: (del a0)
19.0: (validate_payload t12 a6 t13)
20.0: (sync_actions a6)
21.0: (validate_payload t13 a8 t14)
22.0: (sync_actions a8)
23.0: (validate_payload t14 a0 t15)
24.0: (sync_actions a0)
25.0: (validate_payload t15 a1 t16)
26.0: (sync_actions a1)
27.0: (validate_payload t16 a2 t17)
28.0: (sync_actions a2)
29.0: (validate_payload t17 a9 t18)
30.0: (sync_actions a9)

Plan-Length:31
Metric (Search):10.0
Planning Time (msec): 2943
Heuristic Time (msec): 4
Search Time (msec): 2937
Expanded Nodes:21084
States Evaluated:38573
Number of Dead-Ends detected:0
Number of Duplicates detected:2045
/usr/bin/time -v timeout 600 java -Xmx64g -jar ./enhsp3.jar -o ./domain_with_failure.pddl -f ./problems/BasePN-3And-add-5-d7/problem69.pddl -h blind -s WAStar
Domain parsed
Problem parsed
Grounding..
Grounding Time: 9384
UFX:true
|F|:31323
|X|:21
|A|:1595
|P|:0
|E|:0
h(I):0.0
f(n) = 1.0 (Expanded Nodes: 4, Evaluated States: 14, Time: 0.034) Frontier Size: 10
f(n) = 2.0 (Expanded Nodes: 16, Evaluated States: 38, Time: 0.082) Frontier Size: 22
f(n) = 3.0 (Expanded Nodes: 37, Evaluated States: 96, Time: 0.115) Frontier Size: 59
f(n) = 4.0 (Expanded Nodes: 131, Evaluated States: 312, Time: 0.185) Frontier Size: 181
f(n) = 5.0 (Expanded Nodes: 321, Evaluated States: 665, Time: 0.288) Frontier Size: 344
f(n) = 6.0 (Expanded Nodes: 741, Evaluated States: 1499, Time: 0.408) Frontier Size: 758
f(n) = 7.0 (Expanded Nodes: 1701, Evaluated States: 3385, Time: 0.638) Frontier Size: 1684
f(n) = 8.0 (Expanded Nodes: 3713, Evaluated States: 7237, Time: 1.239) Frontier Size: 3524
f(n) = 9.0 (Expanded Nodes: 7827, Evaluated States: 14451, Time: 1.647) Frontier Size: 6624
f(n) = 10.0 (Expanded Nodes: 16123, Evaluated States: 28789, Time: 2.357) Frontier Size: 12666
f(n) = 11.0 (Expanded Nodes: 32026, Evaluated States: 57221, Time: 3.94) Frontier Size: 25195
Problem Solved

Found Plan:
0.0: (validate_payload t0 a7 t1)
1.0: (sync_actions a7)
2.0: (del a5)
3.0: (validate_payload t2 a10 t3)
4.0: (sync_actions a10)
5.0: (del a6)
6.0: (validate_payload t4 a3 t5)
7.0: (sync_actions a3)
8.0: (change_value a4 categorical c3)
9.0: (validate_payload t5 a4 t6)
10.0: (sync_actions a4)
11.0: (validate_payload t6 a5 t7)
12.0: (sync_actions a5)
13.0: (validate_payload t7 a6 t8)
14.0: (sync_actions a6)
15.0: (validate_payload t8 a12 t9)
16.0: (sync_actions a12)
17.0: (validate_payload t9 a11 t10)
18.0: (sync_actions a11)
19.0: (del a11)
20.0: (del a8)
21.0: (validate_payload t12 a8 t13)
22.0: (sync_actions a8)
23.0: (del a9)
24.0: (validate_payload t14 a0 t15)
25.0: (sync_actions a0)
26.0: (validate_payload t15 a1 t16)
27.0: (sync_actions a1)
28.0: (validate_payload t16 a2 t17)
29.0: (sync_actions a2)
30.0: (validate_payload t17 a9 t18)
31.0: (sync_actions a9)

Plan-Length:32
Metric (Search):11.0
Planning Time (msec): 6632
Heuristic Time (msec): 12
Search Time (msec): 6625
Expanded Nodes:43611
States Evaluated:77434
Number of Dead-Ends detected:0
Number of Duplicates detected:4529
/usr/bin/time -v timeout 600 java -Xmx64g -jar ./enhsp3.jar -o ./domain_with_failure.pddl -f ./problems/BasePN-3And-add-5-d7/problem70.pddl -h blind -s WAStar
Domain parsed
Problem parsed
Grounding..
Grounding Time: 9663
UFX:true
|F|:31323
|X|:19
|A|:1595
|P|:0
|E|:0
h(I):0.0
f(n) = 2.0 (Expanded Nodes: 2, Evaluated States: 4, Time: 0.025) Frontier Size: 2
f(n) = 3.0 (Expanded Nodes: 12, Evaluated States: 34, Time: 0.067) Frontier Size: 22
f(n) = 4.0 (Expanded Nodes: 31, Evaluated States: 60, Time: 0.088) Frontier Size: 29
f(n) = 5.0 (Expanded Nodes: 63, Evaluated States: 131, Time: 0.12) Frontier Size: 68
f(n) = 6.0 (Expanded Nodes: 130, Evaluated States: 241, Time: 0.158) Frontier Size: 111
f(n) = 7.0 (Expanded Nodes: 242, Evaluated States: 444, Time: 0.234) Frontier Size: 202
f(n) = 8.0 (Expanded Nodes: 513, Evaluated States: 958, Time: 0.351) Frontier Size: 445
f(n) = 9.0 (Expanded Nodes: 1080, Evaluated States: 2064, Time: 0.498) Frontier Size: 984
f(n) = 10.0 (Expanded Nodes: 2453, Evaluated States: 4623, Time: 0.766) Frontier Size: 2170
f(n) = 11.0 (Expanded Nodes: 5262, Evaluated States: 9765, Time: 1.38) Frontier Size: 4503
Problem Solved

Found Plan:
0.0: (del a10)
1.0: (validate_payload t1 a7 t2)
2.0: (sync_actions a7)
3.0: (del a5)
4.0: (del a7)
5.0: (validate_payload t4 a3 t5)
6.0: (sync_actions a3)
7.0: (validate_payload t5 a10 t6)
8.0: (sync_actions a10)
9.0: (validate_payload t6 a12 t7)
10.0: (sync_actions a12)
11.0: (change_value a4 categorical c2)
12.0: (validate_payload t7 a4 t8)
13.0: (sync_actions a4)
14.0: (del a3)
15.0: (validate_payload t9 a11 t10)
16.0: (sync_actions a11)
17.0: (validate_payload t10 a5 t11)
18.0: (sync_actions a5)
19.0: (validate_payload t11 a6 t12)
20.0: (sync_actions a6)
21.0: (validate_payload t12 a8 t13)
22.0: (sync_actions a8)
23.0: (del a9)
24.0: (validate_payload t14 a1 t15)
25.0: (sync_actions a1)
26.0: (validate_payload t15 a0 t16)
27.0: (sync_actions a0)
28.0: (validate_payload t16 a2 t17)
29.0: (sync_actions a2)
30.0: (validate_payload t17 a9 t18)
31.0: (sync_actions a9)

Plan-Length:32
Metric (Search):11.0
Planning Time (msec): 1781
Heuristic Time (msec): 9
Search Time (msec): 1779
Expanded Nodes:10004
States Evaluated:18294
Number of Dead-Ends detected:0
Number of Duplicates detected:990
/usr/bin/time -v timeout 600 java -Xmx64g -jar ./enhsp3.jar -o ./domain_with_failure.pddl -f ./problems/BasePN-3And-add-5-d7/problem71.pddl -h blind -s WAStar
Domain parsed
Problem parsed
Grounding..
Grounding Time: 9477
UFX:true
|F|:31323
|X|:18
|A|:1595
|P|:0
|E|:0
h(I):0.0
f(n) = 1.0 (Expanded Nodes: 12, Evaluated States: 36, Time: 0.038) Frontier Size: 24
f(n) = 2.0 (Expanded Nodes: 21, Evaluated States: 53, Time: 0.078) Frontier Size: 32
f(n) = 3.0 (Expanded Nodes: 83, Evaluated States: 179, Time: 0.138) Frontier Size: 96
f(n) = 4.0 (Expanded Nodes: 151, Evaluated States: 268, Time: 0.181) Frontier Size: 117
f(n) = 5.0 (Expanded Nodes: 321, Evaluated States: 548, Time: 0.25) Frontier Size: 227
f(n) = 6.0 (Expanded Nodes: 543, Evaluated States: 866, Time: 0.318) Frontier Size: 323
f(n) = 7.0 (Expanded Nodes: 947, Evaluated States: 1494, Time: 0.417) Frontier Size: 547
f(n) = 8.0 (Expanded Nodes: 1542, Evaluated States: 2344, Time: 0.558) Frontier Size: 802
f(n) = 9.0 (Expanded Nodes: 2470, Evaluated States: 3654, Time: 0.762) Frontier Size: 1184
f(n) = 10.0 (Expanded Nodes: 3864, Evaluated States: 5537, Time: 1.106) Frontier Size: 1673
Problem Solved

Found Plan:
0.0: (validate_payload t0 a7 t1)
1.0: (sync_actions a7)
2.0: (validate_payload t1 a3 t2)
3.0: (sync_actions a3)
4.0: (validate_payload t2 a5 t3)
5.0: (sync_actions a5)
6.0: (validate_payload t3 a10 t4)
7.0: (sync_actions a10)
8.0: (validate_payload t4 a12 t5)
9.0: (sync_actions a12)
10.0: (del a1)
11.0: (del a10)
12.0: (validate_payload t7 a4 t8)
13.0: (sync_actions a4)
14.0: (validate_payload t8 a11 t9)
15.0: (sync_actions a11)
16.0: (del a5)
17.0: (del a2)
18.0: (validate_payload t11 a6 t12)
19.0: (sync_actions a6)
20.0: (validate_payload t12 a8 t13)
21.0: (sync_actions a8)
22.0: (validate_payload t13 a0 t14)
23.0: (sync_actions a0)
24.0: (validate_payload t14 a1 t15)
25.0: (sync_actions a1)
26.0: (del a1)
27.0: (validate_payload t16 a2 t17)
28.0: (sync_actions a2)
29.0: (validate_payload t17 a9 t18)
30.0: (sync_actions a9)

Plan-Length:31
Metric (Search):10.0
Planning Time (msec): 1298
Heuristic Time (msec): 5
Search Time (msec): 1296
Expanded Nodes:5479
States Evaluated:7943
Number of Dead-Ends detected:0
Number of Duplicates detected:992
/usr/bin/time -v timeout 600 java -Xmx64g -jar ./enhsp3.jar -o ./domain_with_failure.pddl -f ./problems/BasePN-3And-add-5-d7/problem72.pddl -h blind -s WAStar
Domain parsed
Problem parsed
Grounding..
Grounding Time: 9382
UFX:true
|F|:31323
|X|:20
|A|:1595
|P|:0
|E|:0
h(I):0.0
f(n) = 2.0 (Expanded Nodes: 3, Evaluated States: 5, Time: 0.028) Frontier Size: 2
f(n) = 3.0 (Expanded Nodes: 10, Evaluated States: 17, Time: 0.062) Frontier Size: 7
f(n) = 4.0 (Expanded Nodes: 13, Evaluated States: 19, Time: 0.07) Frontier Size: 6
f(n) = 5.0 (Expanded Nodes: 48, Evaluated States: 120, Time: 0.115) Frontier Size: 72
f(n) = 6.0 (Expanded Nodes: 232, Evaluated States: 579, Time: 0.233) Frontier Size: 347
f(n) = 7.0 (Expanded Nodes: 1118, Evaluated States: 2787, Time: 0.493) Frontier Size: 1669
f(n) = 8.0 (Expanded Nodes: 3463, Evaluated States: 8305, Time: 0.93) Frontier Size: 4842
f(n) = 9.0 (Expanded Nodes: 8529, Evaluated States: 18705, Time: 1.583) Frontier Size: 10176
f(n) = 10.0 (Expanded Nodes: 19495, Evaluated States: 37034, Time: 2.439) Frontier Size: 17539
Problem Solved

Found Plan:
0.0: (del a12)
1.0: (del a3)
2.0: (validate_payload t2 a7 t3)
3.0: (sync_actions a7)
4.0: (validate_payload t3 a10 t4)
5.0: (sync_actions a10)
6.0: (validate_payload t4 a12 t5)
7.0: (sync_actions a12)
8.0: (validate_payload t5 a11 t6)
9.0: (sync_actions a11)
10.0: (validate_payload t6 a3 t7)
11.0: (sync_actions a3)
12.0: (validate_payload t7 a4 t8)
13.0: (sync_actions a4)
14.0: (validate_payload t8 a5 t9)
15.0: (sync_actions a5)
16.0: (del a7)
17.0: (validate_payload t10 a6 t11)
18.0: (sync_actions a6)
19.0: (del a4)
20.0: (validate_payload t12 a8 t13)
21.0: (sync_actions a8)
22.0: (del a10)
23.0: (validate_payload t14 a1 t15)
24.0: (sync_actions a1)
25.0: (validate_payload t15 a0 t16)
26.0: (sync_actions a0)
27.0: (validate_payload t16 a2 t17)
28.0: (sync_actions a2)
29.0: (validate_payload t17 a9 t18)
30.0: (sync_actions a9)

Plan-Length:31
Metric (Search):10.0
Planning Time (msec): 3733
Heuristic Time (msec): 6
Search Time (msec): 3730
Expanded Nodes:31042
States Evaluated:54542
Number of Dead-Ends detected:0
Number of Duplicates detected:3426
/usr/bin/time -v timeout 600 java -Xmx64g -jar ./enhsp3.jar -o ./domain_with_failure.pddl -f ./problems/BasePN-3And-add-5-d7/problem73.pddl -h blind -s WAStar
Domain parsed
Problem parsed
Grounding..
Grounding Time: 9737
UFX:true
|F|:31323
|X|:18
|A|:1595
|P|:0
|E|:0
h(I):0.0
f(n) = 1.0 (Expanded Nodes: 6, Evaluated States: 21, Time: 0.027) Frontier Size: 15
f(n) = 2.0 (Expanded Nodes: 26, Evaluated States: 76, Time: 0.082) Frontier Size: 50
f(n) = 3.0 (Expanded Nodes: 67, Evaluated States: 159, Time: 0.118) Frontier Size: 92
f(n) = 4.0 (Expanded Nodes: 199, Evaluated States: 425, Time: 0.196) Frontier Size: 226
f(n) = 5.0 (Expanded Nodes: 402, Evaluated States: 768, Time: 0.299) Frontier Size: 366
f(n) = 6.0 (Expanded Nodes: 868, Evaluated States: 1598, Time: 0.445) Frontier Size: 730
f(n) = 7.0 (Expanded Nodes: 1636, Evaluated States: 2962, Time: 0.605) Frontier Size: 1326
f(n) = 8.0 (Expanded Nodes: 3224, Evaluated States: 5693, Time: 0.831) Frontier Size: 2469
f(n) = 9.0 (Expanded Nodes: 6314, Evaluated States: 11377, Time: 1.373) Frontier Size: 5063
f(n) = 10.0 (Expanded Nodes: 12467, Evaluated States: 22444, Time: 1.862) Frontier Size: 9977
Problem Solved

Found Plan:
0.0: (validate_payload t0 a7 t1)
1.0: (sync_actions a7)
2.0: (validate_payload t1 a3 t2)
3.0: (sync_actions a3)
4.0: (del a6)
5.0: (validate_payload t3 a5 t4)
6.0: (sync_actions a5)
7.0: (validate_payload t4 a10 t5)
8.0: (sync_actions a10)
9.0: (del a1)
10.0: (validate_payload t6 a12 t7)
11.0: (sync_actions a12)
12.0: (del a6)
13.0: (validate_payload t8 a11 t9)
14.0: (sync_actions a11)
15.0: (validate_payload t9 a4 t10)
16.0: (sync_actions a4)
17.0: (del a5)
18.0: (validate_payload t11 a6 t12)
19.0: (sync_actions a6)
20.0: (validate_payload t12 a8 t13)
21.0: (sync_actions a8)
22.0: (validate_payload t13 a1 t14)
23.0: (sync_actions a1)
24.0: (del a1)
25.0: (validate_payload t15 a2 t16)
26.0: (sync_actions a2)
27.0: (validate_payload t16 a0 t17)
28.0: (sync_actions a0)
29.0: (validate_payload t17 a9 t18)
30.0: (sync_actions a9)

Plan-Length:31
Metric (Search):10.0
Planning Time (msec): 2931
Heuristic Time (msec): 8
Search Time (msec): 2925
Expanded Nodes:22456
States Evaluated:39437
Number of Dead-Ends detected:0
Number of Duplicates detected:3022
/usr/bin/time -v timeout 600 java -Xmx64g -jar ./enhsp3.jar -o ./domain_with_failure.pddl -f ./problems/BasePN-3And-add-5-d7/problem74.pddl -h blind -s WAStar
Domain parsed
Problem parsed
Grounding..
Grounding Time: 9591
UFX:true
|F|:31323
|X|:21
|A|:1595
|P|:0
|E|:0
h(I):0.0
f(n) = 1.0 (Expanded Nodes: 8, Evaluated States: 33, Time: 0.027) Frontier Size: 25
f(n) = 2.0 (Expanded Nodes: 63, Evaluated States: 196, Time: 0.102) Frontier Size: 133
f(n) = 3.0 (Expanded Nodes: 237, Evaluated States: 610, Time: 0.208) Frontier Size: 373
f(n) = 4.0 (Expanded Nodes: 633, Evaluated States: 1412, Time: 0.359) Frontier Size: 779
f(n) = 5.0 (Expanded Nodes: 1516, Evaluated States: 2922, Time: 0.532) Frontier Size: 1406
f(n) = 6.0 (Expanded Nodes: 3198, Evaluated States: 5688, Time: 0.773) Frontier Size: 2490
f(n) = 7.0 (Expanded Nodes: 6161, Evaluated States: 10658, Time: 1.318) Frontier Size: 4497
f(n) = 8.0 (Expanded Nodes: 11530, Evaluated States: 19677, Time: 1.783) Frontier Size: 8147
f(n) = 9.0 (Expanded Nodes: 20861, Evaluated States: 35173, Time: 2.56) Frontier Size: 14312
f(n) = 10.0 (Expanded Nodes: 38653, Evaluated States: 63678, Time: 4.237) Frontier Size: 25025
Problem Solved

Found Plan:
0.0: (validate_payload t0 a7 t1)
1.0: (sync_actions a7)
2.0: (validate_payload t1 a10 t2)
3.0: (sync_actions a10)
4.0: (validate_payload t2 a12 t3)
5.0: (sync_actions a12)
6.0: (del a9)
7.0: (del a7)
8.0: (validate_payload t5 a3 t6)
9.0: (sync_actions a3)
10.0: (validate_payload t6 a11 t7)
11.0: (sync_actions a11)
12.0: (validate_payload t7 a5 t8)
13.0: (sync_actions a5)
14.0: (del a2)
15.0: (validate_payload t9 a4 t10)
16.0: (sync_actions a4)
17.0: (validate_payload t10 a6 t11)
18.0: (sync_actions a6)
19.0: (del a9)
20.0: (del a4)
21.0: (validate_payload t13 a8 t14)
22.0: (sync_actions a8)
23.0: (validate_payload t14 a0 t15)
24.0: (sync_actions a0)
25.0: (validate_payload t15 a1 t16)
26.0: (sync_actions a1)
27.0: (validate_payload t16 a2 t17)
28.0: (sync_actions a2)
29.0: (validate_payload t17 a9 t18)
30.0: (sync_actions a9)

Plan-Length:31
Metric (Search):10.0
Planning Time (msec): 9131
Heuristic Time (msec): 10
Search Time (msec): 9127
Expanded Nodes:69544
States Evaluated:111235
Number of Dead-Ends detected:0
Number of Duplicates detected:9444
/usr/bin/time -v timeout 600 java -Xmx64g -jar ./enhsp3.jar -o ./domain_with_failure.pddl -f ./problems/BasePN-3And-add-5-d7/problem75.pddl -h blind -s WAStar
Domain parsed
Problem parsed
Grounding..
Grounding Time: 8886
UFX:true
|F|:31323
|X|:20
|A|:1595
|P|:0
|E|:0
h(I):0.0
f(n) = 2.0 (Expanded Nodes: 2, Evaluated States: 4, Time: 0.017) Frontier Size: 2
f(n) = 3.0 (Expanded Nodes: 22, Evaluated States: 65, Time: 0.079) Frontier Size: 43
f(n) = 4.0 (Expanded Nodes: 124, Evaluated States: 353, Time: 0.151) Frontier Size: 229
f(n) = 5.0 (Expanded Nodes: 510, Evaluated States: 1359, Time: 0.334) Frontier Size: 849
f(n) = 6.0 (Expanded Nodes: 1369, Evaluated States: 3240, Time: 0.5) Frontier Size: 1871
f(n) = 7.0 (Expanded Nodes: 3364, Evaluated States: 6590, Time: 0.979) Frontier Size: 3226
f(n) = 8.0 (Expanded Nodes: 7608, Evaluated States: 12613, Time: 1.381) Frontier Size: 5005
f(n) = 9.0 (Expanded Nodes: 14025, Evaluated States: 20983, Time: 1.923) Frontier Size: 6958
f(n) = 10.0 (Expanded Nodes: 22945, Evaluated States: 32812, Time: 2.88) Frontier Size: 9867
Problem Solved

Found Plan:
0.0: (del a10)
1.0: (validate_payload t1 a7 t2)
2.0: (sync_actions a7)
3.0: (validate_payload t2 a10 t3)
4.0: (sync_actions a10)
5.0: (validate_payload t3 a12 t4)
6.0: (sync_actions a12)
7.0: (validate_payload t4 a11 t5)
8.0: (sync_actions a11)
9.0: (validate_payload t5 a3 t6)
10.0: (sync_actions a3)
11.0: (validate_payload t6 a4 t7)
12.0: (sync_actions a4)
13.0: (del a4)
14.0: (del a11)
15.0: (validate_payload t9 a5 t10)
16.0: (sync_actions a5)
17.0: (validate_payload t10 a6 t11)
18.0: (sync_actions a6)
19.0: (del a6)
20.0: (del a1)
21.0: (validate_payload t13 a8 t14)
22.0: (sync_actions a8)
23.0: (validate_payload t14 a0 t15)
24.0: (sync_actions a0)
25.0: (validate_payload t15 a1 t16)
26.0: (sync_actions a1)
27.0: (validate_payload t16 a2 t17)
28.0: (sync_actions a2)
29.0: (validate_payload t17 a9 t18)
30.0: (sync_actions a9)

Plan-Length:31
Metric (Search):10.0
Planning Time (msec): 3459
Heuristic Time (msec): 11
Search Time (msec): 3451
Expanded Nodes:30972
States Evaluated:43027
Number of Dead-Ends detected:0
Number of Duplicates detected:5310
/usr/bin/time -v timeout 600 java -Xmx64g -jar ./enhsp3.jar -o ./domain_with_failure.pddl -f ./problems/BasePN-3And-add-5-d7/problem76.pddl -h blind -s WAStar
Domain parsed
Problem parsed
Grounding..
Grounding Time: 9449
UFX:true
|F|:31323
|X|:20
|A|:1595
|P|:0
|E|:0
h(I):0.0
f(n) = 1.0 (Expanded Nodes: 4, Evaluated States: 14, Time: 0.023) Frontier Size: 10
f(n) = 2.0 (Expanded Nodes: 16, Evaluated States: 38, Time: 0.068) Frontier Size: 22
f(n) = 3.0 (Expanded Nodes: 39, Evaluated States: 95, Time: 0.099) Frontier Size: 56
f(n) = 4.0 (Expanded Nodes: 164, Evaluated States: 375, Time: 0.155) Frontier Size: 211
f(n) = 5.0 (Expanded Nodes: 512, Evaluated States: 1113, Time: 0.266) Frontier Size: 601
f(n) = 6.0 (Expanded Nodes: 1320, Evaluated States: 2721, Time: 0.448) Frontier Size: 1401
f(n) = 7.0 (Expanded Nodes: 3029, Evaluated States: 5914, Time: 0.871) Frontier Size: 2885
f(n) = 8.0 (Expanded Nodes: 6557, Evaluated States: 12015, Time: 1.227) Frontier Size: 5458
f(n) = 9.0 (Expanded Nodes: 13166, Evaluated States: 22939, Time: 1.734) Frontier Size: 9773
f(n) = 10.0 (Expanded Nodes: 24073, Evaluated States: 40058, Time: 2.826) Frontier Size: 15985
f(n) = 11.0 (Expanded Nodes: 42488, Evaluated States: 68368, Time: 5.954) Frontier Size: 25880
Problem Solved

Found Plan:
0.0: (validate_payload t0 a7 t1)
1.0: (sync_actions a7)
2.0: (del a9)
3.0: (validate_payload t2 a10 t3)
4.0: (sync_actions a10)
5.0: (validate_payload t3 a3 t4)
6.0: (sync_actions a3)
7.0: (validate_payload t4 a5 t5)
8.0: (sync_actions a5)
9.0: (change_value a4 categorical c2)
10.0: (validate_payload t5 a4 t6)
11.0: (sync_actions a4)
12.0: (validate_payload t6 a6 t7)
13.0: (sync_actions a6)
14.0: (validate_payload t7 a12 t8)
15.0: (sync_actions a12)
16.0: (del a7)
17.0: (validate_payload t9 a11 t10)
18.0: (sync_actions a11)
19.0: (del a9)
20.0: (validate_payload t11 a8 t12)
21.0: (sync_actions a8)
22.0: (del a9)
23.0: (validate_payload t13 a1 t14)
24.0: (sync_actions a1)
25.0: (del a3)
26.0: (validate_payload t15 a0 t16)
27.0: (sync_actions a0)
28.0: (validate_payload t16 a2 t17)
29.0: (sync_actions a2)
30.0: (validate_payload t17 a9 t18)
31.0: (sync_actions a9)

Plan-Length:32
Metric (Search):11.0
Planning Time (msec): 8654
Heuristic Time (msec): 10
Search Time (msec): 8651
Expanded Nodes:68921
States Evaluated:106569
Number of Dead-Ends detected:0
Number of Duplicates detected:8295
/usr/bin/time -v timeout 600 java -Xmx64g -jar ./enhsp3.jar -o ./domain_with_failure.pddl -f ./problems/BasePN-3And-add-5-d7/problem77.pddl -h blind -s WAStar
Domain parsed
Problem parsed
Grounding..
Grounding Time: 8856
UFX:true
|F|:31323
|X|:20
|A|:1595
|P|:0
|E|:0
h(I):0.0
f(n) = 2.0 (Expanded Nodes: 4, Evaluated States: 10, Time: 0.027) Frontier Size: 6
f(n) = 3.0 (Expanded Nodes: 23, Evaluated States: 53, Time: 0.081) Frontier Size: 30
f(n) = 4.0 (Expanded Nodes: 49, Evaluated States: 105, Time: 0.105) Frontier Size: 56
f(n) = 5.0 (Expanded Nodes: 113, Evaluated States: 233, Time: 0.14) Frontier Size: 120
f(n) = 6.0 (Expanded Nodes: 258, Evaluated States: 506, Time: 0.222) Frontier Size: 248
f(n) = 7.0 (Expanded Nodes: 520, Evaluated States: 886, Time: 0.3) Frontier Size: 366
f(n) = 8.0 (Expanded Nodes: 1109, Evaluated States: 2047, Time: 0.43) Frontier Size: 938
f(n) = 9.0 (Expanded Nodes: 2315, Evaluated States: 4079, Time: 0.648) Frontier Size: 1764
f(n) = 10.0 (Expanded Nodes: 4786, Evaluated States: 8610, Time: 1.173) Frontier Size: 3824
Problem Solved

Found Plan:
0.0: (validate_payload t0 a7 t1)
1.0: (sync_actions a7)
2.0: (del a8)
3.0: (validate_payload t2 a10 t3)
4.0: (sync_actions a10)
5.0: (del a12)
6.0: (del a5)
7.0: (validate_payload t5 a3 t6)
8.0: (sync_actions a3)
9.0: (validate_payload t6 a12 t7)
10.0: (sync_actions a12)
11.0: (validate_payload t7 a11 t8)
12.0: (sync_actions a11)
13.0: (validate_payload t8 a4 t9)
14.0: (sync_actions a4)
15.0: (del a12)
16.0: (validate_payload t10 a5 t11)
17.0: (sync_actions a5)
18.0: (validate_payload t11 a6 t12)
19.0: (sync_actions a6)
20.0: (del a9)
21.0: (validate_payload t13 a8 t14)
22.0: (sync_actions a8)
23.0: (validate_payload t14 a0 t15)
24.0: (sync_actions a0)
25.0: (validate_payload t15 a1 t16)
26.0: (sync_actions a1)
27.0: (validate_payload t16 a2 t17)
28.0: (sync_actions a2)
29.0: (validate_payload t17 a9 t18)
30.0: (sync_actions a9)

Plan-Length:31
Metric (Search):10.0
Planning Time (msec): 1285
Heuristic Time (msec): 6
Search Time (msec): 1283
Expanded Nodes:5923
States Evaluated:10676
Number of Dead-Ends detected:0
Number of Duplicates detected:794
/usr/bin/time -v timeout 600 java -Xmx64g -jar ./enhsp3.jar -o ./domain_with_failure.pddl -f ./problems/BasePN-3And-add-5-d7/problem78.pddl -h blind -s WAStar
Domain parsed
Problem parsed
Grounding..
Grounding Time: 9075
UFX:true
|F|:31323
|X|:16
|A|:1595
|P|:0
|E|:0
h(I):0.0
f(n) = 2.0 (Expanded Nodes: 5, Evaluated States: 11, Time: 0.026) Frontier Size: 6
f(n) = 3.0 (Expanded Nodes: 28, Evaluated States: 68, Time: 0.086) Frontier Size: 40
f(n) = 4.0 (Expanded Nodes: 67, Evaluated States: 145, Time: 0.109) Frontier Size: 78
f(n) = 5.0 (Expanded Nodes: 180, Evaluated States: 380, Time: 0.177) Frontier Size: 200
f(n) = 6.0 (Expanded Nodes: 435, Evaluated States: 884, Time: 0.253) Frontier Size: 449
f(n) = 7.0 (Expanded Nodes: 1194, Evaluated States: 2435, Time: 0.428) Frontier Size: 1241
f(n) = 8.0 (Expanded Nodes: 2525, Evaluated States: 5069, Time: 0.634) Frontier Size: 2544
f(n) = 9.0 (Expanded Nodes: 5229, Evaluated States: 9664, Time: 1.209) Frontier Size: 4435
f(n) = 10.0 (Expanded Nodes: 10695, Evaluated States: 17843, Time: 1.607) Frontier Size: 7148
Problem Solved

Found Plan:
0.0: (validate_payload t0 a7 t1)
1.0: (sync_actions a7)
2.0: (del a12)
3.0: (validate_payload t2 a10 t3)
4.0: (sync_actions a10)
5.0: (validate_payload t3 a12 t4)
6.0: (sync_actions a12)
7.0: (del a6)
8.0: (validate_payload t5 a11 t6)
9.0: (sync_actions a11)
10.0: (validate_payload t6 a3 t7)
11.0: (sync_actions a3)
12.0: (validate_payload t7 a4 t8)
13.0: (sync_actions a4)
14.0: (validate_payload t8 a5 t9)
15.0: (sync_actions a5)
16.0: (del a1)
17.0: (validate_payload t10 a6 t11)
18.0: (sync_actions a6)
19.0: (validate_payload t11 a8 t12)
20.0: (sync_actions a8)
21.0: (del a8)
22.0: (validate_payload t13 a0 t14)
23.0: (sync_actions a0)
24.0: (validate_payload t14 a1 t15)
25.0: (sync_actions a1)
26.0: (validate_payload t15 a2 t16)
27.0: (sync_actions a2)
28.0: (del a2)
29.0: (validate_payload t17 a9 t18)
30.0: (sync_actions a9)

Plan-Length:31
Metric (Search):10.0
Planning Time (msec): 2233
Heuristic Time (msec): 7
Search Time (msec): 2230
Expanded Nodes:19077
States Evaluated:28757
Number of Dead-Ends detected:0
Number of Duplicates detected:2542
/usr/bin/time -v timeout 600 java -Xmx64g -jar ./enhsp3.jar -o ./domain_with_failure.pddl -f ./problems/BasePN-3And-add-5-d7/problem79.pddl -h blind -s WAStar
Domain parsed
Problem parsed
Grounding..
Grounding Time: 9248
UFX:true
|F|:31323
|X|:17
|A|:1595
|P|:0
|E|:0
h(I):0.0
f(n) = 1.0 (Expanded Nodes: 10, Evaluated States: 33, Time: 0.036) Frontier Size: 23
f(n) = 2.0 (Expanded Nodes: 22, Evaluated States: 55, Time: 0.073) Frontier Size: 33
f(n) = 3.0 (Expanded Nodes: 79, Evaluated States: 189, Time: 0.124) Frontier Size: 110
f(n) = 4.0 (Expanded Nodes: 205, Evaluated States: 446, Time: 0.195) Frontier Size: 241
f(n) = 5.0 (Expanded Nodes: 500, Evaluated States: 1043, Time: 0.329) Frontier Size: 543
f(n) = 6.0 (Expanded Nodes: 1080, Evaluated States: 2055, Time: 0.465) Frontier Size: 975
f(n) = 7.0 (Expanded Nodes: 2275, Evaluated States: 3951, Time: 0.701) Frontier Size: 1676
f(n) = 8.0 (Expanded Nodes: 4040, Evaluated States: 6468, Time: 1.13) Frontier Size: 2428
f(n) = 9.0 (Expanded Nodes: 7197, Evaluated States: 10775, Time: 1.462) Frontier Size: 3578
f(n) = 10.0 (Expanded Nodes: 11099, Evaluated States: 15901, Time: 1.765) Frontier Size: 4802
Problem Solved

Found Plan:
0.0: (validate_payload t0 a7 t1)
1.0: (sync_actions a7)
2.0: (validate_payload t1 a3 t2)
3.0: (sync_actions a3)
4.0: (validate_payload t2 a5 t3)
5.0: (sync_actions a5)
6.0: (validate_payload t3 a10 t4)
7.0: (sync_actions a10)
8.0: (del a2)
9.0: (validate_payload t5 a12 t6)
10.0: (sync_actions a12)
11.0: (validate_payload t6 a4 t7)
12.0: (sync_actions a4)
13.0: (validate_payload t7 a11 t8)
14.0: (sync_actions a11)
15.0: (del a8)
16.0: (del a5)
17.0: (validate_payload t10 a6 t11)
18.0: (sync_actions a6)
19.0: (validate_payload t11 a8 t12)
20.0: (sync_actions a8)
21.0: (validate_payload t12 a0 t13)
22.0: (sync_actions a0)
23.0: (del a10)
24.0: (validate_payload t14 a1 t15)
25.0: (sync_actions a1)
26.0: (del a4)
27.0: (validate_payload t16 a2 t17)
28.0: (sync_actions a2)
29.0: (validate_payload t17 a9 t18)
30.0: (sync_actions a9)

Plan-Length:31
Metric (Search):10.0
Planning Time (msec): 1922
Heuristic Time (msec): 7
Search Time (msec): 1920
Expanded Nodes:13384
States Evaluated:18936
Number of Dead-Ends detected:0
Number of Duplicates detected:2666
/usr/bin/time -v timeout 600 java -Xmx64g -jar ./enhsp3.jar -o ./domain_with_failure.pddl -f ./problems/BasePN-3And-add-5-d7/problem80.pddl -h blind -s WAStar
Domain parsed
Problem parsed
Grounding..
Grounding Time: 9004
UFX:true
|F|:31323
|X|:19
|A|:1595
|P|:0
|E|:0
h(I):0.0
f(n) = 1.0 (Expanded Nodes: 10, Evaluated States: 39, Time: 0.039) Frontier Size: 29
f(n) = 2.0 (Expanded Nodes: 89, Evaluated States: 277, Time: 0.122) Frontier Size: 188
f(n) = 3.0 (Expanded Nodes: 371, Evaluated States: 974, Time: 0.281) Frontier Size: 603
f(n) = 4.0 (Expanded Nodes: 1023, Evaluated States: 2258, Time: 0.443) Frontier Size: 1235
f(n) = 5.0 (Expanded Nodes: 2409, Evaluated States: 4656, Time: 0.694) Frontier Size: 2247
f(n) = 6.0 (Expanded Nodes: 5109, Evaluated States: 9272, Time: 1.237) Frontier Size: 4163
f(n) = 7.0 (Expanded Nodes: 9598, Evaluated States: 16178, Time: 1.595) Frontier Size: 6580
f(n) = 8.0 (Expanded Nodes: 17142, Evaluated States: 26998, Time: 2.208) Frontier Size: 9856
f(n) = 9.0 (Expanded Nodes: 29293, Evaluated States: 43467, Time: 3.291) Frontier Size: 14174
f(n) = 10.0 (Expanded Nodes: 47204, Evaluated States: 68228, Time: 6.408) Frontier Size: 21024
f(n) = 11.0 (Expanded Nodes: 72378, Evaluated States: 102440, Time: 8.567) Frontier Size: 30062
-------------Time: 10s ; Expanded Nodes: 84116 (Avg-Speed 8411.0 n/s); Evaluated States: 121620
Problem Solved

Found Plan:
0.0: (validate_payload t0 a7 t1)
1.0: (sync_actions a7)
2.0: (validate_payload t1 a10 t2)
3.0: (sync_actions a10)
4.0: (validate_payload t2 a12 t3)
5.0: (sync_actions a12)
6.0: (del a11)
7.0: (validate_payload t4 a11 t5)
8.0: (sync_actions a11)
9.0: (del a7)
10.0: (del a4)
11.0: (validate_payload t7 a3 t8)
12.0: (sync_actions a3)
13.0: (change_value a4 categorical c2)
14.0: (validate_payload t8 a4 t9)
15.0: (sync_actions a4)
16.0: (del a7)
17.0: (del a0)
18.0: (validate_payload t11 a5 t12)
19.0: (sync_actions a5)
20.0: (validate_payload t12 a6 t13)
21.0: (sync_actions a6)
22.0: (validate_payload t13 a8 t14)
23.0: (sync_actions a8)
24.0: (validate_payload t14 a1 t15)
25.0: (sync_actions a1)
26.0: (validate_payload t15 a0 t16)
27.0: (sync_actions a0)
28.0: (validate_payload t16 a2 t17)
29.0: (sync_actions a2)
30.0: (validate_payload t17 a9 t18)
31.0: (sync_actions a9)

Plan-Length:32
Metric (Search):11.0
Planning Time (msec): 10164
Heuristic Time (msec): 9
Search Time (msec): 10161
Expanded Nodes:86097
States Evaluated:124231
Number of Dead-Ends detected:0
Number of Duplicates detected:13058
/usr/bin/time -v timeout 600 java -Xmx64g -jar ./enhsp3.jar -o ./domain_with_failure.pddl -f ./problems/BasePN-3And-add-5-d7/problem81.pddl -h blind -s WAStar
Domain parsed
Problem parsed
Grounding..
Grounding Time: 9148
UFX:true
|F|:31323
|X|:20
|A|:1595
|P|:0
|E|:0
h(I):0.0
f(n) = 1.0 (Expanded Nodes: 14, Evaluated States: 48, Time: 0.043) Frontier Size: 34
f(n) = 2.0 (Expanded Nodes: 103, Evaluated States: 297, Time: 0.135) Frontier Size: 194
f(n) = 3.0 (Expanded Nodes: 374, Evaluated States: 901, Time: 0.294) Frontier Size: 527
f(n) = 4.0 (Expanded Nodes: 1022, Evaluated States: 2251, Time: 0.48) Frontier Size: 1229
f(n) = 5.0 (Expanded Nodes: 2444, Evaluated States: 4969, Time: 0.773) Frontier Size: 2525
f(n) = 6.0 (Expanded Nodes: 5439, Evaluated States: 9776, Time: 1.367) Frontier Size: 4337
f(n) = 7.0 (Expanded Nodes: 10367, Evaluated States: 17159, Time: 1.756) Frontier Size: 6792
f(n) = 8.0 (Expanded Nodes: 17883, Evaluated States: 27177, Time: 2.351) Frontier Size: 9294
f(n) = 9.0 (Expanded Nodes: 28570, Evaluated States: 40824, Time: 3.322) Frontier Size: 12254
f(n) = 10.0 (Expanded Nodes: 42442, Evaluated States: 57594, Time: 4.463) Frontier Size: 15152
Problem Solved

Found Plan:
0.0: (validate_payload t0 a7 t1)
1.0: (sync_actions a7)
2.0: (validate_payload t1 a3 t2)
3.0: (sync_actions a3)
4.0: (validate_payload t2 a4 t3)
5.0: (sync_actions a4)
6.0: (validate_payload t3 a10 t4)
7.0: (sync_actions a10)
8.0: (validate_payload t4 a5 t5)
9.0: (sync_actions a5)
10.0: (validate_payload t5 a6 t6)
11.0: (sync_actions a6)
12.0: (del a3)
13.0: (validate_payload t7 a12 t8)
14.0: (sync_actions a12)
15.0: (del a10)
16.0: (del a10)
17.0: (del a9)
18.0: (validate_payload t11 a11 t12)
19.0: (sync_actions a11)
20.0: (del a1)
21.0: (validate_payload t13 a8 t14)
22.0: (sync_actions a8)
23.0: (validate_payload t14 a1 t15)
24.0: (sync_actions a1)
25.0: (validate_payload t15 a2 t16)
26.0: (sync_actions a2)
27.0: (validate_payload t16 a0 t17)
28.0: (sync_actions a0)
29.0: (validate_payload t17 a9 t18)
30.0: (sync_actions a9)

Plan-Length:31
Metric (Search):10.0
Planning Time (msec): 7008
Heuristic Time (msec): 8
Search Time (msec): 7004
Expanded Nodes:53901
States Evaluated:73470
Number of Dead-Ends detected:0
Number of Duplicates detected:8590
/usr/bin/time -v timeout 600 java -Xmx64g -jar ./enhsp3.jar -o ./domain_with_failure.pddl -f ./problems/BasePN-3And-add-5-d7/problem82.pddl -h blind -s WAStar
Domain parsed
Problem parsed
Grounding..
Grounding Time: 9022
UFX:true
|F|:31323
|X|:19
|A|:1595
|P|:0
|E|:0
h(I):0.0
f(n) = 2.0 (Expanded Nodes: 2, Evaluated States: 4, Time: 0.022) Frontier Size: 2
f(n) = 3.0 (Expanded Nodes: 10, Evaluated States: 25, Time: 0.059) Frontier Size: 15
f(n) = 4.0 (Expanded Nodes: 17, Evaluated States: 27, Time: 0.07) Frontier Size: 10
f(n) = 5.0 (Expanded Nodes: 41, Evaluated States: 81, Time: 0.091) Frontier Size: 40
f(n) = 6.0 (Expanded Nodes: 69, Evaluated States: 110, Time: 0.113) Frontier Size: 41
f(n) = 7.0 (Expanded Nodes: 127, Evaluated States: 227, Time: 0.147) Frontier Size: 100
f(n) = 8.0 (Expanded Nodes: 219, Evaluated States: 376, Time: 0.195) Frontier Size: 157
f(n) = 9.0 (Expanded Nodes: 398, Evaluated States: 679, Time: 0.291) Frontier Size: 281
f(n) = 10.0 (Expanded Nodes: 763, Evaluated States: 1358, Time: 0.427) Frontier Size: 595
Problem Solved

Found Plan:
0.0: (del a8)
1.0: (validate_payload t1 a7 t2)
2.0: (sync_actions a7)
3.0: (del a7)
4.0: (del a11)
5.0: (validate_payload t4 a10 t5)
6.0: (sync_actions a10)
7.0: (validate_payload t5 a12 t6)
8.0: (sync_actions a12)
9.0: (del a10)
10.0: (validate_payload t7 a3 t8)
11.0: (sync_actions a3)
12.0: (validate_payload t8 a11 t9)
13.0: (sync_actions a11)
14.0: (validate_payload t9 a4 t10)
15.0: (sync_actions a4)
16.0: (validate_payload t10 a5 t11)
17.0: (sync_actions a5)
18.0: (del a7)
19.0: (validate_payload t12 a6 t13)
20.0: (sync_actions a6)
21.0: (validate_payload t13 a8 t14)
22.0: (sync_actions a8)
23.0: (validate_payload t14 a0 t15)
24.0: (sync_actions a0)
25.0: (validate_payload t15 a1 t16)
26.0: (sync_actions a1)
27.0: (validate_payload t16 a2 t17)
28.0: (sync_actions a2)
29.0: (validate_payload t17 a9 t18)
30.0: (sync_actions a9)

Plan-Length:31
Metric (Search):10.0
Planning Time (msec): 567
Heuristic Time (msec): 7
Search Time (msec): 564
Expanded Nodes:1337
States Evaluated:2406
Number of Dead-Ends detected:0
Number of Duplicates detected:144
/usr/bin/time -v timeout 600 java -Xmx64g -jar ./enhsp3.jar -o ./domain_with_failure.pddl -f ./problems/BasePN-3And-add-5-d7/problem83.pddl -h blind -s WAStar
Domain parsed
Problem parsed
Grounding..
Grounding Time: 8963
UFX:true
|F|:31323
|X|:20
|A|:1595
|P|:0
|E|:0
h(I):0.0
f(n) = 1.0 (Expanded Nodes: 6, Evaluated States: 23, Time: 0.028) Frontier Size: 17
f(n) = 2.0 (Expanded Nodes: 38, Evaluated States: 102, Time: 0.086) Frontier Size: 64
f(n) = 3.0 (Expanded Nodes: 111, Evaluated States: 241, Time: 0.136) Frontier Size: 130
f(n) = 4.0 (Expanded Nodes: 248, Evaluated States: 520, Time: 0.214) Frontier Size: 272
f(n) = 5.0 (Expanded Nodes: 551, Evaluated States: 1076, Time: 0.301) Frontier Size: 525
f(n) = 6.0 (Expanded Nodes: 1093, Evaluated States: 1994, Time: 0.429) Frontier Size: 901
f(n) = 7.0 (Expanded Nodes: 2066, Evaluated States: 3560, Time: 0.627) Frontier Size: 1494
f(n) = 8.0 (Expanded Nodes: 3573, Evaluated States: 5634, Time: 0.831) Frontier Size: 2061
f(n) = 9.0 (Expanded Nodes: 5857, Evaluated States: 8755, Time: 1.286) Frontier Size: 2898
f(n) = 10.0 (Expanded Nodes: 8940, Evaluated States: 12362, Time: 1.538) Frontier Size: 3422
Problem Solved

Found Plan:
0.0: (validate_payload t0 a7 t1)
1.0: (sync_actions a7)
2.0: (validate_payload t1 a10 t2)
3.0: (sync_actions a10)
4.0: (del a4)
5.0: (del a7)
6.0: (validate_payload t4 a3 t5)
7.0: (sync_actions a3)
8.0: (del a1)
9.0: (del a3)
10.0: (del a9)
11.0: (validate_payload t8 a4 t9)
12.0: (sync_actions a4)
13.0: (validate_payload t9 a5 t10)
14.0: (sync_actions a5)
15.0: (validate_payload t10 a6 t11)
16.0: (sync_actions a6)
17.0: (validate_payload t11 a12 t12)
18.0: (sync_actions a12)
19.0: (validate_payload t12 a11 t13)
20.0: (sync_actions a11)
21.0: (validate_payload t13 a8 t14)
22.0: (sync_actions a8)
23.0: (validate_payload t14 a1 t15)
24.0: (sync_actions a1)
25.0: (validate_payload t15 a2 t16)
26.0: (sync_actions a2)
27.0: (validate_payload t16 a0 t17)
28.0: (sync_actions a0)
29.0: (validate_payload t17 a9 t18)
30.0: (sync_actions a9)

Plan-Length:31
Metric (Search):10.0
Planning Time (msec): 1724
Heuristic Time (msec): 5
Search Time (msec): 1723
Expanded Nodes:11527
States Evaluated:16023
Number of Dead-Ends detected:0
Number of Duplicates detected:2579
/usr/bin/time -v timeout 600 java -Xmx64g -jar ./enhsp3.jar -o ./domain_with_failure.pddl -f ./problems/BasePN-3And-add-5-d7/problem84.pddl -h blind -s WAStar
Domain parsed
Problem parsed
Grounding..
Grounding Time: 8819
UFX:true
|F|:31323
|X|:18
|A|:1595
|P|:0
|E|:0
h(I):0.0
f(n) = 2.0 (Expanded Nodes: 2, Evaluated States: 4, Time: 0.018) Frontier Size: 2
f(n) = 3.0 (Expanded Nodes: 15, Evaluated States: 43, Time: 0.064) Frontier Size: 28
f(n) = 4.0 (Expanded Nodes: 69, Evaluated States: 179, Time: 0.109) Frontier Size: 110
f(n) = 5.0 (Expanded Nodes: 201, Evaluated States: 467, Time: 0.19) Frontier Size: 266
f(n) = 6.0 (Expanded Nodes: 486, Evaluated States: 1047, Time: 0.277) Frontier Size: 561
f(n) = 7.0 (Expanded Nodes: 1150, Evaluated States: 2216, Time: 0.422) Frontier Size: 1066
f(n) = 8.0 (Expanded Nodes: 2255, Evaluated States: 3971, Time: 0.608) Frontier Size: 1716
f(n) = 9.0 (Expanded Nodes: 4281, Evaluated States: 6858, Time: 1.095) Frontier Size: 2577
f(n) = 10.0 (Expanded Nodes: 7142, Evaluated States: 10531, Time: 1.417) Frontier Size: 3389
Problem Solved

Found Plan:
0.0: (del a11)
1.0: (validate_payload t1 a7 t2)
2.0: (sync_actions a7)
3.0: (validate_payload t2 a10 t3)
4.0: (sync_actions a10)
5.0: (validate_payload t3 a3 t4)
6.0: (sync_actions a3)
7.0: (del a1)
8.0: (validate_payload t5 a5 t6)
9.0: (sync_actions a5)
10.0: (del a2)
11.0: (del a1)
12.0: (validate_payload t8 a4 t9)
13.0: (sync_actions a4)
14.0: (validate_payload t9 a6 t10)
15.0: (sync_actions a6)
16.0: (del a6)
17.0: (validate_payload t11 a12 t12)
18.0: (sync_actions a12)
19.0: (validate_payload t12 a11 t13)
20.0: (sync_actions a11)
21.0: (validate_payload t13 a8 t14)
22.0: (sync_actions a8)
23.0: (validate_payload t14 a0 t15)
24.0: (sync_actions a0)
25.0: (validate_payload t15 a1 t16)
26.0: (sync_actions a1)
27.0: (validate_payload t16 a2 t17)
28.0: (sync_actions a2)
29.0: (validate_payload t17 a9 t18)
30.0: (sync_actions a9)

Plan-Length:31
Metric (Search):10.0
Planning Time (msec): 1696
Heuristic Time (msec): 3
Search Time (msec): 1690
Expanded Nodes:10481
States Evaluated:14791
Number of Dead-Ends detected:0
Number of Duplicates detected:2017
/usr/bin/time -v timeout 600 java -Xmx64g -jar ./enhsp3.jar -o ./domain_with_failure.pddl -f ./problems/BasePN-3And-add-5-d7/problem85.pddl -h blind -s WAStar
Domain parsed
Problem parsed
Grounding..
Grounding Time: 9094
UFX:true
|F|:31323
|X|:21
|A|:1595
|P|:0
|E|:0
h(I):0.0
f(n) = 2.0 (Expanded Nodes: 2, Evaluated States: 4, Time: 0.018) Frontier Size: 2
f(n) = 3.0 (Expanded Nodes: 10, Evaluated States: 25, Time: 0.061) Frontier Size: 15
f(n) = 4.0 (Expanded Nodes: 25, Evaluated States: 51, Time: 0.077) Frontier Size: 26
f(n) = 5.0 (Expanded Nodes: 64, Evaluated States: 152, Time: 0.116) Frontier Size: 88
f(n) = 6.0 (Expanded Nodes: 372, Evaluated States: 1021, Time: 0.232) Frontier Size: 649
f(n) = 7.0 (Expanded Nodes: 2258, Evaluated States: 6259, Time: 0.615) Frontier Size: 4001
f(n) = 8.0 (Expanded Nodes: 10010, Evaluated States: 26602, Time: 1.635) Frontier Size: 16592
f(n) = 9.0 (Expanded Nodes: 32861, Evaluated States: 81151, Time: 5.438) Frontier Size: 48290
-------------Time: 10s ; Expanded Nodes: 82284 (Avg-Speed 8228.0 n/s); Evaluated States: 183537
f(n) = 10.0 (Expanded Nodes: 86948, Evaluated States: 193796, Time: 12.41) Frontier Size: 106848
-------------Time: 20s ; Expanded Nodes: 170583 (Avg-Speed 8529.0 n/s); Evaluated States: 346767
Problem Solved

Found Plan:
0.0: (del a6)
1.0: (validate_payload t1 a7 t2)
2.0: (sync_actions a7)
3.0: (del a6)
4.0: (validate_payload t3 a10 t4)
5.0: (sync_actions a10)
6.0: (validate_payload t4 a12 t5)
7.0: (sync_actions a12)
8.0: (validate_payload t5 a11 t6)
9.0: (sync_actions a11)
10.0: (validate_payload t6 a3 t7)
11.0: (sync_actions a3)
12.0: (validate_payload t7 a4 t8)
13.0: (sync_actions a4)
14.0: (validate_payload t8 a5 t9)
15.0: (sync_actions a5)
16.0: (validate_payload t9 a6 t10)
17.0: (sync_actions a6)
18.0: (validate_payload t10 a8 t11)
19.0: (sync_actions a8)
20.0: (del a7)
21.0: (del a6)
22.0: (validate_payload t13 a0 t14)
23.0: (sync_actions a0)
24.0: (validate_payload t14 a1 t15)
25.0: (sync_actions a1)
26.0: (del a7)
27.0: (validate_payload t16 a2 t17)
28.0: (sync_actions a2)
29.0: (validate_payload t17 a9 t18)
30.0: (sync_actions a9)

Plan-Length:31
Metric (Search):10.0
Planning Time (msec): 20549
Heuristic Time (msec): 19
Search Time (msec): 20542
Expanded Nodes:178169
States Evaluated:359281
Number of Dead-Ends detected:0
Number of Duplicates detected:8684
/usr/bin/time -v timeout 600 java -Xmx64g -jar ./enhsp3.jar -o ./domain_with_failure.pddl -f ./problems/BasePN-3And-add-5-d7/problem86.pddl -h blind -s WAStar
Domain parsed
Problem parsed
Grounding..
Grounding Time: 9131
UFX:true
|F|:31323
|X|:21
|A|:1595
|P|:0
|E|:0
h(I):0.0
f(n) = 1.0 (Expanded Nodes: 8, Evaluated States: 29, Time: 0.032) Frontier Size: 21
f(n) = 2.0 (Expanded Nodes: 54, Evaluated States: 152, Time: 0.094) Frontier Size: 98
f(n) = 3.0 (Expanded Nodes: 168, Evaluated States: 415, Time: 0.161) Frontier Size: 247
f(n) = 4.0 (Expanded Nodes: 448, Evaluated States: 1058, Time: 0.249) Frontier Size: 610
f(n) = 5.0 (Expanded Nodes: 1220, Evaluated States: 2603, Time: 0.43) Frontier Size: 1383
f(n) = 6.0 (Expanded Nodes: 2691, Evaluated States: 5086, Time: 0.662) Frontier Size: 2395
f(n) = 7.0 (Expanded Nodes: 5435, Evaluated States: 9390, Time: 1.175) Frontier Size: 3955
f(n) = 8.0 (Expanded Nodes: 9879, Evaluated States: 15277, Time: 1.54) Frontier Size: 5398
f(n) = 9.0 (Expanded Nodes: 16686, Evaluated States: 25389, Time: 2.117) Frontier Size: 8703
f(n) = 10.0 (Expanded Nodes: 27981, Evaluated States: 44010, Time: 3.241) Frontier Size: 16029
Problem Solved

Found Plan:
0.0: (validate_payload t0 a7 t1)
1.0: (sync_actions a7)
2.0: (validate_payload t1 a10 t2)
3.0: (sync_actions a10)
4.0: (validate_payload t2 a3 t3)
5.0: (sync_actions a3)
6.0: (del a11)
7.0: (validate_payload t4 a4 t5)
8.0: (sync_actions a4)
9.0: (del a7)
10.0: (del a9)
11.0: (validate_payload t7 a5 t8)
12.0: (sync_actions a5)
13.0: (validate_payload t8 a6 t9)
14.0: (sync_actions a6)
15.0: (validate_payload t9 a12 t10)
16.0: (sync_actions a12)
17.0: (validate_payload t10 a11 t11)
18.0: (sync_actions a11)
19.0: (validate_payload t11 a8 t12)
20.0: (sync_actions a8)
21.0: (del a8)
22.0: (validate_payload t13 a1 t14)
23.0: (sync_actions a1)
24.0: (del a2)
25.0: (validate_payload t15 a2 t16)
26.0: (sync_actions a2)
27.0: (validate_payload t16 a0 t17)
28.0: (sync_actions a0)
29.0: (validate_payload t17 a9 t18)
30.0: (sync_actions a9)

Plan-Length:31
Metric (Search):10.0
Planning Time (msec): 3937
Heuristic Time (msec): 6
Search Time (msec): 3934
Expanded Nodes:35877
States Evaluated:57336
Number of Dead-Ends detected:0
Number of Duplicates detected:5937
/usr/bin/time -v timeout 600 java -Xmx64g -jar ./enhsp3.jar -o ./domain_with_failure.pddl -f ./problems/BasePN-3And-add-5-d7/problem87.pddl -h blind -s WAStar
Domain parsed
Problem parsed
Grounding..
Grounding Time: 8834
UFX:true
|F|:31323
|X|:18
|A|:1595
|P|:0
|E|:0
h(I):0.0
f(n) = 1.0 (Expanded Nodes: 8, Evaluated States: 31, Time: 0.036) Frontier Size: 23
f(n) = 2.0 (Expanded Nodes: 48, Evaluated States: 146, Time: 0.092) Frontier Size: 98
f(n) = 3.0 (Expanded Nodes: 140, Evaluated States: 338, Time: 0.15) Frontier Size: 198
f(n) = 4.0 (Expanded Nodes: 382, Evaluated States: 834, Time: 0.275) Frontier Size: 452
f(n) = 5.0 (Expanded Nodes: 858, Evaluated States: 1647, Time: 0.429) Frontier Size: 789
f(n) = 6.0 (Expanded Nodes: 1706, Evaluated States: 3079, Time: 0.609) Frontier Size: 1373
f(n) = 7.0 (Expanded Nodes: 3361, Evaluated States: 5908, Time: 0.862) Frontier Size: 2547
f(n) = 8.0 (Expanded Nodes: 6133, Evaluated States: 10151, Time: 1.357) Frontier Size: 4018
f(n) = 9.0 (Expanded Nodes: 10947, Evaluated States: 17798, Time: 1.733) Frontier Size: 6851
f(n) = 10.0 (Expanded Nodes: 19260, Evaluated States: 30181, Time: 2.379) Frontier Size: 10921
Problem Solved

Found Plan:
0.0: (validate_payload t0 a7 t1)
1.0: (sync_actions a7)
2.0: (validate_payload t1 a3 t2)
3.0: (sync_actions a3)
4.0: (validate_payload t2 a10 t3)
5.0: (sync_actions a10)
6.0: (del a9)
7.0: (validate_payload t4 a4 t5)
8.0: (sync_actions a4)
9.0: (del a6)
10.0: (validate_payload t6 a12 t7)
11.0: (sync_actions a12)
12.0: (validate_payload t7 a11 t8)
13.0: (sync_actions a11)
14.0: (del a0)
15.0: (validate_payload t9 a5 t10)
16.0: (sync_actions a5)
17.0: (validate_payload t10 a6 t11)
18.0: (sync_actions a6)
19.0: (validate_payload t11 a8 t12)
20.0: (sync_actions a8)
21.0: (validate_payload t12 a0 t13)
22.0: (sync_actions a0)
23.0: (validate_payload t13 a1 t14)
24.0: (sync_actions a1)
25.0: (del a1)
26.0: (del a0)
27.0: (validate_payload t16 a2 t17)
28.0: (sync_actions a2)
29.0: (validate_payload t17 a9 t18)
30.0: (sync_actions a9)

Plan-Length:31
Metric (Search):10.0
Planning Time (msec): 3433
Heuristic Time (msec): 10
Search Time (msec): 3430
Expanded Nodes:31265
States Evaluated:47773
Number of Dead-Ends detected:0
Number of Duplicates detected:5638
/usr/bin/time -v timeout 600 java -Xmx64g -jar ./enhsp3.jar -o ./domain_with_failure.pddl -f ./problems/BasePN-3And-add-5-d7/problem88.pddl -h blind -s WAStar
Domain parsed
Problem parsed
Grounding..
Grounding Time: 9155
UFX:true
|F|:31323
|X|:21
|A|:1595
|P|:0
|E|:0
h(I):0.0
f(n) = 1.0 (Expanded Nodes: 4, Evaluated States: 14, Time: 0.027) Frontier Size: 10
f(n) = 2.0 (Expanded Nodes: 16, Evaluated States: 38, Time: 0.073) Frontier Size: 22
f(n) = 3.0 (Expanded Nodes: 39, Evaluated States: 102, Time: 0.094) Frontier Size: 63
f(n) = 4.0 (Expanded Nodes: 180, Evaluated States: 487, Time: 0.152) Frontier Size: 307
f(n) = 5.0 (Expanded Nodes: 664, Evaluated States: 1772, Time: 0.265) Frontier Size: 1108
f(n) = 6.0 (Expanded Nodes: 1963, Evaluated States: 4778, Time: 0.516) Frontier Size: 2815
f(n) = 7.0 (Expanded Nodes: 4990, Evaluated States: 10552, Time: 1.107) Frontier Size: 5562
f(n) = 8.0 (Expanded Nodes: 11406, Evaluated States: 20762, Time: 1.595) Frontier Size: 9356
f(n) = 9.0 (Expanded Nodes: 21999, Evaluated States: 35209, Time: 2.42) Frontier Size: 13210
f(n) = 10.0 (Expanded Nodes: 37207, Evaluated States: 54236, Time: 3.804) Frontier Size: 17029
f(n) = 11.0 (Expanded Nodes: 58601, Evaluated States: 79873, Time: 7.147) Frontier Size: 21272
Problem Solved

Found Plan:
0.0: (validate_payload t0 a7 t1)
1.0: (sync_actions a7)
2.0: (del a2)
3.0: (validate_payload t2 a10 t3)
4.0: (sync_actions a10)
5.0: (validate_payload t3 a12 t4)
6.0: (sync_actions a12)
7.0: (validate_payload t4 a3 t5)
8.0: (sync_actions a3)
9.0: (validate_payload t5 a11 t6)
10.0: (sync_actions a11)
11.0: (del a3)
12.0: (del a12)
13.0: (del a11)
14.0: (change_value a4 categorical c3)
15.0: (validate_payload t9 a4 t10)
16.0: (sync_actions a4)
17.0: (validate_payload t10 a5 t11)
18.0: (sync_actions a5)
19.0: (validate_payload t11 a6 t12)
20.0: (sync_actions a6)
21.0: (del a9)
22.0: (validate_payload t13 a8 t14)
23.0: (sync_actions a8)
24.0: (validate_payload t14 a1 t15)
25.0: (sync_actions a1)
26.0: (validate_payload t15 a2 t16)
27.0: (sync_actions a2)
28.0: (validate_payload t16 a0 t17)
29.0: (sync_actions a0)
30.0: (validate_payload t17 a9 t18)
31.0: (sync_actions a9)

Plan-Length:32
Metric (Search):11.0
Planning Time (msec): 7974
Heuristic Time (msec): 10
Search Time (msec): 7971
Expanded Nodes:69221
States Evaluated:92634
Number of Dead-Ends detected:0
Number of Duplicates detected:12311
/usr/bin/time -v timeout 600 java -Xmx64g -jar ./enhsp3.jar -o ./domain_with_failure.pddl -f ./problems/BasePN-3And-add-5-d7/problem89.pddl -h blind -s WAStar
Domain parsed
Problem parsed
Grounding..
Grounding Time: 9026
UFX:true
|F|:31323
|X|:22
|A|:1595
|P|:0
|E|:0
h(I):0.0
f(n) = 1.0 (Expanded Nodes: 8, Evaluated States: 34, Time: 0.034) Frontier Size: 26
f(n) = 2.0 (Expanded Nodes: 59, Evaluated States: 176, Time: 0.104) Frontier Size: 117
f(n) = 3.0 (Expanded Nodes: 177, Evaluated States: 440, Time: 0.172) Frontier Size: 263
f(n) = 4.0 (Expanded Nodes: 509, Evaluated States: 1140, Time: 0.276) Frontier Size: 631
f(n) = 5.0 (Expanded Nodes: 1331, Evaluated States: 2697, Time: 0.452) Frontier Size: 1366
f(n) = 6.0 (Expanded Nodes: 2985, Evaluated States: 5738, Time: 0.741) Frontier Size: 2753
f(n) = 7.0 (Expanded Nodes: 6479, Evaluated States: 12154, Time: 1.353) Frontier Size: 5675
f(n) = 8.0 (Expanded Nodes: 13539, Evaluated States: 24292, Time: 1.836) Frontier Size: 10753
f(n) = 9.0 (Expanded Nodes: 26995, Evaluated States: 47236, Time: 2.959) Frontier Size: 20241
f(n) = 10.0 (Expanded Nodes: 50739, Evaluated States: 86942, Time: 6.252) Frontier Size: 36203
f(n) = 11.0 (Expanded Nodes: 94050, Evaluated States: 158254, Time: 9.832) Frontier Size: 64204
-------------Time: 10s ; Expanded Nodes: 96670 (Avg-Speed 9667.0 n/s); Evaluated States: 163952
Problem Solved

Found Plan:
0.0: (validate_payload t0 a7 t1)
1.0: (sync_actions a7)
2.0: (validate_payload t1 a3 t2)
3.0: (sync_actions a3)
4.0: (validate_payload t2 a10 t3)
5.0: (sync_actions a10)
6.0: (del a7)
7.0: (validate_payload t4 a5 t5)
8.0: (sync_actions a5)
9.0: (change_value a4 categorical c2)
10.0: (validate_payload t5 a4 t6)
11.0: (sync_actions a4)
12.0: (validate_payload t6 a12 t7)
13.0: (sync_actions a12)
14.0: (del a12)
15.0: (validate_payload t8 a11 t9)
16.0: (sync_actions a11)
17.0: (del a8)
18.0: (validate_payload t10 a6 t11)
19.0: (sync_actions a6)
20.0: (del a3)
21.0: (validate_payload t12 a8 t13)
22.0: (sync_actions a8)
23.0: (validate_payload t13 a1 t14)
24.0: (sync_actions a1)
25.0: (del a3)
26.0: (validate_payload t15 a0 t16)
27.0: (sync_actions a0)
28.0: (validate_payload t16 a2 t17)
29.0: (sync_actions a2)
30.0: (validate_payload t17 a9 t18)
31.0: (sync_actions a9)

Plan-Length:32
Metric (Search):11.0
Planning Time (msec): 17704
Heuristic Time (msec): 13
Search Time (msec): 17696
Expanded Nodes:164034
States Evaluated:266476
Number of Dead-Ends detected:0
Number of Duplicates detected:20171
/usr/bin/time -v timeout 600 java -Xmx64g -jar ./enhsp3.jar -o ./domain_with_failure.pddl -f ./problems/BasePN-3And-add-5-d7/problem90.pddl -h blind -s WAStar
Domain parsed
Problem parsed
Grounding..
Grounding Time: 8925
UFX:true
|F|:31323
|X|:21
|A|:1595
|P|:0
|E|:0
h(I):0.0
f(n) = 1.0 (Expanded Nodes: 16, Evaluated States: 58, Time: 0.043) Frontier Size: 42
f(n) = 2.0 (Expanded Nodes: 186, Evaluated States: 566, Time: 0.183) Frontier Size: 380
f(n) = 3.0 (Expanded Nodes: 1084, Evaluated States: 2946, Time: 0.453) Frontier Size: 1862
f(n) = 4.0 (Expanded Nodes: 4130, Evaluated States: 10156, Time: 1.196) Frontier Size: 6026
f(n) = 5.0 (Expanded Nodes: 11638, Evaluated States: 25600, Time: 1.902) Frontier Size: 13962
f(n) = 6.0 (Expanded Nodes: 26970, Evaluated States: 51868, Time: 3.324) Frontier Size: 24898
f(n) = 7.0 (Expanded Nodes: 55417, Evaluated States: 92218, Time: 7.069) Frontier Size: 36801
-------------Time: 10s ; Expanded Nodes: 84107 (Avg-Speed 8410.0 n/s); Evaluated States: 130349
f(n) = 8.0 (Expanded Nodes: 100112, Evaluated States: 147320, Time: 11.176) Frontier Size: 47208
f(n) = 9.0 (Expanded Nodes: 159467, Evaluated States: 218128, Time: 17.903) Frontier Size: 58661
-------------Time: 20s ; Expanded Nodes: 175359 (Avg-Speed 8767.0 n/s); Evaluated States: 241508
f(n) = 10.0 (Expanded Nodes: 233295, Evaluated States: 303305, Time: 26.448) Frontier Size: 70010
Problem Solved

Found Plan:
0.0: (validate_payload t0 a7 t1)
1.0: (sync_actions a7)
2.0: (validate_payload t1 a10 t2)
3.0: (sync_actions a10)
4.0: (validate_payload t2 a3 t3)
5.0: (sync_actions a3)
6.0: (validate_payload t3 a12 t4)
7.0: (sync_actions a12)
8.0: (validate_payload t4 a11 t5)
9.0: (sync_actions a11)
10.0: (validate_payload t5 a4 t6)
11.0: (sync_actions a4)
12.0: (validate_payload t6 a5 t7)
13.0: (sync_actions a5)
14.0: (del a9)
15.0: (del a10)
16.0: (del a4)
17.0: (del a10)
18.0: (validate_payload t11 a6 t12)
19.0: (sync_actions a6)
20.0: (del a1)
21.0: (validate_payload t13 a8 t14)
22.0: (sync_actions a8)
23.0: (validate_payload t14 a0 t15)
24.0: (sync_actions a0)
25.0: (validate_payload t15 a1 t16)
26.0: (sync_actions a1)
27.0: (validate_payload t16 a2 t17)
28.0: (sync_actions a2)
29.0: (validate_payload t17 a9 t18)
30.0: (sync_actions a9)

Plan-Length:31
Metric (Search):10.0
Planning Time (msec): 28755
Heuristic Time (msec): 26
Search Time (msec): 28752
Expanded Nodes:266576
States Evaluated:339014
Number of Dead-Ends detected:0
Number of Duplicates detected:44019
/usr/bin/time -v timeout 600 java -Xmx64g -jar ./enhsp3.jar -o ./domain_with_failure.pddl -f ./problems/BasePN-3And-add-5-d7/problem91.pddl -h blind -s WAStar
Domain parsed
Problem parsed
Grounding..
Grounding Time: 8954
UFX:true
|F|:31323
|X|:20
|A|:1595
|P|:0
|E|:0
h(I):0.0
f(n) = 2.0 (Expanded Nodes: 2, Evaluated States: 4, Time: 0.019) Frontier Size: 2
f(n) = 3.0 (Expanded Nodes: 22, Evaluated States: 70, Time: 0.074) Frontier Size: 48
f(n) = 4.0 (Expanded Nodes: 130, Evaluated States: 355, Time: 0.148) Frontier Size: 225
f(n) = 5.0 (Expanded Nodes: 489, Evaluated States: 1185, Time: 0.295) Frontier Size: 696
f(n) = 6.0 (Expanded Nodes: 1326, Evaluated States: 2892, Time: 0.481) Frontier Size: 1566
f(n) = 7.0 (Expanded Nodes: 3244, Evaluated States: 6445, Time: 0.945) Frontier Size: 3201
f(n) = 8.0 (Expanded Nodes: 7036, Evaluated States: 12533, Time: 1.404) Frontier Size: 5497
f(n) = 9.0 (Expanded Nodes: 13655, Evaluated States: 22712, Time: 1.904) Frontier Size: 9057
f(n) = 10.0 (Expanded Nodes: 24821, Evaluated States: 38991, Time: 3.002) Frontier Size: 14170
Problem Solved

Found Plan:
0.0: (del a3)
1.0: (validate_payload t1 a7 t2)
2.0: (sync_actions a7)
3.0: (validate_payload t2 a3 t3)
4.0: (sync_actions a3)
5.0: (validate_payload t3 a10 t4)
6.0: (sync_actions a10)
7.0: (validate_payload t4 a5 t5)
8.0: (sync_actions a5)
9.0: (validate_payload t5 a4 t6)
10.0: (sync_actions a4)
11.0: (validate_payload t6 a6 t7)
12.0: (sync_actions a6)
13.0: (del a9)
14.0: (validate_payload t8 a12 t9)
15.0: (sync_actions a12)
16.0: (del a1)
17.0: (validate_payload t10 a11 t11)
18.0: (sync_actions a11)
19.0: (del a12)
20.0: (validate_payload t12 a8 t13)
21.0: (sync_actions a8)
22.0: (del a5)
23.0: (validate_payload t14 a0 t15)
24.0: (sync_actions a0)
25.0: (validate_payload t15 a1 t16)
26.0: (sync_actions a1)
27.0: (validate_payload t16 a2 t17)
28.0: (sync_actions a2)
29.0: (validate_payload t17 a9 t18)
30.0: (sync_actions a9)

Plan-Length:31
Metric (Search):10.0
Planning Time (msec): 4062
Heuristic Time (msec): 6
Search Time (msec): 4059
Expanded Nodes:37748
States Evaluated:57383
Number of Dead-Ends detected:0
Number of Duplicates detected:5625
/usr/bin/time -v timeout 600 java -Xmx64g -jar ./enhsp3.jar -o ./domain_with_failure.pddl -f ./problems/BasePN-3And-add-5-d7/problem92.pddl -h blind -s WAStar
Domain parsed
Problem parsed
Grounding..
Grounding Time: 9104
UFX:true
|F|:31323
|X|:19
|A|:1595
|P|:0
|E|:0
h(I):0.0
f(n) = 1.0 (Expanded Nodes: 4, Evaluated States: 14, Time: 0.027) Frontier Size: 10
f(n) = 2.0 (Expanded Nodes: 8, Evaluated States: 14, Time: 0.055) Frontier Size: 6
f(n) = 3.0 (Expanded Nodes: 36, Evaluated States: 105, Time: 0.092) Frontier Size: 69
f(n) = 4.0 (Expanded Nodes: 210, Evaluated States: 641, Time: 0.203) Frontier Size: 431
f(n) = 5.0 (Expanded Nodes: 1006, Evaluated States: 2956, Time: 0.43) Frontier Size: 1950
f(n) = 6.0 (Expanded Nodes: 3492, Evaluated States: 9122, Time: 1.044) Frontier Size: 5630
f(n) = 7.0 (Expanded Nodes: 9866, Evaluated States: 21698, Time: 1.606) Frontier Size: 11832
f(n) = 8.0 (Expanded Nodes: 24028, Evaluated States: 44421, Time: 2.932) Frontier Size: 20393
f(n) = 9.0 (Expanded Nodes: 50009, Evaluated States: 80831, Time: 6.577) Frontier Size: 30822
-------------Time: 10s ; Expanded Nodes: 85506 (Avg-Speed 8550.0 n/s); Evaluated States: 126188
f(n) = 10.0 (Expanded Nodes: 88505, Evaluated States: 130558, Time: 10.228) Frontier Size: 42053
Problem Solved

Found Plan:
0.0: (validate_payload t0 a7 t1)
1.0: (sync_actions a7)
2.0: (del a7)
3.0: (validate_payload t2 a10 t3)
4.0: (sync_actions a10)
5.0: (validate_payload t3 a3 t4)
6.0: (sync_actions a3)
7.0: (validate_payload t4 a12 t5)
8.0: (sync_actions a12)
9.0: (validate_payload t5 a11 t6)
10.0: (sync_actions a11)
11.0: (validate_payload t6 a4 t7)
12.0: (sync_actions a4)
13.0: (validate_payload t7 a5 t8)
14.0: (sync_actions a5)
15.0: (del a4)
16.0: (del a5)
17.0: (validate_payload t10 a6 t11)
18.0: (sync_actions a6)
19.0: (del a0)
20.0: (validate_payload t12 a8 t13)
21.0: (sync_actions a8)
22.0: (del a3)
23.0: (validate_payload t14 a1 t15)
24.0: (sync_actions a1)
25.0: (validate_payload t15 a2 t16)
26.0: (sync_actions a2)
27.0: (validate_payload t16 a0 t17)
28.0: (sync_actions a0)
29.0: (validate_payload t17 a9 t18)
30.0: (sync_actions a9)

Plan-Length:31
Metric (Search):10.0
Planning Time (msec): 16473
Heuristic Time (msec): 10
Search Time (msec): 16466
Expanded Nodes:142051
States Evaluated:199830
Number of Dead-Ends detected:0
Number of Duplicates detected:20661
/usr/bin/time -v timeout 600 java -Xmx64g -jar ./enhsp3.jar -o ./domain_with_failure.pddl -f ./problems/BasePN-3And-add-5-d7/problem93.pddl -h blind -s WAStar
Domain parsed
Problem parsed
Grounding..
Grounding Time: 8997
UFX:true
|F|:31323
|X|:19
|A|:1595
|P|:0
|E|:0
h(I):0.0
f(n) = 1.0 (Expanded Nodes: 8, Evaluated States: 27, Time: 0.031) Frontier Size: 19
f(n) = 2.0 (Expanded Nodes: 20, Evaluated States: 53, Time: 0.07) Frontier Size: 33
f(n) = 3.0 (Expanded Nodes: 68, Evaluated States: 164, Time: 0.114) Frontier Size: 96
f(n) = 4.0 (Expanded Nodes: 182, Evaluated States: 376, Time: 0.179) Frontier Size: 194
f(n) = 5.0 (Expanded Nodes: 354, Evaluated States: 666, Time: 0.24) Frontier Size: 312
f(n) = 6.0 (Expanded Nodes: 730, Evaluated States: 1316, Time: 0.33) Frontier Size: 586
f(n) = 7.0 (Expanded Nodes: 1329, Evaluated States: 2074, Time: 0.458) Frontier Size: 745
f(n) = 8.0 (Expanded Nodes: 2206, Evaluated States: 3403, Time: 0.631) Frontier Size: 1197
f(n) = 9.0 (Expanded Nodes: 3600, Evaluated States: 5088, Time: 1.009) Frontier Size: 1488
f(n) = 10.0 (Expanded Nodes: 5327, Evaluated States: 7559, Time: 1.185) Frontier Size: 2232
Problem Solved

Found Plan:
0.0: (validate_payload t0 a7 t1)
1.0: (sync_actions a7)
2.0: (validate_payload t1 a3 t2)
3.0: (sync_actions a3)
4.0: (validate_payload t2 a10 t3)
5.0: (sync_actions a10)
6.0: (del a2)
7.0: (validate_payload t4 a5 t5)
8.0: (sync_actions a5)
9.0: (validate_payload t5 a4 t6)
10.0: (sync_actions a4)
11.0: (validate_payload t6 a6 t7)
12.0: (sync_actions a6)
13.0: (del a1)
14.0: (validate_payload t8 a12 t9)
15.0: (sync_actions a12)
16.0: (del a0)
17.0: (validate_payload t10 a11 t11)
18.0: (sync_actions a11)
19.0: (del a11)
20.0: (del a11)
21.0: (validate_payload t13 a8 t14)
22.0: (sync_actions a8)
23.0: (validate_payload t14 a1 t15)
24.0: (sync_actions a1)
25.0: (validate_payload t15 a2 t16)
26.0: (sync_actions a2)
27.0: (validate_payload t16 a0 t17)
28.0: (sync_actions a0)
29.0: (validate_payload t17 a9 t18)
30.0: (sync_actions a9)

Plan-Length:31
Metric (Search):10.0
Planning Time (msec): 1361
Heuristic Time (msec): 6
Search Time (msec): 1357
Expanded Nodes:6930
States Evaluated:9888
Number of Dead-Ends detected:0
Number of Duplicates detected:1408
/usr/bin/time -v timeout 600 java -Xmx64g -jar ./enhsp3.jar -o ./domain_with_failure.pddl -f ./problems/BasePN-3And-add-5-d7/problem94.pddl -h blind -s WAStar
Domain parsed
Problem parsed
Grounding..
Grounding Time: 8906
UFX:true
|F|:31323
|X|:17
|A|:1595
|P|:0
|E|:0
h(I):0.0
f(n) = 1.0 (Expanded Nodes: 14, Evaluated States: 51, Time: 0.048) Frontier Size: 37
f(n) = 2.0 (Expanded Nodes: 117, Evaluated States: 351, Time: 0.125) Frontier Size: 234
f(n) = 3.0 (Expanded Nodes: 446, Evaluated States: 1177, Time: 0.228) Frontier Size: 731
f(n) = 4.0 (Expanded Nodes: 1259, Evaluated States: 2908, Time: 0.371) Frontier Size: 1649
f(n) = 5.0 (Expanded Nodes: 3223, Evaluated States: 6418, Time: 0.625) Frontier Size: 3195
f(n) = 6.0 (Expanded Nodes: 6918, Evaluated States: 12244, Time: 1.199) Frontier Size: 5326
f(n) = 7.0 (Expanded Nodes: 13092, Evaluated States: 21049, Time: 1.664) Frontier Size: 7957
f(n) = 8.0 (Expanded Nodes: 22599, Evaluated States: 33516, Time: 2.619) Frontier Size: 10917
f(n) = 9.0 (Expanded Nodes: 35271, Evaluated States: 49188, Time: 3.63) Frontier Size: 13917
f(n) = 10.0 (Expanded Nodes: 52932, Evaluated States: 70738, Time: 6.591) Frontier Size: 17806
Problem Solved

Found Plan:
0.0: (validate_payload t0 a7 t1)
1.0: (sync_actions a7)
2.0: (validate_payload t1 a10 t2)
3.0: (sync_actions a10)
4.0: (validate_payload t2 a3 t3)
5.0: (sync_actions a3)
6.0: (validate_payload t3 a4 t4)
7.0: (sync_actions a4)
8.0: (validate_payload t4 a12 t5)
9.0: (sync_actions a12)
10.0: (validate_payload t5 a11 t6)
11.0: (sync_actions a11)
12.0: (del a0)
13.0: (validate_payload t7 a5 t8)
14.0: (sync_actions a5)
15.0: (del a2)
16.0: (del a11)
17.0: (validate_payload t10 a6 t11)
18.0: (sync_actions a6)
19.0: (validate_payload t11 a8 t12)
20.0: (sync_actions a8)
21.0: (validate_payload t12 a0 t13)
22.0: (sync_actions a0)
23.0: (del a6)
24.0: (del a9)
25.0: (validate_payload t15 a1 t16)
26.0: (sync_actions a1)
27.0: (validate_payload t16 a2 t17)
28.0: (sync_actions a2)
29.0: (validate_payload t17 a9 t18)
30.0: (sync_actions a9)

Plan-Length:31
Metric (Search):10.0
Planning Time (msec): 8575
Heuristic Time (msec): 17
Search Time (msec): 8571
Expanded Nodes:71677
States Evaluated:94379
Number of Dead-Ends detected:0
Number of Duplicates detected:15494
/usr/bin/time -v timeout 600 java -Xmx64g -jar ./enhsp3.jar -o ./domain_with_failure.pddl -f ./problems/BasePN-3And-add-5-d7/problem95.pddl -h blind -s WAStar
Domain parsed
Problem parsed
Grounding..
Grounding Time: 9020
UFX:true
|F|:31323
|X|:19
|A|:1595
|P|:0
|E|:0
h(I):0.0
f(n) = 2.0 (Expanded Nodes: 2, Evaluated States: 4, Time: 0.017) Frontier Size: 2
f(n) = 3.0 (Expanded Nodes: 14, Evaluated States: 39, Time: 0.062) Frontier Size: 25
f(n) = 4.0 (Expanded Nodes: 29, Evaluated States: 67, Time: 0.076) Frontier Size: 38
f(n) = 5.0 (Expanded Nodes: 84, Evaluated States: 198, Time: 0.124) Frontier Size: 114
f(n) = 6.0 (Expanded Nodes: 205, Evaluated States: 406, Time: 0.19) Frontier Size: 201
f(n) = 7.0 (Expanded Nodes: 427, Evaluated States: 812, Time: 0.26) Frontier Size: 385
f(n) = 8.0 (Expanded Nodes: 851, Evaluated States: 1540, Time: 0.345) Frontier Size: 689
f(n) = 9.0 (Expanded Nodes: 1663, Evaluated States: 2795, Time: 0.499) Frontier Size: 1132
f(n) = 10.0 (Expanded Nodes: 2937, Evaluated States: 4770, Time: 0.694) Frontier Size: 1833
Problem Solved

Found Plan:
0.0: (del a0)
1.0: (validate_payload t1 a7 t2)
2.0: (sync_actions a7)
3.0: (validate_payload t2 a3 t3)
4.0: (sync_actions a3)
5.0: (validate_payload t3 a10 t4)
6.0: (sync_actions a10)
7.0: (del a3)
8.0: (validate_payload t5 a4 t6)
9.0: (sync_actions a4)
10.0: (del a3)
11.0: (validate_payload t7 a5 t8)
12.0: (sync_actions a5)
13.0: (validate_payload t8 a12 t9)
14.0: (sync_actions a12)
15.0: (del a2)
16.0: (validate_payload t10 a6 t11)
17.0: (sync_actions a6)
18.0: (del a8)
19.0: (validate_payload t12 a11 t13)
20.0: (sync_actions a11)
21.0: (validate_payload t13 a8 t14)
22.0: (sync_actions a8)
23.0: (validate_payload t14 a0 t15)
24.0: (sync_actions a0)
25.0: (validate_payload t15 a1 t16)
26.0: (sync_actions a1)
27.0: (validate_payload t16 a2 t17)
28.0: (sync_actions a2)
29.0: (validate_payload t17 a9 t18)
30.0: (sync_actions a9)

Plan-Length:31
Metric (Search):10.0
Planning Time (msec): 1094
Heuristic Time (msec): 10
Search Time (msec): 1091
Expanded Nodes:4843
States Evaluated:7433
Number of Dead-Ends detected:0
Number of Duplicates detected:801
/usr/bin/time -v timeout 600 java -Xmx64g -jar ./enhsp3.jar -o ./domain_with_failure.pddl -f ./problems/BasePN-3And-add-5-d7/problem96.pddl -h blind -s WAStar
Domain parsed
Problem parsed
Grounding..
Grounding Time: 8824
UFX:true
|F|:31323
|X|:18
|A|:1595
|P|:0
|E|:0
h(I):0.0
f(n) = 1.0 (Expanded Nodes: 8, Evaluated States: 31, Time: 0.033) Frontier Size: 23
f(n) = 2.0 (Expanded Nodes: 38, Evaluated States: 111, Time: 0.085) Frontier Size: 73
f(n) = 3.0 (Expanded Nodes: 114, Evaluated States: 266, Time: 0.14) Frontier Size: 152
f(n) = 4.0 (Expanded Nodes: 397, Evaluated States: 895, Time: 0.274) Frontier Size: 498
f(n) = 5.0 (Expanded Nodes: 1166, Evaluated States: 2479, Time: 0.462) Frontier Size: 1313
f(n) = 6.0 (Expanded Nodes: 3038, Evaluated States: 6262, Time: 0.811) Frontier Size: 3224
f(n) = 7.0 (Expanded Nodes: 6958, Evaluated States: 13698, Time: 1.404) Frontier Size: 6740
f(n) = 8.0 (Expanded Nodes: 15087, Evaluated States: 27529, Time: 2.085) Frontier Size: 12442
f(n) = 9.0 (Expanded Nodes: 29668, Evaluated States: 50343, Time: 3.471) Frontier Size: 20675
f(n) = 10.0 (Expanded Nodes: 53055, Evaluated States: 84210, Time: 6.747) Frontier Size: 31155
Problem Solved

Found Plan:
0.0: (validate_payload t0 a7 t1)
1.0: (sync_actions a7)
2.0: (validate_payload t1 a3 t2)
3.0: (sync_actions a3)
4.0: (validate_payload t2 a10 t3)
5.0: (sync_actions a10)
6.0: (del a10)
7.0: (validate_payload t4 a4 t5)
8.0: (sync_actions a4)
9.0: (validate_payload t5 a5 t6)
10.0: (sync_actions a5)
11.0: (validate_payload t6 a6 t7)
12.0: (sync_actions a6)
13.0: (validate_payload t7 a12 t8)
14.0: (sync_actions a12)
15.0: (validate_payload t8 a11 t9)
16.0: (sync_actions a11)
17.0: (del a1)
18.0: (validate_payload t10 a8 t11)
19.0: (sync_actions a8)
20.0: (del a12)
21.0: (del a5)
22.0: (del a8)
23.0: (validate_payload t14 a1 t15)
24.0: (sync_actions a1)
25.0: (validate_payload t15 a2 t16)
26.0: (sync_actions a2)
27.0: (validate_payload t16 a0 t17)
28.0: (sync_actions a0)
29.0: (validate_payload t17 a9 t18)
30.0: (sync_actions a9)

Plan-Length:31
Metric (Search):10.0
Planning Time (msec): 7340
Heuristic Time (msec): 9
Search Time (msec): 7334
Expanded Nodes:61642
States Evaluated:97523
Number of Dead-Ends detected:0
Number of Duplicates detected:8307
/usr/bin/time -v timeout 600 java -Xmx64g -jar ./enhsp3.jar -o ./domain_with_failure.pddl -f ./problems/BasePN-3And-add-5-d7/problem97.pddl -h blind -s WAStar
Domain parsed
Problem parsed
Grounding..
Grounding Time: 9299
UFX:true
|F|:31323
|X|:19
|A|:1595
|P|:0
|E|:0
h(I):0.0
f(n) = 1.0 (Expanded Nodes: 16, Evaluated States: 52, Time: 0.042) Frontier Size: 36
f(n) = 2.0 (Expanded Nodes: 92, Evaluated States: 244, Time: 0.123) Frontier Size: 152
f(n) = 3.0 (Expanded Nodes: 311, Evaluated States: 692, Time: 0.253) Frontier Size: 381
f(n) = 4.0 (Expanded Nodes: 920, Evaluated States: 1975, Time: 0.45) Frontier Size: 1055
f(n) = 5.0 (Expanded Nodes: 2411, Evaluated States: 5168, Time: 0.713) Frontier Size: 2757
f(n) = 6.0 (Expanded Nodes: 6108, Evaluated States: 12839, Time: 1.508) Frontier Size: 6731
f(n) = 7.0 (Expanded Nodes: 13578, Evaluated States: 27369, Time: 2.153) Frontier Size: 13791
f(n) = 8.0 (Expanded Nodes: 28332, Evaluated States: 53484, Time: 3.514) Frontier Size: 25152
f(n) = 9.0 (Expanded Nodes: 55271, Evaluated States: 97118, Time: 7.154) Frontier Size: 41847
-------------Time: 10s ; Expanded Nodes: 89383 (Avg-Speed 8938.0 n/s); Evaluated States: 148426
f(n) = 10.0 (Expanded Nodes: 100825, Evaluated States: 165155, Time: 11.346) Frontier Size: 64330
Problem Solved

Found Plan:
0.0: (validate_payload t0 a7 t1)
1.0: (sync_actions a7)
2.0: (validate_payload t1 a3 t2)
3.0: (sync_actions a3)
4.0: (validate_payload t2 a4 t3)
5.0: (sync_actions a4)
6.0: (validate_payload t3 a5 t4)
7.0: (sync_actions a5)
8.0: (validate_payload t4 a10 t5)
9.0: (sync_actions a10)
10.0: (validate_payload t5 a6 t6)
11.0: (sync_actions a6)
12.0: (validate_payload t6 a12 t7)
13.0: (sync_actions a12)
14.0: (del a12)
15.0: (validate_payload t8 a11 t9)
16.0: (sync_actions a11)
17.0: (validate_payload t9 a8 t10)
18.0: (sync_actions a8)
19.0: (del a5)
20.0: (validate_payload t11 a0 t12)
21.0: (sync_actions a0)
22.0: (validate_payload t12 a1 t13)
23.0: (sync_actions a1)
24.0: (del a7)
25.0: (validate_payload t14 a2 t15)
26.0: (sync_actions a2)
27.0: (del a2)
28.0: (del a0)
29.0: (validate_payload t17 a9 t18)
30.0: (sync_actions a9)

Plan-Length:31
Metric (Search):10.0
Planning Time (msec): 16665
Heuristic Time (msec): 16
Search Time (msec): 16659
Expanded Nodes:142598
States Evaluated:223943
Number of Dead-Ends detected:0
Number of Duplicates detected:14717
/usr/bin/time -v timeout 600 java -Xmx64g -jar ./enhsp3.jar -o ./domain_with_failure.pddl -f ./problems/BasePN-3And-add-5-d7/problem98.pddl -h blind -s WAStar
Domain parsed
Problem parsed
Grounding..
Grounding Time: 8962
UFX:true
|F|:31323
|X|:20
|A|:1595
|P|:0
|E|:0
h(I):0.0
f(n) = 2.0 (Expanded Nodes: 2, Evaluated States: 4, Time: 0.017) Frontier Size: 2
f(n) = 3.0 (Expanded Nodes: 26, Evaluated States: 80, Time: 0.077) Frontier Size: 54
f(n) = 4.0 (Expanded Nodes: 243, Evaluated States: 717, Time: 0.183) Frontier Size: 474
f(n) = 5.0 (Expanded Nodes: 1359, Evaluated States: 3706, Time: 0.473) Frontier Size: 2347
f(n) = 6.0 (Expanded Nodes: 5134, Evaluated States: 12823, Time: 1.163) Frontier Size: 7689
f(n) = 7.0 (Expanded Nodes: 14911, Evaluated States: 33952, Time: 1.984) Frontier Size: 19041
f(n) = 8.0 (Expanded Nodes: 35919, Evaluated States: 74914, Time: 3.874) Frontier Size: 38995
f(n) = 9.0 (Expanded Nodes: 77571, Evaluated States: 149684, Time: 8.735) Frontier Size: 72113
-------------Time: 10s ; Expanded Nodes: 86434 (Avg-Speed 8643.0 n/s); Evaluated States: 165067
f(n) = 10.0 (Expanded Nodes: 155304, Evaluated States: 281201, Time: 17.273) Frontier Size: 125897
-------------Time: 20s ; Expanded Nodes: 192268 (Avg-Speed 9613.0 n/s); Evaluated States: 340420
Problem Solved

Found Plan:
0.0: (del a0)
1.0: (validate_payload t1 a7 t2)
2.0: (sync_actions a7)
3.0: (validate_payload t2 a10 t3)
4.0: (sync_actions a10)
5.0: (validate_payload t3 a3 t4)
6.0: (sync_actions a3)
7.0: (validate_payload t4 a12 t5)
8.0: (sync_actions a12)
9.0: (validate_payload t5 a11 t6)
10.0: (sync_actions a11)
11.0: (validate_payload t6 a4 t7)
12.0: (sync_actions a4)
13.0: (validate_payload t7 a5 t8)
14.0: (sync_actions a5)
15.0: (validate_payload t8 a6 t9)
16.0: (sync_actions a6)
17.0: (validate_payload t9 a8 t10)
18.0: (sync_actions a8)
19.0: (del a5)
20.0: (validate_payload t11 a1 t12)
21.0: (sync_actions a1)
22.0: (del a5)
23.0: (validate_payload t13 a2 t14)
24.0: (sync_actions a2)
25.0: (del a8)
26.0: (del a6)
27.0: (validate_payload t16 a0 t17)
28.0: (sync_actions a0)
29.0: (validate_payload t17 a9 t18)
30.0: (sync_actions a9)

Plan-Length:31
Metric (Search):10.0
Planning Time (msec): 25835
Heuristic Time (msec): 17
Search Time (msec): 25828
Expanded Nodes:250289
States Evaluated:428275
Number of Dead-Ends detected:0
Number of Duplicates detected:23904
/usr/bin/time -v timeout 600 java -Xmx64g -jar ./enhsp3.jar -o ./domain_with_failure.pddl -f ./problems/BasePN-3And-add-5-d7/problem99.pddl -h blind -s WAStar
Domain parsed
Problem parsed
Grounding..
Grounding Time: 9124
UFX:true
|F|:31323
|X|:20
|A|:1595
|P|:0
|E|:0
h(I):0.0
f(n) = 2.0 (Expanded Nodes: 2, Evaluated States: 4, Time: 0.021) Frontier Size: 2
f(n) = 3.0 (Expanded Nodes: 20, Evaluated States: 67, Time: 0.079) Frontier Size: 47
f(n) = 4.0 (Expanded Nodes: 155, Evaluated States: 506, Time: 0.142) Frontier Size: 351
f(n) = 5.0 (Expanded Nodes: 845, Evaluated States: 2413, Time: 0.298) Frontier Size: 1568
f(n) = 6.0 (Expanded Nodes: 3217, Evaluated States: 8189, Time: 0.743) Frontier Size: 4972
f(n) = 7.0 (Expanded Nodes: 9469, Evaluated States: 21520, Time: 1.454) Frontier Size: 12051
f(n) = 8.0 (Expanded Nodes: 23725, Evaluated States: 48149, Time: 2.803) Frontier Size: 24424
f(n) = 9.0 (Expanded Nodes: 52951, Evaluated States: 97109, Time: 6.702) Frontier Size: 44158
-------------Time: 10s ; Expanded Nodes: 85781 (Avg-Speed 8578.0 n/s); Evaluated States: 151167
f(n) = 10.0 (Expanded Nodes: 106213, Evaluated States: 178400, Time: 13.481) Frontier Size: 72187
Problem Solved

Found Plan:
0.0: (del a9)
1.0: (validate_payload t1 a7 t2)
2.0: (sync_actions a7)
3.0: (validate_payload t2 a3 t3)
4.0: (sync_actions a3)
5.0: (validate_payload t3 a10 t4)
6.0: (sync_actions a10)
7.0: (validate_payload t4 a4 t5)
8.0: (sync_actions a4)
9.0: (validate_payload t5 a12 t6)
10.0: (sync_actions a12)
11.0: (validate_payload t6 a11 t7)
12.0: (sync_actions a11)
13.0: (del a3)
14.0: (validate_payload t8 a5 t9)
15.0: (sync_actions a5)
16.0: (validate_payload t9 a6 t10)
17.0: (sync_actions a6)
18.0: (del a9)
19.0: (validate_payload t11 a8 t12)
20.0: (sync_actions a8)
21.0: (validate_payload t12 a0 t13)
22.0: (sync_actions a0)
23.0: (validate_payload t13 a1 t14)
24.0: (sync_actions a1)
25.0: (del a3)
26.0: (del a5)
27.0: (validate_payload t16 a2 t17)
28.0: (sync_actions a2)
29.0: (validate_payload t17 a9 t18)
30.0: (sync_actions a9)

Plan-Length:31
Metric (Search):10.0
Planning Time (msec): 19140
Heuristic Time (msec): 22
Search Time (msec): 19137
Expanded Nodes:162309
States Evaluated:263837
Number of Dead-Ends detected:0
Number of Duplicates detected:17199
/usr/bin/time -v timeout 600 java -Xmx64g -jar ./enhsp3.jar -o ./domain_with_failure.pddl -f ./problems/BasePN-3And-add-5-d7/problem100.pddl -h blind -s WAStar
Domain parsed
Problem parsed
Grounding..
Grounding Time: 9198
UFX:true
|F|:31323
|X|:20
|A|:1595
|P|:0
|E|:0
h(I):0.0
f(n) = 1.0 (Expanded Nodes: 6, Evaluated States: 24, Time: 0.031) Frontier Size: 18
f(n) = 2.0 (Expanded Nodes: 38, Evaluated States: 106, Time: 0.091) Frontier Size: 68
f(n) = 3.0 (Expanded Nodes: 115, Evaluated States: 261, Time: 0.154) Frontier Size: 146
f(n) = 4.0 (Expanded Nodes: 295, Evaluated States: 645, Time: 0.215) Frontier Size: 350
f(n) = 5.0 (Expanded Nodes: 759, Evaluated States: 1529, Time: 0.336) Frontier Size: 770
f(n) = 6.0 (Expanded Nodes: 1647, Evaluated States: 3192, Time: 0.503) Frontier Size: 1545
f(n) = 7.0 (Expanded Nodes: 3475, Evaluated States: 6318, Time: 0.903) Frontier Size: 2843
f(n) = 8.0 (Expanded Nodes: 6848, Evaluated States: 11462, Time: 1.262) Frontier Size: 4614
f(n) = 9.0 (Expanded Nodes: 12320, Evaluated States: 19498, Time: 1.69) Frontier Size: 7178
f(n) = 10.0 (Expanded Nodes: 21315, Evaluated States: 32350, Time: 2.636) Frontier Size: 11035
f(n) = 11.0 (Expanded Nodes: 35243, Evaluated States: 52268, Time: 3.759) Frontier Size: 17025
Problem Solved

Found Plan:
0.0: (validate_payload t0 a7 t1)
1.0: (sync_actions a7)
2.0: (validate_payload t1 a10 t2)
3.0: (sync_actions a10)
4.0: (del a7)
5.0: (validate_payload t3 a3 t4)
6.0: (sync_actions a3)
7.0: (change_value a4 categorical c2)
8.0: (validate_payload t4 a4 t5)
9.0: (sync_actions a4)
10.0: (validate_payload t5 a5 t6)
11.0: (sync_actions a5)
12.0: (del a5)
13.0: (validate_payload t7 a6 t8)
14.0: (sync_actions a6)
15.0: (validate_payload t8 a12 t9)
16.0: (sync_actions a12)
17.0: (del a0)
18.0: (validate_payload t10 a11 t11)
19.0: (sync_actions a11)
20.0: (validate_payload t11 a8 t12)
21.0: (sync_actions a8)
22.0: (validate_payload t12 a0 t13)
23.0: (sync_actions a0)
24.0: (del a4)
25.0: (validate_payload t14 a1 t15)
26.0: (sync_actions a1)
27.0: (validate_payload t15 a2 t16)
28.0: (sync_actions a2)
29.0: (del a4)
30.0: (validate_payload t17 a9 t18)
31.0: (sync_actions a9)

Plan-Length:32
Metric (Search):11.0
Planning Time (msec): 6091
Heuristic Time (msec): 13
Search Time (msec): 6089
Expanded Nodes:43502
States Evaluated:66364
Number of Dead-Ends detected:0
Number of Duplicates detected:7221
Loading openjdk/17.0.8.1_1
  Loading requirement: glibc/2.35-aocc-3.2.0-wetwhfr
    gcc-runtime/12.1.0-gcc-12.1.0-uotjsm3 glibc/2.35-aocc-3.2.0-dkzxmta
	Command being timed: "timeout 600 java -Xmx64g -jar ./enhsp3.jar -o ./domain_with_failure.pddl -f ./problems/BasePN-3And-add-5-d7/problem1.pddl -h blind -s WAStar -dap"
	User time (seconds): 16.44
	System time (seconds): 1.03
	Percent of CPU this job got: 92%
	Elapsed (wall clock) time (h:mm:ss or m:ss): 0:18.99
	Average shared text size (kbytes): 0
	Average unshared data size (kbytes): 0
	Average stack size (kbytes): 0
	Average total size (kbytes): 0
	Maximum resident set size (kbytes): 2005880
	Average resident set size (kbytes): 0
	Major (requiring I/O) page faults: 71
	Minor (reclaiming a frame) page faults: 903129
	Voluntary context switches: 3790
	Involuntary context switches: 4371
	Swaps: 0
	File system inputs: 0
	File system outputs: 152
	Socket messages sent: 0
	Socket messages received: 0
	Signals delivered: 0
	Page size (bytes): 4096
	Exit status: 0
	Command being timed: "timeout 600 java -Xmx64g -jar ./enhsp3.jar -o ./domain_with_failure.pddl -f ./problems/BasePN-3And-add-5-d7/problem2.pddl -h blind -s WAStar -dap"
	User time (seconds): 15.00
	System time (seconds): 0.84
	Percent of CPU this job got: 99%
	Elapsed (wall clock) time (h:mm:ss or m:ss): 0:15.92
	Average shared text size (kbytes): 0
	Average unshared data size (kbytes): 0
	Average stack size (kbytes): 0
	Average total size (kbytes): 0
	Maximum resident set size (kbytes): 1674596
	Average resident set size (kbytes): 0
	Major (requiring I/O) page faults: 0
	Minor (reclaiming a frame) page faults: 792492
	Voluntary context switches: 3204
	Involuntary context switches: 4292
	Swaps: 0
	File system inputs: 0
	File system outputs: 160
	Socket messages sent: 0
	Socket messages received: 0
	Signals delivered: 0
	Page size (bytes): 4096
	Exit status: 0
	Command being timed: "timeout 600 java -Xmx64g -jar ./enhsp3.jar -o ./domain_with_failure.pddl -f ./problems/BasePN-3And-add-5-d7/problem3.pddl -h blind -s WAStar -dap"
	User time (seconds): 17.52
	System time (seconds): 1.03
	Percent of CPU this job got: 99%
	Elapsed (wall clock) time (h:mm:ss or m:ss): 0:18.57
	Average shared text size (kbytes): 0
	Average unshared data size (kbytes): 0
	Average stack size (kbytes): 0
	Average total size (kbytes): 0
	Maximum resident set size (kbytes): 2066912
	Average resident set size (kbytes): 0
	Major (requiring I/O) page faults: 0
	Minor (reclaiming a frame) page faults: 906763
	Voluntary context switches: 3136
	Involuntary context switches: 3956
	Swaps: 0
	File system inputs: 0
	File system outputs: 184
	Socket messages sent: 0
	Socket messages received: 0
	Signals delivered: 0
	Page size (bytes): 4096
	Exit status: 0
	Command being timed: "timeout 600 java -Xmx64g -jar ./enhsp3.jar -o ./domain_with_failure.pddl -f ./problems/BasePN-3And-add-5-d7/problem4.pddl -h blind -s WAStar -dap"
	User time (seconds): 22.77
	System time (seconds): 1.67
	Percent of CPU this job got: 99%
	Elapsed (wall clock) time (h:mm:ss or m:ss): 0:24.47
	Average shared text size (kbytes): 0
	Average unshared data size (kbytes): 0
	Average stack size (kbytes): 0
	Average total size (kbytes): 0
	Maximum resident set size (kbytes): 3746964
	Average resident set size (kbytes): 0
	Major (requiring I/O) page faults: 0
	Minor (reclaiming a frame) page faults: 1557325
	Voluntary context switches: 3707
	Involuntary context switches: 4466
	Swaps: 0
	File system inputs: 0
	File system outputs: 216
	Socket messages sent: 0
	Socket messages received: 0
	Signals delivered: 0
	Page size (bytes): 4096
	Exit status: 0
	Command being timed: "timeout 600 java -Xmx64g -jar ./enhsp3.jar -o ./domain_with_failure.pddl -f ./problems/BasePN-3And-add-5-d7/problem5.pddl -h blind -s WAStar -dap"
	User time (seconds): 28.67
	System time (seconds): 2.09
	Percent of CPU this job got: 99%
	Elapsed (wall clock) time (h:mm:ss or m:ss): 0:30.80
	Average shared text size (kbytes): 0
	Average unshared data size (kbytes): 0
	Average stack size (kbytes): 0
	Average total size (kbytes): 0
	Maximum resident set size (kbytes): 4624484
	Average resident set size (kbytes): 0
	Major (requiring I/O) page faults: 0
	Minor (reclaiming a frame) page faults: 1981281
	Voluntary context switches: 3907
	Involuntary context switches: 4742
	Swaps: 0
	File system inputs: 0
	File system outputs: 224
	Socket messages sent: 0
	Socket messages received: 0
	Signals delivered: 0
	Page size (bytes): 4096
	Exit status: 0
	Command being timed: "timeout 600 java -Xmx64g -jar ./enhsp3.jar -o ./domain_with_failure.pddl -f ./problems/BasePN-3And-add-5-d7/problem6.pddl -h blind -s WAStar -dap"
	User time (seconds): 24.60
	System time (seconds): 1.69
	Percent of CPU this job got: 99%
	Elapsed (wall clock) time (h:mm:ss or m:ss): 0:26.34
	Average shared text size (kbytes): 0
	Average unshared data size (kbytes): 0
	Average stack size (kbytes): 0
	Average total size (kbytes): 0
	Maximum resident set size (kbytes): 3670296
	Average resident set size (kbytes): 0
	Major (requiring I/O) page faults: 0
	Minor (reclaiming a frame) page faults: 1550202
	Voluntary context switches: 3780
	Involuntary context switches: 4566
	Swaps: 0
	File system inputs: 0
	File system outputs: 200
	Socket messages sent: 0
	Socket messages received: 0
	Signals delivered: 0
	Page size (bytes): 4096
	Exit status: 0
	Command being timed: "timeout 600 java -Xmx64g -jar ./enhsp3.jar -o ./domain_with_failure.pddl -f ./problems/BasePN-3And-add-5-d7/problem7.pddl -h blind -s WAStar -dap"
	User time (seconds): 20.77
	System time (seconds): 1.18
	Percent of CPU this job got: 99%
	Elapsed (wall clock) time (h:mm:ss or m:ss): 0:21.99
	Average shared text size (kbytes): 0
	Average unshared data size (kbytes): 0
	Average stack size (kbytes): 0
	Average total size (kbytes): 0
	Maximum resident set size (kbytes): 2456112
	Average resident set size (kbytes): 0
	Major (requiring I/O) page faults: 0
	Minor (reclaiming a frame) page faults: 1079192
	Voluntary context switches: 3320
	Involuntary context switches: 4468
	Swaps: 0
	File system inputs: 0
	File system outputs: 168
	Socket messages sent: 0
	Socket messages received: 0
	Signals delivered: 0
	Page size (bytes): 4096
	Exit status: 0
	Command being timed: "timeout 600 java -Xmx64g -jar ./enhsp3.jar -o ./domain_with_failure.pddl -f ./problems/BasePN-3And-add-5-d7/problem8.pddl -h blind -s WAStar -dap"
	User time (seconds): 50.63
	System time (seconds): 5.20
	Percent of CPU this job got: 99%
	Elapsed (wall clock) time (h:mm:ss or m:ss): 0:55.91
	Average shared text size (kbytes): 0
	Average unshared data size (kbytes): 0
	Average stack size (kbytes): 0
	Average total size (kbytes): 0
	Maximum resident set size (kbytes): 13333808
	Average resident set size (kbytes): 0
	Major (requiring I/O) page faults: 0
	Minor (reclaiming a frame) page faults: 4868836
	Voluntary context switches: 4403
	Involuntary context switches: 5531
	Swaps: 0
	File system inputs: 0
	File system outputs: 336
	Socket messages sent: 0
	Socket messages received: 0
	Signals delivered: 0
	Page size (bytes): 4096
	Exit status: 0
	Command being timed: "timeout 600 java -Xmx64g -jar ./enhsp3.jar -o ./domain_with_failure.pddl -f ./problems/BasePN-3And-add-5-d7/problem9.pddl -h blind -s WAStar -dap"
	User time (seconds): 14.68
	System time (seconds): 0.91
	Percent of CPU this job got: 99%
	Elapsed (wall clock) time (h:mm:ss or m:ss): 0:15.64
	Average shared text size (kbytes): 0
	Average unshared data size (kbytes): 0
	Average stack size (kbytes): 0
	Average total size (kbytes): 0
	Maximum resident set size (kbytes): 1681160
	Average resident set size (kbytes): 0
	Major (requiring I/O) page faults: 0
	Minor (reclaiming a frame) page faults: 798972
	Voluntary context switches: 3304
	Involuntary context switches: 3978
	Swaps: 0
	File system inputs: 0
	File system outputs: 152
	Socket messages sent: 0
	Socket messages received: 0
	Signals delivered: 0
	Page size (bytes): 4096
	Exit status: 0
	Command being timed: "timeout 600 java -Xmx64g -jar ./enhsp3.jar -o ./domain_with_failure.pddl -f ./problems/BasePN-3And-add-5-d7/problem10.pddl -h blind -s WAStar -dap"
	User time (seconds): 17.30
	System time (seconds): 0.88
	Percent of CPU this job got: 99%
	Elapsed (wall clock) time (h:mm:ss or m:ss): 0:18.21
	Average shared text size (kbytes): 0
	Average unshared data size (kbytes): 0
	Average stack size (kbytes): 0
	Average total size (kbytes): 0
	Maximum resident set size (kbytes): 1684648
	Average resident set size (kbytes): 0
	Major (requiring I/O) page faults: 0
	Minor (reclaiming a frame) page faults: 826759
	Voluntary context switches: 3262
	Involuntary context switches: 4338
	Swaps: 0
	File system inputs: 0
	File system outputs: 160
	Socket messages sent: 0
	Socket messages received: 0
	Signals delivered: 0
	Page size (bytes): 4096
	Exit status: 0
	Command being timed: "timeout 600 java -Xmx64g -jar ./enhsp3.jar -o ./domain_with_failure.pddl -f ./problems/BasePN-3And-add-5-d7/problem11.pddl -h blind -s WAStar -dap"
	User time (seconds): 17.20
	System time (seconds): 0.96
	Percent of CPU this job got: 99%
	Elapsed (wall clock) time (h:mm:ss or m:ss): 0:18.18
	Average shared text size (kbytes): 0
	Average unshared data size (kbytes): 0
	Average stack size (kbytes): 0
	Average total size (kbytes): 0
	Maximum resident set size (kbytes): 2055816
	Average resident set size (kbytes): 0
	Major (requiring I/O) page faults: 0
	Minor (reclaiming a frame) page faults: 902237
	Voluntary context switches: 3271
	Involuntary context switches: 4035
	Swaps: 0
	File system inputs: 0
	File system outputs: 152
	Socket messages sent: 0
	Socket messages received: 0
	Signals delivered: 0
	Page size (bytes): 4096
	Exit status: 0
	Command being timed: "timeout 600 java -Xmx64g -jar ./enhsp3.jar -o ./domain_with_failure.pddl -f ./problems/BasePN-3And-add-5-d7/problem12.pddl -h blind -s WAStar -dap"
	User time (seconds): 17.44
	System time (seconds): 1.00
	Percent of CPU this job got: 99%
	Elapsed (wall clock) time (h:mm:ss or m:ss): 0:18.48
	Average shared text size (kbytes): 0
	Average unshared data size (kbytes): 0
	Average stack size (kbytes): 0
	Average total size (kbytes): 0
	Maximum resident set size (kbytes): 2062124
	Average resident set size (kbytes): 0
	Major (requiring I/O) page faults: 0
	Minor (reclaiming a frame) page faults: 932600
	Voluntary context switches: 3688
	Involuntary context switches: 4246
	Swaps: 0
	File system inputs: 0
	File system outputs: 160
	Socket messages sent: 0
	Socket messages received: 0
	Signals delivered: 0
	Page size (bytes): 4096
	Exit status: 0
	Command being timed: "timeout 600 java -Xmx64g -jar ./enhsp3.jar -o ./domain_with_failure.pddl -f ./problems/BasePN-3And-add-5-d7/problem13.pddl -h blind -s WAStar -dap"
	User time (seconds): 17.13
	System time (seconds): 1.04
	Percent of CPU this job got: 99%
	Elapsed (wall clock) time (h:mm:ss or m:ss): 0:18.21
	Average shared text size (kbytes): 0
	Average unshared data size (kbytes): 0
	Average stack size (kbytes): 0
	Average total size (kbytes): 0
	Maximum resident set size (kbytes): 2052516
	Average resident set size (kbytes): 0
	Major (requiring I/O) page faults: 0
	Minor (reclaiming a frame) page faults: 926778
	Voluntary context switches: 3440
	Involuntary context switches: 4280
	Swaps: 0
	File system inputs: 0
	File system outputs: 152
	Socket messages sent: 0
	Socket messages received: 0
	Signals delivered: 0
	Page size (bytes): 4096
	Exit status: 0
	Command being timed: "timeout 600 java -Xmx64g -jar ./enhsp3.jar -o ./domain_with_failure.pddl -f ./problems/BasePN-3And-add-5-d7/problem14.pddl -h blind -s WAStar -dap"
	User time (seconds): 15.40
	System time (seconds): 0.92
	Percent of CPU this job got: 99%
	Elapsed (wall clock) time (h:mm:ss or m:ss): 0:16.37
	Average shared text size (kbytes): 0
	Average unshared data size (kbytes): 0
	Average stack size (kbytes): 0
	Average total size (kbytes): 0
	Maximum resident set size (kbytes): 1678696
	Average resident set size (kbytes): 0
	Major (requiring I/O) page faults: 0
	Minor (reclaiming a frame) page faults: 814266
	Voluntary context switches: 3266
	Involuntary context switches: 3837
	Swaps: 0
	File system inputs: 0
	File system outputs: 136
	Socket messages sent: 0
	Socket messages received: 0
	Signals delivered: 0
	Page size (bytes): 4096
	Exit status: 0
	Command being timed: "timeout 600 java -Xmx64g -jar ./enhsp3.jar -o ./domain_with_failure.pddl -f ./problems/BasePN-3And-add-5-d7/problem15.pddl -h blind -s WAStar -dap"
	User time (seconds): 22.26
	System time (seconds): 1.38
	Percent of CPU this job got: 99%
	Elapsed (wall clock) time (h:mm:ss or m:ss): 0:23.68
	Average shared text size (kbytes): 0
	Average unshared data size (kbytes): 0
	Average stack size (kbytes): 0
	Average total size (kbytes): 0
	Maximum resident set size (kbytes): 2771640
	Average resident set size (kbytes): 0
	Major (requiring I/O) page faults: 0
	Minor (reclaiming a frame) page faults: 1212582
	Voluntary context switches: 3504
	Involuntary context switches: 4322
	Swaps: 0
	File system inputs: 0
	File system outputs: 176
	Socket messages sent: 0
	Socket messages received: 0
	Signals delivered: 0
	Page size (bytes): 4096
	Exit status: 0
	Command being timed: "timeout 600 java -Xmx64g -jar ./enhsp3.jar -o ./domain_with_failure.pddl -f ./problems/BasePN-3And-add-5-d7/problem16.pddl -h blind -s WAStar -dap"
	User time (seconds): 20.21
	System time (seconds): 1.21
	Percent of CPU this job got: 99%
	Elapsed (wall clock) time (h:mm:ss or m:ss): 0:21.46
	Average shared text size (kbytes): 0
	Average unshared data size (kbytes): 0
	Average stack size (kbytes): 0
	Average total size (kbytes): 0
	Maximum resident set size (kbytes): 2472872
	Average resident set size (kbytes): 0
	Major (requiring I/O) page faults: 0
	Minor (reclaiming a frame) page faults: 1055870
	Voluntary context switches: 3639
	Involuntary context switches: 4437
	Swaps: 0
	File system inputs: 0
	File system outputs: 168
	Socket messages sent: 0
	Socket messages received: 0
	Signals delivered: 0
	Page size (bytes): 4096
	Exit status: 0
	Command being timed: "timeout 600 java -Xmx64g -jar ./enhsp3.jar -o ./domain_with_failure.pddl -f ./problems/BasePN-3And-add-5-d7/problem17.pddl -h blind -s WAStar -dap"
	User time (seconds): 17.76
	System time (seconds): 1.09
	Percent of CPU this job got: 99%
	Elapsed (wall clock) time (h:mm:ss or m:ss): 0:18.87
	Average shared text size (kbytes): 0
	Average unshared data size (kbytes): 0
	Average stack size (kbytes): 0
	Average total size (kbytes): 0
	Maximum resident set size (kbytes): 2064292
	Average resident set size (kbytes): 0
	Major (requiring I/O) page faults: 0
	Minor (reclaiming a frame) page faults: 966063
	Voluntary context switches: 3426
	Involuntary context switches: 4223
	Swaps: 0
	File system inputs: 0
	File system outputs: 160
	Socket messages sent: 0
	Socket messages received: 0
	Signals delivered: 0
	Page size (bytes): 4096
	Exit status: 0
	Command being timed: "timeout 600 java -Xmx64g -jar ./enhsp3.jar -o ./domain_with_failure.pddl -f ./problems/BasePN-3And-add-5-d7/problem18.pddl -h blind -s WAStar -dap"
	User time (seconds): 20.69
	System time (seconds): 1.25
	Percent of CPU this job got: 99%
	Elapsed (wall clock) time (h:mm:ss or m:ss): 0:21.98
	Average shared text size (kbytes): 0
	Average unshared data size (kbytes): 0
	Average stack size (kbytes): 0
	Average total size (kbytes): 0
	Maximum resident set size (kbytes): 2495336
	Average resident set size (kbytes): 0
	Major (requiring I/O) page faults: 0
	Minor (reclaiming a frame) page faults: 1110820
	Voluntary context switches: 3161
	Involuntary context switches: 4192
	Swaps: 0
	File system inputs: 0
	File system outputs: 176
	Socket messages sent: 0
	Socket messages received: 0
	Signals delivered: 0
	Page size (bytes): 4096
	Exit status: 0
	Command being timed: "timeout 600 java -Xmx64g -jar ./enhsp3.jar -o ./domain_with_failure.pddl -f ./problems/BasePN-3And-add-5-d7/problem19.pddl -h blind -s WAStar -dap"
	User time (seconds): 15.50
	System time (seconds): 0.93
	Percent of CPU this job got: 99%
	Elapsed (wall clock) time (h:mm:ss or m:ss): 0:16.46
	Average shared text size (kbytes): 0
	Average unshared data size (kbytes): 0
	Average stack size (kbytes): 0
	Average total size (kbytes): 0
	Maximum resident set size (kbytes): 1675024
	Average resident set size (kbytes): 0
	Major (requiring I/O) page faults: 0
	Minor (reclaiming a frame) page faults: 817670
	Voluntary context switches: 3396
	Involuntary context switches: 3970
	Swaps: 0
	File system inputs: 0
	File system outputs: 88
	Socket messages sent: 0
	Socket messages received: 0
	Signals delivered: 0
	Page size (bytes): 4096
	Exit status: 0
	Command being timed: "timeout 600 java -Xmx64g -jar ./enhsp3.jar -o ./domain_with_failure.pddl -f ./problems/BasePN-3And-add-5-d7/problem20.pddl -h blind -s WAStar -dap"
	User time (seconds): 21.95
	System time (seconds): 1.28
	Percent of CPU this job got: 99%
	Elapsed (wall clock) time (h:mm:ss or m:ss): 0:23.26
	Average shared text size (kbytes): 0
	Average unshared data size (kbytes): 0
	Average stack size (kbytes): 0
	Average total size (kbytes): 0
	Maximum resident set size (kbytes): 2708628
	Average resident set size (kbytes): 0
	Major (requiring I/O) page faults: 0
	Minor (reclaiming a frame) page faults: 1125463
	Voluntary context switches: 3690
	Involuntary context switches: 4462
	Swaps: 0
	File system inputs: 0
	File system outputs: 80
	Socket messages sent: 0
	Socket messages received: 0
	Signals delivered: 0
	Page size (bytes): 4096
	Exit status: 0
	Command being timed: "timeout 600 java -Xmx64g -jar ./enhsp3.jar -o ./domain_with_failure.pddl -f ./problems/BasePN-3And-add-5-d7/problem21.pddl -h blind -s WAStar -dap"
	User time (seconds): 15.63
	System time (seconds): 0.88
	Percent of CPU this job got: 99%
	Elapsed (wall clock) time (h:mm:ss or m:ss): 0:16.55
	Average shared text size (kbytes): 0
	Average unshared data size (kbytes): 0
	Average stack size (kbytes): 0
	Average total size (kbytes): 0
	Maximum resident set size (kbytes): 1673368
	Average resident set size (kbytes): 0
	Major (requiring I/O) page faults: 0
	Minor (reclaiming a frame) page faults: 817118
	Voluntary context switches: 3377
	Involuntary context switches: 4073
	Swaps: 0
	File system inputs: 0
	File system outputs: 64
	Socket messages sent: 0
	Socket messages received: 0
	Signals delivered: 0
	Page size (bytes): 4096
	Exit status: 0
	Command being timed: "timeout 600 java -Xmx64g -jar ./enhsp3.jar -o ./domain_with_failure.pddl -f ./problems/BasePN-3And-add-5-d7/problem22.pddl -h blind -s WAStar -dap"
	User time (seconds): 16.74
	System time (seconds): 1.01
	Percent of CPU this job got: 99%
	Elapsed (wall clock) time (h:mm:ss or m:ss): 0:17.78
	Average shared text size (kbytes): 0
	Average unshared data size (kbytes): 0
	Average stack size (kbytes): 0
	Average total size (kbytes): 0
	Maximum resident set size (kbytes): 2044072
	Average resident set size (kbytes): 0
	Major (requiring I/O) page faults: 0
	Minor (reclaiming a frame) page faults: 931190
	Voluntary context switches: 3630
	Involuntary context switches: 3941
	Swaps: 0
	File system inputs: 0
	File system outputs: 80
	Socket messages sent: 0
	Socket messages received: 0
	Signals delivered: 0
	Page size (bytes): 4096
	Exit status: 0
	Command being timed: "timeout 600 java -Xmx64g -jar ./enhsp3.jar -o ./domain_with_failure.pddl -f ./problems/BasePN-3And-add-5-d7/problem23.pddl -h blind -s WAStar -dap"
	User time (seconds): 23.94
	System time (seconds): 1.72
	Percent of CPU this job got: 99%
	Elapsed (wall clock) time (h:mm:ss or m:ss): 0:25.71
	Average shared text size (kbytes): 0
	Average unshared data size (kbytes): 0
	Average stack size (kbytes): 0
	Average total size (kbytes): 0
	Maximum resident set size (kbytes): 3832624
	Average resident set size (kbytes): 0
	Major (requiring I/O) page faults: 0
	Minor (reclaiming a frame) page faults: 1497589
	Voluntary context switches: 4034
	Involuntary context switches: 4640
	Swaps: 0
	File system inputs: 0
	File system outputs: 80
	Socket messages sent: 0
	Socket messages received: 0
	Signals delivered: 0
	Page size (bytes): 4096
	Exit status: 0
	Command being timed: "timeout 600 java -Xmx64g -jar ./enhsp3.jar -o ./domain_with_failure.pddl -f ./problems/BasePN-3And-add-5-d7/problem24.pddl -h blind -s WAStar -dap"
	User time (seconds): 21.90
	System time (seconds): 1.27
	Percent of CPU this job got: 99%
	Elapsed (wall clock) time (h:mm:ss or m:ss): 0:23.21
	Average shared text size (kbytes): 0
	Average unshared data size (kbytes): 0
	Average stack size (kbytes): 0
	Average total size (kbytes): 0
	Maximum resident set size (kbytes): 2799100
	Average resident set size (kbytes): 0
	Major (requiring I/O) page faults: 0
	Minor (reclaiming a frame) page faults: 1211579
	Voluntary context switches: 3522
	Involuntary context switches: 4195
	Swaps: 0
	File system inputs: 0
	File system outputs: 64
	Socket messages sent: 0
	Socket messages received: 0
	Signals delivered: 0
	Page size (bytes): 4096
	Exit status: 0
	Command being timed: "timeout 600 java -Xmx64g -jar ./enhsp3.jar -o ./domain_with_failure.pddl -f ./problems/BasePN-3And-add-5-d7/problem25.pddl -h blind -s WAStar -dap"
	User time (seconds): 18.37
	System time (seconds): 1.03
	Percent of CPU this job got: 99%
	Elapsed (wall clock) time (h:mm:ss or m:ss): 0:19.43
	Average shared text size (kbytes): 0
	Average unshared data size (kbytes): 0
	Average stack size (kbytes): 0
	Average total size (kbytes): 0
	Maximum resident set size (kbytes): 2071176
	Average resident set size (kbytes): 0
	Major (requiring I/O) page faults: 0
	Minor (reclaiming a frame) page faults: 971580
	Voluntary context switches: 3487
	Involuntary context switches: 4278
	Swaps: 0
	File system inputs: 0
	File system outputs: 80
	Socket messages sent: 0
	Socket messages received: 0
	Signals delivered: 0
	Page size (bytes): 4096
	Exit status: 0
	Command being timed: "timeout 600 java -Xmx64g -jar ./enhsp3.jar -o ./domain_with_failure.pddl -f ./problems/BasePN-3And-add-5-d7/problem26.pddl -h blind -s WAStar -dap"
	User time (seconds): 15.66
	System time (seconds): 0.94
	Percent of CPU this job got: 99%
	Elapsed (wall clock) time (h:mm:ss or m:ss): 0:16.64
	Average shared text size (kbytes): 0
	Average unshared data size (kbytes): 0
	Average stack size (kbytes): 0
	Average total size (kbytes): 0
	Maximum resident set size (kbytes): 1675668
	Average resident set size (kbytes): 0
	Major (requiring I/O) page faults: 0
	Minor (reclaiming a frame) page faults: 814283
	Voluntary context switches: 3402
	Involuntary context switches: 3987
	Swaps: 0
	File system inputs: 0
	File system outputs: 64
	Socket messages sent: 0
	Socket messages received: 0
	Signals delivered: 0
	Page size (bytes): 4096
	Exit status: 0
	Command being timed: "timeout 600 java -Xmx64g -jar ./enhsp3.jar -o ./domain_with_failure.pddl -f ./problems/BasePN-3And-add-5-d7/problem27.pddl -h blind -s WAStar -dap"
	User time (seconds): 15.68
	System time (seconds): 0.94
	Percent of CPU this job got: 99%
	Elapsed (wall clock) time (h:mm:ss or m:ss): 0:16.65
	Average shared text size (kbytes): 0
	Average unshared data size (kbytes): 0
	Average stack size (kbytes): 0
	Average total size (kbytes): 0
	Maximum resident set size (kbytes): 1680272
	Average resident set size (kbytes): 0
	Major (requiring I/O) page faults: 0
	Minor (reclaiming a frame) page faults: 816952
	Voluntary context switches: 3281
	Involuntary context switches: 4012
	Swaps: 0
	File system inputs: 0
	File system outputs: 80
	Socket messages sent: 0
	Socket messages received: 0
	Signals delivered: 0
	Page size (bytes): 4096
	Exit status: 0
	Command being timed: "timeout 600 java -Xmx64g -jar ./enhsp3.jar -o ./domain_with_failure.pddl -f ./problems/BasePN-3And-add-5-d7/problem28.pddl -h blind -s WAStar -dap"
	User time (seconds): 16.18
	System time (seconds): 0.90
	Percent of CPU this job got: 99%
	Elapsed (wall clock) time (h:mm:ss or m:ss): 0:17.12
	Average shared text size (kbytes): 0
	Average unshared data size (kbytes): 0
	Average stack size (kbytes): 0
	Average total size (kbytes): 0
	Maximum resident set size (kbytes): 1725472
	Average resident set size (kbytes): 0
	Major (requiring I/O) page faults: 0
	Minor (reclaiming a frame) page faults: 822387
	Voluntary context switches: 3444
	Involuntary context switches: 4291
	Swaps: 0
	File system inputs: 0
	File system outputs: 64
	Socket messages sent: 0
	Socket messages received: 0
	Signals delivered: 0
	Page size (bytes): 4096
	Exit status: 0
	Command being timed: "timeout 600 java -Xmx64g -jar ./enhsp3.jar -o ./domain_with_failure.pddl -f ./problems/BasePN-3And-add-5-d7/problem29.pddl -h blind -s WAStar -dap"
	User time (seconds): 16.54
	System time (seconds): 0.93
	Percent of CPU this job got: 99%
	Elapsed (wall clock) time (h:mm:ss or m:ss): 0:17.51
	Average shared text size (kbytes): 0
	Average unshared data size (kbytes): 0
	Average stack size (kbytes): 0
	Average total size (kbytes): 0
	Maximum resident set size (kbytes): 1678052
	Average resident set size (kbytes): 0
	Major (requiring I/O) page faults: 0
	Minor (reclaiming a frame) page faults: 815404
	Voluntary context switches: 3135
	Involuntary context switches: 3985
	Swaps: 0
	File system inputs: 0
	File system outputs: 80
	Socket messages sent: 0
	Socket messages received: 0
	Signals delivered: 0
	Page size (bytes): 4096
	Exit status: 0
	Command being timed: "timeout 600 java -Xmx64g -jar ./enhsp3.jar -o ./domain_with_failure.pddl -f ./problems/BasePN-3And-add-5-d7/problem30.pddl -h blind -s WAStar -dap"
	User time (seconds): 14.42
	System time (seconds): 0.86
	Percent of CPU this job got: 99%
	Elapsed (wall clock) time (h:mm:ss or m:ss): 0:15.33
	Average shared text size (kbytes): 0
	Average unshared data size (kbytes): 0
	Average stack size (kbytes): 0
	Average total size (kbytes): 0
	Maximum resident set size (kbytes): 1681956
	Average resident set size (kbytes): 0
	Major (requiring I/O) page faults: 0
	Minor (reclaiming a frame) page faults: 801863
	Voluntary context switches: 3304
	Involuntary context switches: 3715
	Swaps: 0
	File system inputs: 0
	File system outputs: 64
	Socket messages sent: 0
	Socket messages received: 0
	Signals delivered: 0
	Page size (bytes): 4096
	Exit status: 0
	Command being timed: "timeout 600 java -Xmx64g -jar ./enhsp3.jar -o ./domain_with_failure.pddl -f ./problems/BasePN-3And-add-5-d7/problem31.pddl -h blind -s WAStar -dap"
	User time (seconds): 19.91
	System time (seconds): 1.23
	Percent of CPU this job got: 99%
	Elapsed (wall clock) time (h:mm:ss or m:ss): 0:21.19
	Average shared text size (kbytes): 0
	Average unshared data size (kbytes): 0
	Average stack size (kbytes): 0
	Average total size (kbytes): 0
	Maximum resident set size (kbytes): 2584756
	Average resident set size (kbytes): 0
	Major (requiring I/O) page faults: 0
	Minor (reclaiming a frame) page faults: 1108289
	Voluntary context switches: 3640
	Involuntary context switches: 4100
	Swaps: 0
	File system inputs: 0
	File system outputs: 88
	Socket messages sent: 0
	Socket messages received: 0
	Signals delivered: 0
	Page size (bytes): 4096
	Exit status: 0
	Command being timed: "timeout 600 java -Xmx64g -jar ./enhsp3.jar -o ./domain_with_failure.pddl -f ./problems/BasePN-3And-add-5-d7/problem32.pddl -h blind -s WAStar -dap"
	User time (seconds): 16.51
	System time (seconds): 0.93
	Percent of CPU this job got: 99%
	Elapsed (wall clock) time (h:mm:ss or m:ss): 0:17.47
	Average shared text size (kbytes): 0
	Average unshared data size (kbytes): 0
	Average stack size (kbytes): 0
	Average total size (kbytes): 0
	Maximum resident set size (kbytes): 1677192
	Average resident set size (kbytes): 0
	Major (requiring I/O) page faults: 0
	Minor (reclaiming a frame) page faults: 818952
	Voluntary context switches: 3258
	Involuntary context switches: 4157
	Swaps: 0
	File system inputs: 0
	File system outputs: 80
	Socket messages sent: 0
	Socket messages received: 0
	Signals delivered: 0
	Page size (bytes): 4096
	Exit status: 0
	Command being timed: "timeout 600 java -Xmx64g -jar ./enhsp3.jar -o ./domain_with_failure.pddl -f ./problems/BasePN-3And-add-5-d7/problem33.pddl -h blind -s WAStar -dap"
	User time (seconds): 22.09
	System time (seconds): 1.39
	Percent of CPU this job got: 99%
	Elapsed (wall clock) time (h:mm:ss or m:ss): 0:23.52
	Average shared text size (kbytes): 0
	Average unshared data size (kbytes): 0
	Average stack size (kbytes): 0
	Average total size (kbytes): 0
	Maximum resident set size (kbytes): 2853808
	Average resident set size (kbytes): 0
	Major (requiring I/O) page faults: 0
	Minor (reclaiming a frame) page faults: 1258061
	Voluntary context switches: 3137
	Involuntary context switches: 4077
	Swaps: 0
	File system inputs: 0
	File system outputs: 88
	Socket messages sent: 0
	Socket messages received: 0
	Signals delivered: 0
	Page size (bytes): 4096
	Exit status: 0
	Command being timed: "timeout 600 java -Xmx64g -jar ./enhsp3.jar -o ./domain_with_failure.pddl -f ./problems/BasePN-3And-add-5-d7/problem34.pddl -h blind -s WAStar -dap"
	User time (seconds): 48.46
	System time (seconds): 4.41
	Percent of CPU this job got: 99%
	Elapsed (wall clock) time (h:mm:ss or m:ss): 0:52.93
	Average shared text size (kbytes): 0
	Average unshared data size (kbytes): 0
	Average stack size (kbytes): 0
	Average total size (kbytes): 0
	Maximum resident set size (kbytes): 10700604
	Average resident set size (kbytes): 0
	Major (requiring I/O) page faults: 0
	Minor (reclaiming a frame) page faults: 4196254
	Voluntary context switches: 4453
	Involuntary context switches: 5597
	Swaps: 0
	File system inputs: 0
	File system outputs: 144
	Socket messages sent: 0
	Socket messages received: 0
	Signals delivered: 0
	Page size (bytes): 4096
	Exit status: 0
	Command being timed: "timeout 600 java -Xmx64g -jar ./enhsp3.jar -o ./domain_with_failure.pddl -f ./problems/BasePN-3And-add-5-d7/problem35.pddl -h blind -s WAStar -dap"
	User time (seconds): 15.57
	System time (seconds): 0.89
	Percent of CPU this job got: 99%
	Elapsed (wall clock) time (h:mm:ss or m:ss): 0:16.50
	Average shared text size (kbytes): 0
	Average unshared data size (kbytes): 0
	Average stack size (kbytes): 0
	Average total size (kbytes): 0
	Maximum resident set size (kbytes): 1682552
	Average resident set size (kbytes): 0
	Major (requiring I/O) page faults: 0
	Minor (reclaiming a frame) page faults: 818358
	Voluntary context switches: 3054
	Involuntary context switches: 4008
	Swaps: 0
	File system inputs: 0
	File system outputs: 72
	Socket messages sent: 0
	Socket messages received: 0
	Signals delivered: 0
	Page size (bytes): 4096
	Exit status: 0
	Command being timed: "timeout 600 java -Xmx64g -jar ./enhsp3.jar -o ./domain_with_failure.pddl -f ./problems/BasePN-3And-add-5-d7/problem36.pddl -h blind -s WAStar -dap"
	User time (seconds): 17.63
	System time (seconds): 1.02
	Percent of CPU this job got: 99%
	Elapsed (wall clock) time (h:mm:ss or m:ss): 0:18.69
	Average shared text size (kbytes): 0
	Average unshared data size (kbytes): 0
	Average stack size (kbytes): 0
	Average total size (kbytes): 0
	Maximum resident set size (kbytes): 2078976
	Average resident set size (kbytes): 0
	Major (requiring I/O) page faults: 0
	Minor (reclaiming a frame) page faults: 933296
	Voluntary context switches: 3400
	Involuntary context switches: 4014
	Swaps: 0
	File system inputs: 0
	File system outputs: 80
	Socket messages sent: 0
	Socket messages received: 0
	Signals delivered: 0
	Page size (bytes): 4096
	Exit status: 0
	Command being timed: "timeout 600 java -Xmx64g -jar ./enhsp3.jar -o ./domain_with_failure.pddl -f ./problems/BasePN-3And-add-5-d7/problem37.pddl -h blind -s WAStar -dap"
	User time (seconds): 22.07
	System time (seconds): 1.59
	Percent of CPU this job got: 99%
	Elapsed (wall clock) time (h:mm:ss or m:ss): 0:23.70
	Average shared text size (kbytes): 0
	Average unshared data size (kbytes): 0
	Average stack size (kbytes): 0
	Average total size (kbytes): 0
	Maximum resident set size (kbytes): 3747200
	Average resident set size (kbytes): 0
	Major (requiring I/O) page faults: 0
	Minor (reclaiming a frame) page faults: 1419415
	Voluntary context switches: 3644
	Involuntary context switches: 4492
	Swaps: 0
	File system inputs: 0
	File system outputs: 72
	Socket messages sent: 0
	Socket messages received: 0
	Signals delivered: 0
	Page size (bytes): 4096
	Exit status: 0
	Command being timed: "timeout 600 java -Xmx64g -jar ./enhsp3.jar -o ./domain_with_failure.pddl -f ./problems/BasePN-3And-add-5-d7/problem38.pddl -h blind -s WAStar -dap"
	User time (seconds): 34.32
	System time (seconds): 2.95
	Percent of CPU this job got: 99%
	Elapsed (wall clock) time (h:mm:ss or m:ss): 0:37.32
	Average shared text size (kbytes): 0
	Average unshared data size (kbytes): 0
	Average stack size (kbytes): 0
	Average total size (kbytes): 0
	Maximum resident set size (kbytes): 6933368
	Average resident set size (kbytes): 0
	Major (requiring I/O) page faults: 0
	Minor (reclaiming a frame) page faults: 2706919
	Voluntary context switches: 4060
	Involuntary context switches: 4887
	Swaps: 0
	File system inputs: 0
	File system outputs: 104
	Socket messages sent: 0
	Socket messages received: 0
	Signals delivered: 0
	Page size (bytes): 4096
	Exit status: 0
	Command being timed: "timeout 600 java -Xmx64g -jar ./enhsp3.jar -o ./domain_with_failure.pddl -f ./problems/BasePN-3And-add-5-d7/problem39.pddl -h blind -s WAStar -dap"
	User time (seconds): 17.22
	System time (seconds): 0.99
	Percent of CPU this job got: 99%
	Elapsed (wall clock) time (h:mm:ss or m:ss): 0:18.25
	Average shared text size (kbytes): 0
	Average unshared data size (kbytes): 0
	Average stack size (kbytes): 0
	Average total size (kbytes): 0
	Maximum resident set size (kbytes): 2052820
	Average resident set size (kbytes): 0
	Major (requiring I/O) page faults: 0
	Minor (reclaiming a frame) page faults: 926450
	Voluntary context switches: 3379
	Involuntary context switches: 3966
	Swaps: 0
	File system inputs: 0
	File system outputs: 72
	Socket messages sent: 0
	Socket messages received: 0
	Signals delivered: 0
	Page size (bytes): 4096
	Exit status: 0
	Command being timed: "timeout 600 java -Xmx64g -jar ./enhsp3.jar -o ./domain_with_failure.pddl -f ./problems/BasePN-3And-add-5-d7/problem40.pddl -h blind -s WAStar -dap"
	User time (seconds): 14.73
	System time (seconds): 0.88
	Percent of CPU this job got: 99%
	Elapsed (wall clock) time (h:mm:ss or m:ss): 0:15.66
	Average shared text size (kbytes): 0
	Average unshared data size (kbytes): 0
	Average stack size (kbytes): 0
	Average total size (kbytes): 0
	Maximum resident set size (kbytes): 1681960
	Average resident set size (kbytes): 0
	Major (requiring I/O) page faults: 0
	Minor (reclaiming a frame) page faults: 800171
	Voluntary context switches: 3296
	Involuntary context switches: 3774
	Swaps: 0
	File system inputs: 0
	File system outputs: 72
	Socket messages sent: 0
	Socket messages received: 0
	Signals delivered: 0
	Page size (bytes): 4096
	Exit status: 0
	Command being timed: "timeout 600 java -Xmx64g -jar ./enhsp3.jar -o ./domain_with_failure.pddl -f ./problems/BasePN-3And-add-5-d7/problem41.pddl -h blind -s WAStar -dap"
	User time (seconds): 15.46
	System time (seconds): 0.92
	Percent of CPU this job got: 99%
	Elapsed (wall clock) time (h:mm:ss or m:ss): 0:16.42
	Average shared text size (kbytes): 0
	Average unshared data size (kbytes): 0
	Average stack size (kbytes): 0
	Average total size (kbytes): 0
	Maximum resident set size (kbytes): 1677284
	Average resident set size (kbytes): 0
	Major (requiring I/O) page faults: 0
	Minor (reclaiming a frame) page faults: 816891
	Voluntary context switches: 3601
	Involuntary context switches: 4186
	Swaps: 0
	File system inputs: 0
	File system outputs: 72
	Socket messages sent: 0
	Socket messages received: 0
	Signals delivered: 0
	Page size (bytes): 4096
	Exit status: 0
	Command being timed: "timeout 600 java -Xmx64g -jar ./enhsp3.jar -o ./domain_with_failure.pddl -f ./problems/BasePN-3And-add-5-d7/problem42.pddl -h blind -s WAStar -dap"
	User time (seconds): 38.19
	System time (seconds): 3.85
	Percent of CPU this job got: 99%
	Elapsed (wall clock) time (h:mm:ss or m:ss): 0:42.09
	Average shared text size (kbytes): 0
	Average unshared data size (kbytes): 0
	Average stack size (kbytes): 0
	Average total size (kbytes): 0
	Maximum resident set size (kbytes): 9327404
	Average resident set size (kbytes): 0
	Major (requiring I/O) page faults: 0
	Minor (reclaiming a frame) page faults: 3578806
	Voluntary context switches: 3995
	Involuntary context switches: 4924
	Swaps: 0
	File system inputs: 0
	File system outputs: 96
	Socket messages sent: 0
	Socket messages received: 0
	Signals delivered: 0
	Page size (bytes): 4096
	Exit status: 0
	Command being timed: "timeout 600 java -Xmx64g -jar ./enhsp3.jar -o ./domain_with_failure.pddl -f ./problems/BasePN-3And-add-5-d7/problem43.pddl -h blind -s WAStar -dap"
	User time (seconds): 17.03
	System time (seconds): 1.05
	Percent of CPU this job got: 99%
	Elapsed (wall clock) time (h:mm:ss or m:ss): 0:18.11
	Average shared text size (kbytes): 0
	Average unshared data size (kbytes): 0
	Average stack size (kbytes): 0
	Average total size (kbytes): 0
	Maximum resident set size (kbytes): 2102760
	Average resident set size (kbytes): 0
	Major (requiring I/O) page faults: 0
	Minor (reclaiming a frame) page faults: 940509
	Voluntary context switches: 3288
	Involuntary context switches: 4029
	Swaps: 0
	File system inputs: 0
	File system outputs: 72
	Socket messages sent: 0
	Socket messages received: 0
	Signals delivered: 0
	Page size (bytes): 4096
	Exit status: 0
	Command being timed: "timeout 600 java -Xmx64g -jar ./enhsp3.jar -o ./domain_with_failure.pddl -f ./problems/BasePN-3And-add-5-d7/problem44.pddl -h blind -s WAStar -dap"
	User time (seconds): 15.66
	System time (seconds): 0.86
	Percent of CPU this job got: 99%
	Elapsed (wall clock) time (h:mm:ss or m:ss): 0:16.56
	Average shared text size (kbytes): 0
	Average unshared data size (kbytes): 0
	Average stack size (kbytes): 0
	Average total size (kbytes): 0
	Maximum resident set size (kbytes): 1698892
	Average resident set size (kbytes): 0
	Major (requiring I/O) page faults: 0
	Minor (reclaiming a frame) page faults: 795860
	Voluntary context switches: 3099
	Involuntary context switches: 4047
	Swaps: 0
	File system inputs: 0
	File system outputs: 72
	Socket messages sent: 0
	Socket messages received: 0
	Signals delivered: 0
	Page size (bytes): 4096
	Exit status: 0
	Command being timed: "timeout 600 java -Xmx64g -jar ./enhsp3.jar -o ./domain_with_failure.pddl -f ./problems/BasePN-3And-add-5-d7/problem45.pddl -h blind -s WAStar -dap"
	User time (seconds): 15.11
	System time (seconds): 0.88
	Percent of CPU this job got: 99%
	Elapsed (wall clock) time (h:mm:ss or m:ss): 0:16.01
	Average shared text size (kbytes): 0
	Average unshared data size (kbytes): 0
	Average stack size (kbytes): 0
	Average total size (kbytes): 0
	Maximum resident set size (kbytes): 1681120
	Average resident set size (kbytes): 0
	Major (requiring I/O) page faults: 0
	Minor (reclaiming a frame) page faults: 813412
	Voluntary context switches: 3045
	Involuntary context switches: 3784
	Swaps: 0
	File system inputs: 0
	File system outputs: 72
	Socket messages sent: 0
	Socket messages received: 0
	Signals delivered: 0
	Page size (bytes): 4096
	Exit status: 0
	Command being timed: "timeout 600 java -Xmx64g -jar ./enhsp3.jar -o ./domain_with_failure.pddl -f ./problems/BasePN-3And-add-5-d7/problem46.pddl -h blind -s WAStar -dap"
	User time (seconds): 16.64
	System time (seconds): 0.89
	Percent of CPU this job got: 99%
	Elapsed (wall clock) time (h:mm:ss or m:ss): 0:17.58
	Average shared text size (kbytes): 0
	Average unshared data size (kbytes): 0
	Average stack size (kbytes): 0
	Average total size (kbytes): 0
	Maximum resident set size (kbytes): 1675912
	Average resident set size (kbytes): 0
	Major (requiring I/O) page faults: 0
	Minor (reclaiming a frame) page faults: 815920
	Voluntary context switches: 3553
	Involuntary context switches: 4184
	Swaps: 0
	File system inputs: 0
	File system outputs: 72
	Socket messages sent: 0
	Socket messages received: 0
	Signals delivered: 0
	Page size (bytes): 4096
	Exit status: 0
	Command being timed: "timeout 600 java -Xmx64g -jar ./enhsp3.jar -o ./domain_with_failure.pddl -f ./problems/BasePN-3And-add-5-d7/problem47.pddl -h blind -s WAStar -dap"
	User time (seconds): 14.99
	System time (seconds): 0.92
	Percent of CPU this job got: 99%
	Elapsed (wall clock) time (h:mm:ss or m:ss): 0:15.93
	Average shared text size (kbytes): 0
	Average unshared data size (kbytes): 0
	Average stack size (kbytes): 0
	Average total size (kbytes): 0
	Maximum resident set size (kbytes): 1679336
	Average resident set size (kbytes): 0
	Major (requiring I/O) page faults: 0
	Minor (reclaiming a frame) page faults: 815388
	Voluntary context switches: 3354
	Involuntary context switches: 3895
	Swaps: 0
	File system inputs: 0
	File system outputs: 72
	Socket messages sent: 0
	Socket messages received: 0
	Signals delivered: 0
	Page size (bytes): 4096
	Exit status: 0
	Command being timed: "timeout 600 java -Xmx64g -jar ./enhsp3.jar -o ./domain_with_failure.pddl -f ./problems/BasePN-3And-add-5-d7/problem48.pddl -h blind -s WAStar -dap"
	User time (seconds): 103.36
	System time (seconds): 11.07
	Percent of CPU this job got: 99%
	Elapsed (wall clock) time (h:mm:ss or m:ss): 1:54.54
	Average shared text size (kbytes): 0
	Average unshared data size (kbytes): 0
	Average stack size (kbytes): 0
	Average total size (kbytes): 0
	Maximum resident set size (kbytes): 28666664
	Average resident set size (kbytes): 0
	Major (requiring I/O) page faults: 0
	Minor (reclaiming a frame) page faults: 10479109
	Voluntary context switches: 5887
	Involuntary context switches: 7780
	Swaps: 0
	File system inputs: 0
	File system outputs: 232
	Socket messages sent: 0
	Socket messages received: 0
	Signals delivered: 0
	Page size (bytes): 4096
	Exit status: 0
	Command being timed: "timeout 600 java -Xmx64g -jar ./enhsp3.jar -o ./domain_with_failure.pddl -f ./problems/BasePN-3And-add-5-d7/problem49.pddl -h blind -s WAStar -dap"
	User time (seconds): 32.67
	System time (seconds): 2.97
	Percent of CPU this job got: 99%
	Elapsed (wall clock) time (h:mm:ss or m:ss): 0:35.69
	Average shared text size (kbytes): 0
	Average unshared data size (kbytes): 0
	Average stack size (kbytes): 0
	Average total size (kbytes): 0
	Maximum resident set size (kbytes): 7197576
	Average resident set size (kbytes): 0
	Major (requiring I/O) page faults: 0
	Minor (reclaiming a frame) page faults: 2676300
	Voluntary context switches: 3976
	Involuntary context switches: 4816
	Swaps: 0
	File system inputs: 0
	File system outputs: 216
	Socket messages sent: 0
	Socket messages received: 0
	Signals delivered: 0
	Page size (bytes): 4096
	Exit status: 0
	Command being timed: "timeout 600 java -Xmx64g -jar ./enhsp3.jar -o ./domain_with_failure.pddl -f ./problems/BasePN-3And-add-5-d7/problem50.pddl -h blind -s WAStar -dap"
	User time (seconds): 16.43
	System time (seconds): 0.86
	Percent of CPU this job got: 99%
	Elapsed (wall clock) time (h:mm:ss or m:ss): 0:17.34
	Average shared text size (kbytes): 0
	Average unshared data size (kbytes): 0
	Average stack size (kbytes): 0
	Average total size (kbytes): 0
	Maximum resident set size (kbytes): 1683612
	Average resident set size (kbytes): 0
	Major (requiring I/O) page faults: 0
	Minor (reclaiming a frame) page faults: 816348
	Voluntary context switches: 3627
	Involuntary context switches: 4258
	Swaps: 0
	File system inputs: 0
	File system outputs: 176
	Socket messages sent: 0
	Socket messages received: 0
	Signals delivered: 0
	Page size (bytes): 4096
	Exit status: 0
	Command being timed: "timeout 600 java -Xmx64g -jar ./enhsp3.jar -o ./domain_with_failure.pddl -f ./problems/BasePN-3And-add-5-d7/problem51.pddl -h blind -s WAStar -dap"
	User time (seconds): 28.49
	System time (seconds): 2.08
	Percent of CPU this job got: 99%
	Elapsed (wall clock) time (h:mm:ss or m:ss): 0:30.60
	Average shared text size (kbytes): 0
	Average unshared data size (kbytes): 0
	Average stack size (kbytes): 0
	Average total size (kbytes): 0
	Maximum resident set size (kbytes): 4708896
	Average resident set size (kbytes): 0
	Major (requiring I/O) page faults: 0
	Minor (reclaiming a frame) page faults: 1827542
	Voluntary context switches: 3902
	Involuntary context switches: 4800
	Swaps: 0
	File system inputs: 0
	File system outputs: 224
	Socket messages sent: 0
	Socket messages received: 0
	Signals delivered: 0
	Page size (bytes): 4096
	Exit status: 0
	Command being timed: "timeout 600 java -Xmx64g -jar ./enhsp3.jar -o ./domain_with_failure.pddl -f ./problems/BasePN-3And-add-5-d7/problem52.pddl -h blind -s WAStar -dap"
	User time (seconds): 20.09
	System time (seconds): 1.18
	Percent of CPU this job got: 99%
	Elapsed (wall clock) time (h:mm:ss or m:ss): 0:21.32
	Average shared text size (kbytes): 0
	Average unshared data size (kbytes): 0
	Average stack size (kbytes): 0
	Average total size (kbytes): 0
	Maximum resident set size (kbytes): 2485112
	Average resident set size (kbytes): 0
	Major (requiring I/O) page faults: 0
	Minor (reclaiming a frame) page faults: 1089617
	Voluntary context switches: 3558
	Involuntary context switches: 4245
	Swaps: 0
	File system inputs: 0
	File system outputs: 160
	Socket messages sent: 0
	Socket messages received: 0
	Signals delivered: 0
	Page size (bytes): 4096
	Exit status: 0
	Command being timed: "timeout 600 java -Xmx64g -jar ./enhsp3.jar -o ./domain_with_failure.pddl -f ./problems/BasePN-3And-add-5-d7/problem53.pddl -h blind -s WAStar -dap"
	User time (seconds): 16.20
	System time (seconds): 0.86
	Percent of CPU this job got: 99%
	Elapsed (wall clock) time (h:mm:ss or m:ss): 0:17.09
	Average shared text size (kbytes): 0
	Average unshared data size (kbytes): 0
	Average stack size (kbytes): 0
	Average total size (kbytes): 0
	Maximum resident set size (kbytes): 1680904
	Average resident set size (kbytes): 0
	Major (requiring I/O) page faults: 0
	Minor (reclaiming a frame) page faults: 816317
	Voluntary context switches: 3484
	Involuntary context switches: 4031
	Swaps: 0
	File system inputs: 0
	File system outputs: 152
	Socket messages sent: 0
	Socket messages received: 0
	Signals delivered: 0
	Page size (bytes): 4096
	Exit status: 0
	Command being timed: "timeout 600 java -Xmx64g -jar ./enhsp3.jar -o ./domain_with_failure.pddl -f ./problems/BasePN-3And-add-5-d7/problem54.pddl -h blind -s WAStar -dap"
	User time (seconds): 16.61
	System time (seconds): 0.90
	Percent of CPU this job got: 99%
	Elapsed (wall clock) time (h:mm:ss or m:ss): 0:17.55
	Average shared text size (kbytes): 0
	Average unshared data size (kbytes): 0
	Average stack size (kbytes): 0
	Average total size (kbytes): 0
	Maximum resident set size (kbytes): 1685536
	Average resident set size (kbytes): 0
	Major (requiring I/O) page faults: 0
	Minor (reclaiming a frame) page faults: 824772
	Voluntary context switches: 3360
	Involuntary context switches: 4076
	Swaps: 0
	File system inputs: 0
	File system outputs: 160
	Socket messages sent: 0
	Socket messages received: 0
	Signals delivered: 0
	Page size (bytes): 4096
	Exit status: 0
	Command being timed: "timeout 600 java -Xmx64g -jar ./enhsp3.jar -o ./domain_with_failure.pddl -f ./problems/BasePN-3And-add-5-d7/problem55.pddl -h blind -s WAStar -dap"
	User time (seconds): 27.93
	System time (seconds): 2.06
	Percent of CPU this job got: 99%
	Elapsed (wall clock) time (h:mm:ss or m:ss): 0:30.03
	Average shared text size (kbytes): 0
	Average unshared data size (kbytes): 0
	Average stack size (kbytes): 0
	Average total size (kbytes): 0
	Maximum resident set size (kbytes): 4640208
	Average resident set size (kbytes): 0
	Major (requiring I/O) page faults: 0
	Minor (reclaiming a frame) page faults: 1823765
	Voluntary context switches: 3732
	Involuntary context switches: 4625
	Swaps: 0
	File system inputs: 0
	File system outputs: 224
	Socket messages sent: 0
	Socket messages received: 0
	Signals delivered: 0
	Page size (bytes): 4096
	Exit status: 0
	Command being timed: "timeout 600 java -Xmx64g -jar ./enhsp3.jar -o ./domain_with_failure.pddl -f ./problems/BasePN-3And-add-5-d7/problem56.pddl -h blind -s WAStar -dap"
	User time (seconds): 30.02
	System time (seconds): 2.38
	Percent of CPU this job got: 99%
	Elapsed (wall clock) time (h:mm:ss or m:ss): 0:32.47
	Average shared text size (kbytes): 0
	Average unshared data size (kbytes): 0
	Average stack size (kbytes): 0
	Average total size (kbytes): 0
	Maximum resident set size (kbytes): 5502352
	Average resident set size (kbytes): 0
	Major (requiring I/O) page faults: 0
	Minor (reclaiming a frame) page faults: 2135577
	Voluntary context switches: 3940
	Involuntary context switches: 4994
	Swaps: 0
	File system inputs: 0
	File system outputs: 216
	Socket messages sent: 0
	Socket messages received: 0
	Signals delivered: 0
	Page size (bytes): 4096
	Exit status: 0
	Command being timed: "timeout 600 java -Xmx64g -jar ./enhsp3.jar -o ./domain_with_failure.pddl -f ./problems/BasePN-3And-add-5-d7/problem57.pddl -h blind -s WAStar -dap"
	User time (seconds): 16.18
	System time (seconds): 0.90
	Percent of CPU this job got: 99%
	Elapsed (wall clock) time (h:mm:ss or m:ss): 0:17.11
	Average shared text size (kbytes): 0
	Average unshared data size (kbytes): 0
	Average stack size (kbytes): 0
	Average total size (kbytes): 0
	Maximum resident set size (kbytes): 1684044
	Average resident set size (kbytes): 0
	Major (requiring I/O) page faults: 0
	Minor (reclaiming a frame) page faults: 821671
	Voluntary context switches: 3144
	Involuntary context switches: 3912
	Swaps: 0
	File system inputs: 0
	File system outputs: 152
	Socket messages sent: 0
	Socket messages received: 0
	Signals delivered: 0
	Page size (bytes): 4096
	Exit status: 0
	Command being timed: "timeout 600 java -Xmx64g -jar ./enhsp3.jar -o ./domain_with_failure.pddl -f ./problems/BasePN-3And-add-5-d7/problem58.pddl -h blind -s WAStar -dap"
	User time (seconds): 29.16
	System time (seconds): 2.10
	Percent of CPU this job got: 99%
	Elapsed (wall clock) time (h:mm:ss or m:ss): 0:31.30
	Average shared text size (kbytes): 0
	Average unshared data size (kbytes): 0
	Average stack size (kbytes): 0
	Average total size (kbytes): 0
	Maximum resident set size (kbytes): 4911824
	Average resident set size (kbytes): 0
	Major (requiring I/O) page faults: 0
	Minor (reclaiming a frame) page faults: 1899392
	Voluntary context switches: 3749
	Involuntary context switches: 4832
	Swaps: 0
	File system inputs: 0
	File system outputs: 224
	Socket messages sent: 0
	Socket messages received: 0
	Signals delivered: 0
	Page size (bytes): 4096
	Exit status: 0
	Command being timed: "timeout 600 java -Xmx64g -jar ./enhsp3.jar -o ./domain_with_failure.pddl -f ./problems/BasePN-3And-add-5-d7/problem59.pddl -h blind -s WAStar -dap"
	User time (seconds): 34.67
	System time (seconds): 2.94
	Percent of CPU this job got: 99%
	Elapsed (wall clock) time (h:mm:ss or m:ss): 0:37.66
	Average shared text size (kbytes): 0
	Average unshared data size (kbytes): 0
	Average stack size (kbytes): 0
	Average total size (kbytes): 0
	Maximum resident set size (kbytes): 7082496
	Average resident set size (kbytes): 0
	Major (requiring I/O) page faults: 0
	Minor (reclaiming a frame) page faults: 2738375
	Voluntary context switches: 3788
	Involuntary context switches: 4925
	Swaps: 0
	File system inputs: 0
	File system outputs: 264
	Socket messages sent: 0
	Socket messages received: 0
	Signals delivered: 0
	Page size (bytes): 4096
	Exit status: 0
	Command being timed: "timeout 600 java -Xmx64g -jar ./enhsp3.jar -o ./domain_with_failure.pddl -f ./problems/BasePN-3And-add-5-d7/problem60.pddl -h blind -s WAStar -dap"
	User time (seconds): 14.30
	System time (seconds): 0.87
	Percent of CPU this job got: 99%
	Elapsed (wall clock) time (h:mm:ss or m:ss): 0:15.21
	Average shared text size (kbytes): 0
	Average unshared data size (kbytes): 0
	Average stack size (kbytes): 0
	Average total size (kbytes): 0
	Maximum resident set size (kbytes): 1676596
	Average resident set size (kbytes): 0
	Major (requiring I/O) page faults: 0
	Minor (reclaiming a frame) page faults: 806718
	Voluntary context switches: 3000
	Involuntary context switches: 3578
	Swaps: 0
	File system inputs: 0
	File system outputs: 144
	Socket messages sent: 0
	Socket messages received: 0
	Signals delivered: 0
	Page size (bytes): 4096
	Exit status: 0
	Command being timed: "timeout 600 java -Xmx64g -jar ./enhsp3.jar -o ./domain_with_failure.pddl -f ./problems/BasePN-3And-add-5-d7/problem61.pddl -h blind -s WAStar -dap"
	User time (seconds): 31.81
	System time (seconds): 2.77
	Percent of CPU this job got: 99%
	Elapsed (wall clock) time (h:mm:ss or m:ss): 0:34.63
	Average shared text size (kbytes): 0
	Average unshared data size (kbytes): 0
	Average stack size (kbytes): 0
	Average total size (kbytes): 0
	Maximum resident set size (kbytes): 6556144
	Average resident set size (kbytes): 0
	Major (requiring I/O) page faults: 0
	Minor (reclaiming a frame) page faults: 2582282
	Voluntary context switches: 3677
	Involuntary context switches: 4829
	Swaps: 0
	File system inputs: 0
	File system outputs: 216
	Socket messages sent: 0
	Socket messages received: 0
	Signals delivered: 0
	Page size (bytes): 4096
	Exit status: 0
	Command being timed: "timeout 600 java -Xmx64g -jar ./enhsp3.jar -o ./domain_with_failure.pddl -f ./problems/BasePN-3And-add-5-d7/problem62.pddl -h blind -s WAStar -dap"
	User time (seconds): 16.28
	System time (seconds): 1.02
	Percent of CPU this job got: 99%
	Elapsed (wall clock) time (h:mm:ss or m:ss): 0:17.33
	Average shared text size (kbytes): 0
	Average unshared data size (kbytes): 0
	Average stack size (kbytes): 0
	Average total size (kbytes): 0
	Maximum resident set size (kbytes): 2099120
	Average resident set size (kbytes): 0
	Major (requiring I/O) page faults: 0
	Minor (reclaiming a frame) page faults: 947461
	Voluntary context switches: 3310
	Involuntary context switches: 3940
	Swaps: 0
	File system inputs: 0
	File system outputs: 152
	Socket messages sent: 0
	Socket messages received: 0
	Signals delivered: 0
	Page size (bytes): 4096
	Exit status: 0
	Command being timed: "timeout 600 java -Xmx64g -jar ./enhsp3.jar -o ./domain_with_failure.pddl -f ./problems/BasePN-3And-add-5-d7/problem63.pddl -h blind -s WAStar -dap"
	User time (seconds): 14.34
	System time (seconds): 0.83
	Percent of CPU this job got: 99%
	Elapsed (wall clock) time (h:mm:ss or m:ss): 0:15.21
	Average shared text size (kbytes): 0
	Average unshared data size (kbytes): 0
	Average stack size (kbytes): 0
	Average total size (kbytes): 0
	Maximum resident set size (kbytes): 1682084
	Average resident set size (kbytes): 0
	Major (requiring I/O) page faults: 0
	Minor (reclaiming a frame) page faults: 803804
	Voluntary context switches: 2897
	Involuntary context switches: 3652
	Swaps: 0
	File system inputs: 0
	File system outputs: 136
	Socket messages sent: 0
	Socket messages received: 0
	Signals delivered: 0
	Page size (bytes): 4096
	Exit status: 0
	Command being timed: "timeout 600 java -Xmx64g -jar ./enhsp3.jar -o ./domain_with_failure.pddl -f ./problems/BasePN-3And-add-5-d7/problem64.pddl -h blind -s WAStar -dap"
	User time (seconds): 29.05
	System time (seconds): 2.08
	Percent of CPU this job got: 99%
	Elapsed (wall clock) time (h:mm:ss or m:ss): 0:31.17
	Average shared text size (kbytes): 0
	Average unshared data size (kbytes): 0
	Average stack size (kbytes): 0
	Average total size (kbytes): 0
	Maximum resident set size (kbytes): 4634236
	Average resident set size (kbytes): 0
	Major (requiring I/O) page faults: 0
	Minor (reclaiming a frame) page faults: 1951249
	Voluntary context switches: 3717
	Involuntary context switches: 4540
	Swaps: 0
	File system inputs: 0
	File system outputs: 224
	Socket messages sent: 0
	Socket messages received: 0
	Signals delivered: 0
	Page size (bytes): 4096
	Exit status: 0
	Command being timed: "timeout 600 java -Xmx64g -jar ./enhsp3.jar -o ./domain_with_failure.pddl -f ./problems/BasePN-3And-add-5-d7/problem65.pddl -h blind -s WAStar -dap"
	User time (seconds): 15.16
	System time (seconds): 0.86
	Percent of CPU this job got: 99%
	Elapsed (wall clock) time (h:mm:ss or m:ss): 0:16.05
	Average shared text size (kbytes): 0
	Average unshared data size (kbytes): 0
	Average stack size (kbytes): 0
	Average total size (kbytes): 0
	Maximum resident set size (kbytes): 1726932
	Average resident set size (kbytes): 0
	Major (requiring I/O) page faults: 0
	Minor (reclaiming a frame) page faults: 821925
	Voluntary context switches: 3255
	Involuntary context switches: 4082
	Swaps: 0
	File system inputs: 0
	File system outputs: 144
	Socket messages sent: 0
	Socket messages received: 0
	Signals delivered: 0
	Page size (bytes): 4096
	Exit status: 0
	Command being timed: "timeout 600 java -Xmx64g -jar ./enhsp3.jar -o ./domain_with_failure.pddl -f ./problems/BasePN-3And-add-5-d7/problem66.pddl -h blind -s WAStar -dap"
	User time (seconds): 15.35
	System time (seconds): 0.86
	Percent of CPU this job got: 99%
	Elapsed (wall clock) time (h:mm:ss or m:ss): 0:16.24
	Average shared text size (kbytes): 0
	Average unshared data size (kbytes): 0
	Average stack size (kbytes): 0
	Average total size (kbytes): 0
	Maximum resident set size (kbytes): 1676620
	Average resident set size (kbytes): 0
	Major (requiring I/O) page faults: 0
	Minor (reclaiming a frame) page faults: 815658
	Voluntary context switches: 3350
	Involuntary context switches: 3946
	Swaps: 0
	File system inputs: 0
	File system outputs: 144
	Socket messages sent: 0
	Socket messages received: 0
	Signals delivered: 0
	Page size (bytes): 4096
	Exit status: 0
	Command being timed: "timeout 600 java -Xmx64g -jar ./enhsp3.jar -o ./domain_with_failure.pddl -f ./problems/BasePN-3And-add-5-d7/problem67.pddl -h blind -s WAStar -dap"
	User time (seconds): 14.77
	System time (seconds): 0.92
	Percent of CPU this job got: 99%
	Elapsed (wall clock) time (h:mm:ss or m:ss): 0:15.73
	Average shared text size (kbytes): 0
	Average unshared data size (kbytes): 0
	Average stack size (kbytes): 0
	Average total size (kbytes): 0
	Maximum resident set size (kbytes): 1676152
	Average resident set size (kbytes): 0
	Major (requiring I/O) page faults: 0
	Minor (reclaiming a frame) page faults: 807368
	Voluntary context switches: 2910
	Involuntary context switches: 3612
	Swaps: 0
	File system inputs: 0
	File system outputs: 152
	Socket messages sent: 0
	Socket messages received: 0
	Signals delivered: 0
	Page size (bytes): 4096
	Exit status: 0
	Command being timed: "timeout 600 java -Xmx64g -jar ./enhsp3.jar -o ./domain_with_failure.pddl -f ./problems/BasePN-3And-add-5-d7/problem68.pddl -h blind -s WAStar -dap"
	User time (seconds): 16.82
	System time (seconds): 1.01
	Percent of CPU this job got: 99%
	Elapsed (wall clock) time (h:mm:ss or m:ss): 0:17.86
	Average shared text size (kbytes): 0
	Average unshared data size (kbytes): 0
	Average stack size (kbytes): 0
	Average total size (kbytes): 0
	Maximum resident set size (kbytes): 2064988
	Average resident set size (kbytes): 0
	Major (requiring I/O) page faults: 0
	Minor (reclaiming a frame) page faults: 891611
	Voluntary context switches: 3394
	Involuntary context switches: 4437
	Swaps: 0
	File system inputs: 0
	File system outputs: 160
	Socket messages sent: 0
	Socket messages received: 0
	Signals delivered: 0
	Page size (bytes): 4096
	Exit status: 0
	Command being timed: "timeout 600 java -Xmx64g -jar ./enhsp3.jar -o ./domain_with_failure.pddl -f ./problems/BasePN-3And-add-5-d7/problem69.pddl -h blind -s WAStar -dap"
	User time (seconds): 19.53
	System time (seconds): 1.20
	Percent of CPU this job got: 99%
	Elapsed (wall clock) time (h:mm:ss or m:ss): 0:20.76
	Average shared text size (kbytes): 0
	Average unshared data size (kbytes): 0
	Average stack size (kbytes): 0
	Average total size (kbytes): 0
	Maximum resident set size (kbytes): 2499032
	Average resident set size (kbytes): 0
	Major (requiring I/O) page faults: 0
	Minor (reclaiming a frame) page faults: 1077386
	Voluntary context switches: 3637
	Involuntary context switches: 4270
	Swaps: 0
	File system inputs: 0
	File system outputs: 176
	Socket messages sent: 0
	Socket messages received: 0
	Signals delivered: 0
	Page size (bytes): 4096
	Exit status: 0
	Command being timed: "timeout 600 java -Xmx64g -jar ./enhsp3.jar -o ./domain_with_failure.pddl -f ./problems/BasePN-3And-add-5-d7/problem70.pddl -h blind -s WAStar -dap"
	User time (seconds): 15.24
	System time (seconds): 0.86
	Percent of CPU this job got: 99%
	Elapsed (wall clock) time (h:mm:ss or m:ss): 0:16.14
	Average shared text size (kbytes): 0
	Average unshared data size (kbytes): 0
	Average stack size (kbytes): 0
	Average total size (kbytes): 0
	Maximum resident set size (kbytes): 1685648
	Average resident set size (kbytes): 0
	Major (requiring I/O) page faults: 0
	Minor (reclaiming a frame) page faults: 796237
	Voluntary context switches: 3358
	Involuntary context switches: 4031
	Swaps: 0
	File system inputs: 0
	File system outputs: 136
	Socket messages sent: 0
	Socket messages received: 0
	Signals delivered: 0
	Page size (bytes): 4096
	Exit status: 0
	Command being timed: "timeout 600 java -Xmx64g -jar ./enhsp3.jar -o ./domain_with_failure.pddl -f ./problems/BasePN-3And-add-5-d7/problem71.pddl -h blind -s WAStar -dap"
	User time (seconds): 14.73
	System time (seconds): 0.88
	Percent of CPU this job got: 99%
	Elapsed (wall clock) time (h:mm:ss or m:ss): 0:15.63
	Average shared text size (kbytes): 0
	Average unshared data size (kbytes): 0
	Average stack size (kbytes): 0
	Average total size (kbytes): 0
	Maximum resident set size (kbytes): 1675700
	Average resident set size (kbytes): 0
	Major (requiring I/O) page faults: 0
	Minor (reclaiming a frame) page faults: 790979
	Voluntary context switches: 3306
	Involuntary context switches: 3897
	Swaps: 0
	File system inputs: 0
	File system outputs: 152
	Socket messages sent: 0
	Socket messages received: 0
	Signals delivered: 0
	Page size (bytes): 4096
	Exit status: 0
	Command being timed: "timeout 600 java -Xmx64g -jar ./enhsp3.jar -o ./domain_with_failure.pddl -f ./problems/BasePN-3And-add-5-d7/problem72.pddl -h blind -s WAStar -dap"
	User time (seconds): 16.75
	System time (seconds): 1.05
	Percent of CPU this job got: 99%
	Elapsed (wall clock) time (h:mm:ss or m:ss): 0:17.83
	Average shared text size (kbytes): 0
	Average unshared data size (kbytes): 0
	Average stack size (kbytes): 0
	Average total size (kbytes): 0
	Maximum resident set size (kbytes): 2086488
	Average resident set size (kbytes): 0
	Major (requiring I/O) page faults: 0
	Minor (reclaiming a frame) page faults: 941999
	Voluntary context switches: 3288
	Involuntary context switches: 3897
	Swaps: 0
	File system inputs: 0
	File system outputs: 160
	Socket messages sent: 0
	Socket messages received: 0
	Signals delivered: 0
	Page size (bytes): 4096
	Exit status: 0
	Command being timed: "timeout 600 java -Xmx64g -jar ./enhsp3.jar -o ./domain_with_failure.pddl -f ./problems/BasePN-3And-add-5-d7/problem73.pddl -h blind -s WAStar -dap"
	User time (seconds): 16.22
	System time (seconds): 1.02
	Percent of CPU this job got: 99%
	Elapsed (wall clock) time (h:mm:ss or m:ss): 0:17.28
	Average shared text size (kbytes): 0
	Average unshared data size (kbytes): 0
	Average stack size (kbytes): 0
	Average total size (kbytes): 0
	Maximum resident set size (kbytes): 2050588
	Average resident set size (kbytes): 0
	Major (requiring I/O) page faults: 0
	Minor (reclaiming a frame) page faults: 919875
	Voluntary context switches: 3453
	Involuntary context switches: 4013
	Swaps: 0
	File system inputs: 0
	File system outputs: 152
	Socket messages sent: 0
	Socket messages received: 0
	Signals delivered: 0
	Page size (bytes): 4096
	Exit status: 0
	Command being timed: "timeout 600 java -Xmx64g -jar ./enhsp3.jar -o ./domain_with_failure.pddl -f ./problems/BasePN-3And-add-5-d7/problem74.pddl -h blind -s WAStar -dap"
	User time (seconds): 21.72
	System time (seconds): 1.60
	Percent of CPU this job got: 99%
	Elapsed (wall clock) time (h:mm:ss or m:ss): 0:23.37
	Average shared text size (kbytes): 0
	Average unshared data size (kbytes): 0
	Average stack size (kbytes): 0
	Average total size (kbytes): 0
	Maximum resident set size (kbytes): 3749176
	Average resident set size (kbytes): 0
	Major (requiring I/O) page faults: 0
	Minor (reclaiming a frame) page faults: 1441222
	Voluntary context switches: 3794
	Involuntary context switches: 4383
	Swaps: 0
	File system inputs: 0
	File system outputs: 160
	Socket messages sent: 0
	Socket messages received: 0
	Signals delivered: 0
	Page size (bytes): 4096
	Exit status: 0
	Command being timed: "timeout 600 java -Xmx64g -jar ./enhsp3.jar -o ./domain_with_failure.pddl -f ./problems/BasePN-3And-add-5-d7/problem75.pddl -h blind -s WAStar -dap"
	User time (seconds): 15.68
	System time (seconds): 1.01
	Percent of CPU this job got: 99%
	Elapsed (wall clock) time (h:mm:ss or m:ss): 0:16.72
	Average shared text size (kbytes): 0
	Average unshared data size (kbytes): 0
	Average stack size (kbytes): 0
	Average total size (kbytes): 0
	Maximum resident set size (kbytes): 2087056
	Average resident set size (kbytes): 0
	Major (requiring I/O) page faults: 0
	Minor (reclaiming a frame) page faults: 942181
	Voluntary context switches: 3571
	Involuntary context switches: 3925
	Swaps: 0
	File system inputs: 0
	File system outputs: 144
	Socket messages sent: 0
	Socket messages received: 0
	Signals delivered: 0
	Page size (bytes): 4096
	Exit status: 0
	Command being timed: "timeout 600 java -Xmx64g -jar ./enhsp3.jar -o ./domain_with_failure.pddl -f ./problems/BasePN-3And-add-5-d7/problem76.pddl -h blind -s WAStar -dap"
	User time (seconds): 21.07
	System time (seconds): 1.54
	Percent of CPU this job got: 99%
	Elapsed (wall clock) time (h:mm:ss or m:ss): 0:22.65
	Average shared text size (kbytes): 0
	Average unshared data size (kbytes): 0
	Average stack size (kbytes): 0
	Average total size (kbytes): 0
	Maximum resident set size (kbytes): 3662904
	Average resident set size (kbytes): 0
	Major (requiring I/O) page faults: 0
	Minor (reclaiming a frame) page faults: 1429174
	Voluntary context switches: 3243
	Involuntary context switches: 4135
	Swaps: 0
	File system inputs: 0
	File system outputs: 168
	Socket messages sent: 0
	Socket messages received: 0
	Signals delivered: 0
	Page size (bytes): 4096
	Exit status: 0
	Command being timed: "timeout 600 java -Xmx64g -jar ./enhsp3.jar -o ./domain_with_failure.pddl -f ./problems/BasePN-3And-add-5-d7/problem77.pddl -h blind -s WAStar -dap"
	User time (seconds): 13.68
	System time (seconds): 0.85
	Percent of CPU this job got: 99%
	Elapsed (wall clock) time (h:mm:ss or m:ss): 0:14.57
	Average shared text size (kbytes): 0
	Average unshared data size (kbytes): 0
	Average stack size (kbytes): 0
	Average total size (kbytes): 0
	Maximum resident set size (kbytes): 1679932
	Average resident set size (kbytes): 0
	Major (requiring I/O) page faults: 0
	Minor (reclaiming a frame) page faults: 821173
	Voluntary context switches: 2954
	Involuntary context switches: 3585
	Swaps: 0
	File system inputs: 0
	File system outputs: 136
	Socket messages sent: 0
	Socket messages received: 0
	Signals delivered: 0
	Page size (bytes): 4096
	Exit status: 0
	Command being timed: "timeout 600 java -Xmx64g -jar ./enhsp3.jar -o ./domain_with_failure.pddl -f ./problems/BasePN-3And-add-5-d7/problem78.pddl -h blind -s WAStar -dap"
	User time (seconds): 14.78
	System time (seconds): 0.89
	Percent of CPU this job got: 99%
	Elapsed (wall clock) time (h:mm:ss or m:ss): 0:15.70
	Average shared text size (kbytes): 0
	Average unshared data size (kbytes): 0
	Average stack size (kbytes): 0
	Average total size (kbytes): 0
	Maximum resident set size (kbytes): 1685648
	Average resident set size (kbytes): 0
	Major (requiring I/O) page faults: 0
	Minor (reclaiming a frame) page faults: 815509
	Voluntary context switches: 3226
	Involuntary context switches: 3840
	Swaps: 0
	File system inputs: 0
	File system outputs: 152
	Socket messages sent: 0
	Socket messages received: 0
	Signals delivered: 0
	Page size (bytes): 4096
	Exit status: 0
	Command being timed: "timeout 600 java -Xmx64g -jar ./enhsp3.jar -o ./domain_with_failure.pddl -f ./problems/BasePN-3And-add-5-d7/problem79.pddl -h blind -s WAStar -dap"
	User time (seconds): 14.78
	System time (seconds): 0.87
	Percent of CPU this job got: 99%
	Elapsed (wall clock) time (h:mm:ss or m:ss): 0:15.70
	Average shared text size (kbytes): 0
	Average unshared data size (kbytes): 0
	Average stack size (kbytes): 0
	Average total size (kbytes): 0
	Maximum resident set size (kbytes): 1684908
	Average resident set size (kbytes): 0
	Major (requiring I/O) page faults: 1
	Minor (reclaiming a frame) page faults: 825321
	Voluntary context switches: 3390
	Involuntary context switches: 4045
	Swaps: 0
	File system inputs: 0
	File system outputs: 136
	Socket messages sent: 0
	Socket messages received: 0
	Signals delivered: 0
	Page size (bytes): 4096
	Exit status: 0
	Command being timed: "timeout 600 java -Xmx64g -jar ./enhsp3.jar -o ./domain_with_failure.pddl -f ./problems/BasePN-3And-add-5-d7/problem80.pddl -h blind -s WAStar -dap"
	User time (seconds): 21.89
	System time (seconds): 1.65
	Percent of CPU this job got: 99%
	Elapsed (wall clock) time (h:mm:ss or m:ss): 0:23.57
	Average shared text size (kbytes): 0
	Average unshared data size (kbytes): 0
	Average stack size (kbytes): 0
	Average total size (kbytes): 0
	Maximum resident set size (kbytes): 3795132
	Average resident set size (kbytes): 0
	Major (requiring I/O) page faults: 0
	Minor (reclaiming a frame) page faults: 1552505
	Voluntary context switches: 3930
	Involuntary context switches: 4447
	Swaps: 0
	File system inputs: 0
	File system outputs: 200
	Socket messages sent: 0
	Socket messages received: 0
	Signals delivered: 0
	Page size (bytes): 4096
	Exit status: 0
	Command being timed: "timeout 600 java -Xmx64g -jar ./enhsp3.jar -o ./domain_with_failure.pddl -f ./problems/BasePN-3And-add-5-d7/problem81.pddl -h blind -s WAStar -dap"
	User time (seconds): 19.30
	System time (seconds): 1.14
	Percent of CPU this job got: 99%
	Elapsed (wall clock) time (h:mm:ss or m:ss): 0:20.48
	Average shared text size (kbytes): 0
	Average unshared data size (kbytes): 0
	Average stack size (kbytes): 0
	Average total size (kbytes): 0
	Maximum resident set size (kbytes): 2462856
	Average resident set size (kbytes): 0
	Major (requiring I/O) page faults: 0
	Minor (reclaiming a frame) page faults: 1103623
	Voluntary context switches: 3673
	Involuntary context switches: 4321
	Swaps: 0
	File system inputs: 0
	File system outputs: 160
	Socket messages sent: 0
	Socket messages received: 0
	Signals delivered: 0
	Page size (bytes): 4096
	Exit status: 0
	Command being timed: "timeout 600 java -Xmx64g -jar ./enhsp3.jar -o ./domain_with_failure.pddl -f ./problems/BasePN-3And-add-5-d7/problem82.pddl -h blind -s WAStar -dap"
	User time (seconds): 13.15
	System time (seconds): 0.89
	Percent of CPU this job got: 99%
	Elapsed (wall clock) time (h:mm:ss or m:ss): 0:14.08
	Average shared text size (kbytes): 0
	Average unshared data size (kbytes): 0
	Average stack size (kbytes): 0
	Average total size (kbytes): 0
	Maximum resident set size (kbytes): 1676272
	Average resident set size (kbytes): 0
	Major (requiring I/O) page faults: 0
	Minor (reclaiming a frame) page faults: 791837
	Voluntary context switches: 2766
	Involuntary context switches: 3436
	Swaps: 0
	File system inputs: 0
	File system outputs: 144
	Socket messages sent: 0
	Socket messages received: 0
	Signals delivered: 0
	Page size (bytes): 4096
	Exit status: 0
	Command being timed: "timeout 600 java -Xmx64g -jar ./enhsp3.jar -o ./domain_with_failure.pddl -f ./problems/BasePN-3And-add-5-d7/problem83.pddl -h blind -s WAStar -dap"
	User time (seconds): 14.35
	System time (seconds): 0.88
	Percent of CPU this job got: 99%
	Elapsed (wall clock) time (h:mm:ss or m:ss): 0:15.25
	Average shared text size (kbytes): 0
	Average unshared data size (kbytes): 0
	Average stack size (kbytes): 0
	Average total size (kbytes): 0
	Maximum resident set size (kbytes): 1684160
	Average resident set size (kbytes): 0
	Major (requiring I/O) page faults: 0
	Minor (reclaiming a frame) page faults: 815203
	Voluntary context switches: 3364
	Involuntary context switches: 3886
	Swaps: 0
	File system inputs: 0
	File system outputs: 136
	Socket messages sent: 0
	Socket messages received: 0
	Signals delivered: 0
	Page size (bytes): 4096
	Exit status: 0
	Command being timed: "timeout 600 java -Xmx64g -jar ./enhsp3.jar -o ./domain_with_failure.pddl -f ./problems/BasePN-3And-add-5-d7/problem84.pddl -h blind -s WAStar -dap"
	User time (seconds): 13.97
	System time (seconds): 0.92
	Percent of CPU this job got: 99%
	Elapsed (wall clock) time (h:mm:ss or m:ss): 0:14.92
	Average shared text size (kbytes): 0
	Average unshared data size (kbytes): 0
	Average stack size (kbytes): 0
	Average total size (kbytes): 0
	Maximum resident set size (kbytes): 1686112
	Average resident set size (kbytes): 0
	Major (requiring I/O) page faults: 0
	Minor (reclaiming a frame) page faults: 825689
	Voluntary context switches: 3146
	Involuntary context switches: 3684
	Swaps: 0
	File system inputs: 0
	File system outputs: 128
	Socket messages sent: 0
	Socket messages received: 0
	Signals delivered: 0
	Page size (bytes): 4096
	Exit status: 0
	Command being timed: "timeout 600 java -Xmx64g -jar ./enhsp3.jar -o ./domain_with_failure.pddl -f ./problems/BasePN-3And-add-5-d7/problem85.pddl -h blind -s WAStar -dap"
	User time (seconds): 31.60
	System time (seconds): 2.75
	Percent of CPU this job got: 99%
	Elapsed (wall clock) time (h:mm:ss or m:ss): 0:34.39
	Average shared text size (kbytes): 0
	Average unshared data size (kbytes): 0
	Average stack size (kbytes): 0
	Average total size (kbytes): 0
	Maximum resident set size (kbytes): 6609000
	Average resident set size (kbytes): 0
	Major (requiring I/O) page faults: 0
	Minor (reclaiming a frame) page faults: 2601876
	Voluntary context switches: 3943
	Involuntary context switches: 4620
	Swaps: 0
	File system inputs: 0
	File system outputs: 240
	Socket messages sent: 0
	Socket messages received: 0
	Signals delivered: 0
	Page size (bytes): 4096
	Exit status: 0
	Command being timed: "timeout 600 java -Xmx64g -jar ./enhsp3.jar -o ./domain_with_failure.pddl -f ./problems/BasePN-3And-add-5-d7/problem86.pddl -h blind -s WAStar -dap"
	User time (seconds): 16.47
	System time (seconds): 1.01
	Percent of CPU this job got: 99%
	Elapsed (wall clock) time (h:mm:ss or m:ss): 0:17.52
	Average shared text size (kbytes): 0
	Average unshared data size (kbytes): 0
	Average stack size (kbytes): 0
	Average total size (kbytes): 0
	Maximum resident set size (kbytes): 2057548
	Average resident set size (kbytes): 0
	Major (requiring I/O) page faults: 0
	Minor (reclaiming a frame) page faults: 921383
	Voluntary context switches: 3581
	Involuntary context switches: 4028
	Swaps: 0
	File system inputs: 0
	File system outputs: 168
	Socket messages sent: 0
	Socket messages received: 0
	Signals delivered: 0
	Page size (bytes): 4096
	Exit status: 0
	Command being timed: "timeout 600 java -Xmx64g -jar ./enhsp3.jar -o ./domain_with_failure.pddl -f ./problems/BasePN-3And-add-5-d7/problem87.pddl -h blind -s WAStar -dap"
	User time (seconds): 15.70
	System time (seconds): 1.02
	Percent of CPU this job got: 99%
	Elapsed (wall clock) time (h:mm:ss or m:ss): 0:16.75
	Average shared text size (kbytes): 0
	Average unshared data size (kbytes): 0
	Average stack size (kbytes): 0
	Average total size (kbytes): 0
	Maximum resident set size (kbytes): 2054276
	Average resident set size (kbytes): 0
	Major (requiring I/O) page faults: 0
	Minor (reclaiming a frame) page faults: 934956
	Voluntary context switches: 3693
	Involuntary context switches: 4025
	Swaps: 0
	File system inputs: 0
	File system outputs: 152
	Socket messages sent: 0
	Socket messages received: 0
	Signals delivered: 0
	Page size (bytes): 4096
	Exit status: 0
	Command being timed: "timeout 600 java -Xmx64g -jar ./enhsp3.jar -o ./domain_with_failure.pddl -f ./problems/BasePN-3And-add-5-d7/problem88.pddl -h blind -s WAStar -dap"
	User time (seconds): 20.04
	System time (seconds): 1.31
	Percent of CPU this job got: 99%
	Elapsed (wall clock) time (h:mm:ss or m:ss): 0:21.38
	Average shared text size (kbytes): 0
	Average unshared data size (kbytes): 0
	Average stack size (kbytes): 0
	Average total size (kbytes): 0
	Maximum resident set size (kbytes): 2704152
	Average resident set size (kbytes): 0
	Major (requiring I/O) page faults: 0
	Minor (reclaiming a frame) page faults: 1238207
	Voluntary context switches: 3418
	Involuntary context switches: 3987
	Swaps: 0
	File system inputs: 0
	File system outputs: 160
	Socket messages sent: 0
	Socket messages received: 0
	Signals delivered: 0
	Page size (bytes): 4096
	Exit status: 0
	Command being timed: "timeout 600 java -Xmx64g -jar ./enhsp3.jar -o ./domain_with_failure.pddl -f ./problems/BasePN-3And-add-5-d7/problem89.pddl -h blind -s WAStar -dap"
	User time (seconds): 28.69
	System time (seconds): 2.74
	Percent of CPU this job got: 99%
	Elapsed (wall clock) time (h:mm:ss or m:ss): 0:31.47
	Average shared text size (kbytes): 0
	Average unshared data size (kbytes): 0
	Average stack size (kbytes): 0
	Average total size (kbytes): 0
	Maximum resident set size (kbytes): 6607012
	Average resident set size (kbytes): 0
	Major (requiring I/O) page faults: 0
	Minor (reclaiming a frame) page faults: 2569874
	Voluntary context switches: 3851
	Involuntary context switches: 4658
	Swaps: 0
	File system inputs: 0
	File system outputs: 224
	Socket messages sent: 0
	Socket messages received: 0
	Signals delivered: 0
	Page size (bytes): 4096
	Exit status: 0
	Command being timed: "timeout 600 java -Xmx64g -jar ./enhsp3.jar -o ./domain_with_failure.pddl -f ./problems/BasePN-3And-add-5-d7/problem90.pddl -h blind -s WAStar -dap"
	User time (seconds): 39.19
	System time (seconds): 3.49
	Percent of CPU this job got: 99%
	Elapsed (wall clock) time (h:mm:ss or m:ss): 0:42.75
	Average shared text size (kbytes): 0
	Average unshared data size (kbytes): 0
	Average stack size (kbytes): 0
	Average total size (kbytes): 0
	Maximum resident set size (kbytes): 8869724
	Average resident set size (kbytes): 0
	Major (requiring I/O) page faults: 0
	Minor (reclaiming a frame) page faults: 3296996
	Voluntary context switches: 4036
	Involuntary context switches: 5082
	Swaps: 0
	File system inputs: 0
	File system outputs: 264
	Socket messages sent: 0
	Socket messages received: 0
	Signals delivered: 0
	Page size (bytes): 4096
	Exit status: 0
	Command being timed: "timeout 600 java -Xmx64g -jar ./enhsp3.jar -o ./domain_with_failure.pddl -f ./problems/BasePN-3And-add-5-d7/problem91.pddl -h blind -s WAStar -dap"
	User time (seconds): 16.44
	System time (seconds): 1.01
	Percent of CPU this job got: 99%
	Elapsed (wall clock) time (h:mm:ss or m:ss): 0:17.54
	Average shared text size (kbytes): 0
	Average unshared data size (kbytes): 0
	Average stack size (kbytes): 0
	Average total size (kbytes): 0
	Maximum resident set size (kbytes): 2048720
	Average resident set size (kbytes): 0
	Major (requiring I/O) page faults: 0
	Minor (reclaiming a frame) page faults: 929606
	Voluntary context switches: 3237
	Involuntary context switches: 3827
	Swaps: 0
	File system inputs: 0
	File system outputs: 152
	Socket messages sent: 0
	Socket messages received: 0
	Signals delivered: 0
	Page size (bytes): 4096
	Exit status: 0
	Command being timed: "timeout 600 java -Xmx64g -jar ./enhsp3.jar -o ./domain_with_failure.pddl -f ./problems/BasePN-3And-add-5-d7/problem92.pddl -h blind -s WAStar -dap"
	User time (seconds): 27.88
	System time (seconds): 2.17
	Percent of CPU this job got: 99%
	Elapsed (wall clock) time (h:mm:ss or m:ss): 0:30.09
	Average shared text size (kbytes): 0
	Average unshared data size (kbytes): 0
	Average stack size (kbytes): 0
	Average total size (kbytes): 0
	Maximum resident set size (kbytes): 4916520
	Average resident set size (kbytes): 0
	Major (requiring I/O) page faults: 0
	Minor (reclaiming a frame) page faults: 2038025
	Voluntary context switches: 4010
	Involuntary context switches: 4619
	Swaps: 0
	File system inputs: 0
	File system outputs: 216
	Socket messages sent: 0
	Socket messages received: 0
	Signals delivered: 0
	Page size (bytes): 4096
	Exit status: 0
	Command being timed: "timeout 600 java -Xmx64g -jar ./enhsp3.jar -o ./domain_with_failure.pddl -f ./problems/BasePN-3And-add-5-d7/problem93.pddl -h blind -s WAStar -dap"
	User time (seconds): 13.79
	System time (seconds): 0.83
	Percent of CPU this job got: 99%
	Elapsed (wall clock) time (h:mm:ss or m:ss): 0:14.65
	Average shared text size (kbytes): 0
	Average unshared data size (kbytes): 0
	Average stack size (kbytes): 0
	Average total size (kbytes): 0
	Maximum resident set size (kbytes): 1677536
	Average resident set size (kbytes): 0
	Major (requiring I/O) page faults: 0
	Minor (reclaiming a frame) page faults: 792530
	Voluntary context switches: 3046
	Involuntary context switches: 3660
	Swaps: 0
	File system inputs: 0
	File system outputs: 136
	Socket messages sent: 0
	Socket messages received: 0
	Signals delivered: 0
	Page size (bytes): 4096
	Exit status: 0
	Command being timed: "timeout 600 java -Xmx64g -jar ./enhsp3.jar -o ./domain_with_failure.pddl -f ./problems/BasePN-3And-add-5-d7/problem94.pddl -h blind -s WAStar -dap"
	User time (seconds): 20.18
	System time (seconds): 1.68
	Percent of CPU this job got: 99%
	Elapsed (wall clock) time (h:mm:ss or m:ss): 0:21.90
	Average shared text size (kbytes): 0
	Average unshared data size (kbytes): 0
	Average stack size (kbytes): 0
	Average total size (kbytes): 0
	Maximum resident set size (kbytes): 3691128
	Average resident set size (kbytes): 0
	Major (requiring I/O) page faults: 0
	Minor (reclaiming a frame) page faults: 1538383
	Voluntary context switches: 3446
	Involuntary context switches: 3932
	Swaps: 0
	File system inputs: 0
	File system outputs: 176
	Socket messages sent: 0
	Socket messages received: 0
	Signals delivered: 0
	Page size (bytes): 4096
	Exit status: 0
	Command being timed: "timeout 600 java -Xmx64g -jar ./enhsp3.jar -o ./domain_with_failure.pddl -f ./problems/BasePN-3And-add-5-d7/problem95.pddl -h blind -s WAStar -dap"
	User time (seconds): 13.66
	System time (seconds): 0.85
	Percent of CPU this job got: 99%
	Elapsed (wall clock) time (h:mm:ss or m:ss): 0:14.55
	Average shared text size (kbytes): 0
	Average unshared data size (kbytes): 0
	Average stack size (kbytes): 0
	Average total size (kbytes): 0
	Maximum resident set size (kbytes): 1681448
	Average resident set size (kbytes): 0
	Major (requiring I/O) page faults: 0
	Minor (reclaiming a frame) page faults: 799843
	Voluntary context switches: 3242
	Involuntary context switches: 3768
	Swaps: 0
	File system inputs: 0
	File system outputs: 136
	Socket messages sent: 0
	Socket messages received: 0
	Signals delivered: 0
	Page size (bytes): 4096
	Exit status: 0
	Command being timed: "timeout 600 java -Xmx64g -jar ./enhsp3.jar -o ./domain_with_failure.pddl -f ./problems/BasePN-3And-add-5-d7/problem96.pddl -h blind -s WAStar -dap"
	User time (seconds): 19.49
	System time (seconds): 1.10
	Percent of CPU this job got: 99%
	Elapsed (wall clock) time (h:mm:ss or m:ss): 0:20.64
	Average shared text size (kbytes): 0
	Average unshared data size (kbytes): 0
	Average stack size (kbytes): 0
	Average total size (kbytes): 0
	Maximum resident set size (kbytes): 2481576
	Average resident set size (kbytes): 0
	Major (requiring I/O) page faults: 0
	Minor (reclaiming a frame) page faults: 1098762
	Voluntary context switches: 3301
	Involuntary context switches: 3981
	Swaps: 0
	File system inputs: 0
	File system outputs: 176
	Socket messages sent: 0
	Socket messages received: 0
	Signals delivered: 0
	Page size (bytes): 4096
	Exit status: 0
	Command being timed: "timeout 600 java -Xmx64g -jar ./enhsp3.jar -o ./domain_with_failure.pddl -f ./problems/BasePN-3And-add-5-d7/problem97.pddl -h blind -s WAStar -dap"
	User time (seconds): 28.31
	System time (seconds): 2.18
	Percent of CPU this job got: 99%
	Elapsed (wall clock) time (h:mm:ss or m:ss): 0:30.54
	Average shared text size (kbytes): 0
	Average unshared data size (kbytes): 0
	Average stack size (kbytes): 0
	Average total size (kbytes): 0
	Maximum resident set size (kbytes): 4890184
	Average resident set size (kbytes): 0
	Major (requiring I/O) page faults: 0
	Minor (reclaiming a frame) page faults: 2061766
	Voluntary context switches: 3962
	Involuntary context switches: 4820
	Swaps: 0
	File system inputs: 0
	File system outputs: 216
	Socket messages sent: 0
	Socket messages received: 0
	Signals delivered: 0
	Page size (bytes): 4096
	Exit status: 0
	Command being timed: "timeout 600 java -Xmx64g -jar ./enhsp3.jar -o ./domain_with_failure.pddl -f ./problems/BasePN-3And-add-5-d7/problem98.pddl -h blind -s WAStar -dap"
	User time (seconds): 36.63
	System time (seconds): 2.87
	Percent of CPU this job got: 99%
	Elapsed (wall clock) time (h:mm:ss or m:ss): 0:39.56
	Average shared text size (kbytes): 0
	Average unshared data size (kbytes): 0
	Average stack size (kbytes): 0
	Average total size (kbytes): 0
	Maximum resident set size (kbytes): 6731284
	Average resident set size (kbytes): 0
	Major (requiring I/O) page faults: 0
	Minor (reclaiming a frame) page faults: 2853361
	Voluntary context switches: 4327
	Involuntary context switches: 4932
	Swaps: 0
	File system inputs: 0
	File system outputs: 248
	Socket messages sent: 0
	Socket messages received: 0
	Signals delivered: 0
	Page size (bytes): 4096
	Exit status: 0
	Command being timed: "timeout 600 java -Xmx64g -jar ./enhsp3.jar -o ./domain_with_failure.pddl -f ./problems/BasePN-3And-add-5-d7/problem99.pddl -h blind -s WAStar -dap"
	User time (seconds): 29.98
	System time (seconds): 2.98
	Percent of CPU this job got: 99%
	Elapsed (wall clock) time (h:mm:ss or m:ss): 0:32.99
	Average shared text size (kbytes): 0
	Average unshared data size (kbytes): 0
	Average stack size (kbytes): 0
	Average total size (kbytes): 0
	Maximum resident set size (kbytes): 7354000
	Average resident set size (kbytes): 0
	Major (requiring I/O) page faults: 0
	Minor (reclaiming a frame) page faults: 2789796
	Voluntary context switches: 3648
	Involuntary context switches: 4534
	Swaps: 0
	File system inputs: 0
	File system outputs: 240
	Socket messages sent: 0
	Socket messages received: 0
	Signals delivered: 0
	Page size (bytes): 4096
	Exit status: 0
	Command being timed: "timeout 600 java -Xmx64g -jar ./enhsp3.jar -o ./domain_with_failure.pddl -f ./problems/BasePN-3And-add-5-d7/problem100.pddl -h blind -s WAStar -dap"
	User time (seconds): 18.43
	System time (seconds): 1.17
	Percent of CPU this job got: 99%
	Elapsed (wall clock) time (h:mm:ss or m:ss): 0:19.63
	Average shared text size (kbytes): 0
	Average unshared data size (kbytes): 0
	Average stack size (kbytes): 0
	Average total size (kbytes): 0
	Maximum resident set size (kbytes): 2450552
	Average resident set size (kbytes): 0
	Major (requiring I/O) page faults: 0
	Minor (reclaiming a frame) page faults: 1098322
	Voluntary context switches: 3531
	Involuntary context switches: 4038
	Swaps: 0
	File system inputs: 0
	File system outputs: 168
	Socket messages sent: 0
	Socket messages received: 0
	Signals delivered: 0
	Page size (bytes): 4096
	Exit status: 0
