/usr/bin/time -v timeout 600 java -Xmx64g -jar ./enhsp3.jar -o ./domain_with_failure.pddl -f ./problems/BasePN-0And-add-1-d7/problem1.pddl -h blind -s WAStar
Domain parsed
Problem parsed
Grounding..
Grounding Time: 4281
UFX:true
|F|:10254
|X|:18
|A|:704
|P|:0
|E|:0
h(I):0.0
f(n) = 2.0 (Expanded Nodes: 2, Evaluated States: 4, Time: 0.024) Frontier Size: 2
Problem Solved

Found Plan:
0.0: (del a11)
1.0: (validate_payload t1 a7 t2)
2.0: (sync_actions a7)
3.0: (validate_payload t2 a10 t3)
4.0: (sync_actions a10)
5.0: (validate_payload t3 a12 t4)
6.0: (sync_actions a12)
7.0: (validate_payload t4 a11 t5)
8.0: (sync_actions a11)
9.0: (validate_payload t5 a8 t6)
10.0: (sync_actions a8)
11.0: (validate_payload t6 a1 t7)
12.0: (sync_actions a1)
13.0: (validate_payload t7 a2 t8)
14.0: (sync_actions a2)
15.0: (validate_payload t8 a9 t9)
16.0: (sync_actions a9)

Plan-Length:17
Metric (Search):2.0
Planning Time (msec): 98
Heuristic Time (msec): 6
Search Time (msec): 90
Expanded Nodes:23
States Evaluated:73
Number of Dead-Ends detected:0
Number of Duplicates detected:0
/usr/bin/time -v timeout 600 java -Xmx64g -jar ./enhsp3.jar -o ./domain_with_failure.pddl -f ./problems/BasePN-0And-add-1-d7/problem2.pddl -h blind -s WAStar
Domain parsed
Problem parsed
Grounding..
Grounding Time: 4120
UFX:true
|F|:10254
|X|:17
|A|:704
|P|:0
|E|:0
h(I):0.0
f(n) = 1.0 (Expanded Nodes: 8, Evaluated States: 27, Time: 0.051) Frontier Size: 19
f(n) = 2.0 (Expanded Nodes: 37, Evaluated States: 92, Time: 0.108) Frontier Size: 55
Problem Solved

Found Plan:
0.0: (validate_payload t0 a7 t1)
1.0: (sync_actions a7)
2.0: (validate_payload t1 a10 t2)
3.0: (sync_actions a10)
4.0: (validate_payload t2 a12 t3)
5.0: (sync_actions a12)
6.0: (del a10)
7.0: (validate_payload t4 a11 t5)
8.0: (sync_actions a11)
9.0: (validate_payload t5 a8 t6)
10.0: (sync_actions a8)
11.0: (validate_payload t6 a1 t7)
12.0: (sync_actions a1)
13.0: (validate_payload t7 a2 t8)
14.0: (sync_actions a2)
15.0: (validate_payload t8 a9 t9)
16.0: (sync_actions a9)

Plan-Length:17
Metric (Search):2.0
Planning Time (msec): 172
Heuristic Time (msec): 9
Search Time (msec): 158
Expanded Nodes:113
States Evaluated:261
Number of Dead-Ends detected:0
Number of Duplicates detected:1
/usr/bin/time -v timeout 600 java -Xmx64g -jar ./enhsp3.jar -o ./domain_with_failure.pddl -f ./problems/BasePN-0And-add-1-d7/problem3.pddl -h blind -s WAStar
Domain parsed
Problem parsed
Grounding..
Grounding Time: 4086
UFX:true
|F|:10254
|X|:17
|A|:704
|P|:0
|E|:0
h(I):0.0
f(n) = 1.0 (Expanded Nodes: 14, Evaluated States: 52, Time: 0.05) Frontier Size: 38
f(n) = 2.0 (Expanded Nodes: 156, Evaluated States: 461, Time: 0.171) Frontier Size: 305
Problem Solved

Found Plan:
0.0: (validate_payload t0 a7 t1)
1.0: (sync_actions a7)
2.0: (validate_payload t1 a10 t2)
3.0: (sync_actions a10)
4.0: (validate_payload t2 a12 t3)
5.0: (sync_actions a12)
6.0: (validate_payload t3 a11 t4)
7.0: (sync_actions a11)
8.0: (validate_payload t4 a8 t5)
9.0: (sync_actions a8)
10.0: (validate_payload t5 a1 t6)
11.0: (sync_actions a1)
12.0: (del a11)
13.0: (validate_payload t7 a2 t8)
14.0: (sync_actions a2)
15.0: (validate_payload t8 a9 t9)
16.0: (sync_actions a9)

Plan-Length:17
Metric (Search):2.0
Planning Time (msec): 206
Heuristic Time (msec): 13
Search Time (msec): 203
Expanded Nodes:199
States Evaluated:545
Number of Dead-Ends detected:0
Number of Duplicates detected:1
/usr/bin/time -v timeout 600 java -Xmx64g -jar ./enhsp3.jar -o ./domain_with_failure.pddl -f ./problems/BasePN-0And-add-1-d7/problem4.pddl -h blind -s WAStar
Domain parsed
Problem parsed
Grounding..
Grounding Time: 4116
UFX:true
|F|:10254
|X|:18
|A|:704
|P|:0
|E|:0
h(I):0.0
f(n) = 1.0 (Expanded Nodes: 16, Evaluated States: 59, Time: 0.055) Frontier Size: 43
f(n) = 2.0 (Expanded Nodes: 214, Evaluated States: 631, Time: 0.185) Frontier Size: 417
Problem Solved

Found Plan:
0.0: (validate_payload t0 a7 t1)
1.0: (sync_actions a7)
2.0: (validate_payload t1 a10 t2)
3.0: (sync_actions a10)
4.0: (validate_payload t2 a12 t3)
5.0: (sync_actions a12)
6.0: (validate_payload t3 a11 t4)
7.0: (sync_actions a11)
8.0: (validate_payload t4 a8 t5)
9.0: (sync_actions a8)
10.0: (del a0)
11.0: (validate_payload t6 a1 t7)
12.0: (sync_actions a1)
13.0: (validate_payload t7 a2 t8)
14.0: (sync_actions a2)
15.0: (validate_payload t8 a9 t9)
16.0: (sync_actions a9)

Plan-Length:17
Metric (Search):2.0
Planning Time (msec): 370
Heuristic Time (msec): 2
Search Time (msec): 354
Expanded Nodes:966
States Evaluated:2390
Number of Dead-Ends detected:0
Number of Duplicates detected:3
/usr/bin/time -v timeout 600 java -Xmx64g -jar ./enhsp3.jar -o ./domain_with_failure.pddl -f ./problems/BasePN-0And-add-1-d7/problem5.pddl -h blind -s WAStar
Domain parsed
Problem parsed
Grounding..
Grounding Time: 4386
UFX:true
|F|:10251
|X|:16
|A|:703
|P|:0
|E|:0
h(I):0.0
f(n) = 1.0 (Expanded Nodes: 5, Evaluated States: 15, Time: 0.033) Frontier Size: 10
f(n) = 2.0 (Expanded Nodes: 21, Evaluated States: 43, Time: 0.081) Frontier Size: 22
Problem Solved

Found Plan:
0.0: (validate_payload t0 a7 t1)
1.0: (sync_actions a7)
2.0: (del a12)
3.0: (validate_payload t2 a10 t3)
4.0: (sync_actions a10)
5.0: (validate_payload t3 a12 t4)
6.0: (sync_actions a12)
7.0: (validate_payload t4 a11 t5)
8.0: (sync_actions a11)
9.0: (validate_payload t5 a8 t6)
10.0: (sync_actions a8)
11.0: (validate_payload t6 a0 t7)
12.0: (sync_actions a0)
13.0: (validate_payload t7 a9 t8)
14.0: (sync_actions a9)

Plan-Length:15
Metric (Search):2.0
Planning Time (msec): 112
Heuristic Time (msec): 8
Search Time (msec): 109
Expanded Nodes:51
States Evaluated:121
Number of Dead-Ends detected:0
Number of Duplicates detected:1
/usr/bin/time -v timeout 600 java -Xmx64g -jar ./enhsp3.jar -o ./domain_with_failure.pddl -f ./problems/BasePN-0And-add-1-d7/problem6.pddl -h blind -s WAStar
Domain parsed
Problem parsed
Grounding..
Grounding Time: 4101
UFX:true
|F|:10254
|X|:16
|A|:704
|P|:0
|E|:0
h(I):0.0
f(n) = 1.0 (Expanded Nodes: 8, Evaluated States: 25, Time: 0.051) Frontier Size: 17
f(n) = 2.0 (Expanded Nodes: 43, Evaluated States: 98, Time: 0.127) Frontier Size: 55
Problem Solved

Found Plan:
0.0: (validate_payload t0 a7 t1)
1.0: (sync_actions a7)
2.0: (validate_payload t1 a10 t2)
3.0: (sync_actions a10)
4.0: (validate_payload t2 a12 t3)
5.0: (sync_actions a12)
6.0: (del a0)
7.0: (validate_payload t4 a11 t5)
8.0: (sync_actions a11)
9.0: (validate_payload t5 a8 t6)
10.0: (sync_actions a8)
11.0: (validate_payload t6 a1 t7)
12.0: (sync_actions a1)
13.0: (validate_payload t7 a2 t8)
14.0: (sync_actions a2)
15.0: (validate_payload t8 a9 t9)
16.0: (sync_actions a9)

Plan-Length:17
Metric (Search):2.0
Planning Time (msec): 186
Heuristic Time (msec): 7
Search Time (msec): 163
Expanded Nodes:93
States Evaluated:192
Number of Dead-Ends detected:0
Number of Duplicates detected:2
/usr/bin/time -v timeout 600 java -Xmx64g -jar ./enhsp3.jar -o ./domain_with_failure.pddl -f ./problems/BasePN-0And-add-1-d7/problem7.pddl -h blind -s WAStar
Domain parsed
Problem parsed
Grounding..
Grounding Time: 4191
UFX:true
|F|:10254
|X|:17
|A|:704
|P|:0
|E|:0
h(I):0.0
f(n) = 1.0 (Expanded Nodes: 16, Evaluated States: 50, Time: 0.04) Frontier Size: 34
f(n) = 2.0 (Expanded Nodes: 187, Evaluated States: 497, Time: 0.163) Frontier Size: 310
Problem Solved

Found Plan:
0.0: (validate_payload t0 a7 t1)
1.0: (sync_actions a7)
2.0: (validate_payload t1 a10 t2)
3.0: (sync_actions a10)
4.0: (validate_payload t2 a12 t3)
5.0: (sync_actions a12)
6.0: (validate_payload t3 a11 t4)
7.0: (sync_actions a11)
8.0: (validate_payload t4 a8 t5)
9.0: (sync_actions a8)
10.0: (validate_payload t5 a1 t6)
11.0: (sync_actions a1)
12.0: (validate_payload t6 a2 t7)
13.0: (sync_actions a2)
14.0: (del a1)
15.0: (validate_payload t8 a9 t9)
16.0: (sync_actions a9)

Plan-Length:17
Metric (Search):2.0
Planning Time (msec): 261
Heuristic Time (msec): 7
Search Time (msec): 257
Expanded Nodes:541
States Evaluated:1354
Number of Dead-Ends detected:0
Number of Duplicates detected:6
/usr/bin/time -v timeout 600 java -Xmx64g -jar ./enhsp3.jar -o ./domain_with_failure.pddl -f ./problems/BasePN-0And-add-1-d7/problem8.pddl -h blind -s WAStar
Domain parsed
Problem parsed
Grounding..
Grounding Time: 3989
UFX:true
|F|:10254
|X|:17
|A|:704
|P|:0
|E|:0
h(I):0.0
f(n) = 1.0 (Expanded Nodes: 12, Evaluated States: 42, Time: 0.042) Frontier Size: 30
f(n) = 2.0 (Expanded Nodes: 127, Evaluated States: 355, Time: 0.139) Frontier Size: 228
Problem Solved

Found Plan:
0.0: (validate_payload t0 a7 t1)
1.0: (sync_actions a7)
2.0: (validate_payload t1 a10 t2)
3.0: (sync_actions a10)
4.0: (validate_payload t2 a12 t3)
5.0: (sync_actions a12)
6.0: (validate_payload t3 a11 t4)
7.0: (sync_actions a11)
8.0: (validate_payload t4 a8 t5)
9.0: (sync_actions a8)
10.0: (del a9)
11.0: (validate_payload t6 a1 t7)
12.0: (sync_actions a1)
13.0: (validate_payload t7 a2 t8)
14.0: (sync_actions a2)
15.0: (validate_payload t8 a9 t9)
16.0: (sync_actions a9)

Plan-Length:17
Metric (Search):2.0
Planning Time (msec): 230
Heuristic Time (msec): 8
Search Time (msec): 223
Expanded Nodes:350
States Evaluated:871
Number of Dead-Ends detected:0
Number of Duplicates detected:3
/usr/bin/time -v timeout 600 java -Xmx64g -jar ./enhsp3.jar -o ./domain_with_failure.pddl -f ./problems/BasePN-0And-add-1-d7/problem9.pddl -h blind -s WAStar
Domain parsed
Problem parsed
Grounding..
Grounding Time: 3973
UFX:true
|F|:10251
|X|:15
|A|:703
|P|:0
|E|:0
h(I):0.0
f(n) = 1.0 (Expanded Nodes: 16, Evaluated States: 45, Time: 0.04) Frontier Size: 29
f(n) = 2.0 (Expanded Nodes: 135, Evaluated States: 318, Time: 0.125) Frontier Size: 183
Problem Solved

Found Plan:
0.0: (validate_payload t0 a7 t1)
1.0: (sync_actions a7)
2.0: (validate_payload t1 a10 t2)
3.0: (sync_actions a10)
4.0: (validate_payload t2 a12 t3)
5.0: (sync_actions a12)
6.0: (validate_payload t3 a11 t4)
7.0: (sync_actions a11)
8.0: (validate_payload t4 a8 t5)
9.0: (sync_actions a8)
10.0: (validate_payload t5 a0 t6)
11.0: (sync_actions a0)
12.0: (validate_payload t6 a9 t7)
13.0: (sync_actions a9)
14.0: (del a9)

Plan-Length:15
Metric (Search):2.0
Planning Time (msec): 137
Heuristic Time (msec): 5
Search Time (msec): 125
Expanded Nodes:136
States Evaluated:319
Number of Dead-Ends detected:0
Number of Duplicates detected:0
/usr/bin/time -v timeout 600 java -Xmx64g -jar ./enhsp3.jar -o ./domain_with_failure.pddl -f ./problems/BasePN-0And-add-1-d7/problem10.pddl -h blind -s WAStar
Domain parsed
Problem parsed
Grounding..
Grounding Time: 4474
UFX:true
|F|:10251
|X|:16
|A|:703
|P|:0
|E|:0
h(I):0.0
f(n) = 1.0 (Expanded Nodes: 14, Evaluated States: 48, Time: 0.057) Frontier Size: 34
f(n) = 2.0 (Expanded Nodes: 137, Evaluated States: 403, Time: 0.166) Frontier Size: 266
Problem Solved

Found Plan:
0.0: (validate_payload t0 a7 t1)
1.0: (sync_actions a7)
2.0: (validate_payload t1 a10 t2)
3.0: (sync_actions a10)
4.0: (validate_payload t2 a12 t3)
5.0: (sync_actions a12)
6.0: (validate_payload t3 a11 t4)
7.0: (sync_actions a11)
8.0: (validate_payload t4 a8 t5)
9.0: (sync_actions a8)
10.0: (validate_payload t5 a0 t6)
11.0: (sync_actions a0)
12.0: (del a7)
13.0: (validate_payload t7 a9 t8)
14.0: (sync_actions a9)

Plan-Length:15
Metric (Search):2.0
Planning Time (msec): 218
Heuristic Time (msec): 17
Search Time (msec): 213
Expanded Nodes:224
States Evaluated:609
Number of Dead-Ends detected:0
Number of Duplicates detected:2
/usr/bin/time -v timeout 600 java -Xmx64g -jar ./enhsp3.jar -o ./domain_with_failure.pddl -f ./problems/BasePN-0And-add-1-d7/problem11.pddl -h blind -s WAStar
Domain parsed
Problem parsed
Grounding..
Grounding Time: 4119
UFX:true
|F|:10254
|X|:18
|A|:704
|P|:0
|E|:0
h(I):0.0
f(n) = 1.0 (Expanded Nodes: 12, Evaluated States: 45, Time: 0.042) Frontier Size: 33
f(n) = 2.0 (Expanded Nodes: 130, Evaluated States: 400, Time: 0.147) Frontier Size: 270
Problem Solved

Found Plan:
0.0: (validate_payload t0 a7 t1)
1.0: (sync_actions a7)
2.0: (validate_payload t1 a10 t2)
3.0: (sync_actions a10)
4.0: (validate_payload t2 a12 t3)
5.0: (sync_actions a12)
6.0: (validate_payload t3 a11 t4)
7.0: (sync_actions a11)
8.0: (validate_payload t4 a8 t5)
9.0: (sync_actions a8)
10.0: (del a8)
11.0: (validate_payload t6 a1 t7)
12.0: (sync_actions a1)
13.0: (validate_payload t7 a2 t8)
14.0: (sync_actions a2)
15.0: (validate_payload t8 a9 t9)
16.0: (sync_actions a9)

Plan-Length:17
Metric (Search):2.0
Planning Time (msec): 252
Heuristic Time (msec): 7
Search Time (msec): 240
Expanded Nodes:316
States Evaluated:810
Number of Dead-Ends detected:0
Number of Duplicates detected:4
/usr/bin/time -v timeout 600 java -Xmx64g -jar ./enhsp3.jar -o ./domain_with_failure.pddl -f ./problems/BasePN-0And-add-1-d7/problem12.pddl -h blind -s WAStar
Domain parsed
Problem parsed
Grounding..
Grounding Time: 4026
UFX:true
|F|:10254
|X|:12
|A|:704
|P|:0
|E|:0
h(I):0.0
f(n) = 1.0 (Expanded Nodes: 14, Evaluated States: 34, Time: 0.041) Frontier Size: 20
f(n) = 2.0 (Expanded Nodes: 41, Evaluated States: 93, Time: 0.101) Frontier Size: 52
Problem Solved

Found Plan:
0.0: (validate_payload t0 a7 t1)
1.0: (sync_actions a7)
2.0: (validate_payload t1 a10 t2)
3.0: (sync_actions a10)
4.0: (validate_payload t2 a12 t3)
5.0: (sync_actions a12)
6.0: (validate_payload t3 a11 t4)
7.0: (sync_actions a11)
8.0: (validate_payload t4 a8 t5)
9.0: (sync_actions a8)
10.0: (validate_payload t5 a1 t6)
11.0: (sync_actions a1)
12.0: (del a7)
13.0: (validate_payload t7 a2 t8)
14.0: (sync_actions a2)
15.0: (validate_payload t8 a9 t9)
16.0: (sync_actions a9)

Plan-Length:17
Metric (Search):2.0
Planning Time (msec): 156
Heuristic Time (msec): 9
Search Time (msec): 135
Expanded Nodes:77
States Evaluated:150
Number of Dead-Ends detected:0
Number of Duplicates detected:6
/usr/bin/time -v timeout 600 java -Xmx64g -jar ./enhsp3.jar -o ./domain_with_failure.pddl -f ./problems/BasePN-0And-add-1-d7/problem13.pddl -h blind -s WAStar
Domain parsed
Problem parsed
Grounding..
Grounding Time: 4422
UFX:true
|F|:10254
|X|:16
|A|:704
|P|:0
|E|:0
h(I):0.0
f(n) = 1.0 (Expanded Nodes: 14, Evaluated States: 46, Time: 0.041) Frontier Size: 32
f(n) = 2.0 (Expanded Nodes: 157, Evaluated States: 419, Time: 0.172) Frontier Size: 262
Problem Solved

Found Plan:
0.0: (validate_payload t0 a7 t1)
1.0: (sync_actions a7)
2.0: (validate_payload t1 a10 t2)
3.0: (sync_actions a10)
4.0: (validate_payload t2 a12 t3)
5.0: (sync_actions a12)
6.0: (validate_payload t3 a11 t4)
7.0: (sync_actions a11)
8.0: (validate_payload t4 a8 t5)
9.0: (sync_actions a8)
10.0: (validate_payload t5 a1 t6)
11.0: (sync_actions a1)
12.0: (del a11)
13.0: (validate_payload t7 a2 t8)
14.0: (sync_actions a2)
15.0: (validate_payload t8 a9 t9)
16.0: (sync_actions a9)

Plan-Length:17
Metric (Search):2.0
Planning Time (msec): 285
Heuristic Time (msec): 6
Search Time (msec): 274
Expanded Nodes:409
States Evaluated:1028
Number of Dead-Ends detected:0
Number of Duplicates detected:3
/usr/bin/time -v timeout 600 java -Xmx64g -jar ./enhsp3.jar -o ./domain_with_failure.pddl -f ./problems/BasePN-0And-add-1-d7/problem14.pddl -h blind -s WAStar
Domain parsed
Problem parsed
Grounding..
Grounding Time: 4250
UFX:true
|F|:10254
|X|:18
|A|:704
|P|:0
|E|:0
h(I):0.0
f(n) = 1.0 (Expanded Nodes: 6, Evaluated States: 23, Time: 0.031) Frontier Size: 17
f(n) = 2.0 (Expanded Nodes: 38, Evaluated States: 98, Time: 0.092) Frontier Size: 60
Problem Solved

Found Plan:
0.0: (validate_payload t0 a7 t1)
1.0: (sync_actions a7)
2.0: (validate_payload t1 a10 t2)
3.0: (sync_actions a10)
4.0: (del a2)
5.0: (validate_payload t3 a12 t4)
6.0: (sync_actions a12)
7.0: (validate_payload t4 a11 t5)
8.0: (sync_actions a11)
9.0: (validate_payload t5 a8 t6)
10.0: (sync_actions a8)
11.0: (validate_payload t6 a1 t7)
12.0: (sync_actions a1)
13.0: (validate_payload t7 a2 t8)
14.0: (sync_actions a2)
15.0: (validate_payload t8 a9 t9)
16.0: (sync_actions a9)

Plan-Length:17
Metric (Search):2.0
Planning Time (msec): 169
Heuristic Time (msec): 6
Search Time (msec): 161
Expanded Nodes:118
States Evaluated:262
Number of Dead-Ends detected:0
Number of Duplicates detected:1
/usr/bin/time -v timeout 600 java -Xmx64g -jar ./enhsp3.jar -o ./domain_with_failure.pddl -f ./problems/BasePN-0And-add-1-d7/problem15.pddl -h blind -s WAStar
Domain parsed
Problem parsed
Grounding..
Grounding Time: 4202
UFX:true
|F|:10254
|X|:16
|A|:704
|P|:0
|E|:0
h(I):0.0
f(n) = 2.0 (Expanded Nodes: 2, Evaluated States: 4, Time: 0.028) Frontier Size: 2
Problem Solved

Found Plan:
0.0: (del a0)
1.0: (validate_payload t1 a7 t2)
2.0: (sync_actions a7)
3.0: (validate_payload t2 a10 t3)
4.0: (sync_actions a10)
5.0: (validate_payload t3 a12 t4)
6.0: (sync_actions a12)
7.0: (validate_payload t4 a11 t5)
8.0: (sync_actions a11)
9.0: (validate_payload t5 a8 t6)
10.0: (sync_actions a8)
11.0: (validate_payload t6 a1 t7)
12.0: (sync_actions a1)
13.0: (validate_payload t7 a2 t8)
14.0: (sync_actions a2)
15.0: (validate_payload t8 a9 t9)
16.0: (sync_actions a9)

Plan-Length:17
Metric (Search):2.0
Planning Time (msec): 103
Heuristic Time (msec): 8
Search Time (msec): 100
Expanded Nodes:23
States Evaluated:68
Number of Dead-Ends detected:0
Number of Duplicates detected:0
/usr/bin/time -v timeout 600 java -Xmx64g -jar ./enhsp3.jar -o ./domain_with_failure.pddl -f ./problems/BasePN-0And-add-1-d7/problem16.pddl -h blind -s WAStar
Domain parsed
Problem parsed
Grounding..
Grounding Time: 4159
UFX:true
|F|:10254
|X|:18
|A|:704
|P|:0
|E|:0
h(I):0.0
f(n) = 1.0 (Expanded Nodes: 12, Evaluated States: 47, Time: 0.044) Frontier Size: 35
f(n) = 2.0 (Expanded Nodes: 136, Evaluated States: 440, Time: 0.161) Frontier Size: 304
Problem Solved

Found Plan:
0.0: (validate_payload t0 a7 t1)
1.0: (sync_actions a7)
2.0: (validate_payload t1 a10 t2)
3.0: (sync_actions a10)
4.0: (validate_payload t2 a12 t3)
5.0: (sync_actions a12)
6.0: (validate_payload t3 a11 t4)
7.0: (sync_actions a11)
8.0: (validate_payload t4 a8 t5)
9.0: (sync_actions a8)
10.0: (del a11)
11.0: (validate_payload t6 a1 t7)
12.0: (sync_actions a1)
13.0: (validate_payload t7 a2 t8)
14.0: (sync_actions a2)
15.0: (validate_payload t8 a9 t9)
16.0: (sync_actions a9)

Plan-Length:17
Metric (Search):2.0
Planning Time (msec): 314
Heuristic Time (msec): 15
Search Time (msec): 309
Expanded Nodes:563
States Evaluated:1594
Number of Dead-Ends detected:0
Number of Duplicates detected:2
/usr/bin/time -v timeout 600 java -Xmx64g -jar ./enhsp3.jar -o ./domain_with_failure.pddl -f ./problems/BasePN-0And-add-1-d7/problem17.pddl -h blind -s WAStar
Domain parsed
Problem parsed
Grounding..
Grounding Time: 4227
UFX:true
|F|:10254
|X|:17
|A|:704
|P|:0
|E|:0
h(I):0.0
f(n) = 1.0 (Expanded Nodes: 6, Evaluated States: 22, Time: 0.039) Frontier Size: 16
f(n) = 2.0 (Expanded Nodes: 38, Evaluated States: 94, Time: 0.106) Frontier Size: 56
Problem Solved

Found Plan:
0.0: (validate_payload t0 a7 t1)
1.0: (sync_actions a7)
2.0: (validate_payload t1 a10 t2)
3.0: (sync_actions a10)
4.0: (del a7)
5.0: (validate_payload t3 a12 t4)
6.0: (sync_actions a12)
7.0: (validate_payload t4 a11 t5)
8.0: (sync_actions a11)
9.0: (validate_payload t5 a8 t6)
10.0: (sync_actions a8)
11.0: (validate_payload t6 a1 t7)
12.0: (sync_actions a1)
13.0: (validate_payload t7 a2 t8)
14.0: (sync_actions a2)
15.0: (validate_payload t8 a9 t9)
16.0: (sync_actions a9)

Plan-Length:17
Metric (Search):2.0
Planning Time (msec): 156
Heuristic Time (msec): 1
Search Time (msec): 148
Expanded Nodes:106
States Evaluated:216
Number of Dead-Ends detected:0
Number of Duplicates detected:1
/usr/bin/time -v timeout 600 java -Xmx64g -jar ./enhsp3.jar -o ./domain_with_failure.pddl -f ./problems/BasePN-0And-add-1-d7/problem18.pddl -h blind -s WAStar
Domain parsed
Problem parsed
Grounding..
Grounding Time: 4096
UFX:true
|F|:10254
|X|:16
|A|:704
|P|:0
|E|:0
h(I):0.0
f(n) = 1.0 (Expanded Nodes: 8, Evaluated States: 29, Time: 0.034) Frontier Size: 21
f(n) = 2.0 (Expanded Nodes: 65, Evaluated States: 168, Time: 0.106) Frontier Size: 103
Problem Solved

Found Plan:
0.0: (validate_payload t0 a7 t1)
1.0: (sync_actions a7)
2.0: (validate_payload t1 a10 t2)
3.0: (sync_actions a10)
4.0: (validate_payload t2 a12 t3)
5.0: (sync_actions a12)
6.0: (del a1)
7.0: (validate_payload t4 a11 t5)
8.0: (sync_actions a11)
9.0: (validate_payload t5 a8 t6)
10.0: (sync_actions a8)
11.0: (validate_payload t6 a1 t7)
12.0: (sync_actions a1)
13.0: (validate_payload t7 a2 t8)
14.0: (sync_actions a2)
15.0: (validate_payload t8 a9 t9)
16.0: (sync_actions a9)

Plan-Length:17
Metric (Search):2.0
Planning Time (msec): 204
Heuristic Time (msec): 9
Search Time (msec): 191
Expanded Nodes:247
States Evaluated:522
Number of Dead-Ends detected:0
Number of Duplicates detected:3
/usr/bin/time -v timeout 600 java -Xmx64g -jar ./enhsp3.jar -o ./domain_with_failure.pddl -f ./problems/BasePN-0And-add-1-d7/problem19.pddl -h blind -s WAStar
Domain parsed
Problem parsed
Grounding..
Grounding Time: 4150
UFX:true
|F|:10254
|X|:16
|A|:704
|P|:0
|E|:0
h(I):0.0
f(n) = 1.0 (Expanded Nodes: 8, Evaluated States: 25, Time: 0.036) Frontier Size: 17
f(n) = 2.0 (Expanded Nodes: 37, Evaluated States: 87, Time: 0.11) Frontier Size: 50
Problem Solved

Found Plan:
0.0: (validate_payload t0 a7 t1)
1.0: (sync_actions a7)
2.0: (validate_payload t1 a10 t2)
3.0: (sync_actions a10)
4.0: (validate_payload t2 a12 t3)
5.0: (sync_actions a12)
6.0: (del a10)
7.0: (validate_payload t4 a11 t5)
8.0: (sync_actions a11)
9.0: (validate_payload t5 a8 t6)
10.0: (sync_actions a8)
11.0: (validate_payload t6 a1 t7)
12.0: (sync_actions a1)
13.0: (validate_payload t7 a2 t8)
14.0: (sync_actions a2)
15.0: (validate_payload t8 a9 t9)
16.0: (sync_actions a9)

Plan-Length:17
Metric (Search):2.0
Planning Time (msec): 177
Heuristic Time (msec): 4
Search Time (msec): 170
Expanded Nodes:106
States Evaluated:229
Number of Dead-Ends detected:0
Number of Duplicates detected:3
/usr/bin/time -v timeout 600 java -Xmx64g -jar ./enhsp3.jar -o ./domain_with_failure.pddl -f ./problems/BasePN-0And-add-1-d7/problem20.pddl -h blind -s WAStar
Domain parsed
Problem parsed
Grounding..
Grounding Time: 4486
UFX:true
|F|:10254
|X|:18
|A|:704
|P|:0
|E|:0
h(I):0.0
f(n) = 1.0 (Expanded Nodes: 14, Evaluated States: 58, Time: 0.046) Frontier Size: 44
f(n) = 2.0 (Expanded Nodes: 184, Evaluated States: 618, Time: 0.181) Frontier Size: 434
Problem Solved

Found Plan:
0.0: (validate_payload t0 a7 t1)
1.0: (sync_actions a7)
2.0: (validate_payload t1 a10 t2)
3.0: (sync_actions a10)
4.0: (validate_payload t2 a12 t3)
5.0: (sync_actions a12)
6.0: (validate_payload t3 a11 t4)
7.0: (sync_actions a11)
8.0: (validate_payload t4 a8 t5)
9.0: (sync_actions a8)
10.0: (validate_payload t5 a1 t6)
11.0: (sync_actions a1)
12.0: (del a8)
13.0: (validate_payload t7 a2 t8)
14.0: (sync_actions a2)
15.0: (validate_payload t8 a9 t9)
16.0: (sync_actions a9)

Plan-Length:17
Metric (Search):2.0
Planning Time (msec): 414
Heuristic Time (msec): 7
Search Time (msec): 406
Expanded Nodes:1208
States Evaluated:3512
Number of Dead-Ends detected:0
Number of Duplicates detected:2
/usr/bin/time -v timeout 600 java -Xmx64g -jar ./enhsp3.jar -o ./domain_with_failure.pddl -f ./problems/BasePN-0And-add-1-d7/problem21.pddl -h blind -s WAStar
Domain parsed
Problem parsed
Grounding..
Grounding Time: 4335
UFX:true
|F|:10254
|X|:17
|A|:704
|P|:0
|E|:0
h(I):0.0
f(n) = 2.0 (Expanded Nodes: 2, Evaluated States: 4, Time: 0.031) Frontier Size: 2
Problem Solved

Found Plan:
0.0: (del a0)
1.0: (validate_payload t1 a7 t2)
2.0: (sync_actions a7)
3.0: (validate_payload t2 a10 t3)
4.0: (sync_actions a10)
5.0: (validate_payload t3 a12 t4)
6.0: (sync_actions a12)
7.0: (validate_payload t4 a11 t5)
8.0: (sync_actions a11)
9.0: (validate_payload t5 a8 t6)
10.0: (sync_actions a8)
11.0: (validate_payload t6 a1 t7)
12.0: (sync_actions a1)
13.0: (validate_payload t7 a2 t8)
14.0: (sync_actions a2)
15.0: (validate_payload t8 a9 t9)
16.0: (sync_actions a9)

Plan-Length:17
Metric (Search):2.0
Planning Time (msec): 112
Heuristic Time (msec): 7
Search Time (msec): 103
Expanded Nodes:23
States Evaluated:69
Number of Dead-Ends detected:0
Number of Duplicates detected:0
/usr/bin/time -v timeout 600 java -Xmx64g -jar ./enhsp3.jar -o ./domain_with_failure.pddl -f ./problems/BasePN-0And-add-1-d7/problem22.pddl -h blind -s WAStar
Domain parsed
Problem parsed
Grounding..
Grounding Time: 4248
UFX:true
|F|:10254
|X|:18
|A|:704
|P|:0
|E|:0
h(I):0.0
f(n) = 1.0 (Expanded Nodes: 18, Evaluated States: 62, Time: 0.049) Frontier Size: 44
f(n) = 2.0 (Expanded Nodes: 250, Evaluated States: 718, Time: 0.221) Frontier Size: 468
Problem Solved

Found Plan:
0.0: (validate_payload t0 a7 t1)
1.0: (sync_actions a7)
2.0: (validate_payload t1 a10 t2)
3.0: (sync_actions a10)
4.0: (validate_payload t2 a12 t3)
5.0: (sync_actions a12)
6.0: (validate_payload t3 a11 t4)
7.0: (sync_actions a11)
8.0: (validate_payload t4 a8 t5)
9.0: (sync_actions a8)
10.0: (validate_payload t5 a1 t6)
11.0: (sync_actions a1)
12.0: (del a2)
13.0: (validate_payload t7 a2 t8)
14.0: (sync_actions a2)
15.0: (validate_payload t8 a9 t9)
16.0: (sync_actions a9)

Plan-Length:17
Metric (Search):2.0
Planning Time (msec): 287
Heuristic Time (msec): 7
Search Time (msec): 279
Expanded Nodes:400
States Evaluated:1091
Number of Dead-Ends detected:0
Number of Duplicates detected:3
/usr/bin/time -v timeout 600 java -Xmx64g -jar ./enhsp3.jar -o ./domain_with_failure.pddl -f ./problems/BasePN-0And-add-1-d7/problem23.pddl -h blind -s WAStar
Domain parsed
Problem parsed
Grounding..
Grounding Time: 4450
UFX:true
|F|:10254
|X|:17
|A|:704
|P|:0
|E|:0
h(I):0.0
f(n) = 1.0 (Expanded Nodes: 8, Evaluated States: 25, Time: 0.05) Frontier Size: 17
f(n) = 2.0 (Expanded Nodes: 43, Evaluated States: 98, Time: 0.138) Frontier Size: 55
Problem Solved

Found Plan:
0.0: (validate_payload t0 a7 t1)
1.0: (sync_actions a7)
2.0: (validate_payload t1 a10 t2)
3.0: (sync_actions a10)
4.0: (validate_payload t2 a12 t3)
5.0: (sync_actions a12)
6.0: (del a10)
7.0: (validate_payload t4 a11 t5)
8.0: (sync_actions a11)
9.0: (validate_payload t5 a8 t6)
10.0: (sync_actions a8)
11.0: (validate_payload t6 a1 t7)
12.0: (sync_actions a1)
13.0: (validate_payload t7 a2 t8)
14.0: (sync_actions a2)
15.0: (validate_payload t8 a9 t9)
16.0: (sync_actions a9)

Plan-Length:17
Metric (Search):2.0
Planning Time (msec): 194
Heuristic Time (msec): 9
Search Time (msec): 189
Expanded Nodes:102
States Evaluated:218
Number of Dead-Ends detected:0
Number of Duplicates detected:3
/usr/bin/time -v timeout 600 java -Xmx64g -jar ./enhsp3.jar -o ./domain_with_failure.pddl -f ./problems/BasePN-0And-add-1-d7/problem24.pddl -h blind -s WAStar
Domain parsed
Problem parsed
Grounding..
Grounding Time: 4275
UFX:true
|F|:10254
|X|:17
|A|:704
|P|:0
|E|:0
h(I):0.0
f(n) = 1.0 (Expanded Nodes: 10, Evaluated States: 37, Time: 0.037) Frontier Size: 27
f(n) = 2.0 (Expanded Nodes: 99, Evaluated States: 278, Time: 0.126) Frontier Size: 179
Problem Solved

Found Plan:
0.0: (validate_payload t0 a7 t1)
1.0: (sync_actions a7)
2.0: (validate_payload t1 a10 t2)
3.0: (sync_actions a10)
4.0: (validate_payload t2 a12 t3)
5.0: (sync_actions a12)
6.0: (validate_payload t3 a11 t4)
7.0: (sync_actions a11)
8.0: (del a1)
9.0: (validate_payload t5 a8 t6)
10.0: (sync_actions a8)
11.0: (validate_payload t6 a1 t7)
12.0: (sync_actions a1)
13.0: (validate_payload t7 a2 t8)
14.0: (sync_actions a2)
15.0: (validate_payload t8 a9 t9)
16.0: (sync_actions a9)

Plan-Length:17
Metric (Search):2.0
Planning Time (msec): 279
Heuristic Time (msec): 5
Search Time (msec): 272
Expanded Nodes:417
States Evaluated:995
Number of Dead-Ends detected:0
Number of Duplicates detected:2
/usr/bin/time -v timeout 600 java -Xmx64g -jar ./enhsp3.jar -o ./domain_with_failure.pddl -f ./problems/BasePN-0And-add-1-d7/problem25.pddl -h blind -s WAStar
Domain parsed
Problem parsed
Grounding..
Grounding Time: 4218
UFX:true
|F|:10254
|X|:18
|A|:704
|P|:0
|E|:0
h(I):0.0
f(n) = 1.0 (Expanded Nodes: 10, Evaluated States: 41, Time: 0.041) Frontier Size: 31
f(n) = 2.0 (Expanded Nodes: 97, Evaluated States: 309, Time: 0.134) Frontier Size: 212
Problem Solved

Found Plan:
0.0: (validate_payload t0 a7 t1)
1.0: (sync_actions a7)
2.0: (validate_payload t1 a10 t2)
3.0: (sync_actions a10)
4.0: (validate_payload t2 a12 t3)
5.0: (sync_actions a12)
6.0: (validate_payload t3 a11 t4)
7.0: (sync_actions a11)
8.0: (del a0)
9.0: (validate_payload t5 a8 t6)
10.0: (sync_actions a8)
11.0: (validate_payload t6 a1 t7)
12.0: (sync_actions a1)
13.0: (validate_payload t7 a2 t8)
14.0: (sync_actions a2)
15.0: (validate_payload t8 a9 t9)
16.0: (sync_actions a9)

Plan-Length:17
Metric (Search):2.0
Planning Time (msec): 224
Heuristic Time (msec): 7
Search Time (msec): 216
Expanded Nodes:375
States Evaluated:1016
Number of Dead-Ends detected:0
Number of Duplicates detected:0
/usr/bin/time -v timeout 600 java -Xmx64g -jar ./enhsp3.jar -o ./domain_with_failure.pddl -f ./problems/BasePN-0And-add-1-d7/problem26.pddl -h blind -s WAStar
Domain parsed
Problem parsed
Grounding..
Grounding Time: 4231
UFX:true
|F|:10254
|X|:17
|A|:704
|P|:0
|E|:0
h(I):0.0
f(n) = 1.0 (Expanded Nodes: 16, Evaluated States: 50, Time: 0.039) Frontier Size: 34
f(n) = 2.0 (Expanded Nodes: 187, Evaluated States: 501, Time: 0.171) Frontier Size: 314
Problem Solved

Found Plan:
0.0: (validate_payload t0 a7 t1)
1.0: (sync_actions a7)
2.0: (validate_payload t1 a10 t2)
3.0: (sync_actions a10)
4.0: (validate_payload t2 a12 t3)
5.0: (sync_actions a12)
6.0: (validate_payload t3 a11 t4)
7.0: (sync_actions a11)
8.0: (validate_payload t4 a8 t5)
9.0: (sync_actions a8)
10.0: (validate_payload t5 a1 t6)
11.0: (sync_actions a1)
12.0: (validate_payload t6 a2 t7)
13.0: (sync_actions a2)
14.0: (del a10)
15.0: (validate_payload t8 a9 t9)
16.0: (sync_actions a9)

Plan-Length:17
Metric (Search):2.0
Planning Time (msec): 265
Heuristic Time (msec): 2
Search Time (msec): 258
Expanded Nodes:490
States Evaluated:1184
Number of Dead-Ends detected:0
Number of Duplicates detected:5
/usr/bin/time -v timeout 600 java -Xmx64g -jar ./enhsp3.jar -o ./domain_with_failure.pddl -f ./problems/BasePN-0And-add-1-d7/problem27.pddl -h blind -s WAStar
Domain parsed
Problem parsed
Grounding..
Grounding Time: 4360
UFX:true
|F|:10254
|X|:17
|A|:704
|P|:0
|E|:0
h(I):0.0
f(n) = 1.0 (Expanded Nodes: 8, Evaluated States: 27, Time: 0.029) Frontier Size: 19
f(n) = 2.0 (Expanded Nodes: 39, Evaluated States: 94, Time: 0.09) Frontier Size: 55
Problem Solved

Found Plan:
0.0: (validate_payload t0 a7 t1)
1.0: (sync_actions a7)
2.0: (validate_payload t1 a10 t2)
3.0: (sync_actions a10)
4.0: (validate_payload t2 a12 t3)
5.0: (sync_actions a12)
6.0: (del a12)
7.0: (validate_payload t4 a11 t5)
8.0: (sync_actions a11)
9.0: (validate_payload t5 a8 t6)
10.0: (sync_actions a8)
11.0: (validate_payload t6 a1 t7)
12.0: (sync_actions a1)
13.0: (validate_payload t7 a2 t8)
14.0: (sync_actions a2)
15.0: (validate_payload t8 a9 t9)
16.0: (sync_actions a9)

Plan-Length:17
Metric (Search):2.0
Planning Time (msec): 163
Heuristic Time (msec): 8
Search Time (msec): 151
Expanded Nodes:110
States Evaluated:267
Number of Dead-Ends detected:0
Number of Duplicates detected:1
/usr/bin/time -v timeout 600 java -Xmx64g -jar ./enhsp3.jar -o ./domain_with_failure.pddl -f ./problems/BasePN-0And-add-1-d7/problem28.pddl -h blind -s WAStar
Domain parsed
Problem parsed
Grounding..
Grounding Time: 4229
UFX:true
|F|:10254
|X|:18
|A|:704
|P|:0
|E|:0
h(I):0.0
f(n) = 1.0 (Expanded Nodes: 14, Evaluated States: 49, Time: 0.037) Frontier Size: 35
f(n) = 2.0 (Expanded Nodes: 176, Evaluated States: 503, Time: 0.174) Frontier Size: 327
Problem Solved

Found Plan:
0.0: (validate_payload t0 a7 t1)
1.0: (sync_actions a7)
2.0: (validate_payload t1 a10 t2)
3.0: (sync_actions a10)
4.0: (validate_payload t2 a12 t3)
5.0: (sync_actions a12)
6.0: (validate_payload t3 a11 t4)
7.0: (sync_actions a11)
8.0: (validate_payload t4 a8 t5)
9.0: (sync_actions a8)
10.0: (validate_payload t5 a1 t6)
11.0: (sync_actions a1)
12.0: (del a1)
13.0: (validate_payload t7 a2 t8)
14.0: (sync_actions a2)
15.0: (validate_payload t8 a9 t9)
16.0: (sync_actions a9)

Plan-Length:17
Metric (Search):2.0
Planning Time (msec): 251
Heuristic Time (msec): 2
Search Time (msec): 243
Expanded Nodes:315
States Evaluated:840
Number of Dead-Ends detected:0
Number of Duplicates detected:3
/usr/bin/time -v timeout 600 java -Xmx64g -jar ./enhsp3.jar -o ./domain_with_failure.pddl -f ./problems/BasePN-0And-add-1-d7/problem29.pddl -h blind -s WAStar
Domain parsed
Problem parsed
Grounding..
Grounding Time: 4322
UFX:true
|F|:10254
|X|:18
|A|:704
|P|:0
|E|:0
h(I):0.0
f(n) = 2.0 (Expanded Nodes: 2, Evaluated States: 4, Time: 0.038) Frontier Size: 2
Problem Solved

Found Plan:
0.0: (del a0)
1.0: (validate_payload t1 a7 t2)
2.0: (sync_actions a7)
3.0: (validate_payload t2 a10 t3)
4.0: (sync_actions a10)
5.0: (validate_payload t3 a12 t4)
6.0: (sync_actions a12)
7.0: (validate_payload t4 a11 t5)
8.0: (sync_actions a11)
9.0: (validate_payload t5 a8 t6)
10.0: (sync_actions a8)
11.0: (validate_payload t6 a1 t7)
12.0: (sync_actions a1)
13.0: (validate_payload t7 a2 t8)
14.0: (sync_actions a2)
15.0: (validate_payload t8 a9 t9)
16.0: (sync_actions a9)

Plan-Length:17
Metric (Search):2.0
Planning Time (msec): 138
Heuristic Time (msec): 14
Search Time (msec): 135
Expanded Nodes:23
States Evaluated:72
Number of Dead-Ends detected:0
Number of Duplicates detected:0
/usr/bin/time -v timeout 600 java -Xmx64g -jar ./enhsp3.jar -o ./domain_with_failure.pddl -f ./problems/BasePN-0And-add-1-d7/problem30.pddl -h blind -s WAStar
Domain parsed
Problem parsed
Grounding..
Grounding Time: 4090
UFX:true
|F|:10254
|X|:17
|A|:704
|P|:0
|E|:0
h(I):0.0
f(n) = 2.0 (Expanded Nodes: 4, Evaluated States: 10, Time: 0.033) Frontier Size: 6
Problem Solved

Found Plan:
0.0: (validate_payload t0 a7 t1)
1.0: (sync_actions a7)
2.0: (del a11)
3.0: (validate_payload t2 a10 t3)
4.0: (sync_actions a10)
5.0: (validate_payload t3 a12 t4)
6.0: (sync_actions a12)
7.0: (validate_payload t4 a11 t5)
8.0: (sync_actions a11)
9.0: (validate_payload t5 a8 t6)
10.0: (sync_actions a8)
11.0: (validate_payload t6 a1 t7)
12.0: (sync_actions a1)
13.0: (validate_payload t7 a2 t8)
14.0: (sync_actions a2)
15.0: (validate_payload t8 a9 t9)
16.0: (sync_actions a9)

Plan-Length:17
Metric (Search):2.0
Planning Time (msec): 118
Heuristic Time (msec): 7
Search Time (msec): 109
Expanded Nodes:32
States Evaluated:84
Number of Dead-Ends detected:0
Number of Duplicates detected:1
/usr/bin/time -v timeout 600 java -Xmx64g -jar ./enhsp3.jar -o ./domain_with_failure.pddl -f ./problems/BasePN-0And-add-1-d7/problem31.pddl -h blind -s WAStar
Domain parsed
Problem parsed
Grounding..
Grounding Time: 4461
UFX:true
|F|:10254
|X|:17
|A|:704
|P|:0
|E|:0
h(I):0.0
f(n) = 1.0 (Expanded Nodes: 12, Evaluated States: 44, Time: 0.041) Frontier Size: 32
f(n) = 2.0 (Expanded Nodes: 127, Evaluated States: 377, Time: 0.141) Frontier Size: 250
Problem Solved

Found Plan:
0.0: (validate_payload t0 a7 t1)
1.0: (sync_actions a7)
2.0: (validate_payload t1 a10 t2)
3.0: (sync_actions a10)
4.0: (validate_payload t2 a12 t3)
5.0: (sync_actions a12)
6.0: (validate_payload t3 a11 t4)
7.0: (sync_actions a11)
8.0: (validate_payload t4 a8 t5)
9.0: (sync_actions a8)
10.0: (del a8)
11.0: (validate_payload t6 a1 t7)
12.0: (sync_actions a1)
13.0: (validate_payload t7 a2 t8)
14.0: (sync_actions a2)
15.0: (validate_payload t8 a9 t9)
16.0: (sync_actions a9)

Plan-Length:17
Metric (Search):2.0
Planning Time (msec): 273
Heuristic Time (msec): 10
Search Time (msec): 263
Expanded Nodes:610
States Evaluated:1629
Number of Dead-Ends detected:0
Number of Duplicates detected:5
/usr/bin/time -v timeout 600 java -Xmx64g -jar ./enhsp3.jar -o ./domain_with_failure.pddl -f ./problems/BasePN-0And-add-1-d7/problem32.pddl -h blind -s WAStar
Domain parsed
Problem parsed
Grounding..
Grounding Time: 4256
UFX:true
|F|:10254
|X|:16
|A|:704
|P|:0
|E|:0
h(I):0.0
f(n) = 1.0 (Expanded Nodes: 16, Evaluated States: 45, Time: 0.046) Frontier Size: 29
f(n) = 2.0 (Expanded Nodes: 120, Evaluated States: 285, Time: 0.13) Frontier Size: 165
Problem Solved

Found Plan:
0.0: (validate_payload t0 a7 t1)
1.0: (sync_actions a7)
2.0: (validate_payload t1 a10 t2)
3.0: (sync_actions a10)
4.0: (validate_payload t2 a12 t3)
5.0: (sync_actions a12)
6.0: (validate_payload t3 a11 t4)
7.0: (sync_actions a11)
8.0: (validate_payload t4 a8 t5)
9.0: (sync_actions a8)
10.0: (validate_payload t5 a1 t6)
11.0: (sync_actions a1)
12.0: (validate_payload t6 a2 t7)
13.0: (sync_actions a2)
14.0: (del a2)
15.0: (validate_payload t8 a9 t9)
16.0: (sync_actions a9)

Plan-Length:17
Metric (Search):2.0
Planning Time (msec): 229
Heuristic Time (msec): 11
Search Time (msec): 220
Expanded Nodes:338
States Evaluated:746
Number of Dead-Ends detected:0
Number of Duplicates detected:7
/usr/bin/time -v timeout 600 java -Xmx64g -jar ./enhsp3.jar -o ./domain_with_failure.pddl -f ./problems/BasePN-0And-add-1-d7/problem33.pddl -h blind -s WAStar
Domain parsed
Problem parsed
Grounding..
Grounding Time: 4134
UFX:true
|F|:10254
|X|:17
|A|:704
|P|:0
|E|:0
h(I):0.0
f(n) = 1.0 (Expanded Nodes: 12, Evaluated States: 41, Time: 0.048) Frontier Size: 29
f(n) = 2.0 (Expanded Nodes: 100, Evaluated States: 281, Time: 0.132) Frontier Size: 181
Problem Solved

Found Plan:
0.0: (validate_payload t0 a7 t1)
1.0: (sync_actions a7)
2.0: (validate_payload t1 a10 t2)
3.0: (sync_actions a10)
4.0: (validate_payload t2 a12 t3)
5.0: (sync_actions a12)
6.0: (validate_payload t3 a11 t4)
7.0: (sync_actions a11)
8.0: (validate_payload t4 a8 t5)
9.0: (sync_actions a8)
10.0: (del a7)
11.0: (validate_payload t6 a1 t7)
12.0: (sync_actions a1)
13.0: (validate_payload t7 a2 t8)
14.0: (sync_actions a2)
15.0: (validate_payload t8 a9 t9)
16.0: (sync_actions a9)

Plan-Length:17
Metric (Search):2.0
Planning Time (msec): 217
Heuristic Time (msec): 8
Search Time (msec): 200
Expanded Nodes:208
States Evaluated:536
Number of Dead-Ends detected:0
Number of Duplicates detected:1
/usr/bin/time -v timeout 600 java -Xmx64g -jar ./enhsp3.jar -o ./domain_with_failure.pddl -f ./problems/BasePN-0And-add-1-d7/problem34.pddl -h blind -s WAStar
Domain parsed
Problem parsed
Grounding..
Grounding Time: 4061
UFX:true
|F|:10254
|X|:17
|A|:704
|P|:0
|E|:0
h(I):0.0
f(n) = 1.0 (Expanded Nodes: 6, Evaluated States: 22, Time: 0.027) Frontier Size: 16
f(n) = 2.0 (Expanded Nodes: 38, Evaluated States: 94, Time: 0.09) Frontier Size: 56
Problem Solved

Found Plan:
0.0: (validate_payload t0 a7 t1)
1.0: (sync_actions a7)
2.0: (validate_payload t1 a10 t2)
3.0: (sync_actions a10)
4.0: (del a8)
5.0: (validate_payload t3 a12 t4)
6.0: (sync_actions a12)
7.0: (validate_payload t4 a11 t5)
8.0: (sync_actions a11)
9.0: (validate_payload t5 a8 t6)
10.0: (sync_actions a8)
11.0: (validate_payload t6 a1 t7)
12.0: (sync_actions a1)
13.0: (validate_payload t7 a2 t8)
14.0: (sync_actions a2)
15.0: (validate_payload t8 a9 t9)
16.0: (sync_actions a9)

Plan-Length:17
Metric (Search):2.0
Planning Time (msec): 145
Heuristic Time (msec): 7
Search Time (msec): 133
Expanded Nodes:106
States Evaluated:216
Number of Dead-Ends detected:0
Number of Duplicates detected:1
/usr/bin/time -v timeout 600 java -Xmx64g -jar ./enhsp3.jar -o ./domain_with_failure.pddl -f ./problems/BasePN-0And-add-1-d7/problem35.pddl -h blind -s WAStar
Domain parsed
Problem parsed
Grounding..
Grounding Time: 4061
UFX:true
|F|:10254
|X|:17
|A|:704
|P|:0
|E|:0
h(I):0.0
f(n) = 1.0 (Expanded Nodes: 12, Evaluated States: 44, Time: 0.056) Frontier Size: 32
f(n) = 2.0 (Expanded Nodes: 116, Evaluated States: 337, Time: 0.181) Frontier Size: 221
Problem Solved

Found Plan:
0.0: (validate_payload t0 a7 t1)
1.0: (sync_actions a7)
2.0: (validate_payload t1 a10 t2)
3.0: (sync_actions a10)
4.0: (validate_payload t2 a12 t3)
5.0: (sync_actions a12)
6.0: (validate_payload t3 a11 t4)
7.0: (sync_actions a11)
8.0: (validate_payload t4 a8 t5)
9.0: (sync_actions a8)
10.0: (del a8)
11.0: (validate_payload t6 a1 t7)
12.0: (sync_actions a1)
13.0: (validate_payload t7 a2 t8)
14.0: (sync_actions a2)
15.0: (validate_payload t8 a9 t9)
16.0: (sync_actions a9)

Plan-Length:17
Metric (Search):2.0
Planning Time (msec): 342
Heuristic Time (msec): 14
Search Time (msec): 334
Expanded Nodes:514
States Evaluated:1311
Number of Dead-Ends detected:0
Number of Duplicates detected:4
/usr/bin/time -v timeout 600 java -Xmx64g -jar ./enhsp3.jar -o ./domain_with_failure.pddl -f ./problems/BasePN-0And-add-1-d7/problem36.pddl -h blind -s WAStar
Domain parsed
Problem parsed
Grounding..
Grounding Time: 3936
UFX:true
|F|:10254
|X|:18
|A|:704
|P|:0
|E|:0
h(I):0.0
f(n) = 1.0 (Expanded Nodes: 6, Evaluated States: 22, Time: 0.027) Frontier Size: 16
f(n) = 2.0 (Expanded Nodes: 38, Evaluated States: 94, Time: 0.12) Frontier Size: 56
Problem Solved

Found Plan:
0.0: (validate_payload t0 a7 t1)
1.0: (sync_actions a7)
2.0: (validate_payload t1 a10 t2)
3.0: (sync_actions a10)
4.0: (del a2)
5.0: (validate_payload t3 a12 t4)
6.0: (sync_actions a12)
7.0: (validate_payload t4 a11 t5)
8.0: (sync_actions a11)
9.0: (validate_payload t5 a8 t6)
10.0: (sync_actions a8)
11.0: (validate_payload t6 a1 t7)
12.0: (sync_actions a1)
13.0: (validate_payload t7 a2 t8)
14.0: (sync_actions a2)
15.0: (validate_payload t8 a9 t9)
16.0: (sync_actions a9)

Plan-Length:17
Metric (Search):2.0
Planning Time (msec): 173
Heuristic Time (msec): 6
Search Time (msec): 169
Expanded Nodes:106
States Evaluated:220
Number of Dead-Ends detected:0
Number of Duplicates detected:2
/usr/bin/time -v timeout 600 java -Xmx64g -jar ./enhsp3.jar -o ./domain_with_failure.pddl -f ./problems/BasePN-0And-add-1-d7/problem37.pddl -h blind -s WAStar
Domain parsed
Problem parsed
Grounding..
Grounding Time: 4035
UFX:true
|F|:10254
|X|:18
|A|:704
|P|:0
|E|:0
h(I):0.0
f(n) = 1.0 (Expanded Nodes: 6, Evaluated States: 23, Time: 0.033) Frontier Size: 17
f(n) = 2.0 (Expanded Nodes: 38, Evaluated States: 98, Time: 0.11) Frontier Size: 60
Problem Solved

Found Plan:
0.0: (validate_payload t0 a7 t1)
1.0: (sync_actions a7)
2.0: (validate_payload t1 a10 t2)
3.0: (sync_actions a10)
4.0: (del a9)
5.0: (validate_payload t3 a12 t4)
6.0: (sync_actions a12)
7.0: (validate_payload t4 a11 t5)
8.0: (sync_actions a11)
9.0: (validate_payload t5 a8 t6)
10.0: (sync_actions a8)
11.0: (validate_payload t6 a1 t7)
12.0: (sync_actions a1)
13.0: (validate_payload t7 a2 t8)
14.0: (sync_actions a2)
15.0: (validate_payload t8 a9 t9)
16.0: (sync_actions a9)

Plan-Length:17
Metric (Search):2.0
Planning Time (msec): 172
Heuristic Time (msec): 6
Search Time (msec): 158
Expanded Nodes:118
States Evaluated:256
Number of Dead-Ends detected:0
Number of Duplicates detected:1
/usr/bin/time -v timeout 600 java -Xmx64g -jar ./enhsp3.jar -o ./domain_with_failure.pddl -f ./problems/BasePN-0And-add-1-d7/problem38.pddl -h blind -s WAStar
Domain parsed
Problem parsed
Grounding..
Grounding Time: 3966
UFX:true
|F|:10254
|X|:17
|A|:704
|P|:0
|E|:0
h(I):0.0
f(n) = 1.0 (Expanded Nodes: 8, Evaluated States: 29, Time: 0.036) Frontier Size: 21
f(n) = 2.0 (Expanded Nodes: 63, Evaluated States: 166, Time: 0.102) Frontier Size: 103
Problem Solved

Found Plan:
0.0: (validate_payload t0 a7 t1)
1.0: (sync_actions a7)
2.0: (validate_payload t1 a10 t2)
3.0: (sync_actions a10)
4.0: (validate_payload t2 a12 t3)
5.0: (sync_actions a12)
6.0: (del a0)
7.0: (validate_payload t4 a11 t5)
8.0: (sync_actions a11)
9.0: (validate_payload t5 a8 t6)
10.0: (sync_actions a8)
11.0: (validate_payload t6 a1 t7)
12.0: (sync_actions a1)
13.0: (validate_payload t7 a2 t8)
14.0: (sync_actions a2)
15.0: (validate_payload t8 a9 t9)
16.0: (sync_actions a9)

Plan-Length:17
Metric (Search):2.0
Planning Time (msec): 165
Heuristic Time (msec): 5
Search Time (msec): 148
Expanded Nodes:127
States Evaluated:289
Number of Dead-Ends detected:0
Number of Duplicates detected:1
/usr/bin/time -v timeout 600 java -Xmx64g -jar ./enhsp3.jar -o ./domain_with_failure.pddl -f ./problems/BasePN-0And-add-1-d7/problem39.pddl -h blind -s WAStar
Domain parsed
Problem parsed
Grounding..
Grounding Time: 4206
UFX:true
|F|:10254
|X|:18
|A|:704
|P|:0
|E|:0
h(I):0.0
f(n) = 1.0 (Expanded Nodes: 16, Evaluated States: 53, Time: 0.044) Frontier Size: 37
f(n) = 2.0 (Expanded Nodes: 208, Evaluated States: 581, Time: 0.183) Frontier Size: 373
Problem Solved

Found Plan:
0.0: (validate_payload t0 a7 t1)
1.0: (sync_actions a7)
2.0: (validate_payload t1 a10 t2)
3.0: (sync_actions a10)
4.0: (validate_payload t2 a12 t3)
5.0: (sync_actions a12)
6.0: (validate_payload t3 a11 t4)
7.0: (sync_actions a11)
8.0: (validate_payload t4 a8 t5)
9.0: (sync_actions a8)
10.0: (validate_payload t5 a1 t6)
11.0: (sync_actions a1)
12.0: (validate_payload t6 a2 t7)
13.0: (sync_actions a2)
14.0: (del a11)
15.0: (validate_payload t8 a9 t9)
16.0: (sync_actions a9)

Plan-Length:17
Metric (Search):2.0
Planning Time (msec): 334
Heuristic Time (msec): 7
Search Time (msec): 323
Expanded Nodes:664
States Evaluated:1720
Number of Dead-Ends detected:0
Number of Duplicates detected:3
/usr/bin/time -v timeout 600 java -Xmx64g -jar ./enhsp3.jar -o ./domain_with_failure.pddl -f ./problems/BasePN-0And-add-1-d7/problem40.pddl -h blind -s WAStar
Domain parsed
Problem parsed
Grounding..
Grounding Time: 4046
UFX:true
|F|:10254
|X|:16
|A|:704
|P|:0
|E|:0
h(I):0.0
f(n) = 1.0 (Expanded Nodes: 14, Evaluated States: 42, Time: 0.046) Frontier Size: 28
f(n) = 2.0 (Expanded Nodes: 133, Evaluated States: 331, Time: 0.175) Frontier Size: 198
Problem Solved

Found Plan:
0.0: (validate_payload t0 a7 t1)
1.0: (sync_actions a7)
2.0: (validate_payload t1 a10 t2)
3.0: (sync_actions a10)
4.0: (validate_payload t2 a12 t3)
5.0: (sync_actions a12)
6.0: (validate_payload t3 a11 t4)
7.0: (sync_actions a11)
8.0: (validate_payload t4 a8 t5)
9.0: (sync_actions a8)
10.0: (validate_payload t5 a1 t6)
11.0: (sync_actions a1)
12.0: (del a1)
13.0: (validate_payload t7 a2 t8)
14.0: (sync_actions a2)
15.0: (validate_payload t8 a9 t9)
16.0: (sync_actions a9)

Plan-Length:17
Metric (Search):2.0
Planning Time (msec): 327
Heuristic Time (msec): 8
Search Time (msec): 315
Expanded Nodes:525
States Evaluated:1187
Number of Dead-Ends detected:0
Number of Duplicates detected:8
/usr/bin/time -v timeout 600 java -Xmx64g -jar ./enhsp3.jar -o ./domain_with_failure.pddl -f ./problems/BasePN-0And-add-1-d7/problem41.pddl -h blind -s WAStar
Domain parsed
Problem parsed
Grounding..
Grounding Time: 4092
UFX:true
|F|:10254
|X|:17
|A|:704
|P|:0
|E|:0
h(I):0.0
f(n) = 1.0 (Expanded Nodes: 6, Evaluated States: 22, Time: 0.029) Frontier Size: 16
f(n) = 2.0 (Expanded Nodes: 38, Evaluated States: 94, Time: 0.094) Frontier Size: 56
Problem Solved

Found Plan:
0.0: (validate_payload t0 a7 t1)
1.0: (sync_actions a7)
2.0: (validate_payload t1 a10 t2)
3.0: (sync_actions a10)
4.0: (del a7)
5.0: (validate_payload t3 a12 t4)
6.0: (sync_actions a12)
7.0: (validate_payload t4 a11 t5)
8.0: (sync_actions a11)
9.0: (validate_payload t5 a8 t6)
10.0: (sync_actions a8)
11.0: (validate_payload t6 a1 t7)
12.0: (sync_actions a1)
13.0: (validate_payload t7 a2 t8)
14.0: (sync_actions a2)
15.0: (validate_payload t8 a9 t9)
16.0: (sync_actions a9)

Plan-Length:17
Metric (Search):2.0
Planning Time (msec): 142
Heuristic Time (msec): 6
Search Time (msec): 138
Expanded Nodes:106
States Evaluated:216
Number of Dead-Ends detected:0
Number of Duplicates detected:1
/usr/bin/time -v timeout 600 java -Xmx64g -jar ./enhsp3.jar -o ./domain_with_failure.pddl -f ./problems/BasePN-0And-add-1-d7/problem42.pddl -h blind -s WAStar
Domain parsed
Problem parsed
Grounding..
Grounding Time: 4457
UFX:true
|F|:10254
|X|:18
|A|:704
|P|:0
|E|:0
h(I):0.0
f(n) = 1.0 (Expanded Nodes: 14, Evaluated States: 56, Time: 0.044) Frontier Size: 42
f(n) = 2.0 (Expanded Nodes: 186, Evaluated States: 595, Time: 0.172) Frontier Size: 409
Problem Solved

Found Plan:
0.0: (validate_payload t0 a7 t1)
1.0: (sync_actions a7)
2.0: (validate_payload t1 a10 t2)
3.0: (sync_actions a10)
4.0: (validate_payload t2 a12 t3)
5.0: (sync_actions a12)
6.0: (validate_payload t3 a11 t4)
7.0: (sync_actions a11)
8.0: (validate_payload t4 a8 t5)
9.0: (sync_actions a8)
10.0: (validate_payload t5 a1 t6)
11.0: (sync_actions a1)
12.0: (del a1)
13.0: (validate_payload t7 a2 t8)
14.0: (sync_actions a2)
15.0: (validate_payload t8 a9 t9)
16.0: (sync_actions a9)

Plan-Length:17
Metric (Search):2.0
Planning Time (msec): 229
Heuristic Time (msec): 9
Search Time (msec): 217
Expanded Nodes:273
States Evaluated:815
Number of Dead-Ends detected:0
Number of Duplicates detected:0
/usr/bin/time -v timeout 600 java -Xmx64g -jar ./enhsp3.jar -o ./domain_with_failure.pddl -f ./problems/BasePN-0And-add-1-d7/problem43.pddl -h blind -s WAStar
Domain parsed
Problem parsed
Grounding..
Grounding Time: 4105
UFX:true
|F|:10254
|X|:18
|A|:704
|P|:0
|E|:0
h(I):0.0
f(n) = 1.0 (Expanded Nodes: 4, Evaluated States: 14, Time: 0.035) Frontier Size: 10
f(n) = 2.0 (Expanded Nodes: 16, Evaluated States: 38, Time: 0.08) Frontier Size: 22
Problem Solved

Found Plan:
0.0: (validate_payload t0 a7 t1)
1.0: (sync_actions a7)
2.0: (del a7)
3.0: (validate_payload t2 a10 t3)
4.0: (sync_actions a10)
5.0: (validate_payload t3 a12 t4)
6.0: (sync_actions a12)
7.0: (validate_payload t4 a11 t5)
8.0: (sync_actions a11)
9.0: (validate_payload t5 a8 t6)
10.0: (sync_actions a8)
11.0: (validate_payload t6 a1 t7)
12.0: (sync_actions a1)
13.0: (validate_payload t7 a2 t8)
14.0: (sync_actions a2)
15.0: (validate_payload t8 a9 t9)
16.0: (sync_actions a9)

Plan-Length:17
Metric (Search):2.0
Planning Time (msec): 129
Heuristic Time (msec): 9
Search Time (msec): 119
Expanded Nodes:45
States Evaluated:117
Number of Dead-Ends detected:0
Number of Duplicates detected:2
/usr/bin/time -v timeout 600 java -Xmx64g -jar ./enhsp3.jar -o ./domain_with_failure.pddl -f ./problems/BasePN-0And-add-1-d7/problem44.pddl -h blind -s WAStar
Domain parsed
Problem parsed
Grounding..
Grounding Time: 4209
UFX:true
|F|:10254
|X|:17
|A|:704
|P|:0
|E|:0
h(I):0.0
f(n) = 1.0 (Expanded Nodes: 4, Evaluated States: 14, Time: 0.027) Frontier Size: 10
f(n) = 2.0 (Expanded Nodes: 16, Evaluated States: 38, Time: 0.063) Frontier Size: 22
Problem Solved

Found Plan:
0.0: (validate_payload t0 a7 t1)
1.0: (sync_actions a7)
2.0: (del a7)
3.0: (validate_payload t2 a10 t3)
4.0: (sync_actions a10)
5.0: (validate_payload t3 a12 t4)
6.0: (sync_actions a12)
7.0: (validate_payload t4 a11 t5)
8.0: (sync_actions a11)
9.0: (validate_payload t5 a8 t6)
10.0: (sync_actions a8)
11.0: (validate_payload t6 a1 t7)
12.0: (sync_actions a1)
13.0: (validate_payload t7 a2 t8)
14.0: (sync_actions a2)
15.0: (validate_payload t8 a9 t9)
16.0: (sync_actions a9)

Plan-Length:17
Metric (Search):2.0
Planning Time (msec): 122
Heuristic Time (msec): 2
Search Time (msec): 109
Expanded Nodes:45
States Evaluated:114
Number of Dead-Ends detected:0
Number of Duplicates detected:2
/usr/bin/time -v timeout 600 java -Xmx64g -jar ./enhsp3.jar -o ./domain_with_failure.pddl -f ./problems/BasePN-0And-add-1-d7/problem45.pddl -h blind -s WAStar
Domain parsed
Problem parsed
Grounding..
Grounding Time: 4282
UFX:true
|F|:10251
|X|:16
|A|:703
|P|:0
|E|:0
h(I):0.0
f(n) = 1.0 (Expanded Nodes: 6, Evaluated States: 18, Time: 0.035) Frontier Size: 12
f(n) = 2.0 (Expanded Nodes: 26, Evaluated States: 56, Time: 0.084) Frontier Size: 30
Problem Solved

Found Plan:
0.0: (validate_payload t0 a7 t1)
1.0: (sync_actions a7)
2.0: (validate_payload t1 a10 t2)
3.0: (sync_actions a10)
4.0: (del a0)
5.0: (validate_payload t3 a12 t4)
6.0: (sync_actions a12)
7.0: (validate_payload t4 a11 t5)
8.0: (sync_actions a11)
9.0: (validate_payload t5 a8 t6)
10.0: (sync_actions a8)
11.0: (validate_payload t6 a0 t7)
12.0: (sync_actions a0)
13.0: (validate_payload t7 a9 t8)
14.0: (sync_actions a9)

Plan-Length:15
Metric (Search):2.0
Planning Time (msec): 130
Heuristic Time (msec): 12
Search Time (msec): 121
Expanded Nodes:54
States Evaluated:122
Number of Dead-Ends detected:0
Number of Duplicates detected:2
/usr/bin/time -v timeout 600 java -Xmx64g -jar ./enhsp3.jar -o ./domain_with_failure.pddl -f ./problems/BasePN-0And-add-1-d7/problem46.pddl -h blind -s WAStar
Domain parsed
Problem parsed
Grounding..
Grounding Time: 4401
UFX:true
|F|:10254
|X|:18
|A|:704
|P|:0
|E|:0
h(I):0.0
f(n) = 1.0 (Expanded Nodes: 8, Evaluated States: 31, Time: 0.045) Frontier Size: 23
f(n) = 2.0 (Expanded Nodes: 63, Evaluated States: 177, Time: 0.116) Frontier Size: 114
Problem Solved

Found Plan:
0.0: (validate_payload t0 a7 t1)
1.0: (sync_actions a7)
2.0: (validate_payload t1 a10 t2)
3.0: (sync_actions a10)
4.0: (validate_payload t2 a12 t3)
5.0: (sync_actions a12)
6.0: (del a7)
7.0: (validate_payload t4 a11 t5)
8.0: (sync_actions a11)
9.0: (validate_payload t5 a8 t6)
10.0: (sync_actions a8)
11.0: (validate_payload t6 a1 t7)
12.0: (sync_actions a1)
13.0: (validate_payload t7 a2 t8)
14.0: (sync_actions a2)
15.0: (validate_payload t8 a9 t9)
16.0: (sync_actions a9)

Plan-Length:17
Metric (Search):2.0
Planning Time (msec): 171
Heuristic Time (msec): 10
Search Time (msec): 165
Expanded Nodes:156
States Evaluated:396
Number of Dead-Ends detected:0
Number of Duplicates detected:1
/usr/bin/time -v timeout 600 java -Xmx64g -jar ./enhsp3.jar -o ./domain_with_failure.pddl -f ./problems/BasePN-0And-add-1-d7/problem47.pddl -h blind -s WAStar
Domain parsed
Problem parsed
Grounding..
Grounding Time: 4160
UFX:true
|F|:10254
|X|:18
|A|:704
|P|:0
|E|:0
h(I):0.0
f(n) = 1.0 (Expanded Nodes: 8, Evaluated States: 29, Time: 0.038) Frontier Size: 21
f(n) = 2.0 (Expanded Nodes: 63, Evaluated States: 166, Time: 0.127) Frontier Size: 103
Problem Solved

Found Plan:
0.0: (validate_payload t0 a7 t1)
1.0: (sync_actions a7)
2.0: (validate_payload t1 a10 t2)
3.0: (sync_actions a10)
4.0: (validate_payload t2 a12 t3)
5.0: (sync_actions a12)
6.0: (del a10)
7.0: (validate_payload t4 a11 t5)
8.0: (sync_actions a11)
9.0: (validate_payload t5 a8 t6)
10.0: (sync_actions a8)
11.0: (validate_payload t6 a1 t7)
12.0: (sync_actions a1)
13.0: (validate_payload t7 a2 t8)
14.0: (sync_actions a2)
15.0: (validate_payload t8 a9 t9)
16.0: (sync_actions a9)

Plan-Length:17
Metric (Search):2.0
Planning Time (msec): 168
Heuristic Time (msec): 7
Search Time (msec): 165
Expanded Nodes:134
States Evaluated:304
Number of Dead-Ends detected:0
Number of Duplicates detected:1
/usr/bin/time -v timeout 600 java -Xmx64g -jar ./enhsp3.jar -o ./domain_with_failure.pddl -f ./problems/BasePN-0And-add-1-d7/problem48.pddl -h blind -s WAStar
Domain parsed
Problem parsed
Grounding..
Grounding Time: 4494
UFX:true
|F|:10254
|X|:17
|A|:704
|P|:0
|E|:0
h(I):0.0
f(n) = 1.0 (Expanded Nodes: 4, Evaluated States: 14, Time: 0.032) Frontier Size: 10
f(n) = 2.0 (Expanded Nodes: 16, Evaluated States: 38, Time: 0.074) Frontier Size: 22
Problem Solved

Found Plan:
0.0: (validate_payload t0 a7 t1)
1.0: (sync_actions a7)
2.0: (del a9)
3.0: (validate_payload t2 a10 t3)
4.0: (sync_actions a10)
5.0: (validate_payload t3 a12 t4)
6.0: (sync_actions a12)
7.0: (validate_payload t4 a11 t5)
8.0: (sync_actions a11)
9.0: (validate_payload t5 a8 t6)
10.0: (sync_actions a8)
11.0: (validate_payload t6 a1 t7)
12.0: (sync_actions a1)
13.0: (validate_payload t7 a2 t8)
14.0: (sync_actions a2)
15.0: (validate_payload t8 a9 t9)
16.0: (sync_actions a9)

Plan-Length:17
Metric (Search):2.0
Planning Time (msec): 120
Heuristic Time (msec): 7
Search Time (msec): 118
Expanded Nodes:44
States Evaluated:112
Number of Dead-Ends detected:0
Number of Duplicates detected:1
/usr/bin/time -v timeout 600 java -Xmx64g -jar ./enhsp3.jar -o ./domain_with_failure.pddl -f ./problems/BasePN-0And-add-1-d7/problem49.pddl -h blind -s WAStar
Domain parsed
Problem parsed
Grounding..
Grounding Time: 4062
UFX:true
|F|:10254
|X|:17
|A|:704
|P|:0
|E|:0
h(I):0.0
f(n) = 1.0 (Expanded Nodes: 7, Evaluated States: 24, Time: 0.041) Frontier Size: 17
f(n) = 2.0 (Expanded Nodes: 44, Evaluated States: 104, Time: 0.118) Frontier Size: 60
Problem Solved

Found Plan:
0.0: (validate_payload t0 a7 t1)
1.0: (sync_actions a7)
2.0: (validate_payload t1 a10 t2)
3.0: (sync_actions a10)
4.0: (del a1)
5.0: (validate_payload t3 a12 t4)
6.0: (sync_actions a12)
7.0: (validate_payload t4 a11 t5)
8.0: (sync_actions a11)
9.0: (validate_payload t5 a8 t6)
10.0: (sync_actions a8)
11.0: (validate_payload t6 a1 t7)
12.0: (sync_actions a1)
13.0: (validate_payload t7 a2 t8)
14.0: (sync_actions a2)
15.0: (validate_payload t8 a9 t9)
16.0: (sync_actions a9)

Plan-Length:17
Metric (Search):2.0
Planning Time (msec): 196
Heuristic Time (msec): 7
Search Time (msec): 184
Expanded Nodes:131
States Evaluated:272
Number of Dead-Ends detected:0
Number of Duplicates detected:1
/usr/bin/time -v timeout 600 java -Xmx64g -jar ./enhsp3.jar -o ./domain_with_failure.pddl -f ./problems/BasePN-0And-add-1-d7/problem50.pddl -h blind -s WAStar
Domain parsed
Problem parsed
Grounding..
Grounding Time: 4258
UFX:true
|F|:10254
|X|:17
|A|:704
|P|:0
|E|:0
h(I):0.0
f(n) = 2.0 (Expanded Nodes: 3, Evaluated States: 5, Time: 0.026) Frontier Size: 2
Problem Solved

Found Plan:
0.0: (del a12)
1.0: (validate_payload t1 a7 t2)
2.0: (sync_actions a7)
3.0: (validate_payload t2 a10 t3)
4.0: (sync_actions a10)
5.0: (validate_payload t3 a12 t4)
6.0: (sync_actions a12)
7.0: (validate_payload t4 a11 t5)
8.0: (sync_actions a11)
9.0: (validate_payload t5 a8 t6)
10.0: (sync_actions a8)
11.0: (validate_payload t6 a1 t7)
12.0: (sync_actions a1)
13.0: (validate_payload t7 a2 t8)
14.0: (sync_actions a2)
15.0: (validate_payload t8 a9 t9)
16.0: (sync_actions a9)

Plan-Length:17
Metric (Search):2.0
Planning Time (msec): 103
Heuristic Time (msec): 8
Search Time (msec): 95
Expanded Nodes:25
States Evaluated:78
Number of Dead-Ends detected:0
Number of Duplicates detected:0
/usr/bin/time -v timeout 600 java -Xmx64g -jar ./enhsp3.jar -o ./domain_with_failure.pddl -f ./problems/BasePN-0And-add-1-d7/problem51.pddl -h blind -s WAStar
Domain parsed
Problem parsed
Grounding..
Grounding Time: 4011
UFX:true
|F|:10254
|X|:17
|A|:704
|P|:0
|E|:0
h(I):0.0
f(n) = 1.0 (Expanded Nodes: 6, Evaluated States: 19, Time: 0.037) Frontier Size: 13
f(n) = 2.0 (Expanded Nodes: 18, Evaluated States: 37, Time: 0.085) Frontier Size: 19
Problem Solved

Found Plan:
0.0: (validate_payload t0 a7 t1)
1.0: (sync_actions a7)
2.0: (validate_payload t1 a10 t2)
3.0: (sync_actions a10)
4.0: (del a7)
5.0: (validate_payload t3 a12 t4)
6.0: (sync_actions a12)
7.0: (validate_payload t4 a11 t5)
8.0: (sync_actions a11)
9.0: (validate_payload t5 a8 t6)
10.0: (sync_actions a8)
11.0: (validate_payload t6 a1 t7)
12.0: (sync_actions a1)
13.0: (validate_payload t7 a2 t8)
14.0: (sync_actions a2)
15.0: (validate_payload t8 a9 t9)
16.0: (sync_actions a9)

Plan-Length:17
Metric (Search):2.0
Planning Time (msec): 147
Heuristic Time (msec): 9
Search Time (msec): 132
Expanded Nodes:50
States Evaluated:135
Number of Dead-Ends detected:0
Number of Duplicates detected:1
/usr/bin/time -v timeout 600 java -Xmx64g -jar ./enhsp3.jar -o ./domain_with_failure.pddl -f ./problems/BasePN-0And-add-1-d7/problem52.pddl -h blind -s WAStar
Domain parsed
Problem parsed
Grounding..
Grounding Time: 4057
UFX:true
|F|:10254
|X|:18
|A|:704
|P|:0
|E|:0
h(I):0.0
f(n) = 1.0 (Expanded Nodes: 8, Evaluated States: 29, Time: 0.051) Frontier Size: 21
f(n) = 2.0 (Expanded Nodes: 63, Evaluated States: 166, Time: 0.127) Frontier Size: 103
Problem Solved

Found Plan:
0.0: (validate_payload t0 a7 t1)
1.0: (sync_actions a7)
2.0: (validate_payload t1 a10 t2)
3.0: (sync_actions a10)
4.0: (validate_payload t2 a12 t3)
5.0: (sync_actions a12)
6.0: (del a0)
7.0: (validate_payload t4 a11 t5)
8.0: (sync_actions a11)
9.0: (validate_payload t5 a8 t6)
10.0: (sync_actions a8)
11.0: (validate_payload t6 a1 t7)
12.0: (sync_actions a1)
13.0: (validate_payload t7 a2 t8)
14.0: (sync_actions a2)
15.0: (validate_payload t8 a9 t9)
16.0: (sync_actions a9)

Plan-Length:17
Metric (Search):2.0
Planning Time (msec): 173
Heuristic Time (msec): 9
Search Time (msec): 165
Expanded Nodes:134
States Evaluated:304
Number of Dead-Ends detected:0
Number of Duplicates detected:1
/usr/bin/time -v timeout 600 java -Xmx64g -jar ./enhsp3.jar -o ./domain_with_failure.pddl -f ./problems/BasePN-0And-add-1-d7/problem53.pddl -h blind -s WAStar
Domain parsed
Problem parsed
Grounding..
Grounding Time: 4433
UFX:true
|F|:10254
|X|:17
|A|:704
|P|:0
|E|:0
h(I):0.0
f(n) = 1.0 (Expanded Nodes: 14, Evaluated States: 55, Time: 0.044) Frontier Size: 41
f(n) = 2.0 (Expanded Nodes: 169, Evaluated States: 531, Time: 0.18) Frontier Size: 362
Problem Solved

Found Plan:
0.0: (validate_payload t0 a7 t1)
1.0: (sync_actions a7)
2.0: (validate_payload t1 a10 t2)
3.0: (sync_actions a10)
4.0: (validate_payload t2 a12 t3)
5.0: (sync_actions a12)
6.0: (validate_payload t3 a11 t4)
7.0: (sync_actions a11)
8.0: (validate_payload t4 a8 t5)
9.0: (sync_actions a8)
10.0: (validate_payload t5 a1 t6)
11.0: (sync_actions a1)
12.0: (del a0)
13.0: (validate_payload t7 a2 t8)
14.0: (sync_actions a2)
15.0: (validate_payload t8 a9 t9)
16.0: (sync_actions a9)

Plan-Length:17
Metric (Search):2.0
Planning Time (msec): 314
Heuristic Time (msec): 2
Search Time (msec): 298
Expanded Nodes:522
States Evaluated:1418
Number of Dead-Ends detected:0
Number of Duplicates detected:1
/usr/bin/time -v timeout 600 java -Xmx64g -jar ./enhsp3.jar -o ./domain_with_failure.pddl -f ./problems/BasePN-0And-add-1-d7/problem54.pddl -h blind -s WAStar
Domain parsed
Problem parsed
Grounding..
Grounding Time: 4184
UFX:true
|F|:10251
|X|:13
|A|:703
|P|:0
|E|:0
h(I):0.0
f(n) = 1.0 (Expanded Nodes: 6, Evaluated States: 18, Time: 0.033) Frontier Size: 12
f(n) = 2.0 (Expanded Nodes: 26, Evaluated States: 56, Time: 0.089) Frontier Size: 30
Problem Solved

Found Plan:
0.0: (validate_payload t0 a7 t1)
1.0: (sync_actions a7)
2.0: (validate_payload t1 a10 t2)
3.0: (sync_actions a10)
4.0: (del a0)
5.0: (validate_payload t3 a12 t4)
6.0: (sync_actions a12)
7.0: (validate_payload t4 a11 t5)
8.0: (sync_actions a11)
9.0: (validate_payload t5 a8 t6)
10.0: (sync_actions a8)
11.0: (validate_payload t6 a0 t7)
12.0: (sync_actions a0)
13.0: (validate_payload t7 a9 t8)
14.0: (sync_actions a9)

Plan-Length:15
Metric (Search):2.0
Planning Time (msec): 140
Heuristic Time (msec): 2
Search Time (msec): 126
Expanded Nodes:54
States Evaluated:115
Number of Dead-Ends detected:0
Number of Duplicates detected:2
/usr/bin/time -v timeout 600 java -Xmx64g -jar ./enhsp3.jar -o ./domain_with_failure.pddl -f ./problems/BasePN-0And-add-1-d7/problem55.pddl -h blind -s WAStar
Domain parsed
Problem parsed
Grounding..
Grounding Time: 4114
UFX:true
|F|:10254
|X|:17
|A|:704
|P|:0
|E|:0
h(I):0.0
f(n) = 1.0 (Expanded Nodes: 12, Evaluated States: 45, Time: 0.033) Frontier Size: 33
f(n) = 2.0 (Expanded Nodes: 129, Evaluated States: 379, Time: 0.143) Frontier Size: 250
Problem Solved

Found Plan:
0.0: (validate_payload t0 a7 t1)
1.0: (sync_actions a7)
2.0: (validate_payload t1 a10 t2)
3.0: (sync_actions a10)
4.0: (validate_payload t2 a12 t3)
5.0: (sync_actions a12)
6.0: (validate_payload t3 a11 t4)
7.0: (sync_actions a11)
8.0: (validate_payload t4 a8 t5)
9.0: (sync_actions a8)
10.0: (del a2)
11.0: (validate_payload t6 a1 t7)
12.0: (sync_actions a1)
13.0: (validate_payload t7 a2 t8)
14.0: (sync_actions a2)
15.0: (validate_payload t8 a9 t9)
16.0: (sync_actions a9)

Plan-Length:17
Metric (Search):2.0
Planning Time (msec): 237
Heuristic Time (msec): 7
Search Time (msec): 228
Expanded Nodes:396
States Evaluated:1019
Number of Dead-Ends detected:0
Number of Duplicates detected:0
/usr/bin/time -v timeout 600 java -Xmx64g -jar ./enhsp3.jar -o ./domain_with_failure.pddl -f ./problems/BasePN-0And-add-1-d7/problem56.pddl -h blind -s WAStar
Domain parsed
Problem parsed
Grounding..
Grounding Time: 4271
UFX:true
|F|:10254
|X|:18
|A|:704
|P|:0
|E|:0
h(I):0.0
f(n) = 1.0 (Expanded Nodes: 16, Evaluated States: 59, Time: 0.038) Frontier Size: 43
f(n) = 2.0 (Expanded Nodes: 220, Evaluated States: 682, Time: 0.17) Frontier Size: 462
Problem Solved

Found Plan:
0.0: (validate_payload t0 a7 t1)
1.0: (sync_actions a7)
2.0: (validate_payload t1 a10 t2)
3.0: (sync_actions a10)
4.0: (validate_payload t2 a12 t3)
5.0: (sync_actions a12)
6.0: (validate_payload t3 a11 t4)
7.0: (sync_actions a11)
8.0: (validate_payload t4 a8 t5)
9.0: (sync_actions a8)
10.0: (validate_payload t5 a1 t6)
11.0: (sync_actions a1)
12.0: (validate_payload t6 a2 t7)
13.0: (sync_actions a2)
14.0: (del a10)
15.0: (validate_payload t8 a9 t9)
16.0: (sync_actions a9)

Plan-Length:17
Metric (Search):2.0
Planning Time (msec): 337
Heuristic Time (msec): 1
Search Time (msec): 334
Expanded Nodes:869
States Evaluated:2383
Number of Dead-Ends detected:0
Number of Duplicates detected:2
/usr/bin/time -v timeout 600 java -Xmx64g -jar ./enhsp3.jar -o ./domain_with_failure.pddl -f ./problems/BasePN-0And-add-1-d7/problem57.pddl -h blind -s WAStar
Domain parsed
Problem parsed
Grounding..
Grounding Time: 4139
UFX:true
|F|:10254
|X|:17
|A|:704
|P|:0
|E|:0
h(I):0.0
f(n) = 1.0 (Expanded Nodes: 12, Evaluated States: 41, Time: 0.042) Frontier Size: 29
f(n) = 2.0 (Expanded Nodes: 116, Evaluated States: 319, Time: 0.146) Frontier Size: 203
Problem Solved

Found Plan:
0.0: (validate_payload t0 a7 t1)
1.0: (sync_actions a7)
2.0: (validate_payload t1 a10 t2)
3.0: (sync_actions a10)
4.0: (validate_payload t2 a12 t3)
5.0: (sync_actions a12)
6.0: (validate_payload t3 a11 t4)
7.0: (sync_actions a11)
8.0: (validate_payload t4 a8 t5)
9.0: (sync_actions a8)
10.0: (del a9)
11.0: (validate_payload t6 a1 t7)
12.0: (sync_actions a1)
13.0: (validate_payload t7 a2 t8)
14.0: (sync_actions a2)
15.0: (validate_payload t8 a9 t9)
16.0: (sync_actions a9)

Plan-Length:17
Metric (Search):2.0
Planning Time (msec): 196
Heuristic Time (msec): 9
Search Time (msec): 194
Expanded Nodes:252
States Evaluated:629
Number of Dead-Ends detected:0
Number of Duplicates detected:1
/usr/bin/time -v timeout 600 java -Xmx64g -jar ./enhsp3.jar -o ./domain_with_failure.pddl -f ./problems/BasePN-0And-add-1-d7/problem58.pddl -h blind -s WAStar
Domain parsed
Problem parsed
Grounding..
Grounding Time: 4581
UFX:true
|F|:10254
|X|:14
|A|:704
|P|:0
|E|:0
h(I):0.0
f(n) = 1.0 (Expanded Nodes: 16, Evaluated States: 46, Time: 0.046) Frontier Size: 30
f(n) = 2.0 (Expanded Nodes: 151, Evaluated States: 367, Time: 0.163) Frontier Size: 216
Problem Solved

Found Plan:
0.0: (validate_payload t0 a7 t1)
1.0: (sync_actions a7)
2.0: (validate_payload t1 a10 t2)
3.0: (sync_actions a10)
4.0: (validate_payload t2 a12 t3)
5.0: (sync_actions a12)
6.0: (validate_payload t3 a11 t4)
7.0: (sync_actions a11)
8.0: (validate_payload t4 a8 t5)
9.0: (sync_actions a8)
10.0: (validate_payload t5 a1 t6)
11.0: (sync_actions a1)
12.0: (validate_payload t6 a2 t7)
13.0: (sync_actions a2)
14.0: (del a8)
15.0: (validate_payload t8 a9 t9)
16.0: (sync_actions a9)

Plan-Length:17
Metric (Search):2.0
Planning Time (msec): 233
Heuristic Time (msec): 13
Search Time (msec): 226
Expanded Nodes:307
States Evaluated:710
Number of Dead-Ends detected:0
Number of Duplicates detected:3
/usr/bin/time -v timeout 600 java -Xmx64g -jar ./enhsp3.jar -o ./domain_with_failure.pddl -f ./problems/BasePN-0And-add-1-d7/problem59.pddl -h blind -s WAStar
Domain parsed
Problem parsed
Grounding..
Grounding Time: 4053
UFX:true
|F|:10254
|X|:15
|A|:704
|P|:0
|E|:0
h(I):0.0
f(n) = 1.0 (Expanded Nodes: 11, Evaluated States: 33, Time: 0.042) Frontier Size: 22
f(n) = 2.0 (Expanded Nodes: 59, Evaluated States: 138, Time: 0.113) Frontier Size: 79
Problem Solved

Found Plan:
0.0: (validate_payload t0 a7 t1)
1.0: (sync_actions a7)
2.0: (validate_payload t1 a10 t2)
3.0: (sync_actions a10)
4.0: (validate_payload t2 a12 t3)
5.0: (sync_actions a12)
6.0: (validate_payload t3 a11 t4)
7.0: (sync_actions a11)
8.0: (del a1)
9.0: (validate_payload t5 a8 t6)
10.0: (sync_actions a8)
11.0: (validate_payload t6 a1 t7)
12.0: (sync_actions a1)
13.0: (validate_payload t7 a2 t8)
14.0: (sync_actions a2)
15.0: (validate_payload t8 a9 t9)
16.0: (sync_actions a9)

Plan-Length:17
Metric (Search):2.0
Planning Time (msec): 158
Heuristic Time (msec): 5
Search Time (msec): 153
Expanded Nodes:103
States Evaluated:251
Number of Dead-Ends detected:0
Number of Duplicates detected:1
/usr/bin/time -v timeout 600 java -Xmx64g -jar ./enhsp3.jar -o ./domain_with_failure.pddl -f ./problems/BasePN-0And-add-1-d7/problem60.pddl -h blind -s WAStar
Domain parsed
Problem parsed
Grounding..
Grounding Time: 4052
UFX:true
|F|:10254
|X|:17
|A|:704
|P|:0
|E|:0
h(I):0.0
f(n) = 1.0 (Expanded Nodes: 10, Evaluated States: 37, Time: 0.036) Frontier Size: 27
f(n) = 2.0 (Expanded Nodes: 99, Evaluated States: 278, Time: 0.143) Frontier Size: 179
Problem Solved

Found Plan:
0.0: (validate_payload t0 a7 t1)
1.0: (sync_actions a7)
2.0: (validate_payload t1 a10 t2)
3.0: (sync_actions a10)
4.0: (validate_payload t2 a12 t3)
5.0: (sync_actions a12)
6.0: (validate_payload t3 a11 t4)
7.0: (sync_actions a11)
8.0: (del a12)
9.0: (validate_payload t5 a8 t6)
10.0: (sync_actions a8)
11.0: (validate_payload t6 a1 t7)
12.0: (sync_actions a1)
13.0: (validate_payload t7 a2 t8)
14.0: (sync_actions a2)
15.0: (validate_payload t8 a9 t9)
16.0: (sync_actions a9)

Plan-Length:17
Metric (Search):2.0
Planning Time (msec): 307
Heuristic Time (msec): 9
Search Time (msec): 304
Expanded Nodes:476
States Evaluated:1132
Number of Dead-Ends detected:0
Number of Duplicates detected:4
/usr/bin/time -v timeout 600 java -Xmx64g -jar ./enhsp3.jar -o ./domain_with_failure.pddl -f ./problems/BasePN-0And-add-1-d7/problem61.pddl -h blind -s WAStar
Domain parsed
Problem parsed
Grounding..
Grounding Time: 4268
UFX:true
|F|:10254
|X|:18
|A|:704
|P|:0
|E|:0
h(I):0.0
f(n) = 2.0 (Expanded Nodes: 2, Evaluated States: 4, Time: 0.026) Frontier Size: 2
Problem Solved

Found Plan:
0.0: (del a8)
1.0: (validate_payload t1 a7 t2)
2.0: (sync_actions a7)
3.0: (validate_payload t2 a10 t3)
4.0: (sync_actions a10)
5.0: (validate_payload t3 a12 t4)
6.0: (sync_actions a12)
7.0: (validate_payload t4 a11 t5)
8.0: (sync_actions a11)
9.0: (validate_payload t5 a8 t6)
10.0: (sync_actions a8)
11.0: (validate_payload t6 a1 t7)
12.0: (sync_actions a1)
13.0: (validate_payload t7 a2 t8)
14.0: (sync_actions a2)
15.0: (validate_payload t8 a9 t9)
16.0: (sync_actions a9)

Plan-Length:17
Metric (Search):2.0
Planning Time (msec): 100
Heuristic Time (msec): 6
Search Time (msec): 94
Expanded Nodes:23
States Evaluated:72
Number of Dead-Ends detected:0
Number of Duplicates detected:0
/usr/bin/time -v timeout 600 java -Xmx64g -jar ./enhsp3.jar -o ./domain_with_failure.pddl -f ./problems/BasePN-0And-add-1-d7/problem62.pddl -h blind -s WAStar
Domain parsed
Problem parsed
Grounding..
Grounding Time: 4347
UFX:true
|F|:10254
|X|:18
|A|:704
|P|:0
|E|:0
h(I):0.0
f(n) = 1.0 (Expanded Nodes: 10, Evaluated States: 40, Time: 0.044) Frontier Size: 30
f(n) = 2.0 (Expanded Nodes: 99, Evaluated States: 300, Time: 0.129) Frontier Size: 201
Problem Solved

Found Plan:
0.0: (validate_payload t0 a7 t1)
1.0: (sync_actions a7)
2.0: (validate_payload t1 a10 t2)
3.0: (sync_actions a10)
4.0: (validate_payload t2 a12 t3)
5.0: (sync_actions a12)
6.0: (validate_payload t3 a11 t4)
7.0: (sync_actions a11)
8.0: (del a12)
9.0: (validate_payload t5 a8 t6)
10.0: (sync_actions a8)
11.0: (validate_payload t6 a1 t7)
12.0: (sync_actions a1)
13.0: (validate_payload t7 a2 t8)
14.0: (sync_actions a2)
15.0: (validate_payload t8 a9 t9)
16.0: (sync_actions a9)

Plan-Length:17
Metric (Search):2.0
Planning Time (msec): 308
Heuristic Time (msec): 11
Search Time (msec): 297
Expanded Nodes:469
States Evaluated:1179
Number of Dead-Ends detected:0
Number of Duplicates detected:2
/usr/bin/time -v timeout 600 java -Xmx64g -jar ./enhsp3.jar -o ./domain_with_failure.pddl -f ./problems/BasePN-0And-add-1-d7/problem63.pddl -h blind -s WAStar
Domain parsed
Problem parsed
Grounding..
Grounding Time: 4098
UFX:true
|F|:10251
|X|:16
|A|:703
|P|:0
|E|:0
h(I):0.0
f(n) = 1.0 (Expanded Nodes: 5, Evaluated States: 15, Time: 0.029) Frontier Size: 10
f(n) = 2.0 (Expanded Nodes: 21, Evaluated States: 43, Time: 0.078) Frontier Size: 22
Problem Solved

Found Plan:
0.0: (validate_payload t0 a7 t1)
1.0: (sync_actions a7)
2.0: (del a12)
3.0: (validate_payload t2 a10 t3)
4.0: (sync_actions a10)
5.0: (validate_payload t3 a12 t4)
6.0: (sync_actions a12)
7.0: (validate_payload t4 a11 t5)
8.0: (sync_actions a11)
9.0: (validate_payload t5 a8 t6)
10.0: (sync_actions a8)
11.0: (validate_payload t6 a0 t7)
12.0: (sync_actions a0)
13.0: (validate_payload t7 a9 t8)
14.0: (sync_actions a9)

Plan-Length:15
Metric (Search):2.0
Planning Time (msec): 133
Heuristic Time (msec): 2
Search Time (msec): 125
Expanded Nodes:51
States Evaluated:116
Number of Dead-Ends detected:0
Number of Duplicates detected:1
/usr/bin/time -v timeout 600 java -Xmx64g -jar ./enhsp3.jar -o ./domain_with_failure.pddl -f ./problems/BasePN-0And-add-1-d7/problem64.pddl -h blind -s WAStar
Domain parsed
Problem parsed
Grounding..
Grounding Time: 4024
UFX:true
|F|:10254
|X|:18
|A|:704
|P|:0
|E|:0
h(I):0.0
f(n) = 1.0 (Expanded Nodes: 10, Evaluated States: 37, Time: 0.052) Frontier Size: 27
f(n) = 2.0 (Expanded Nodes: 97, Evaluated States: 276, Time: 0.142) Frontier Size: 179
Problem Solved

Found Plan:
0.0: (validate_payload t0 a7 t1)
1.0: (sync_actions a7)
2.0: (validate_payload t1 a10 t2)
3.0: (sync_actions a10)
4.0: (validate_payload t2 a12 t3)
5.0: (sync_actions a12)
6.0: (validate_payload t3 a11 t4)
7.0: (sync_actions a11)
8.0: (del a9)
9.0: (validate_payload t5 a8 t6)
10.0: (sync_actions a8)
11.0: (validate_payload t6 a1 t7)
12.0: (sync_actions a1)
13.0: (validate_payload t7 a2 t8)
14.0: (sync_actions a2)
15.0: (validate_payload t8 a9 t9)
16.0: (sync_actions a9)

Plan-Length:17
Metric (Search):2.0
Planning Time (msec): 206
Heuristic Time (msec): 10
Search Time (msec): 191
Expanded Nodes:206
States Evaluated:534
Number of Dead-Ends detected:0
Number of Duplicates detected:1
/usr/bin/time -v timeout 600 java -Xmx64g -jar ./enhsp3.jar -o ./domain_with_failure.pddl -f ./problems/BasePN-0And-add-1-d7/problem65.pddl -h blind -s WAStar
Domain parsed
Problem parsed
Grounding..
Grounding Time: 4042
UFX:true
|F|:10254
|X|:18
|A|:704
|P|:0
|E|:0
h(I):0.0
f(n) = 1.0 (Expanded Nodes: 10, Evaluated States: 32, Time: 0.058) Frontier Size: 22
f(n) = 2.0 (Expanded Nodes: 77, Evaluated States: 180, Time: 0.132) Frontier Size: 103
Problem Solved

Found Plan:
0.0: (validate_payload t0 a7 t1)
1.0: (sync_actions a7)
2.0: (validate_payload t1 a10 t2)
3.0: (sync_actions a10)
4.0: (del a12)
5.0: (validate_payload t3 a12 t4)
6.0: (sync_actions a12)
7.0: (validate_payload t4 a11 t5)
8.0: (sync_actions a11)
9.0: (validate_payload t5 a8 t6)
10.0: (sync_actions a8)
11.0: (validate_payload t6 a1 t7)
12.0: (sync_actions a1)
13.0: (validate_payload t7 a2 t8)
14.0: (sync_actions a2)
15.0: (validate_payload t8 a9 t9)
16.0: (sync_actions a9)

Plan-Length:17
Metric (Search):2.0
Planning Time (msec): 206
Heuristic Time (msec): 7
Search Time (msec): 203
Expanded Nodes:243
States Evaluated:475
Number of Dead-Ends detected:0
Number of Duplicates detected:4
/usr/bin/time -v timeout 600 java -Xmx64g -jar ./enhsp3.jar -o ./domain_with_failure.pddl -f ./problems/BasePN-0And-add-1-d7/problem66.pddl -h blind -s WAStar
Domain parsed
Problem parsed
Grounding..
Grounding Time: 4077
UFX:true
|F|:10254
|X|:16
|A|:704
|P|:0
|E|:0
h(I):0.0
f(n) = 2.0 (Expanded Nodes: 4, Evaluated States: 10, Time: 0.025) Frontier Size: 6
Problem Solved

Found Plan:
0.0: (validate_payload t0 a7 t1)
1.0: (sync_actions a7)
2.0: (del a0)
3.0: (validate_payload t2 a10 t3)
4.0: (sync_actions a10)
5.0: (validate_payload t3 a12 t4)
6.0: (sync_actions a12)
7.0: (validate_payload t4 a11 t5)
8.0: (sync_actions a11)
9.0: (validate_payload t5 a8 t6)
10.0: (sync_actions a8)
11.0: (validate_payload t6 a1 t7)
12.0: (sync_actions a1)
13.0: (validate_payload t7 a2 t8)
14.0: (sync_actions a2)
15.0: (validate_payload t8 a9 t9)
16.0: (sync_actions a9)

Plan-Length:17
Metric (Search):2.0
Planning Time (msec): 103
Heuristic Time (msec): 2
Search Time (msec): 96
Expanded Nodes:32
States Evaluated:83
Number of Dead-Ends detected:0
Number of Duplicates detected:1
/usr/bin/time -v timeout 600 java -Xmx64g -jar ./enhsp3.jar -o ./domain_with_failure.pddl -f ./problems/BasePN-0And-add-1-d7/problem67.pddl -h blind -s WAStar
Domain parsed
Problem parsed
Grounding..
Grounding Time: 5053
UFX:true
|F|:10254
|X|:18
|A|:704
|P|:0
|E|:0
h(I):0.0
f(n) = 2.0 (Expanded Nodes: 2, Evaluated States: 4, Time: 0.022) Frontier Size: 2
Problem Solved

Found Plan:
0.0: (del a2)
1.0: (validate_payload t1 a7 t2)
2.0: (sync_actions a7)
3.0: (validate_payload t2 a10 t3)
4.0: (sync_actions a10)
5.0: (validate_payload t3 a12 t4)
6.0: (sync_actions a12)
7.0: (validate_payload t4 a11 t5)
8.0: (sync_actions a11)
9.0: (validate_payload t5 a8 t6)
10.0: (sync_actions a8)
11.0: (validate_payload t6 a1 t7)
12.0: (sync_actions a1)
13.0: (validate_payload t7 a2 t8)
14.0: (sync_actions a2)
15.0: (validate_payload t8 a9 t9)
16.0: (sync_actions a9)

Plan-Length:17
Metric (Search):2.0
Planning Time (msec): 100
Heuristic Time (msec): 4
Search Time (msec): 94
Expanded Nodes:23
States Evaluated:73
Number of Dead-Ends detected:0
Number of Duplicates detected:0
/usr/bin/time -v timeout 600 java -Xmx64g -jar ./enhsp3.jar -o ./domain_with_failure.pddl -f ./problems/BasePN-0And-add-1-d7/problem68.pddl -h blind -s WAStar
Domain parsed
Problem parsed
Grounding..
Grounding Time: 4286
UFX:true
|F|:10254
|X|:17
|A|:704
|P|:0
|E|:0
h(I):0.0
f(n) = 1.0 (Expanded Nodes: 16, Evaluated States: 60, Time: 0.05) Frontier Size: 44
f(n) = 2.0 (Expanded Nodes: 228, Evaluated States: 687, Time: 0.197) Frontier Size: 459
Problem Solved

Found Plan:
0.0: (validate_payload t0 a7 t1)
1.0: (sync_actions a7)
2.0: (validate_payload t1 a10 t2)
3.0: (sync_actions a10)
4.0: (validate_payload t2 a12 t3)
5.0: (sync_actions a12)
6.0: (validate_payload t3 a11 t4)
7.0: (sync_actions a11)
8.0: (validate_payload t4 a8 t5)
9.0: (sync_actions a8)
10.0: (validate_payload t5 a1 t6)
11.0: (sync_actions a1)
12.0: (validate_payload t6 a2 t7)
13.0: (sync_actions a2)
14.0: (del a7)
15.0: (validate_payload t8 a9 t9)
16.0: (sync_actions a9)

Plan-Length:17
Metric (Search):2.0
Planning Time (msec): 340
Heuristic Time (msec): 9
Search Time (msec): 330
Expanded Nodes:888
States Evaluated:2428
Number of Dead-Ends detected:0
Number of Duplicates detected:3
/usr/bin/time -v timeout 600 java -Xmx64g -jar ./enhsp3.jar -o ./domain_with_failure.pddl -f ./problems/BasePN-0And-add-1-d7/problem69.pddl -h blind -s WAStar
Domain parsed
Problem parsed
Grounding..
Grounding Time: 4282
UFX:true
|F|:10254
|X|:18
|A|:704
|P|:0
|E|:0
h(I):0.0
f(n) = 1.0 (Expanded Nodes: 4, Evaluated States: 14, Time: 0.029) Frontier Size: 10
f(n) = 2.0 (Expanded Nodes: 16, Evaluated States: 38, Time: 0.077) Frontier Size: 22
Problem Solved

Found Plan:
0.0: (validate_payload t0 a7 t1)
1.0: (sync_actions a7)
2.0: (del a7)
3.0: (validate_payload t2 a10 t3)
4.0: (sync_actions a10)
5.0: (validate_payload t3 a12 t4)
6.0: (sync_actions a12)
7.0: (validate_payload t4 a11 t5)
8.0: (sync_actions a11)
9.0: (validate_payload t5 a8 t6)
10.0: (sync_actions a8)
11.0: (validate_payload t6 a1 t7)
12.0: (sync_actions a1)
13.0: (validate_payload t7 a2 t8)
14.0: (sync_actions a2)
15.0: (validate_payload t8 a9 t9)
16.0: (sync_actions a9)

Plan-Length:17
Metric (Search):2.0
Planning Time (msec): 133
Heuristic Time (msec): 7
Search Time (msec): 119
Expanded Nodes:45
States Evaluated:110
Number of Dead-Ends detected:0
Number of Duplicates detected:2
/usr/bin/time -v timeout 600 java -Xmx64g -jar ./enhsp3.jar -o ./domain_with_failure.pddl -f ./problems/BasePN-0And-add-1-d7/problem70.pddl -h blind -s WAStar
Domain parsed
Problem parsed
Grounding..
Grounding Time: 4542
UFX:true
|F|:10254
|X|:18
|A|:704
|P|:0
|E|:0
h(I):0.0
f(n) = 1.0 (Expanded Nodes: 16, Evaluated States: 60, Time: 0.048) Frontier Size: 44
f(n) = 2.0 (Expanded Nodes: 230, Evaluated States: 695, Time: 0.188) Frontier Size: 465
Problem Solved

Found Plan:
0.0: (validate_payload t0 a7 t1)
1.0: (sync_actions a7)
2.0: (validate_payload t1 a10 t2)
3.0: (sync_actions a10)
4.0: (validate_payload t2 a12 t3)
5.0: (sync_actions a12)
6.0: (validate_payload t3 a11 t4)
7.0: (sync_actions a11)
8.0: (validate_payload t4 a8 t5)
9.0: (sync_actions a8)
10.0: (validate_payload t5 a1 t6)
11.0: (sync_actions a1)
12.0: (validate_payload t6 a2 t7)
13.0: (sync_actions a2)
14.0: (del a1)
15.0: (validate_payload t8 a9 t9)
16.0: (sync_actions a9)

Plan-Length:17
Metric (Search):2.0
Planning Time (msec): 284
Heuristic Time (msec): 6
Search Time (msec): 281
Expanded Nodes:633
States Evaluated:1808
Number of Dead-Ends detected:0
Number of Duplicates detected:4
/usr/bin/time -v timeout 600 java -Xmx64g -jar ./enhsp3.jar -o ./domain_with_failure.pddl -f ./problems/BasePN-0And-add-1-d7/problem71.pddl -h blind -s WAStar
Domain parsed
Problem parsed
Grounding..
Grounding Time: 4084
UFX:true
|F|:10254
|X|:18
|A|:704
|P|:0
|E|:0
h(I):0.0
f(n) = 1.0 (Expanded Nodes: 6, Evaluated States: 22, Time: 0.038) Frontier Size: 16
f(n) = 2.0 (Expanded Nodes: 38, Evaluated States: 94, Time: 0.124) Frontier Size: 56
Problem Solved

Found Plan:
0.0: (validate_payload t0 a7 t1)
1.0: (sync_actions a7)
2.0: (validate_payload t1 a10 t2)
3.0: (sync_actions a10)
4.0: (del a10)
5.0: (validate_payload t3 a12 t4)
6.0: (sync_actions a12)
7.0: (validate_payload t4 a11 t5)
8.0: (sync_actions a11)
9.0: (validate_payload t5 a8 t6)
10.0: (sync_actions a8)
11.0: (validate_payload t6 a1 t7)
12.0: (sync_actions a1)
13.0: (validate_payload t7 a2 t8)
14.0: (sync_actions a2)
15.0: (validate_payload t8 a9 t9)
16.0: (sync_actions a9)

Plan-Length:17
Metric (Search):2.0
Planning Time (msec): 183
Heuristic Time (msec): 7
Search Time (msec): 176
Expanded Nodes:106
States Evaluated:220
Number of Dead-Ends detected:0
Number of Duplicates detected:2
/usr/bin/time -v timeout 600 java -Xmx64g -jar ./enhsp3.jar -o ./domain_with_failure.pddl -f ./problems/BasePN-0And-add-1-d7/problem72.pddl -h blind -s WAStar
Domain parsed
Problem parsed
Grounding..
Grounding Time: 4206
UFX:true
|F|:10254
|X|:17
|A|:704
|P|:0
|E|:0
h(I):0.0
f(n) = 1.0 (Expanded Nodes: 6, Evaluated States: 22, Time: 0.038) Frontier Size: 16
f(n) = 2.0 (Expanded Nodes: 40, Evaluated States: 96, Time: 0.1) Frontier Size: 56
Problem Solved

Found Plan:
0.0: (validate_payload t0 a7 t1)
1.0: (sync_actions a7)
2.0: (validate_payload t1 a10 t2)
3.0: (sync_actions a10)
4.0: (del a1)
5.0: (validate_payload t3 a12 t4)
6.0: (sync_actions a12)
7.0: (validate_payload t4 a11 t5)
8.0: (sync_actions a11)
9.0: (validate_payload t5 a8 t6)
10.0: (sync_actions a8)
11.0: (validate_payload t6 a1 t7)
12.0: (sync_actions a1)
13.0: (validate_payload t7 a2 t8)
14.0: (sync_actions a2)
15.0: (validate_payload t8 a9 t9)
16.0: (sync_actions a9)

Plan-Length:17
Metric (Search):2.0
Planning Time (msec): 154
Heuristic Time (msec): 9
Search Time (msec): 146
Expanded Nodes:116
States Evaluated:235
Number of Dead-Ends detected:0
Number of Duplicates detected:2
/usr/bin/time -v timeout 600 java -Xmx64g -jar ./enhsp3.jar -o ./domain_with_failure.pddl -f ./problems/BasePN-0And-add-1-d7/problem73.pddl -h blind -s WAStar
Domain parsed
Problem parsed
Grounding..
Grounding Time: 4236
UFX:true
|F|:10254
|X|:17
|A|:704
|P|:0
|E|:0
h(I):0.0
f(n) = 1.0 (Expanded Nodes: 8, Evaluated States: 31, Time: 0.043) Frontier Size: 23
f(n) = 2.0 (Expanded Nodes: 63, Evaluated States: 177, Time: 0.123) Frontier Size: 114
Problem Solved

Found Plan:
0.0: (validate_payload t0 a7 t1)
1.0: (sync_actions a7)
2.0: (validate_payload t1 a10 t2)
3.0: (sync_actions a10)
4.0: (validate_payload t2 a12 t3)
5.0: (sync_actions a12)
6.0: (del a0)
7.0: (validate_payload t4 a11 t5)
8.0: (sync_actions a11)
9.0: (validate_payload t5 a8 t6)
10.0: (sync_actions a8)
11.0: (validate_payload t6 a1 t7)
12.0: (sync_actions a1)
13.0: (validate_payload t7 a2 t8)
14.0: (sync_actions a2)
15.0: (validate_payload t8 a9 t9)
16.0: (sync_actions a9)

Plan-Length:17
Metric (Search):2.0
Planning Time (msec): 183
Heuristic Time (msec): 1
Search Time (msec): 180
Expanded Nodes:202
States Evaluated:477
Number of Dead-Ends detected:0
Number of Duplicates detected:1
/usr/bin/time -v timeout 600 java -Xmx64g -jar ./enhsp3.jar -o ./domain_with_failure.pddl -f ./problems/BasePN-0And-add-1-d7/problem74.pddl -h blind -s WAStar
Domain parsed
Problem parsed
Grounding..
Grounding Time: 4218
UFX:true
|F|:10254
|X|:17
|A|:704
|P|:0
|E|:0
h(I):0.0
f(n) = 1.0 (Expanded Nodes: 10, Evaluated States: 34, Time: 0.036) Frontier Size: 24
f(n) = 2.0 (Expanded Nodes: 65, Evaluated States: 181, Time: 0.121) Frontier Size: 116
Problem Solved

Found Plan:
0.0: (validate_payload t0 a7 t1)
1.0: (sync_actions a7)
2.0: (validate_payload t1 a10 t2)
3.0: (sync_actions a10)
4.0: (validate_payload t2 a12 t3)
5.0: (sync_actions a12)
6.0: (validate_payload t3 a11 t4)
7.0: (sync_actions a11)
8.0: (del a9)
9.0: (validate_payload t5 a8 t6)
10.0: (sync_actions a8)
11.0: (validate_payload t6 a1 t7)
12.0: (sync_actions a1)
13.0: (validate_payload t7 a2 t8)
14.0: (sync_actions a2)
15.0: (validate_payload t8 a9 t9)
16.0: (sync_actions a9)

Plan-Length:17
Metric (Search):2.0
Planning Time (msec): 241
Heuristic Time (msec): 7
Search Time (msec): 230
Expanded Nodes:221
States Evaluated:543
Number of Dead-Ends detected:0
Number of Duplicates detected:3
/usr/bin/time -v timeout 600 java -Xmx64g -jar ./enhsp3.jar -o ./domain_with_failure.pddl -f ./problems/BasePN-0And-add-1-d7/problem75.pddl -h blind -s WAStar
Domain parsed
Problem parsed
Grounding..
Grounding Time: 4101
UFX:true
|F|:10254
|X|:18
|A|:704
|P|:0
|E|:0
h(I):0.0
f(n) = 2.0 (Expanded Nodes: 2, Evaluated States: 4, Time: 0.025) Frontier Size: 2
Problem Solved

Found Plan:
0.0: (del a1)
1.0: (validate_payload t1 a7 t2)
2.0: (sync_actions a7)
3.0: (validate_payload t2 a10 t3)
4.0: (sync_actions a10)
5.0: (validate_payload t3 a12 t4)
6.0: (sync_actions a12)
7.0: (validate_payload t4 a11 t5)
8.0: (sync_actions a11)
9.0: (validate_payload t5 a8 t6)
10.0: (sync_actions a8)
11.0: (validate_payload t6 a1 t7)
12.0: (sync_actions a1)
13.0: (validate_payload t7 a2 t8)
14.0: (sync_actions a2)
15.0: (validate_payload t8 a9 t9)
16.0: (sync_actions a9)

Plan-Length:17
Metric (Search):2.0
Planning Time (msec): 92
Heuristic Time (msec): 8
Search Time (msec): 89
Expanded Nodes:23
States Evaluated:66
Number of Dead-Ends detected:0
Number of Duplicates detected:0
/usr/bin/time -v timeout 600 java -Xmx64g -jar ./enhsp3.jar -o ./domain_with_failure.pddl -f ./problems/BasePN-0And-add-1-d7/problem76.pddl -h blind -s WAStar
Domain parsed
Problem parsed
Grounding..
Grounding Time: 4416
UFX:true
|F|:10254
|X|:18
|A|:704
|P|:0
|E|:0
h(I):0.0
f(n) = 1.0 (Expanded Nodes: 18, Evaluated States: 62, Time: 0.048) Frontier Size: 44
f(n) = 2.0 (Expanded Nodes: 264, Evaluated States: 754, Time: 0.211) Frontier Size: 490
Problem Solved

Found Plan:
0.0: (validate_payload t0 a7 t1)
1.0: (sync_actions a7)
2.0: (validate_payload t1 a10 t2)
3.0: (sync_actions a10)
4.0: (validate_payload t2 a12 t3)
5.0: (sync_actions a12)
6.0: (validate_payload t3 a11 t4)
7.0: (sync_actions a11)
8.0: (validate_payload t4 a8 t5)
9.0: (sync_actions a8)
10.0: (validate_payload t5 a1 t6)
11.0: (sync_actions a1)
12.0: (validate_payload t6 a2 t7)
13.0: (sync_actions a2)
14.0: (validate_payload t7 a9 t8)
15.0: (sync_actions a9)
16.0: (del a9)

Plan-Length:17
Metric (Search):2.0
Planning Time (msec): 284
Heuristic Time (msec): 8
Search Time (msec): 275
Expanded Nodes:440
States Evaluated:1229
Number of Dead-Ends detected:0
Number of Duplicates detected:2
/usr/bin/time -v timeout 600 java -Xmx64g -jar ./enhsp3.jar -o ./domain_with_failure.pddl -f ./problems/BasePN-0And-add-1-d7/problem77.pddl -h blind -s WAStar
Domain parsed
Problem parsed
Grounding..
Grounding Time: 4509
UFX:true
|F|:10254
|X|:17
|A|:704
|P|:0
|E|:0
h(I):0.0
f(n) = 1.0 (Expanded Nodes: 16, Evaluated States: 60, Time: 0.044) Frontier Size: 44
f(n) = 2.0 (Expanded Nodes: 230, Evaluated States: 689, Time: 0.174) Frontier Size: 459
Problem Solved

Found Plan:
0.0: (validate_payload t0 a7 t1)
1.0: (sync_actions a7)
2.0: (validate_payload t1 a10 t2)
3.0: (sync_actions a10)
4.0: (validate_payload t2 a12 t3)
5.0: (sync_actions a12)
6.0: (validate_payload t3 a11 t4)
7.0: (sync_actions a11)
8.0: (validate_payload t4 a8 t5)
9.0: (sync_actions a8)
10.0: (validate_payload t5 a1 t6)
11.0: (sync_actions a1)
12.0: (validate_payload t6 a2 t7)
13.0: (sync_actions a2)
14.0: (del a2)
15.0: (validate_payload t8 a9 t9)
16.0: (sync_actions a9)

Plan-Length:17
Metric (Search):2.0
Planning Time (msec): 325
Heuristic Time (msec): 7
Search Time (msec): 320
Expanded Nodes:802
States Evaluated:2158
Number of Dead-Ends detected:0
Number of Duplicates detected:3
/usr/bin/time -v timeout 600 java -Xmx64g -jar ./enhsp3.jar -o ./domain_with_failure.pddl -f ./problems/BasePN-0And-add-1-d7/problem78.pddl -h blind -s WAStar
Domain parsed
Problem parsed
Grounding..
Grounding Time: 3953
UFX:true
|F|:10254
|X|:17
|A|:704
|P|:0
|E|:0
h(I):0.0
f(n) = 1.0 (Expanded Nodes: 4, Evaluated States: 14, Time: 0.035) Frontier Size: 10
f(n) = 2.0 (Expanded Nodes: 16, Evaluated States: 38, Time: 0.082) Frontier Size: 22
Problem Solved

Found Plan:
0.0: (validate_payload t0 a7 t1)
1.0: (sync_actions a7)
2.0: (del a7)
3.0: (validate_payload t2 a10 t3)
4.0: (sync_actions a10)
5.0: (validate_payload t3 a12 t4)
6.0: (sync_actions a12)
7.0: (validate_payload t4 a11 t5)
8.0: (sync_actions a11)
9.0: (validate_payload t5 a8 t6)
10.0: (sync_actions a8)
11.0: (validate_payload t6 a1 t7)
12.0: (sync_actions a1)
13.0: (validate_payload t7 a2 t8)
14.0: (sync_actions a2)
15.0: (validate_payload t8 a9 t9)
16.0: (sync_actions a9)

Plan-Length:17
Metric (Search):2.0
Planning Time (msec): 124
Heuristic Time (msec): 8
Search Time (msec): 112
Expanded Nodes:45
States Evaluated:113
Number of Dead-Ends detected:0
Number of Duplicates detected:2
/usr/bin/time -v timeout 600 java -Xmx64g -jar ./enhsp3.jar -o ./domain_with_failure.pddl -f ./problems/BasePN-0And-add-1-d7/problem79.pddl -h blind -s WAStar
Domain parsed
Problem parsed
Grounding..
Grounding Time: 4419
UFX:true
|F|:10254
|X|:18
|A|:704
|P|:0
|E|:0
h(I):0.0
f(n) = 1.0 (Expanded Nodes: 14, Evaluated States: 56, Time: 0.058) Frontier Size: 42
f(n) = 2.0 (Expanded Nodes: 184, Evaluated States: 593, Time: 0.165) Frontier Size: 409
Problem Solved

Found Plan:
0.0: (validate_payload t0 a7 t1)
1.0: (sync_actions a7)
2.0: (validate_payload t1 a10 t2)
3.0: (sync_actions a10)
4.0: (validate_payload t2 a12 t3)
5.0: (sync_actions a12)
6.0: (validate_payload t3 a11 t4)
7.0: (sync_actions a11)
8.0: (validate_payload t4 a8 t5)
9.0: (sync_actions a8)
10.0: (validate_payload t5 a1 t6)
11.0: (sync_actions a1)
12.0: (del a11)
13.0: (validate_payload t7 a2 t8)
14.0: (sync_actions a2)
15.0: (validate_payload t8 a9 t9)
16.0: (sync_actions a9)

Plan-Length:17
Metric (Search):2.0
Planning Time (msec): 340
Heuristic Time (msec): 11
Search Time (msec): 329
Expanded Nodes:955
States Evaluated:2640
Number of Dead-Ends detected:0
Number of Duplicates detected:4
/usr/bin/time -v timeout 600 java -Xmx64g -jar ./enhsp3.jar -o ./domain_with_failure.pddl -f ./problems/BasePN-0And-add-1-d7/problem80.pddl -h blind -s WAStar
Domain parsed
Problem parsed
Grounding..
Grounding Time: 4089
UFX:true
|F|:10254
|X|:18
|A|:704
|P|:0
|E|:0
h(I):0.0
f(n) = 2.0 (Expanded Nodes: 2, Evaluated States: 4, Time: 0.023) Frontier Size: 2
Problem Solved

Found Plan:
0.0: (del a2)
1.0: (validate_payload t1 a7 t2)
2.0: (sync_actions a7)
3.0: (validate_payload t2 a10 t3)
4.0: (sync_actions a10)
5.0: (validate_payload t3 a12 t4)
6.0: (sync_actions a12)
7.0: (validate_payload t4 a11 t5)
8.0: (sync_actions a11)
9.0: (validate_payload t5 a8 t6)
10.0: (sync_actions a8)
11.0: (validate_payload t6 a1 t7)
12.0: (sync_actions a1)
13.0: (validate_payload t7 a2 t8)
14.0: (sync_actions a2)
15.0: (validate_payload t8 a9 t9)
16.0: (sync_actions a9)

Plan-Length:17
Metric (Search):2.0
Planning Time (msec): 102
Heuristic Time (msec): 6
Search Time (msec): 85
Expanded Nodes:23
States Evaluated:73
Number of Dead-Ends detected:0
Number of Duplicates detected:0
/usr/bin/time -v timeout 600 java -Xmx64g -jar ./enhsp3.jar -o ./domain_with_failure.pddl -f ./problems/BasePN-0And-add-1-d7/problem81.pddl -h blind -s WAStar
Domain parsed
Problem parsed
Grounding..
Grounding Time: 4164
UFX:true
|F|:10254
|X|:17
|A|:704
|P|:0
|E|:0
h(I):0.0
f(n) = 1.0 (Expanded Nodes: 16, Evaluated States: 50, Time: 0.062) Frontier Size: 34
f(n) = 2.0 (Expanded Nodes: 187, Evaluated States: 495, Time: 0.189) Frontier Size: 308
Problem Solved

Found Plan:
0.0: (validate_payload t0 a7 t1)
1.0: (sync_actions a7)
2.0: (validate_payload t1 a10 t2)
3.0: (sync_actions a10)
4.0: (validate_payload t2 a12 t3)
5.0: (sync_actions a12)
6.0: (validate_payload t3 a11 t4)
7.0: (sync_actions a11)
8.0: (validate_payload t4 a8 t5)
9.0: (sync_actions a8)
10.0: (validate_payload t5 a1 t6)
11.0: (sync_actions a1)
12.0: (validate_payload t6 a2 t7)
13.0: (sync_actions a2)
14.0: (del a2)
15.0: (validate_payload t8 a9 t9)
16.0: (sync_actions a9)

Plan-Length:17
Metric (Search):2.0
Planning Time (msec): 276
Heuristic Time (msec): 14
Search Time (msec): 272
Expanded Nodes:498
States Evaluated:1186
Number of Dead-Ends detected:0
Number of Duplicates detected:2
/usr/bin/time -v timeout 600 java -Xmx64g -jar ./enhsp3.jar -o ./domain_with_failure.pddl -f ./problems/BasePN-0And-add-1-d7/problem82.pddl -h blind -s WAStar
Domain parsed
Problem parsed
Grounding..
Grounding Time: 4381
UFX:true
|F|:10254
|X|:17
|A|:704
|P|:0
|E|:0
h(I):0.0
f(n) = 2.0 (Expanded Nodes: 2, Evaluated States: 4, Time: 0.025) Frontier Size: 2
Problem Solved

Found Plan:
0.0: (del a1)
1.0: (validate_payload t1 a7 t2)
2.0: (sync_actions a7)
3.0: (validate_payload t2 a10 t3)
4.0: (sync_actions a10)
5.0: (validate_payload t3 a12 t4)
6.0: (sync_actions a12)
7.0: (validate_payload t4 a11 t5)
8.0: (sync_actions a11)
9.0: (validate_payload t5 a8 t6)
10.0: (sync_actions a8)
11.0: (validate_payload t6 a1 t7)
12.0: (sync_actions a1)
13.0: (validate_payload t7 a2 t8)
14.0: (sync_actions a2)
15.0: (validate_payload t8 a9 t9)
16.0: (sync_actions a9)

Plan-Length:17
Metric (Search):2.0
Planning Time (msec): 112
Heuristic Time (msec): 7
Search Time (msec): 105
Expanded Nodes:23
States Evaluated:70
Number of Dead-Ends detected:0
Number of Duplicates detected:0
/usr/bin/time -v timeout 600 java -Xmx64g -jar ./enhsp3.jar -o ./domain_with_failure.pddl -f ./problems/BasePN-0And-add-1-d7/problem83.pddl -h blind -s WAStar
Domain parsed
Problem parsed
Grounding..
Grounding Time: 4155
UFX:true
|F|:10254
|X|:18
|A|:704
|P|:0
|E|:0
h(I):0.0
f(n) = 1.0 (Expanded Nodes: 4, Evaluated States: 14, Time: 0.028) Frontier Size: 10
f(n) = 2.0 (Expanded Nodes: 16, Evaluated States: 38, Time: 0.095) Frontier Size: 22
Problem Solved

Found Plan:
0.0: (validate_payload t0 a7 t1)
1.0: (sync_actions a7)
2.0: (del a11)
3.0: (validate_payload t2 a10 t3)
4.0: (sync_actions a10)
5.0: (validate_payload t3 a12 t4)
6.0: (sync_actions a12)
7.0: (validate_payload t4 a11 t5)
8.0: (sync_actions a11)
9.0: (validate_payload t5 a8 t6)
10.0: (sync_actions a8)
11.0: (validate_payload t6 a1 t7)
12.0: (sync_actions a1)
13.0: (validate_payload t7 a2 t8)
14.0: (sync_actions a2)
15.0: (validate_payload t8 a9 t9)
16.0: (sync_actions a9)

Plan-Length:17
Metric (Search):2.0
Planning Time (msec): 138
Heuristic Time (msec): 6
Search Time (msec): 132
Expanded Nodes:44
States Evaluated:115
Number of Dead-Ends detected:0
Number of Duplicates detected:1
/usr/bin/time -v timeout 600 java -Xmx64g -jar ./enhsp3.jar -o ./domain_with_failure.pddl -f ./problems/BasePN-0And-add-1-d7/problem84.pddl -h blind -s WAStar
Domain parsed
Problem parsed
Grounding..
Grounding Time: 4158
UFX:true
|F|:10254
|X|:16
|A|:704
|P|:0
|E|:0
h(I):0.0
f(n) = 1.0 (Expanded Nodes: 6, Evaluated States: 22, Time: 0.029) Frontier Size: 16
f(n) = 2.0 (Expanded Nodes: 38, Evaluated States: 94, Time: 0.1) Frontier Size: 56
Problem Solved

Found Plan:
0.0: (validate_payload t0 a7 t1)
1.0: (sync_actions a7)
2.0: (validate_payload t1 a10 t2)
3.0: (sync_actions a10)
4.0: (del a9)
5.0: (validate_payload t3 a12 t4)
6.0: (sync_actions a12)
7.0: (validate_payload t4 a11 t5)
8.0: (sync_actions a11)
9.0: (validate_payload t5 a8 t6)
10.0: (sync_actions a8)
11.0: (validate_payload t6 a1 t7)
12.0: (sync_actions a1)
13.0: (validate_payload t7 a2 t8)
14.0: (sync_actions a2)
15.0: (validate_payload t8 a9 t9)
16.0: (sync_actions a9)

Plan-Length:17
Metric (Search):2.0
Planning Time (msec): 144
Heuristic Time (msec): 6
Search Time (msec): 137
Expanded Nodes:101
States Evaluated:202
Number of Dead-Ends detected:0
Number of Duplicates detected:1
/usr/bin/time -v timeout 600 java -Xmx64g -jar ./enhsp3.jar -o ./domain_with_failure.pddl -f ./problems/BasePN-0And-add-1-d7/problem85.pddl -h blind -s WAStar
Domain parsed
Problem parsed
Grounding..
Grounding Time: 4255
UFX:true
|F|:10254
|X|:17
|A|:704
|P|:0
|E|:0
h(I):0.0
f(n) = 1.0 (Expanded Nodes: 12, Evaluated States: 45, Time: 0.054) Frontier Size: 33
f(n) = 2.0 (Expanded Nodes: 127, Evaluated States: 377, Time: 0.156) Frontier Size: 250
Problem Solved

Found Plan:
0.0: (validate_payload t0 a7 t1)
1.0: (sync_actions a7)
2.0: (validate_payload t1 a10 t2)
3.0: (sync_actions a10)
4.0: (validate_payload t2 a12 t3)
5.0: (sync_actions a12)
6.0: (validate_payload t3 a11 t4)
7.0: (sync_actions a11)
8.0: (validate_payload t4 a8 t5)
9.0: (sync_actions a8)
10.0: (del a8)
11.0: (validate_payload t6 a1 t7)
12.0: (sync_actions a1)
13.0: (validate_payload t7 a2 t8)
14.0: (sync_actions a2)
15.0: (validate_payload t8 a9 t9)
16.0: (sync_actions a9)

Plan-Length:17
Metric (Search):2.0
Planning Time (msec): 277
Heuristic Time (msec): 14
Search Time (msec): 273
Expanded Nodes:548
States Evaluated:1437
Number of Dead-Ends detected:0
Number of Duplicates detected:2
/usr/bin/time -v timeout 600 java -Xmx64g -jar ./enhsp3.jar -o ./domain_with_failure.pddl -f ./problems/BasePN-0And-add-1-d7/problem86.pddl -h blind -s WAStar
Domain parsed
Problem parsed
Grounding..
Grounding Time: 4179
UFX:true
|F|:10254
|X|:17
|A|:704
|P|:0
|E|:0
h(I):0.0
f(n) = 1.0 (Expanded Nodes: 16, Evaluated States: 59, Time: 0.053) Frontier Size: 43
f(n) = 2.0 (Expanded Nodes: 222, Evaluated States: 676, Time: 0.199) Frontier Size: 454
Problem Solved

Found Plan:
0.0: (validate_payload t0 a7 t1)
1.0: (sync_actions a7)
2.0: (validate_payload t1 a10 t2)
3.0: (sync_actions a10)
4.0: (validate_payload t2 a12 t3)
5.0: (sync_actions a12)
6.0: (validate_payload t3 a11 t4)
7.0: (sync_actions a11)
8.0: (validate_payload t4 a8 t5)
9.0: (sync_actions a8)
10.0: (validate_payload t5 a1 t6)
11.0: (sync_actions a1)
12.0: (validate_payload t6 a2 t7)
13.0: (sync_actions a2)
14.0: (del a12)
15.0: (validate_payload t8 a9 t9)
16.0: (sync_actions a9)

Plan-Length:17
Metric (Search):2.0
Planning Time (msec): 277
Heuristic Time (msec): 3
Search Time (msec): 265
Expanded Nodes:521
States Evaluated:1406
Number of Dead-Ends detected:0
Number of Duplicates detected:2
/usr/bin/time -v timeout 600 java -Xmx64g -jar ./enhsp3.jar -o ./domain_with_failure.pddl -f ./problems/BasePN-0And-add-1-d7/problem87.pddl -h blind -s WAStar
Domain parsed
Problem parsed
Grounding..
Grounding Time: 4211
UFX:true
|F|:10254
|X|:16
|A|:704
|P|:0
|E|:0
h(I):0.0
f(n) = 1.0 (Expanded Nodes: 14, Evaluated States: 46, Time: 0.054) Frontier Size: 32
f(n) = 2.0 (Expanded Nodes: 159, Evaluated States: 429, Time: 0.187) Frontier Size: 270
Problem Solved

Found Plan:
0.0: (validate_payload t0 a7 t1)
1.0: (sync_actions a7)
2.0: (validate_payload t1 a10 t2)
3.0: (sync_actions a10)
4.0: (validate_payload t2 a12 t3)
5.0: (sync_actions a12)
6.0: (validate_payload t3 a11 t4)
7.0: (sync_actions a11)
8.0: (validate_payload t4 a8 t5)
9.0: (sync_actions a8)
10.0: (validate_payload t5 a1 t6)
11.0: (sync_actions a1)
12.0: (del a1)
13.0: (validate_payload t7 a2 t8)
14.0: (sync_actions a2)
15.0: (validate_payload t8 a9 t9)
16.0: (sync_actions a9)

Plan-Length:17
Metric (Search):2.0
Planning Time (msec): 288
Heuristic Time (msec): 5
Search Time (msec): 279
Expanded Nodes:479
States Evaluated:1187
Number of Dead-Ends detected:0
Number of Duplicates detected:6
/usr/bin/time -v timeout 600 java -Xmx64g -jar ./enhsp3.jar -o ./domain_with_failure.pddl -f ./problems/BasePN-0And-add-1-d7/problem88.pddl -h blind -s WAStar
Domain parsed
Problem parsed
Grounding..
Grounding Time: 4252
UFX:true
|F|:10254
|X|:17
|A|:704
|P|:0
|E|:0
h(I):0.0
f(n) = 1.0 (Expanded Nodes: 5, Evaluated States: 15, Time: 0.022) Frontier Size: 10
f(n) = 2.0 (Expanded Nodes: 21, Evaluated States: 43, Time: 0.071) Frontier Size: 22
Problem Solved

Found Plan:
0.0: (validate_payload t0 a7 t1)
1.0: (sync_actions a7)
2.0: (del a12)
3.0: (validate_payload t2 a10 t3)
4.0: (sync_actions a10)
5.0: (validate_payload t3 a12 t4)
6.0: (sync_actions a12)
7.0: (validate_payload t4 a11 t5)
8.0: (sync_actions a11)
9.0: (validate_payload t5 a8 t6)
10.0: (sync_actions a8)
11.0: (validate_payload t6 a1 t7)
12.0: (sync_actions a1)
13.0: (validate_payload t7 a2 t8)
14.0: (sync_actions a2)
15.0: (validate_payload t8 a9 t9)
16.0: (sync_actions a9)

Plan-Length:17
Metric (Search):2.0
Planning Time (msec): 118
Heuristic Time (msec): 2
Search Time (msec): 109
Expanded Nodes:53
States Evaluated:123
Number of Dead-Ends detected:0
Number of Duplicates detected:1
/usr/bin/time -v timeout 600 java -Xmx64g -jar ./enhsp3.jar -o ./domain_with_failure.pddl -f ./problems/BasePN-0And-add-1-d7/problem89.pddl -h blind -s WAStar
Domain parsed
Problem parsed
Grounding..
Grounding Time: 4287
UFX:true
|F|:10251
|X|:15
|A|:703
|P|:0
|E|:0
h(I):0.0
f(n) = 1.0 (Expanded Nodes: 6, Evaluated States: 22, Time: 0.039) Frontier Size: 16
f(n) = 2.0 (Expanded Nodes: 38, Evaluated States: 94, Time: 0.096) Frontier Size: 56
Problem Solved

Found Plan:
0.0: (validate_payload t0 a7 t1)
1.0: (sync_actions a7)
2.0: (validate_payload t1 a10 t2)
3.0: (sync_actions a10)
4.0: (del a10)
5.0: (validate_payload t3 a12 t4)
6.0: (sync_actions a12)
7.0: (validate_payload t4 a11 t5)
8.0: (sync_actions a11)
9.0: (validate_payload t5 a8 t6)
10.0: (sync_actions a8)
11.0: (validate_payload t6 a0 t7)
12.0: (sync_actions a0)
13.0: (validate_payload t7 a9 t8)
14.0: (sync_actions a9)

Plan-Length:15
Metric (Search):2.0
Planning Time (msec): 149
Heuristic Time (msec): 9
Search Time (msec): 135
Expanded Nodes:95
States Evaluated:190
Number of Dead-Ends detected:0
Number of Duplicates detected:1
/usr/bin/time -v timeout 600 java -Xmx64g -jar ./enhsp3.jar -o ./domain_with_failure.pddl -f ./problems/BasePN-0And-add-1-d7/problem90.pddl -h blind -s WAStar
Domain parsed
Problem parsed
Grounding..
Grounding Time: 3891
UFX:true
|F|:10254
|X|:18
|A|:704
|P|:0
|E|:0
h(I):0.0
f(n) = 1.0 (Expanded Nodes: 11, Evaluated States: 39, Time: 0.038) Frontier Size: 28
f(n) = 2.0 (Expanded Nodes: 110, Evaluated States: 300, Time: 0.125) Frontier Size: 190
Problem Solved

Found Plan:
0.0: (validate_payload t0 a7 t1)
1.0: (sync_actions a7)
2.0: (validate_payload t1 a10 t2)
3.0: (sync_actions a10)
4.0: (validate_payload t2 a12 t3)
5.0: (sync_actions a12)
6.0: (validate_payload t3 a11 t4)
7.0: (sync_actions a11)
8.0: (del a2)
9.0: (validate_payload t5 a8 t6)
10.0: (sync_actions a8)
11.0: (validate_payload t6 a1 t7)
12.0: (sync_actions a1)
13.0: (validate_payload t7 a2 t8)
14.0: (sync_actions a2)
15.0: (validate_payload t8 a9 t9)
16.0: (sync_actions a9)

Plan-Length:17
Metric (Search):2.0
Planning Time (msec): 238
Heuristic Time (msec): 3
Search Time (msec): 227
Expanded Nodes:424
States Evaluated:1028
Number of Dead-Ends detected:0
Number of Duplicates detected:2
/usr/bin/time -v timeout 600 java -Xmx64g -jar ./enhsp3.jar -o ./domain_with_failure.pddl -f ./problems/BasePN-0And-add-1-d7/problem91.pddl -h blind -s WAStar
Domain parsed
Problem parsed
Grounding..
Grounding Time: 4240
UFX:true
|F|:10254
|X|:18
|A|:704
|P|:0
|E|:0
h(I):0.0
f(n) = 1.0 (Expanded Nodes: 16, Evaluated States: 60, Time: 0.052) Frontier Size: 44
f(n) = 2.0 (Expanded Nodes: 228, Evaluated States: 693, Time: 0.187) Frontier Size: 465
Problem Solved

Found Plan:
0.0: (validate_payload t0 a7 t1)
1.0: (sync_actions a7)
2.0: (validate_payload t1 a10 t2)
3.0: (sync_actions a10)
4.0: (validate_payload t2 a12 t3)
5.0: (sync_actions a12)
6.0: (validate_payload t3 a11 t4)
7.0: (sync_actions a11)
8.0: (validate_payload t4 a8 t5)
9.0: (sync_actions a8)
10.0: (validate_payload t5 a1 t6)
11.0: (sync_actions a1)
12.0: (validate_payload t6 a2 t7)
13.0: (sync_actions a2)
14.0: (del a8)
15.0: (validate_payload t8 a9 t9)
16.0: (sync_actions a9)

Plan-Length:17
Metric (Search):2.0
Planning Time (msec): 424
Heuristic Time (msec): 7
Search Time (msec): 416
Expanded Nodes:1026
States Evaluated:2876
Number of Dead-Ends detected:0
Number of Duplicates detected:5
/usr/bin/time -v timeout 600 java -Xmx64g -jar ./enhsp3.jar -o ./domain_with_failure.pddl -f ./problems/BasePN-0And-add-1-d7/problem92.pddl -h blind -s WAStar
Domain parsed
Problem parsed
Grounding..
Grounding Time: 4054
UFX:true
|F|:10254
|X|:18
|A|:704
|P|:0
|E|:0
h(I):0.0
f(n) = 1.0 (Expanded Nodes: 14, Evaluated States: 49, Time: 0.045) Frontier Size: 35
f(n) = 2.0 (Expanded Nodes: 174, Evaluated States: 499, Time: 0.148) Frontier Size: 325
Problem Solved

Found Plan:
0.0: (validate_payload t0 a7 t1)
1.0: (sync_actions a7)
2.0: (validate_payload t1 a10 t2)
3.0: (sync_actions a10)
4.0: (validate_payload t2 a12 t3)
5.0: (sync_actions a12)
6.0: (validate_payload t3 a11 t4)
7.0: (sync_actions a11)
8.0: (validate_payload t4 a8 t5)
9.0: (sync_actions a8)
10.0: (validate_payload t5 a1 t6)
11.0: (sync_actions a1)
12.0: (del a12)
13.0: (validate_payload t7 a2 t8)
14.0: (sync_actions a2)
15.0: (validate_payload t8 a9 t9)
16.0: (sync_actions a9)

Plan-Length:17
Metric (Search):2.0
Planning Time (msec): 309
Heuristic Time (msec): 7
Search Time (msec): 302
Expanded Nodes:960
States Evaluated:2506
Number of Dead-Ends detected:0
Number of Duplicates detected:7
/usr/bin/time -v timeout 600 java -Xmx64g -jar ./enhsp3.jar -o ./domain_with_failure.pddl -f ./problems/BasePN-0And-add-1-d7/problem93.pddl -h blind -s WAStar
Domain parsed
Problem parsed
Grounding..
Grounding Time: 4502
UFX:true
|F|:10254
|X|:17
|A|:704
|P|:0
|E|:0
h(I):0.0
f(n) = 1.0 (Expanded Nodes: 6, Evaluated States: 23, Time: 0.033) Frontier Size: 17
f(n) = 2.0 (Expanded Nodes: 38, Evaluated States: 98, Time: 0.089) Frontier Size: 60
Problem Solved

Found Plan:
0.0: (validate_payload t0 a7 t1)
1.0: (sync_actions a7)
2.0: (validate_payload t1 a10 t2)
3.0: (sync_actions a10)
4.0: (del a2)
5.0: (validate_payload t3 a12 t4)
6.0: (sync_actions a12)
7.0: (validate_payload t4 a11 t5)
8.0: (sync_actions a11)
9.0: (validate_payload t5 a8 t6)
10.0: (sync_actions a8)
11.0: (validate_payload t6 a1 t7)
12.0: (sync_actions a1)
13.0: (validate_payload t7 a2 t8)
14.0: (sync_actions a2)
15.0: (validate_payload t8 a9 t9)
16.0: (sync_actions a9)

Plan-Length:17
Metric (Search):2.0
Planning Time (msec): 139
Heuristic Time (msec): 7
Search Time (msec): 137
Expanded Nodes:104
States Evaluated:237
Number of Dead-Ends detected:0
Number of Duplicates detected:1
/usr/bin/time -v timeout 600 java -Xmx64g -jar ./enhsp3.jar -o ./domain_with_failure.pddl -f ./problems/BasePN-0And-add-1-d7/problem94.pddl -h blind -s WAStar
Domain parsed
Problem parsed
Grounding..
Grounding Time: 4244
UFX:true
|F|:10254
|X|:17
|A|:704
|P|:0
|E|:0
h(I):0.0
f(n) = 1.0 (Expanded Nodes: 6, Evaluated States: 23, Time: 0.042) Frontier Size: 17
f(n) = 2.0 (Expanded Nodes: 38, Evaluated States: 98, Time: 0.106) Frontier Size: 60
Problem Solved

Found Plan:
0.0: (validate_payload t0 a7 t1)
1.0: (sync_actions a7)
2.0: (validate_payload t1 a10 t2)
3.0: (sync_actions a10)
4.0: (del a2)
5.0: (validate_payload t3 a12 t4)
6.0: (sync_actions a12)
7.0: (validate_payload t4 a11 t5)
8.0: (sync_actions a11)
9.0: (validate_payload t5 a8 t6)
10.0: (sync_actions a8)
11.0: (validate_payload t6 a1 t7)
12.0: (sync_actions a1)
13.0: (validate_payload t7 a2 t8)
14.0: (sync_actions a2)
15.0: (validate_payload t8 a9 t9)
16.0: (sync_actions a9)

Plan-Length:17
Metric (Search):2.0
Planning Time (msec): 169
Heuristic Time (msec): 6
Search Time (msec): 160
Expanded Nodes:118
States Evaluated:259
Number of Dead-Ends detected:0
Number of Duplicates detected:1
/usr/bin/time -v timeout 600 java -Xmx64g -jar ./enhsp3.jar -o ./domain_with_failure.pddl -f ./problems/BasePN-0And-add-1-d7/problem95.pddl -h blind -s WAStar
Domain parsed
Problem parsed
Grounding..
Grounding Time: 4297
UFX:true
|F|:10254
|X|:18
|A|:704
|P|:0
|E|:0
h(I):0.0
f(n) = 1.0 (Expanded Nodes: 4, Evaluated States: 14, Time: 0.035) Frontier Size: 10
f(n) = 2.0 (Expanded Nodes: 16, Evaluated States: 38, Time: 0.11) Frontier Size: 22
Problem Solved

Found Plan:
0.0: (validate_payload t0 a7 t1)
1.0: (sync_actions a7)
2.0: (del a8)
3.0: (validate_payload t2 a10 t3)
4.0: (sync_actions a10)
5.0: (validate_payload t3 a12 t4)
6.0: (sync_actions a12)
7.0: (validate_payload t4 a11 t5)
8.0: (sync_actions a11)
9.0: (validate_payload t5 a8 t6)
10.0: (sync_actions a8)
11.0: (validate_payload t6 a1 t7)
12.0: (sync_actions a1)
13.0: (validate_payload t7 a2 t8)
14.0: (sync_actions a2)
15.0: (validate_payload t8 a9 t9)
16.0: (sync_actions a9)

Plan-Length:17
Metric (Search):2.0
Planning Time (msec): 157
Heuristic Time (msec): 3
Search Time (msec): 143
Expanded Nodes:44
States Evaluated:116
Number of Dead-Ends detected:0
Number of Duplicates detected:1
/usr/bin/time -v timeout 600 java -Xmx64g -jar ./enhsp3.jar -o ./domain_with_failure.pddl -f ./problems/BasePN-0And-add-1-d7/problem96.pddl -h blind -s WAStar
Domain parsed
Problem parsed
Grounding..
Grounding Time: 4147
UFX:true
|F|:10254
|X|:16
|A|:704
|P|:0
|E|:0
h(I):0.0
f(n) = 1.0 (Expanded Nodes: 10, Evaluated States: 37, Time: 0.039) Frontier Size: 27
f(n) = 2.0 (Expanded Nodes: 97, Evaluated States: 276, Time: 0.125) Frontier Size: 179
Problem Solved

Found Plan:
0.0: (validate_payload t0 a7 t1)
1.0: (sync_actions a7)
2.0: (validate_payload t1 a10 t2)
3.0: (sync_actions a10)
4.0: (validate_payload t2 a12 t3)
5.0: (sync_actions a12)
6.0: (validate_payload t3 a11 t4)
7.0: (sync_actions a11)
8.0: (del a9)
9.0: (validate_payload t5 a8 t6)
10.0: (sync_actions a8)
11.0: (validate_payload t6 a1 t7)
12.0: (sync_actions a1)
13.0: (validate_payload t7 a2 t8)
14.0: (sync_actions a2)
15.0: (validate_payload t8 a9 t9)
16.0: (sync_actions a9)

Plan-Length:17
Metric (Search):2.0
Planning Time (msec): 182
Heuristic Time (msec): 8
Search Time (msec): 175
Expanded Nodes:203
States Evaluated:528
Number of Dead-Ends detected:0
Number of Duplicates detected:1
/usr/bin/time -v timeout 600 java -Xmx64g -jar ./enhsp3.jar -o ./domain_with_failure.pddl -f ./problems/BasePN-0And-add-1-d7/problem97.pddl -h blind -s WAStar
Domain parsed
Problem parsed
Grounding..
Grounding Time: 3989
UFX:true
|F|:10254
|X|:18
|A|:704
|P|:0
|E|:0
h(I):0.0
f(n) = 1.0 (Expanded Nodes: 10, Evaluated States: 38, Time: 0.046) Frontier Size: 28
f(n) = 2.0 (Expanded Nodes: 97, Evaluated States: 287, Time: 0.136) Frontier Size: 190
Problem Solved

Found Plan:
0.0: (validate_payload t0 a7 t1)
1.0: (sync_actions a7)
2.0: (validate_payload t1 a10 t2)
3.0: (sync_actions a10)
4.0: (validate_payload t2 a12 t3)
5.0: (sync_actions a12)
6.0: (validate_payload t3 a11 t4)
7.0: (sync_actions a11)
8.0: (del a0)
9.0: (validate_payload t5 a8 t6)
10.0: (sync_actions a8)
11.0: (validate_payload t6 a1 t7)
12.0: (sync_actions a1)
13.0: (validate_payload t7 a2 t8)
14.0: (sync_actions a2)
15.0: (validate_payload t8 a9 t9)
16.0: (sync_actions a9)

Plan-Length:17
Metric (Search):2.0
Planning Time (msec): 239
Heuristic Time (msec): 8
Search Time (msec): 230
Expanded Nodes:414
States Evaluated:1058
Number of Dead-Ends detected:0
Number of Duplicates detected:2
/usr/bin/time -v timeout 600 java -Xmx64g -jar ./enhsp3.jar -o ./domain_with_failure.pddl -f ./problems/BasePN-0And-add-1-d7/problem98.pddl -h blind -s WAStar
Domain parsed
Problem parsed
Grounding..
Grounding Time: 4166
UFX:true
|F|:10254
|X|:17
|A|:704
|P|:0
|E|:0
h(I):0.0
f(n) = 1.0 (Expanded Nodes: 14, Evaluated States: 48, Time: 0.043) Frontier Size: 34
f(n) = 2.0 (Expanded Nodes: 157, Evaluated States: 449, Time: 0.167) Frontier Size: 292
Problem Solved

Found Plan:
0.0: (validate_payload t0 a7 t1)
1.0: (sync_actions a7)
2.0: (validate_payload t1 a10 t2)
3.0: (sync_actions a10)
4.0: (validate_payload t2 a12 t3)
5.0: (sync_actions a12)
6.0: (validate_payload t3 a11 t4)
7.0: (sync_actions a11)
8.0: (validate_payload t4 a8 t5)
9.0: (sync_actions a8)
10.0: (validate_payload t5 a1 t6)
11.0: (sync_actions a1)
12.0: (del a8)
13.0: (validate_payload t7 a2 t8)
14.0: (sync_actions a2)
15.0: (validate_payload t8 a9 t9)
16.0: (sync_actions a9)

Plan-Length:17
Metric (Search):2.0
Planning Time (msec): 366
Heuristic Time (msec): 5
Search Time (msec): 363
Expanded Nodes:760
States Evaluated:2041
Number of Dead-Ends detected:0
Number of Duplicates detected:5
/usr/bin/time -v timeout 600 java -Xmx64g -jar ./enhsp3.jar -o ./domain_with_failure.pddl -f ./problems/BasePN-0And-add-1-d7/problem99.pddl -h blind -s WAStar
Domain parsed
Problem parsed
Grounding..
Grounding Time: 4201
UFX:true
|F|:10254
|X|:17
|A|:704
|P|:0
|E|:0
h(I):0.0
f(n) = 1.0 (Expanded Nodes: 4, Evaluated States: 14, Time: 0.023) Frontier Size: 10
f(n) = 2.0 (Expanded Nodes: 16, Evaluated States: 38, Time: 0.084) Frontier Size: 22
Problem Solved

Found Plan:
0.0: (validate_payload t0 a7 t1)
1.0: (sync_actions a7)
2.0: (del a8)
3.0: (validate_payload t2 a10 t3)
4.0: (sync_actions a10)
5.0: (validate_payload t3 a12 t4)
6.0: (sync_actions a12)
7.0: (validate_payload t4 a11 t5)
8.0: (sync_actions a11)
9.0: (validate_payload t5 a8 t6)
10.0: (sync_actions a8)
11.0: (validate_payload t6 a1 t7)
12.0: (sync_actions a1)
13.0: (validate_payload t7 a2 t8)
14.0: (sync_actions a2)
15.0: (validate_payload t8 a9 t9)
16.0: (sync_actions a9)

Plan-Length:17
Metric (Search):2.0
Planning Time (msec): 138
Heuristic Time (msec): 2
Search Time (msec): 128
Expanded Nodes:44
States Evaluated:113
Number of Dead-Ends detected:0
Number of Duplicates detected:1
/usr/bin/time -v timeout 600 java -Xmx64g -jar ./enhsp3.jar -o ./domain_with_failure.pddl -f ./problems/BasePN-0And-add-1-d7/problem100.pddl -h blind -s WAStar
Domain parsed
Problem parsed
Grounding..
Grounding Time: 3998
UFX:true
|F|:10251
|X|:15
|A|:703
|P|:0
|E|:0
h(I):0.0
f(n) = 1.0 (Expanded Nodes: 14, Evaluated States: 45, Time: 0.048) Frontier Size: 31
f(n) = 2.0 (Expanded Nodes: 130, Evaluated States: 343, Time: 0.164) Frontier Size: 213
Problem Solved

Found Plan:
0.0: (validate_payload t0 a7 t1)
1.0: (sync_actions a7)
2.0: (validate_payload t1 a10 t2)
3.0: (sync_actions a10)
4.0: (validate_payload t2 a12 t3)
5.0: (sync_actions a12)
6.0: (validate_payload t3 a11 t4)
7.0: (sync_actions a11)
8.0: (validate_payload t4 a8 t5)
9.0: (sync_actions a8)
10.0: (validate_payload t5 a0 t6)
11.0: (sync_actions a0)
12.0: (del a12)
13.0: (validate_payload t7 a9 t8)
14.0: (sync_actions a9)

Plan-Length:15
Metric (Search):2.0
Planning Time (msec): 228
Heuristic Time (msec): 6
Search Time (msec): 225
Expanded Nodes:294
States Evaluated:731
Number of Dead-Ends detected:0
Number of Duplicates detected:1
Loading openjdk/17.0.8.1_1
  Loading requirement: glibc/2.35-aocc-3.2.0-wetwhfr
    gcc-runtime/12.1.0-gcc-12.1.0-uotjsm3 glibc/2.35-aocc-3.2.0-dkzxmta
	Command being timed: "timeout 600 java -Xmx64g -jar ./enhsp3.jar -o ./domain_with_failure.pddl -f ./problems/BasePN-0And-add-1-d7/problem1.pddl -h blind -s WAStar -dap"
	User time (seconds): 6.76
	System time (seconds): 0.64
	Percent of CPU this job got: 86%
	Elapsed (wall clock) time (h:mm:ss or m:ss): 0:08.53
	Average shared text size (kbytes): 0
	Average unshared data size (kbytes): 0
	Average stack size (kbytes): 0
	Average total size (kbytes): 0
	Maximum resident set size (kbytes): 1027792
	Average resident set size (kbytes): 0
	Major (requiring I/O) page faults: 18
	Minor (reclaiming a frame) page faults: 376392
	Voluntary context switches: 2167
	Involuntary context switches: 2603
	Swaps: 0
	File system inputs: 0
	File system outputs: 88
	Socket messages sent: 0
	Socket messages received: 0
	Signals delivered: 0
	Page size (bytes): 4096
	Exit status: 0
	Command being timed: "timeout 600 java -Xmx64g -jar ./enhsp3.jar -o ./domain_with_failure.pddl -f ./problems/BasePN-0And-add-1-d7/problem2.pddl -h blind -s WAStar -dap"
	User time (seconds): 6.66
	System time (seconds): 0.54
	Percent of CPU this job got: 99%
	Elapsed (wall clock) time (h:mm:ss or m:ss): 0:07.23
	Average shared text size (kbytes): 0
	Average unshared data size (kbytes): 0
	Average stack size (kbytes): 0
	Average total size (kbytes): 0
	Maximum resident set size (kbytes): 1024028
	Average resident set size (kbytes): 0
	Major (requiring I/O) page faults: 0
	Minor (reclaiming a frame) page faults: 357454
	Voluntary context switches: 1845
	Involuntary context switches: 2386
	Swaps: 0
	File system inputs: 0
	File system outputs: 88
	Socket messages sent: 0
	Socket messages received: 0
	Signals delivered: 0
	Page size (bytes): 4096
	Exit status: 0
	Command being timed: "timeout 600 java -Xmx64g -jar ./enhsp3.jar -o ./domain_with_failure.pddl -f ./problems/BasePN-0And-add-1-d7/problem3.pddl -h blind -s WAStar -dap"
	User time (seconds): 6.57
	System time (seconds): 0.56
	Percent of CPU this job got: 99%
	Elapsed (wall clock) time (h:mm:ss or m:ss): 0:07.17
	Average shared text size (kbytes): 0
	Average unshared data size (kbytes): 0
	Average stack size (kbytes): 0
	Average total size (kbytes): 0
	Maximum resident set size (kbytes): 1024632
	Average resident set size (kbytes): 0
	Major (requiring I/O) page faults: 0
	Minor (reclaiming a frame) page faults: 375419
	Voluntary context switches: 1826
	Involuntary context switches: 2326
	Swaps: 0
	File system inputs: 0
	File system outputs: 120
	Socket messages sent: 0
	Socket messages received: 0
	Signals delivered: 0
	Page size (bytes): 4096
	Exit status: 0
	Command being timed: "timeout 600 java -Xmx64g -jar ./enhsp3.jar -o ./domain_with_failure.pddl -f ./problems/BasePN-0And-add-1-d7/problem4.pddl -h blind -s WAStar -dap"
	User time (seconds): 6.86
	System time (seconds): 0.58
	Percent of CPU this job got: 99%
	Elapsed (wall clock) time (h:mm:ss or m:ss): 0:07.48
	Average shared text size (kbytes): 0
	Average unshared data size (kbytes): 0
	Average stack size (kbytes): 0
	Average total size (kbytes): 0
	Maximum resident set size (kbytes): 1022756
	Average resident set size (kbytes): 0
	Major (requiring I/O) page faults: 0
	Minor (reclaiming a frame) page faults: 371829
	Voluntary context switches: 2115
	Involuntary context switches: 2520
	Swaps: 0
	File system inputs: 0
	File system outputs: 96
	Socket messages sent: 0
	Socket messages received: 0
	Signals delivered: 0
	Page size (bytes): 4096
	Exit status: 0
	Command being timed: "timeout 600 java -Xmx64g -jar ./enhsp3.jar -o ./domain_with_failure.pddl -f ./problems/BasePN-0And-add-1-d7/problem5.pddl -h blind -s WAStar -dap"
	User time (seconds): 6.81
	System time (seconds): 0.56
	Percent of CPU this job got: 99%
	Elapsed (wall clock) time (h:mm:ss or m:ss): 0:07.41
	Average shared text size (kbytes): 0
	Average unshared data size (kbytes): 0
	Average stack size (kbytes): 0
	Average total size (kbytes): 0
	Maximum resident set size (kbytes): 1016788
	Average resident set size (kbytes): 0
	Major (requiring I/O) page faults: 0
	Minor (reclaiming a frame) page faults: 377306
	Voluntary context switches: 1826
	Involuntary context switches: 2509
	Swaps: 0
	File system inputs: 0
	File system outputs: 120
	Socket messages sent: 0
	Socket messages received: 0
	Signals delivered: 0
	Page size (bytes): 4096
	Exit status: 0
	Command being timed: "timeout 600 java -Xmx64g -jar ./enhsp3.jar -o ./domain_with_failure.pddl -f ./problems/BasePN-0And-add-1-d7/problem6.pddl -h blind -s WAStar -dap"
	User time (seconds): 6.62
	System time (seconds): 0.56
	Percent of CPU this job got: 99%
	Elapsed (wall clock) time (h:mm:ss or m:ss): 0:07.22
	Average shared text size (kbytes): 0
	Average unshared data size (kbytes): 0
	Average stack size (kbytes): 0
	Average total size (kbytes): 0
	Maximum resident set size (kbytes): 1025364
	Average resident set size (kbytes): 0
	Major (requiring I/O) page faults: 0
	Minor (reclaiming a frame) page faults: 373725
	Voluntary context switches: 1888
	Involuntary context switches: 2436
	Swaps: 0
	File system inputs: 0
	File system outputs: 88
	Socket messages sent: 0
	Socket messages received: 0
	Signals delivered: 0
	Page size (bytes): 4096
	Exit status: 0
	Command being timed: "timeout 600 java -Xmx64g -jar ./enhsp3.jar -o ./domain_with_failure.pddl -f ./problems/BasePN-0And-add-1-d7/problem7.pddl -h blind -s WAStar -dap"
	User time (seconds): 6.80
	System time (seconds): 0.64
	Percent of CPU this job got: 99%
	Elapsed (wall clock) time (h:mm:ss or m:ss): 0:07.47
	Average shared text size (kbytes): 0
	Average unshared data size (kbytes): 0
	Average stack size (kbytes): 0
	Average total size (kbytes): 0
	Maximum resident set size (kbytes): 1026304
	Average resident set size (kbytes): 0
	Major (requiring I/O) page faults: 0
	Minor (reclaiming a frame) page faults: 377216
	Voluntary context switches: 2115
	Involuntary context switches: 2619
	Swaps: 0
	File system inputs: 0
	File system outputs: 112
	Socket messages sent: 0
	Socket messages received: 0
	Signals delivered: 0
	Page size (bytes): 4096
	Exit status: 0
	Command being timed: "timeout 600 java -Xmx64g -jar ./enhsp3.jar -o ./domain_with_failure.pddl -f ./problems/BasePN-0And-add-1-d7/problem8.pddl -h blind -s WAStar -dap"
	User time (seconds): 6.54
	System time (seconds): 0.60
	Percent of CPU this job got: 99%
	Elapsed (wall clock) time (h:mm:ss or m:ss): 0:07.18
	Average shared text size (kbytes): 0
	Average unshared data size (kbytes): 0
	Average stack size (kbytes): 0
	Average total size (kbytes): 0
	Maximum resident set size (kbytes): 1025200
	Average resident set size (kbytes): 0
	Major (requiring I/O) page faults: 0
	Minor (reclaiming a frame) page faults: 358843
	Voluntary context switches: 1921
	Involuntary context switches: 2430
	Swaps: 0
	File system inputs: 0
	File system outputs: 96
	Socket messages sent: 0
	Socket messages received: 0
	Signals delivered: 0
	Page size (bytes): 4096
	Exit status: 0
	Command being timed: "timeout 600 java -Xmx64g -jar ./enhsp3.jar -o ./domain_with_failure.pddl -f ./problems/BasePN-0And-add-1-d7/problem9.pddl -h blind -s WAStar -dap"
	User time (seconds): 6.41
	System time (seconds): 0.58
	Percent of CPU this job got: 99%
	Elapsed (wall clock) time (h:mm:ss or m:ss): 0:07.04
	Average shared text size (kbytes): 0
	Average unshared data size (kbytes): 0
	Average stack size (kbytes): 0
	Average total size (kbytes): 0
	Maximum resident set size (kbytes): 1017840
	Average resident set size (kbytes): 0
	Major (requiring I/O) page faults: 0
	Minor (reclaiming a frame) page faults: 370217
	Voluntary context switches: 1938
	Involuntary context switches: 2444
	Swaps: 0
	File system inputs: 0
	File system outputs: 88
	Socket messages sent: 0
	Socket messages received: 0
	Signals delivered: 0
	Page size (bytes): 4096
	Exit status: 0
	Command being timed: "timeout 600 java -Xmx64g -jar ./enhsp3.jar -o ./domain_with_failure.pddl -f ./problems/BasePN-0And-add-1-d7/problem10.pddl -h blind -s WAStar -dap"
	User time (seconds): 6.97
	System time (seconds): 0.58
	Percent of CPU this job got: 99%
	Elapsed (wall clock) time (h:mm:ss or m:ss): 0:07.58
	Average shared text size (kbytes): 0
	Average unshared data size (kbytes): 0
	Average stack size (kbytes): 0
	Average total size (kbytes): 0
	Maximum resident set size (kbytes): 1018784
	Average resident set size (kbytes): 0
	Major (requiring I/O) page faults: 0
	Minor (reclaiming a frame) page faults: 379006
	Voluntary context switches: 2022
	Involuntary context switches: 2625
	Swaps: 0
	File system inputs: 0
	File system outputs: 120
	Socket messages sent: 0
	Socket messages received: 0
	Signals delivered: 0
	Page size (bytes): 4096
	Exit status: 0
	Command being timed: "timeout 600 java -Xmx64g -jar ./enhsp3.jar -o ./domain_with_failure.pddl -f ./problems/BasePN-0And-add-1-d7/problem11.pddl -h blind -s WAStar -dap"
	User time (seconds): 6.65
	System time (seconds): 0.60
	Percent of CPU this job got: 99%
	Elapsed (wall clock) time (h:mm:ss or m:ss): 0:07.30
	Average shared text size (kbytes): 0
	Average unshared data size (kbytes): 0
	Average stack size (kbytes): 0
	Average total size (kbytes): 0
	Maximum resident set size (kbytes): 1023312
	Average resident set size (kbytes): 0
	Major (requiring I/O) page faults: 0
	Minor (reclaiming a frame) page faults: 375481
	Voluntary context switches: 2225
	Involuntary context switches: 2607
	Swaps: 0
	File system inputs: 0
	File system outputs: 96
	Socket messages sent: 0
	Socket messages received: 0
	Signals delivered: 0
	Page size (bytes): 4096
	Exit status: 0
	Command being timed: "timeout 600 java -Xmx64g -jar ./enhsp3.jar -o ./domain_with_failure.pddl -f ./problems/BasePN-0And-add-1-d7/problem12.pddl -h blind -s WAStar -dap"
	User time (seconds): 6.56
	System time (seconds): 0.59
	Percent of CPU this job got: 99%
	Elapsed (wall clock) time (h:mm:ss or m:ss): 0:07.20
	Average shared text size (kbytes): 0
	Average unshared data size (kbytes): 0
	Average stack size (kbytes): 0
	Average total size (kbytes): 0
	Maximum resident set size (kbytes): 1020004
	Average resident set size (kbytes): 0
	Major (requiring I/O) page faults: 0
	Minor (reclaiming a frame) page faults: 371723
	Voluntary context switches: 1990
	Involuntary context switches: 2510
	Swaps: 0
	File system inputs: 0
	File system outputs: 112
	Socket messages sent: 0
	Socket messages received: 0
	Signals delivered: 0
	Page size (bytes): 4096
	Exit status: 0
	Command being timed: "timeout 600 java -Xmx64g -jar ./enhsp3.jar -o ./domain_with_failure.pddl -f ./problems/BasePN-0And-add-1-d7/problem13.pddl -h blind -s WAStar -dap"
	User time (seconds): 7.02
	System time (seconds): 0.58
	Percent of CPU this job got: 99%
	Elapsed (wall clock) time (h:mm:ss or m:ss): 0:07.63
	Average shared text size (kbytes): 0
	Average unshared data size (kbytes): 0
	Average stack size (kbytes): 0
	Average total size (kbytes): 0
	Maximum resident set size (kbytes): 1023428
	Average resident set size (kbytes): 0
	Major (requiring I/O) page faults: 0
	Minor (reclaiming a frame) page faults: 373745
	Voluntary context switches: 1972
	Involuntary context switches: 2571
	Swaps: 0
	File system inputs: 0
	File system outputs: 88
	Socket messages sent: 0
	Socket messages received: 0
	Signals delivered: 0
	Page size (bytes): 4096
	Exit status: 0
	Command being timed: "timeout 600 java -Xmx64g -jar ./enhsp3.jar -o ./domain_with_failure.pddl -f ./problems/BasePN-0And-add-1-d7/problem14.pddl -h blind -s WAStar -dap"
	User time (seconds): 6.73
	System time (seconds): 0.56
	Percent of CPU this job got: 99%
	Elapsed (wall clock) time (h:mm:ss or m:ss): 0:07.33
	Average shared text size (kbytes): 0
	Average unshared data size (kbytes): 0
	Average stack size (kbytes): 0
	Average total size (kbytes): 0
	Maximum resident set size (kbytes): 1029160
	Average resident set size (kbytes): 0
	Major (requiring I/O) page faults: 0
	Minor (reclaiming a frame) page faults: 377674
	Voluntary context switches: 1814
	Involuntary context switches: 2416
	Swaps: 0
	File system inputs: 0
	File system outputs: 112
	Socket messages sent: 0
	Socket messages received: 0
	Signals delivered: 0
	Page size (bytes): 4096
	Exit status: 0
	Command being timed: "timeout 600 java -Xmx64g -jar ./enhsp3.jar -o ./domain_with_failure.pddl -f ./problems/BasePN-0And-add-1-d7/problem15.pddl -h blind -s WAStar -dap"
	User time (seconds): 6.67
	System time (seconds): 0.58
	Percent of CPU this job got: 99%
	Elapsed (wall clock) time (h:mm:ss or m:ss): 0:07.28
	Average shared text size (kbytes): 0
	Average unshared data size (kbytes): 0
	Average stack size (kbytes): 0
	Average total size (kbytes): 0
	Maximum resident set size (kbytes): 1028224
	Average resident set size (kbytes): 0
	Major (requiring I/O) page faults: 0
	Minor (reclaiming a frame) page faults: 352992
	Voluntary context switches: 2075
	Involuntary context switches: 2544
	Swaps: 0
	File system inputs: 0
	File system outputs: 104
	Socket messages sent: 0
	Socket messages received: 0
	Signals delivered: 0
	Page size (bytes): 4096
	Exit status: 0
	Command being timed: "timeout 600 java -Xmx64g -jar ./enhsp3.jar -o ./domain_with_failure.pddl -f ./problems/BasePN-0And-add-1-d7/problem16.pddl -h blind -s WAStar -dap"
	User time (seconds): 6.72
	System time (seconds): 0.58
	Percent of CPU this job got: 99%
	Elapsed (wall clock) time (h:mm:ss or m:ss): 0:07.34
	Average shared text size (kbytes): 0
	Average unshared data size (kbytes): 0
	Average stack size (kbytes): 0
	Average total size (kbytes): 0
	Maximum resident set size (kbytes): 1026272
	Average resident set size (kbytes): 0
	Major (requiring I/O) page faults: 0
	Minor (reclaiming a frame) page faults: 377040
	Voluntary context switches: 1900
	Involuntary context switches: 2427
	Swaps: 0
	File system inputs: 0
	File system outputs: 112
	Socket messages sent: 0
	Socket messages received: 0
	Signals delivered: 0
	Page size (bytes): 4096
	Exit status: 0
	Command being timed: "timeout 600 java -Xmx64g -jar ./enhsp3.jar -o ./domain_with_failure.pddl -f ./problems/BasePN-0And-add-1-d7/problem17.pddl -h blind -s WAStar -dap"
	User time (seconds): 6.73
	System time (seconds): 0.57
	Percent of CPU this job got: 99%
	Elapsed (wall clock) time (h:mm:ss or m:ss): 0:07.38
	Average shared text size (kbytes): 0
	Average unshared data size (kbytes): 0
	Average stack size (kbytes): 0
	Average total size (kbytes): 0
	Maximum resident set size (kbytes): 1030492
	Average resident set size (kbytes): 0
	Major (requiring I/O) page faults: 0
	Minor (reclaiming a frame) page faults: 376412
	Voluntary context switches: 1830
	Involuntary context switches: 2439
	Swaps: 0
	File system inputs: 0
	File system outputs: 88
	Socket messages sent: 0
	Socket messages received: 0
	Signals delivered: 0
	Page size (bytes): 4096
	Exit status: 0
	Command being timed: "timeout 600 java -Xmx64g -jar ./enhsp3.jar -o ./domain_with_failure.pddl -f ./problems/BasePN-0And-add-1-d7/problem18.pddl -h blind -s WAStar -dap"
	User time (seconds): 6.61
	System time (seconds): 0.58
	Percent of CPU this job got: 99%
	Elapsed (wall clock) time (h:mm:ss or m:ss): 0:07.23
	Average shared text size (kbytes): 0
	Average unshared data size (kbytes): 0
	Average stack size (kbytes): 0
	Average total size (kbytes): 0
	Maximum resident set size (kbytes): 1020012
	Average resident set size (kbytes): 0
	Major (requiring I/O) page faults: 0
	Minor (reclaiming a frame) page faults: 373165
	Voluntary context switches: 2036
	Involuntary context switches: 2475
	Swaps: 0
	File system inputs: 0
	File system outputs: 96
	Socket messages sent: 0
	Socket messages received: 0
	Signals delivered: 0
	Page size (bytes): 4096
	Exit status: 0
	Command being timed: "timeout 600 java -Xmx64g -jar ./enhsp3.jar -o ./domain_with_failure.pddl -f ./problems/BasePN-0And-add-1-d7/problem19.pddl -h blind -s WAStar -dap"
	User time (seconds): 6.63
	System time (seconds): 0.57
	Percent of CPU this job got: 99%
	Elapsed (wall clock) time (h:mm:ss or m:ss): 0:07.24
	Average shared text size (kbytes): 0
	Average unshared data size (kbytes): 0
	Average stack size (kbytes): 0
	Average total size (kbytes): 0
	Maximum resident set size (kbytes): 1022008
	Average resident set size (kbytes): 0
	Major (requiring I/O) page faults: 0
	Minor (reclaiming a frame) page faults: 373929
	Voluntary context switches: 1780
	Involuntary context switches: 2396
	Swaps: 0
	File system inputs: 0
	File system outputs: 120
	Socket messages sent: 0
	Socket messages received: 0
	Signals delivered: 0
	Page size (bytes): 4096
	Exit status: 0
	Command being timed: "timeout 600 java -Xmx64g -jar ./enhsp3.jar -o ./domain_with_failure.pddl -f ./problems/BasePN-0And-add-1-d7/problem20.pddl -h blind -s WAStar -dap"
	User time (seconds): 7.22
	System time (seconds): 0.62
	Percent of CPU this job got: 99%
	Elapsed (wall clock) time (h:mm:ss or m:ss): 0:07.88
	Average shared text size (kbytes): 0
	Average unshared data size (kbytes): 0
	Average stack size (kbytes): 0
	Average total size (kbytes): 0
	Maximum resident set size (kbytes): 1029508
	Average resident set size (kbytes): 0
	Major (requiring I/O) page faults: 0
	Minor (reclaiming a frame) page faults: 375836
	Voluntary context switches: 2283
	Involuntary context switches: 2797
	Swaps: 0
	File system inputs: 0
	File system outputs: 88
	Socket messages sent: 0
	Socket messages received: 0
	Signals delivered: 0
	Page size (bytes): 4096
	Exit status: 0
	Command being timed: "timeout 600 java -Xmx64g -jar ./enhsp3.jar -o ./domain_with_failure.pddl -f ./problems/BasePN-0And-add-1-d7/problem21.pddl -h blind -s WAStar -dap"
	User time (seconds): 6.75
	System time (seconds): 0.62
	Percent of CPU this job got: 99%
	Elapsed (wall clock) time (h:mm:ss or m:ss): 0:07.39
	Average shared text size (kbytes): 0
	Average unshared data size (kbytes): 0
	Average stack size (kbytes): 0
	Average total size (kbytes): 0
	Maximum resident set size (kbytes): 1028424
	Average resident set size (kbytes): 0
	Major (requiring I/O) page faults: 0
	Minor (reclaiming a frame) page faults: 376761
	Voluntary context switches: 2247
	Involuntary context switches: 2633
	Swaps: 0
	File system inputs: 0
	File system outputs: 112
	Socket messages sent: 0
	Socket messages received: 0
	Signals delivered: 0
	Page size (bytes): 4096
	Exit status: 0
	Command being timed: "timeout 600 java -Xmx64g -jar ./enhsp3.jar -o ./domain_with_failure.pddl -f ./problems/BasePN-0And-add-1-d7/problem22.pddl -h blind -s WAStar -dap"
	User time (seconds): 6.73
	System time (seconds): 0.57
	Percent of CPU this job got: 99%
	Elapsed (wall clock) time (h:mm:ss or m:ss): 0:07.33
	Average shared text size (kbytes): 0
	Average unshared data size (kbytes): 0
	Average stack size (kbytes): 0
	Average total size (kbytes): 0
	Maximum resident set size (kbytes): 1028336
	Average resident set size (kbytes): 0
	Major (requiring I/O) page faults: 0
	Minor (reclaiming a frame) page faults: 372679
	Voluntary context switches: 2228
	Involuntary context switches: 2653
	Swaps: 0
	File system inputs: 0
	File system outputs: 96
	Socket messages sent: 0
	Socket messages received: 0
	Signals delivered: 0
	Page size (bytes): 4096
	Exit status: 0
	Command being timed: "timeout 600 java -Xmx64g -jar ./enhsp3.jar -o ./domain_with_failure.pddl -f ./problems/BasePN-0And-add-1-d7/problem23.pddl -h blind -s WAStar -dap"
	User time (seconds): 6.93
	System time (seconds): 0.56
	Percent of CPU this job got: 99%
	Elapsed (wall clock) time (h:mm:ss or m:ss): 0:07.51
	Average shared text size (kbytes): 0
	Average unshared data size (kbytes): 0
	Average stack size (kbytes): 0
	Average total size (kbytes): 0
	Maximum resident set size (kbytes): 1021984
	Average resident set size (kbytes): 0
	Major (requiring I/O) page faults: 0
	Minor (reclaiming a frame) page faults: 373690
	Voluntary context switches: 2136
	Involuntary context switches: 2646
	Swaps: 0
	File system inputs: 0
	File system outputs: 112
	Socket messages sent: 0
	Socket messages received: 0
	Signals delivered: 0
	Page size (bytes): 4096
	Exit status: 0
	Command being timed: "timeout 600 java -Xmx64g -jar ./enhsp3.jar -o ./domain_with_failure.pddl -f ./problems/BasePN-0And-add-1-d7/problem24.pddl -h blind -s WAStar -dap"
	User time (seconds): 6.90
	System time (seconds): 0.59
	Percent of CPU this job got: 99%
	Elapsed (wall clock) time (h:mm:ss or m:ss): 0:07.52
	Average shared text size (kbytes): 0
	Average unshared data size (kbytes): 0
	Average stack size (kbytes): 0
	Average total size (kbytes): 0
	Maximum resident set size (kbytes): 1027912
	Average resident set size (kbytes): 0
	Major (requiring I/O) page faults: 0
	Minor (reclaiming a frame) page faults: 376180
	Voluntary context switches: 2118
	Involuntary context switches: 2700
	Swaps: 0
	File system inputs: 0
	File system outputs: 88
	Socket messages sent: 0
	Socket messages received: 0
	Signals delivered: 0
	Page size (bytes): 4096
	Exit status: 0
	Command being timed: "timeout 600 java -Xmx64g -jar ./enhsp3.jar -o ./domain_with_failure.pddl -f ./problems/BasePN-0And-add-1-d7/problem25.pddl -h blind -s WAStar -dap"
	User time (seconds): 6.78
	System time (seconds): 0.63
	Percent of CPU this job got: 99%
	Elapsed (wall clock) time (h:mm:ss or m:ss): 0:07.44
	Average shared text size (kbytes): 0
	Average unshared data size (kbytes): 0
	Average stack size (kbytes): 0
	Average total size (kbytes): 0
	Maximum resident set size (kbytes): 1028308
	Average resident set size (kbytes): 0
	Major (requiring I/O) page faults: 0
	Minor (reclaiming a frame) page faults: 376990
	Voluntary context switches: 1930
	Involuntary context switches: 2484
	Swaps: 0
	File system inputs: 0
	File system outputs: 112
	Socket messages sent: 0
	Socket messages received: 0
	Signals delivered: 0
	Page size (bytes): 4096
	Exit status: 0
	Command being timed: "timeout 600 java -Xmx64g -jar ./enhsp3.jar -o ./domain_with_failure.pddl -f ./problems/BasePN-0And-add-1-d7/problem26.pddl -h blind -s WAStar -dap"
	User time (seconds): 6.75
	System time (seconds): 0.59
	Percent of CPU this job got: 99%
	Elapsed (wall clock) time (h:mm:ss or m:ss): 0:07.37
	Average shared text size (kbytes): 0
	Average unshared data size (kbytes): 0
	Average stack size (kbytes): 0
	Average total size (kbytes): 0
	Maximum resident set size (kbytes): 1024276
	Average resident set size (kbytes): 0
	Major (requiring I/O) page faults: 0
	Minor (reclaiming a frame) page faults: 370239
	Voluntary context switches: 2010
	Involuntary context switches: 2503
	Swaps: 0
	File system inputs: 0
	File system outputs: 88
	Socket messages sent: 0
	Socket messages received: 0
	Signals delivered: 0
	Page size (bytes): 4096
	Exit status: 0
	Command being timed: "timeout 600 java -Xmx64g -jar ./enhsp3.jar -o ./domain_with_failure.pddl -f ./problems/BasePN-0And-add-1-d7/problem27.pddl -h blind -s WAStar -dap"
	User time (seconds): 6.82
	System time (seconds): 0.60
	Percent of CPU this job got: 99%
	Elapsed (wall clock) time (h:mm:ss or m:ss): 0:07.45
	Average shared text size (kbytes): 0
	Average unshared data size (kbytes): 0
	Average stack size (kbytes): 0
	Average total size (kbytes): 0
	Maximum resident set size (kbytes): 1022600
	Average resident set size (kbytes): 0
	Major (requiring I/O) page faults: 0
	Minor (reclaiming a frame) page faults: 367333
	Voluntary context switches: 1996
	Involuntary context switches: 2522
	Swaps: 0
	File system inputs: 0
	File system outputs: 112
	Socket messages sent: 0
	Socket messages received: 0
	Signals delivered: 0
	Page size (bytes): 4096
	Exit status: 0
	Command being timed: "timeout 600 java -Xmx64g -jar ./enhsp3.jar -o ./domain_with_failure.pddl -f ./problems/BasePN-0And-add-1-d7/problem28.pddl -h blind -s WAStar -dap"
	User time (seconds): 6.79
	System time (seconds): 0.60
	Percent of CPU this job got: 99%
	Elapsed (wall clock) time (h:mm:ss or m:ss): 0:07.42
	Average shared text size (kbytes): 0
	Average unshared data size (kbytes): 0
	Average stack size (kbytes): 0
	Average total size (kbytes): 0
	Maximum resident set size (kbytes): 1029664
	Average resident set size (kbytes): 0
	Major (requiring I/O) page faults: 0
	Minor (reclaiming a frame) page faults: 377352
	Voluntary context switches: 2029
	Involuntary context switches: 2512
	Swaps: 0
	File system inputs: 0
	File system outputs: 96
	Socket messages sent: 0
	Socket messages received: 0
	Signals delivered: 0
	Page size (bytes): 4096
	Exit status: 0
	Command being timed: "timeout 600 java -Xmx64g -jar ./enhsp3.jar -o ./domain_with_failure.pddl -f ./problems/BasePN-0And-add-1-d7/problem29.pddl -h blind -s WAStar -dap"
	User time (seconds): 6.72
	System time (seconds): 0.56
	Percent of CPU this job got: 99%
	Elapsed (wall clock) time (h:mm:ss or m:ss): 0:07.33
	Average shared text size (kbytes): 0
	Average unshared data size (kbytes): 0
	Average stack size (kbytes): 0
	Average total size (kbytes): 0
	Maximum resident set size (kbytes): 1023564
	Average resident set size (kbytes): 0
	Major (requiring I/O) page faults: 0
	Minor (reclaiming a frame) page faults: 376909
	Voluntary context switches: 2048
	Involuntary context switches: 2535
	Swaps: 0
	File system inputs: 0
	File system outputs: 96
	Socket messages sent: 0
	Socket messages received: 0
	Signals delivered: 0
	Page size (bytes): 4096
	Exit status: 0
	Command being timed: "timeout 600 java -Xmx64g -jar ./enhsp3.jar -o ./domain_with_failure.pddl -f ./problems/BasePN-0And-add-1-d7/problem30.pddl -h blind -s WAStar -dap"
	User time (seconds): 6.50
	System time (seconds): 0.61
	Percent of CPU this job got: 99%
	Elapsed (wall clock) time (h:mm:ss or m:ss): 0:07.14
	Average shared text size (kbytes): 0
	Average unshared data size (kbytes): 0
	Average stack size (kbytes): 0
	Average total size (kbytes): 0
	Maximum resident set size (kbytes): 1020828
	Average resident set size (kbytes): 0
	Major (requiring I/O) page faults: 0
	Minor (reclaiming a frame) page faults: 371833
	Voluntary context switches: 1829
	Involuntary context switches: 2359
	Swaps: 0
	File system inputs: 0
	File system outputs: 112
	Socket messages sent: 0
	Socket messages received: 0
	Signals delivered: 0
	Page size (bytes): 4096
	Exit status: 0
	Command being timed: "timeout 600 java -Xmx64g -jar ./enhsp3.jar -o ./domain_with_failure.pddl -f ./problems/BasePN-0And-add-1-d7/problem31.pddl -h blind -s WAStar -dap"
	User time (seconds): 7.18
	System time (seconds): 0.62
	Percent of CPU this job got: 99%
	Elapsed (wall clock) time (h:mm:ss or m:ss): 0:07.83
	Average shared text size (kbytes): 0
	Average unshared data size (kbytes): 0
	Average stack size (kbytes): 0
	Average total size (kbytes): 0
	Maximum resident set size (kbytes): 1027240
	Average resident set size (kbytes): 0
	Major (requiring I/O) page faults: 0
	Minor (reclaiming a frame) page faults: 375621
	Voluntary context switches: 2062
	Involuntary context switches: 2738
	Swaps: 0
	File system inputs: 0
	File system outputs: 88
	Socket messages sent: 0
	Socket messages received: 0
	Signals delivered: 0
	Page size (bytes): 4096
	Exit status: 0
	Command being timed: "timeout 600 java -Xmx64g -jar ./enhsp3.jar -o ./domain_with_failure.pddl -f ./problems/BasePN-0And-add-1-d7/problem32.pddl -h blind -s WAStar -dap"
	User time (seconds): 6.88
	System time (seconds): 0.63
	Percent of CPU this job got: 99%
	Elapsed (wall clock) time (h:mm:ss or m:ss): 0:07.54
	Average shared text size (kbytes): 0
	Average unshared data size (kbytes): 0
	Average stack size (kbytes): 0
	Average total size (kbytes): 0
	Maximum resident set size (kbytes): 1031320
	Average resident set size (kbytes): 0
	Major (requiring I/O) page faults: 0
	Minor (reclaiming a frame) page faults: 378278
	Voluntary context switches: 2022
	Involuntary context switches: 2536
	Swaps: 0
	File system inputs: 0
	File system outputs: 112
	Socket messages sent: 0
	Socket messages received: 0
	Signals delivered: 0
	Page size (bytes): 4096
	Exit status: 0
	Command being timed: "timeout 600 java -Xmx64g -jar ./enhsp3.jar -o ./domain_with_failure.pddl -f ./problems/BasePN-0And-add-1-d7/problem33.pddl -h blind -s WAStar -dap"
	User time (seconds): 6.71
	System time (seconds): 0.58
	Percent of CPU this job got: 99%
	Elapsed (wall clock) time (h:mm:ss or m:ss): 0:07.33
	Average shared text size (kbytes): 0
	Average unshared data size (kbytes): 0
	Average stack size (kbytes): 0
	Average total size (kbytes): 0
	Maximum resident set size (kbytes): 1025776
	Average resident set size (kbytes): 0
	Major (requiring I/O) page faults: 0
	Minor (reclaiming a frame) page faults: 353031
	Voluntary context switches: 1819
	Involuntary context switches: 2366
	Swaps: 0
	File system inputs: 0
	File system outputs: 96
	Socket messages sent: 0
	Socket messages received: 0
	Signals delivered: 0
	Page size (bytes): 4096
	Exit status: 0
	Command being timed: "timeout 600 java -Xmx64g -jar ./enhsp3.jar -o ./domain_with_failure.pddl -f ./problems/BasePN-0And-add-1-d7/problem34.pddl -h blind -s WAStar -dap"
	User time (seconds): 6.47
	System time (seconds): 0.58
	Percent of CPU this job got: 99%
	Elapsed (wall clock) time (h:mm:ss or m:ss): 0:07.09
	Average shared text size (kbytes): 0
	Average unshared data size (kbytes): 0
	Average stack size (kbytes): 0
	Average total size (kbytes): 0
	Maximum resident set size (kbytes): 1020660
	Average resident set size (kbytes): 0
	Major (requiring I/O) page faults: 0
	Minor (reclaiming a frame) page faults: 370806
	Voluntary context switches: 2074
	Involuntary context switches: 2453
	Swaps: 0
	File system inputs: 0
	File system outputs: 112
	Socket messages sent: 0
	Socket messages received: 0
	Signals delivered: 0
	Page size (bytes): 4096
	Exit status: 0
	Command being timed: "timeout 600 java -Xmx64g -jar ./enhsp3.jar -o ./domain_with_failure.pddl -f ./problems/BasePN-0And-add-1-d7/problem35.pddl -h blind -s WAStar -dap"
	User time (seconds): 6.65
	System time (seconds): 0.59
	Percent of CPU this job got: 99%
	Elapsed (wall clock) time (h:mm:ss or m:ss): 0:07.28
	Average shared text size (kbytes): 0
	Average unshared data size (kbytes): 0
	Average stack size (kbytes): 0
	Average total size (kbytes): 0
	Maximum resident set size (kbytes): 1021188
	Average resident set size (kbytes): 0
	Major (requiring I/O) page faults: 0
	Minor (reclaiming a frame) page faults: 371111
	Voluntary context switches: 2033
	Involuntary context switches: 2501
	Swaps: 0
	File system inputs: 0
	File system outputs: 88
	Socket messages sent: 0
	Socket messages received: 0
	Signals delivered: 0
	Page size (bytes): 4096
	Exit status: 0
	Command being timed: "timeout 600 java -Xmx64g -jar ./enhsp3.jar -o ./domain_with_failure.pddl -f ./problems/BasePN-0And-add-1-d7/problem36.pddl -h blind -s WAStar -dap"
	User time (seconds): 6.46
	System time (seconds): 0.61
	Percent of CPU this job got: 99%
	Elapsed (wall clock) time (h:mm:ss or m:ss): 0:07.10
	Average shared text size (kbytes): 0
	Average unshared data size (kbytes): 0
	Average stack size (kbytes): 0
	Average total size (kbytes): 0
	Maximum resident set size (kbytes): 1020172
	Average resident set size (kbytes): 0
	Major (requiring I/O) page faults: 0
	Minor (reclaiming a frame) page faults: 362501
	Voluntary context switches: 1817
	Involuntary context switches: 2342
	Swaps: 0
	File system inputs: 0
	File system outputs: 96
	Socket messages sent: 0
	Socket messages received: 0
	Signals delivered: 0
	Page size (bytes): 4096
	Exit status: 0
	Command being timed: "timeout 600 java -Xmx64g -jar ./enhsp3.jar -o ./domain_with_failure.pddl -f ./problems/BasePN-0And-add-1-d7/problem37.pddl -h blind -s WAStar -dap"
	User time (seconds): 6.44
	System time (seconds): 0.64
	Percent of CPU this job got: 99%
	Elapsed (wall clock) time (h:mm:ss or m:ss): 0:07.12
	Average shared text size (kbytes): 0
	Average unshared data size (kbytes): 0
	Average stack size (kbytes): 0
	Average total size (kbytes): 0
	Maximum resident set size (kbytes): 1028052
	Average resident set size (kbytes): 0
	Major (requiring I/O) page faults: 0
	Minor (reclaiming a frame) page faults: 375919
	Voluntary context switches: 2005
	Involuntary context switches: 2407
	Swaps: 0
	File system inputs: 0
	File system outputs: 120
	Socket messages sent: 0
	Socket messages received: 0
	Signals delivered: 0
	Page size (bytes): 4096
	Exit status: 0
	Command being timed: "timeout 600 java -Xmx64g -jar ./enhsp3.jar -o ./domain_with_failure.pddl -f ./problems/BasePN-0And-add-1-d7/problem38.pddl -h blind -s WAStar -dap"
	User time (seconds): 6.48
	System time (seconds): 0.60
	Percent of CPU this job got: 99%
	Elapsed (wall clock) time (h:mm:ss or m:ss): 0:07.12
	Average shared text size (kbytes): 0
	Average unshared data size (kbytes): 0
	Average stack size (kbytes): 0
	Average total size (kbytes): 0
	Maximum resident set size (kbytes): 1026440
	Average resident set size (kbytes): 0
	Major (requiring I/O) page faults: 0
	Minor (reclaiming a frame) page faults: 403133
	Voluntary context switches: 1917
	Involuntary context switches: 2318
	Swaps: 0
	File system inputs: 0
	File system outputs: 88
	Socket messages sent: 0
	Socket messages received: 0
	Signals delivered: 0
	Page size (bytes): 4096
	Exit status: 0
	Command being timed: "timeout 600 java -Xmx64g -jar ./enhsp3.jar -o ./domain_with_failure.pddl -f ./problems/BasePN-0And-add-1-d7/problem39.pddl -h blind -s WAStar -dap"
	User time (seconds): 6.82
	System time (seconds): 0.60
	Percent of CPU this job got: 99%
	Elapsed (wall clock) time (h:mm:ss or m:ss): 0:07.45
	Average shared text size (kbytes): 0
	Average unshared data size (kbytes): 0
	Average stack size (kbytes): 0
	Average total size (kbytes): 0
	Maximum resident set size (kbytes): 1023088
	Average resident set size (kbytes): 0
	Major (requiring I/O) page faults: 0
	Minor (reclaiming a frame) page faults: 353985
	Voluntary context switches: 2229
	Involuntary context switches: 2666
	Swaps: 0
	File system inputs: 0
	File system outputs: 112
	Socket messages sent: 0
	Socket messages received: 0
	Signals delivered: 0
	Page size (bytes): 4096
	Exit status: 0
	Command being timed: "timeout 600 java -Xmx64g -jar ./enhsp3.jar -o ./domain_with_failure.pddl -f ./problems/BasePN-0And-add-1-d7/problem40.pddl -h blind -s WAStar -dap"
	User time (seconds): 6.59
	System time (seconds): 0.63
	Percent of CPU this job got: 99%
	Elapsed (wall clock) time (h:mm:ss or m:ss): 0:07.25
	Average shared text size (kbytes): 0
	Average unshared data size (kbytes): 0
	Average stack size (kbytes): 0
	Average total size (kbytes): 0
	Maximum resident set size (kbytes): 1023644
	Average resident set size (kbytes): 0
	Major (requiring I/O) page faults: 0
	Minor (reclaiming a frame) page faults: 374905
	Voluntary context switches: 1985
	Involuntary context switches: 2446
	Swaps: 0
	File system inputs: 0
	File system outputs: 96
	Socket messages sent: 0
	Socket messages received: 0
	Signals delivered: 0
	Page size (bytes): 4096
	Exit status: 0
	Command being timed: "timeout 600 java -Xmx64g -jar ./enhsp3.jar -o ./domain_with_failure.pddl -f ./problems/BasePN-0And-add-1-d7/problem41.pddl -h blind -s WAStar -dap"
	User time (seconds): 6.60
	System time (seconds): 0.61
	Percent of CPU this job got: 99%
	Elapsed (wall clock) time (h:mm:ss or m:ss): 0:07.25
	Average shared text size (kbytes): 0
	Average unshared data size (kbytes): 0
	Average stack size (kbytes): 0
	Average total size (kbytes): 0
	Maximum resident set size (kbytes): 1019200
	Average resident set size (kbytes): 0
	Major (requiring I/O) page faults: 0
	Minor (reclaiming a frame) page faults: 372682
	Voluntary context switches: 1956
	Involuntary context switches: 2414
	Swaps: 0
	File system inputs: 0
	File system outputs: 112
	Socket messages sent: 0
	Socket messages received: 0
	Signals delivered: 0
	Page size (bytes): 4096
	Exit status: 0
	Command being timed: "timeout 600 java -Xmx64g -jar ./enhsp3.jar -o ./domain_with_failure.pddl -f ./problems/BasePN-0And-add-1-d7/problem42.pddl -h blind -s WAStar -dap"
	User time (seconds): 7.03
	System time (seconds): 0.60
	Percent of CPU this job got: 99%
	Elapsed (wall clock) time (h:mm:ss or m:ss): 0:07.65
	Average shared text size (kbytes): 0
	Average unshared data size (kbytes): 0
	Average stack size (kbytes): 0
	Average total size (kbytes): 0
	Maximum resident set size (kbytes): 1028140
	Average resident set size (kbytes): 0
	Major (requiring I/O) page faults: 0
	Minor (reclaiming a frame) page faults: 376202
	Voluntary context switches: 1911
	Involuntary context switches: 2532
	Swaps: 0
	File system inputs: 0
	File system outputs: 96
	Socket messages sent: 0
	Socket messages received: 0
	Signals delivered: 0
	Page size (bytes): 4096
	Exit status: 0
	Command being timed: "timeout 600 java -Xmx64g -jar ./enhsp3.jar -o ./domain_with_failure.pddl -f ./problems/BasePN-0And-add-1-d7/problem43.pddl -h blind -s WAStar -dap"
	User time (seconds): 6.48
	System time (seconds): 0.59
	Percent of CPU this job got: 99%
	Elapsed (wall clock) time (h:mm:ss or m:ss): 0:07.11
	Average shared text size (kbytes): 0
	Average unshared data size (kbytes): 0
	Average stack size (kbytes): 0
	Average total size (kbytes): 0
	Maximum resident set size (kbytes): 1021096
	Average resident set size (kbytes): 0
	Major (requiring I/O) page faults: 0
	Minor (reclaiming a frame) page faults: 373426
	Voluntary context switches: 2097
	Involuntary context switches: 2481
	Swaps: 0
	File system inputs: 0
	File system outputs: 96
	Socket messages sent: 0
	Socket messages received: 0
	Signals delivered: 0
	Page size (bytes): 4096
	Exit status: 0
	Command being timed: "timeout 600 java -Xmx64g -jar ./enhsp3.jar -o ./domain_with_failure.pddl -f ./problems/BasePN-0And-add-1-d7/problem44.pddl -h blind -s WAStar -dap"
	User time (seconds): 6.67
	System time (seconds): 0.60
	Percent of CPU this job got: 99%
	Elapsed (wall clock) time (h:mm:ss or m:ss): 0:07.31
	Average shared text size (kbytes): 0
	Average unshared data size (kbytes): 0
	Average stack size (kbytes): 0
	Average total size (kbytes): 0
	Maximum resident set size (kbytes): 1024036
	Average resident set size (kbytes): 0
	Major (requiring I/O) page faults: 0
	Minor (reclaiming a frame) page faults: 371045
	Voluntary context switches: 2135
	Involuntary context switches: 2548
	Swaps: 0
	File system inputs: 0
	File system outputs: 112
	Socket messages sent: 0
	Socket messages received: 0
	Signals delivered: 0
	Page size (bytes): 4096
	Exit status: 0
	Command being timed: "timeout 600 java -Xmx64g -jar ./enhsp3.jar -o ./domain_with_failure.pddl -f ./problems/BasePN-0And-add-1-d7/problem45.pddl -h blind -s WAStar -dap"
	User time (seconds): 6.69
	System time (seconds): 0.61
	Percent of CPU this job got: 99%
	Elapsed (wall clock) time (h:mm:ss or m:ss): 0:07.34
	Average shared text size (kbytes): 0
	Average unshared data size (kbytes): 0
	Average stack size (kbytes): 0
	Average total size (kbytes): 0
	Maximum resident set size (kbytes): 1019664
	Average resident set size (kbytes): 0
	Major (requiring I/O) page faults: 0
	Minor (reclaiming a frame) page faults: 367949
	Voluntary context switches: 1948
	Involuntary context switches: 2542
	Swaps: 0
	File system inputs: 0
	File system outputs: 88
	Socket messages sent: 0
	Socket messages received: 0
	Signals delivered: 0
	Page size (bytes): 4096
	Exit status: 0
	Command being timed: "timeout 600 java -Xmx64g -jar ./enhsp3.jar -o ./domain_with_failure.pddl -f ./problems/BasePN-0And-add-1-d7/problem46.pddl -h blind -s WAStar -dap"
	User time (seconds): 6.82
	System time (seconds): 0.64
	Percent of CPU this job got: 99%
	Elapsed (wall clock) time (h:mm:ss or m:ss): 0:07.49
	Average shared text size (kbytes): 0
	Average unshared data size (kbytes): 0
	Average stack size (kbytes): 0
	Average total size (kbytes): 0
	Maximum resident set size (kbytes): 1021652
	Average resident set size (kbytes): 0
	Major (requiring I/O) page faults: 0
	Minor (reclaiming a frame) page faults: 374995
	Voluntary context switches: 2126
	Involuntary context switches: 2587
	Swaps: 0
	File system inputs: 0
	File system outputs: 112
	Socket messages sent: 0
	Socket messages received: 0
	Signals delivered: 0
	Page size (bytes): 4096
	Exit status: 0
	Command being timed: "timeout 600 java -Xmx64g -jar ./enhsp3.jar -o ./domain_with_failure.pddl -f ./problems/BasePN-0And-add-1-d7/problem47.pddl -h blind -s WAStar -dap"
	User time (seconds): 6.64
	System time (seconds): 0.59
	Percent of CPU this job got: 99%
	Elapsed (wall clock) time (h:mm:ss or m:ss): 0:07.26
	Average shared text size (kbytes): 0
	Average unshared data size (kbytes): 0
	Average stack size (kbytes): 0
	Average total size (kbytes): 0
	Maximum resident set size (kbytes): 1028172
	Average resident set size (kbytes): 0
	Major (requiring I/O) page faults: 0
	Minor (reclaiming a frame) page faults: 373788
	Voluntary context switches: 1941
	Involuntary context switches: 2441
	Swaps: 0
	File system inputs: 0
	File system outputs: 96
	Socket messages sent: 0
	Socket messages received: 0
	Signals delivered: 0
	Page size (bytes): 4096
	Exit status: 0
	Command being timed: "timeout 600 java -Xmx64g -jar ./enhsp3.jar -o ./domain_with_failure.pddl -f ./problems/BasePN-0And-add-1-d7/problem48.pddl -h blind -s WAStar -dap"
	User time (seconds): 6.98
	System time (seconds): 0.60
	Percent of CPU this job got: 99%
	Elapsed (wall clock) time (h:mm:ss or m:ss): 0:07.59
	Average shared text size (kbytes): 0
	Average unshared data size (kbytes): 0
	Average stack size (kbytes): 0
	Average total size (kbytes): 0
	Maximum resident set size (kbytes): 1028312
	Average resident set size (kbytes): 0
	Major (requiring I/O) page faults: 0
	Minor (reclaiming a frame) page faults: 371988
	Voluntary context switches: 1972
	Involuntary context switches: 2589
	Swaps: 0
	File system inputs: 0
	File system outputs: 112
	Socket messages sent: 0
	Socket messages received: 0
	Signals delivered: 0
	Page size (bytes): 4096
	Exit status: 0
	Command being timed: "timeout 600 java -Xmx64g -jar ./enhsp3.jar -o ./domain_with_failure.pddl -f ./problems/BasePN-0And-add-1-d7/problem49.pddl -h blind -s WAStar -dap"
	User time (seconds): 6.52
	System time (seconds): 0.57
	Percent of CPU this job got: 99%
	Elapsed (wall clock) time (h:mm:ss or m:ss): 0:07.12
	Average shared text size (kbytes): 0
	Average unshared data size (kbytes): 0
	Average stack size (kbytes): 0
	Average total size (kbytes): 0
	Maximum resident set size (kbytes): 1020840
	Average resident set size (kbytes): 0
	Major (requiring I/O) page faults: 0
	Minor (reclaiming a frame) page faults: 370914
	Voluntary context switches: 1894
	Involuntary context switches: 2352
	Swaps: 0
	File system inputs: 0
	File system outputs: 88
	Socket messages sent: 0
	Socket messages received: 0
	Signals delivered: 0
	Page size (bytes): 4096
	Exit status: 0
	Command being timed: "timeout 600 java -Xmx64g -jar ./enhsp3.jar -o ./domain_with_failure.pddl -f ./problems/BasePN-0And-add-1-d7/problem50.pddl -h blind -s WAStar -dap"
	User time (seconds): 6.64
	System time (seconds): 0.61
	Percent of CPU this job got: 99%
	Elapsed (wall clock) time (h:mm:ss or m:ss): 0:07.29
	Average shared text size (kbytes): 0
	Average unshared data size (kbytes): 0
	Average stack size (kbytes): 0
	Average total size (kbytes): 0
	Maximum resident set size (kbytes): 1025112
	Average resident set size (kbytes): 0
	Major (requiring I/O) page faults: 0
	Minor (reclaiming a frame) page faults: 376731
	Voluntary context switches: 1995
	Involuntary context switches: 2469
	Swaps: 0
	File system inputs: 0
	File system outputs: 96
	Socket messages sent: 0
	Socket messages received: 0
	Signals delivered: 0
	Page size (bytes): 4096
	Exit status: 0
	Command being timed: "timeout 600 java -Xmx64g -jar ./enhsp3.jar -o ./domain_with_failure.pddl -f ./problems/BasePN-0And-add-1-d7/problem51.pddl -h blind -s WAStar -dap"
	User time (seconds): 6.35
	System time (seconds): 0.64
	Percent of CPU this job got: 99%
	Elapsed (wall clock) time (h:mm:ss or m:ss): 0:07.02
	Average shared text size (kbytes): 0
	Average unshared data size (kbytes): 0
	Average stack size (kbytes): 0
	Average total size (kbytes): 0
	Maximum resident set size (kbytes): 1024236
	Average resident set size (kbytes): 0
	Major (requiring I/O) page faults: 0
	Minor (reclaiming a frame) page faults: 403650
	Voluntary context switches: 2170
	Involuntary context switches: 2449
	Swaps: 0
	File system inputs: 0
	File system outputs: 120
	Socket messages sent: 0
	Socket messages received: 0
	Signals delivered: 0
	Page size (bytes): 4096
	Exit status: 0
	Command being timed: "timeout 600 java -Xmx64g -jar ./enhsp3.jar -o ./domain_with_failure.pddl -f ./problems/BasePN-0And-add-1-d7/problem52.pddl -h blind -s WAStar -dap"
	User time (seconds): 6.48
	System time (seconds): 0.61
	Percent of CPU this job got: 99%
	Elapsed (wall clock) time (h:mm:ss or m:ss): 0:07.12
	Average shared text size (kbytes): 0
	Average unshared data size (kbytes): 0
	Average stack size (kbytes): 0
	Average total size (kbytes): 0
	Maximum resident set size (kbytes): 1026284
	Average resident set size (kbytes): 0
	Major (requiring I/O) page faults: 0
	Minor (reclaiming a frame) page faults: 356530
	Voluntary context switches: 1825
	Involuntary context switches: 2312
	Swaps: 0
	File system inputs: 0
	File system outputs: 88
	Socket messages sent: 0
	Socket messages received: 0
	Signals delivered: 0
	Page size (bytes): 4096
	Exit status: 0
	Command being timed: "timeout 600 java -Xmx64g -jar ./enhsp3.jar -o ./domain_with_failure.pddl -f ./problems/BasePN-0And-add-1-d7/problem53.pddl -h blind -s WAStar -dap"
	User time (seconds): 7.04
	System time (seconds): 0.63
	Percent of CPU this job got: 99%
	Elapsed (wall clock) time (h:mm:ss or m:ss): 0:07.72
	Average shared text size (kbytes): 0
	Average unshared data size (kbytes): 0
	Average stack size (kbytes): 0
	Average total size (kbytes): 0
	Maximum resident set size (kbytes): 1026432
	Average resident set size (kbytes): 0
	Major (requiring I/O) page faults: 0
	Minor (reclaiming a frame) page faults: 375509
	Voluntary context switches: 1924
	Involuntary context switches: 2587
	Swaps: 0
	File system inputs: 0
	File system outputs: 112
	Socket messages sent: 0
	Socket messages received: 0
	Signals delivered: 0
	Page size (bytes): 4096
	Exit status: 0
	Command being timed: "timeout 600 java -Xmx64g -jar ./enhsp3.jar -o ./domain_with_failure.pddl -f ./problems/BasePN-0And-add-1-d7/problem54.pddl -h blind -s WAStar -dap"
	User time (seconds): 6.52
	System time (seconds): 0.62
	Percent of CPU this job got: 99%
	Elapsed (wall clock) time (h:mm:ss or m:ss): 0:07.16
	Average shared text size (kbytes): 0
	Average unshared data size (kbytes): 0
	Average stack size (kbytes): 0
	Average total size (kbytes): 0
	Maximum resident set size (kbytes): 1020992
	Average resident set size (kbytes): 0
	Major (requiring I/O) page faults: 0
	Minor (reclaiming a frame) page faults: 371000
	Voluntary context switches: 2064
	Involuntary context switches: 2464
	Swaps: 0
	File system inputs: 0
	File system outputs: 96
	Socket messages sent: 0
	Socket messages received: 0
	Signals delivered: 0
	Page size (bytes): 4096
	Exit status: 0
	Command being timed: "timeout 600 java -Xmx64g -jar ./enhsp3.jar -o ./domain_with_failure.pddl -f ./problems/BasePN-0And-add-1-d7/problem55.pddl -h blind -s WAStar -dap"
	User time (seconds): 6.72
	System time (seconds): 0.59
	Percent of CPU this job got: 99%
	Elapsed (wall clock) time (h:mm:ss or m:ss): 0:07.34
	Average shared text size (kbytes): 0
	Average unshared data size (kbytes): 0
	Average stack size (kbytes): 0
	Average total size (kbytes): 0
	Maximum resident set size (kbytes): 1021668
	Average resident set size (kbytes): 0
	Major (requiring I/O) page faults: 0
	Minor (reclaiming a frame) page faults: 364096
	Voluntary context switches: 1981
	Involuntary context switches: 2477
	Swaps: 0
	File system inputs: 0
	File system outputs: 112
	Socket messages sent: 0
	Socket messages received: 0
	Signals delivered: 0
	Page size (bytes): 4096
	Exit status: 0
	Command being timed: "timeout 600 java -Xmx64g -jar ./enhsp3.jar -o ./domain_with_failure.pddl -f ./problems/BasePN-0And-add-1-d7/problem56.pddl -h blind -s WAStar -dap"
	User time (seconds): 6.85
	System time (seconds): 0.61
	Percent of CPU this job got: 99%
	Elapsed (wall clock) time (h:mm:ss or m:ss): 0:07.49
	Average shared text size (kbytes): 0
	Average unshared data size (kbytes): 0
	Average stack size (kbytes): 0
	Average total size (kbytes): 0
	Maximum resident set size (kbytes): 1021348
	Average resident set size (kbytes): 0
	Major (requiring I/O) page faults: 0
	Minor (reclaiming a frame) page faults: 372669
	Voluntary context switches: 2266
	Involuntary context switches: 2713
	Swaps: 0
	File system inputs: 0
	File system outputs: 96
	Socket messages sent: 0
	Socket messages received: 0
	Signals delivered: 0
	Page size (bytes): 4096
	Exit status: 0
	Command being timed: "timeout 600 java -Xmx64g -jar ./enhsp3.jar -o ./domain_with_failure.pddl -f ./problems/BasePN-0And-add-1-d7/problem57.pddl -h blind -s WAStar -dap"
	User time (seconds): 6.60
	System time (seconds): 0.60
	Percent of CPU this job got: 99%
	Elapsed (wall clock) time (h:mm:ss or m:ss): 0:07.22
	Average shared text size (kbytes): 0
	Average unshared data size (kbytes): 0
	Average stack size (kbytes): 0
	Average total size (kbytes): 0
	Maximum resident set size (kbytes): 1020848
	Average resident set size (kbytes): 0
	Major (requiring I/O) page faults: 0
	Minor (reclaiming a frame) page faults: 359379
	Voluntary context switches: 2235
	Involuntary context switches: 2626
	Swaps: 0
	File system inputs: 0
	File system outputs: 88
	Socket messages sent: 0
	Socket messages received: 0
	Signals delivered: 0
	Page size (bytes): 4096
	Exit status: 0
	Command being timed: "timeout 600 java -Xmx64g -jar ./enhsp3.jar -o ./domain_with_failure.pddl -f ./problems/BasePN-0And-add-1-d7/problem58.pddl -h blind -s WAStar -dap"
	User time (seconds): 7.11
	System time (seconds): 0.63
	Percent of CPU this job got: 99%
	Elapsed (wall clock) time (h:mm:ss or m:ss): 0:07.76
	Average shared text size (kbytes): 0
	Average unshared data size (kbytes): 0
	Average stack size (kbytes): 0
	Average total size (kbytes): 0
	Maximum resident set size (kbytes): 1025412
	Average resident set size (kbytes): 0
	Major (requiring I/O) page faults: 0
	Minor (reclaiming a frame) page faults: 376120
	Voluntary context switches: 2010
	Involuntary context switches: 2667
	Swaps: 0
	File system inputs: 0
	File system outputs: 112
	Socket messages sent: 0
	Socket messages received: 0
	Signals delivered: 0
	Page size (bytes): 4096
	Exit status: 0
	Command being timed: "timeout 600 java -Xmx64g -jar ./enhsp3.jar -o ./domain_with_failure.pddl -f ./problems/BasePN-0And-add-1-d7/problem59.pddl -h blind -s WAStar -dap"
	User time (seconds): 6.47
	System time (seconds): 0.59
	Percent of CPU this job got: 99%
	Elapsed (wall clock) time (h:mm:ss or m:ss): 0:07.08
	Average shared text size (kbytes): 0
	Average unshared data size (kbytes): 0
	Average stack size (kbytes): 0
	Average total size (kbytes): 0
	Maximum resident set size (kbytes): 1027704
	Average resident set size (kbytes): 0
	Major (requiring I/O) page faults: 0
	Minor (reclaiming a frame) page faults: 373893
	Voluntary context switches: 1975
	Involuntary context switches: 2339
	Swaps: 0
	File system inputs: 0
	File system outputs: 88
	Socket messages sent: 0
	Socket messages received: 0
	Signals delivered: 0
	Page size (bytes): 4096
	Exit status: 0
	Command being timed: "timeout 600 java -Xmx64g -jar ./enhsp3.jar -o ./domain_with_failure.pddl -f ./problems/BasePN-0And-add-1-d7/problem60.pddl -h blind -s WAStar -dap"
	User time (seconds): 6.72
	System time (seconds): 0.61
	Percent of CPU this job got: 99%
	Elapsed (wall clock) time (h:mm:ss or m:ss): 0:07.37
	Average shared text size (kbytes): 0
	Average unshared data size (kbytes): 0
	Average stack size (kbytes): 0
	Average total size (kbytes): 0
	Maximum resident set size (kbytes): 1021928
	Average resident set size (kbytes): 0
	Major (requiring I/O) page faults: 0
	Minor (reclaiming a frame) page faults: 372379
	Voluntary context switches: 1965
	Involuntary context switches: 2487
	Swaps: 0
	File system inputs: 0
	File system outputs: 112
	Socket messages sent: 0
	Socket messages received: 0
	Signals delivered: 0
	Page size (bytes): 4096
	Exit status: 0
	Command being timed: "timeout 600 java -Xmx64g -jar ./enhsp3.jar -o ./domain_with_failure.pddl -f ./problems/BasePN-0And-add-1-d7/problem61.pddl -h blind -s WAStar -dap"
	User time (seconds): 6.71
	System time (seconds): 0.61
	Percent of CPU this job got: 99%
	Elapsed (wall clock) time (h:mm:ss or m:ss): 0:07.36
	Average shared text size (kbytes): 0
	Average unshared data size (kbytes): 0
	Average stack size (kbytes): 0
	Average total size (kbytes): 0
	Maximum resident set size (kbytes): 1018120
	Average resident set size (kbytes): 0
	Major (requiring I/O) page faults: 0
	Minor (reclaiming a frame) page faults: 375012
	Voluntary context switches: 1813
	Involuntary context switches: 2393
	Swaps: 0
	File system inputs: 0
	File system outputs: 96
	Socket messages sent: 0
	Socket messages received: 0
	Signals delivered: 0
	Page size (bytes): 4096
	Exit status: 0
	Command being timed: "timeout 600 java -Xmx64g -jar ./enhsp3.jar -o ./domain_with_failure.pddl -f ./problems/BasePN-0And-add-1-d7/problem62.pddl -h blind -s WAStar -dap"
	User time (seconds): 6.92
	System time (seconds): 0.58
	Percent of CPU this job got: 99%
	Elapsed (wall clock) time (h:mm:ss or m:ss): 0:07.53
	Average shared text size (kbytes): 0
	Average unshared data size (kbytes): 0
	Average stack size (kbytes): 0
	Average total size (kbytes): 0
	Maximum resident set size (kbytes): 1022132
	Average resident set size (kbytes): 0
	Major (requiring I/O) page faults: 0
	Minor (reclaiming a frame) page faults: 363277
	Voluntary context switches: 2131
	Involuntary context switches: 2665
	Swaps: 0
	File system inputs: 0
	File system outputs: 112
	Socket messages sent: 0
	Socket messages received: 0
	Signals delivered: 0
	Page size (bytes): 4096
	Exit status: 0
	Command being timed: "timeout 600 java -Xmx64g -jar ./enhsp3.jar -o ./domain_with_failure.pddl -f ./problems/BasePN-0And-add-1-d7/problem63.pddl -h blind -s WAStar -dap"
	User time (seconds): 6.46
	System time (seconds): 0.57
	Percent of CPU this job got: 99%
	Elapsed (wall clock) time (h:mm:ss or m:ss): 0:07.07
	Average shared text size (kbytes): 0
	Average unshared data size (kbytes): 0
	Average stack size (kbytes): 0
	Average total size (kbytes): 0
	Maximum resident set size (kbytes): 1017288
	Average resident set size (kbytes): 0
	Major (requiring I/O) page faults: 0
	Minor (reclaiming a frame) page faults: 373116
	Voluntary context switches: 2082
	Involuntary context switches: 2489
	Swaps: 0
	File system inputs: 0
	File system outputs: 88
	Socket messages sent: 0
	Socket messages received: 0
	Signals delivered: 0
	Page size (bytes): 4096
	Exit status: 0
	Command being timed: "timeout 600 java -Xmx64g -jar ./enhsp3.jar -o ./domain_with_failure.pddl -f ./problems/BasePN-0And-add-1-d7/problem64.pddl -h blind -s WAStar -dap"
	User time (seconds): 6.54
	System time (seconds): 0.56
	Percent of CPU this job got: 99%
	Elapsed (wall clock) time (h:mm:ss or m:ss): 0:07.14
	Average shared text size (kbytes): 0
	Average unshared data size (kbytes): 0
	Average stack size (kbytes): 0
	Average total size (kbytes): 0
	Maximum resident set size (kbytes): 1026976
	Average resident set size (kbytes): 0
	Major (requiring I/O) page faults: 0
	Minor (reclaiming a frame) page faults: 364730
	Voluntary context switches: 2071
	Involuntary context switches: 2486
	Swaps: 0
	File system inputs: 0
	File system outputs: 88
	Socket messages sent: 0
	Socket messages received: 0
	Signals delivered: 0
	Page size (bytes): 4096
	Exit status: 0
	Command being timed: "timeout 600 java -Xmx64g -jar ./enhsp3.jar -o ./domain_with_failure.pddl -f ./problems/BasePN-0And-add-1-d7/problem65.pddl -h blind -s WAStar -dap"
	User time (seconds): 6.63
	System time (seconds): 0.59
	Percent of CPU this job got: 99%
	Elapsed (wall clock) time (h:mm:ss or m:ss): 0:07.25
	Average shared text size (kbytes): 0
	Average unshared data size (kbytes): 0
	Average stack size (kbytes): 0
	Average total size (kbytes): 0
	Maximum resident set size (kbytes): 1021764
	Average resident set size (kbytes): 0
	Major (requiring I/O) page faults: 0
	Minor (reclaiming a frame) page faults: 353750
	Voluntary context switches: 2053
	Involuntary context switches: 2485
	Swaps: 0
	File system inputs: 0
	File system outputs: 136
	Socket messages sent: 0
	Socket messages received: 0
	Signals delivered: 0
	Page size (bytes): 4096
	Exit status: 0
	Command being timed: "timeout 600 java -Xmx64g -jar ./enhsp3.jar -o ./domain_with_failure.pddl -f ./problems/BasePN-0And-add-1-d7/problem66.pddl -h blind -s WAStar -dap"
	User time (seconds): 6.47
	System time (seconds): 0.62
	Percent of CPU this job got: 99%
	Elapsed (wall clock) time (h:mm:ss or m:ss): 0:07.13
	Average shared text size (kbytes): 0
	Average unshared data size (kbytes): 0
	Average stack size (kbytes): 0
	Average total size (kbytes): 0
	Maximum resident set size (kbytes): 1020096
	Average resident set size (kbytes): 0
	Major (requiring I/O) page faults: 0
	Minor (reclaiming a frame) page faults: 371637
	Voluntary context switches: 2231
	Involuntary context switches: 2575
	Swaps: 0
	File system inputs: 0
	File system outputs: 88
	Socket messages sent: 0
	Socket messages received: 0
	Signals delivered: 0
	Page size (bytes): 4096
	Exit status: 0
	Command being timed: "timeout 600 java -Xmx64g -jar ./enhsp3.jar -o ./domain_with_failure.pddl -f ./problems/BasePN-0And-add-1-d7/problem67.pddl -h blind -s WAStar -dap"
	User time (seconds): 7.04
	System time (seconds): 0.60
	Percent of CPU this job got: 99%
	Elapsed (wall clock) time (h:mm:ss or m:ss): 0:07.68
	Average shared text size (kbytes): 0
	Average unshared data size (kbytes): 0
	Average stack size (kbytes): 0
	Average total size (kbytes): 0
	Maximum resident set size (kbytes): 1030892
	Average resident set size (kbytes): 0
	Major (requiring I/O) page faults: 0
	Minor (reclaiming a frame) page faults: 382677
	Voluntary context switches: 2276
	Involuntary context switches: 2740
	Swaps: 0
	File system inputs: 0
	File system outputs: 112
	Socket messages sent: 0
	Socket messages received: 0
	Signals delivered: 0
	Page size (bytes): 4096
	Exit status: 0
	Command being timed: "timeout 600 java -Xmx64g -jar ./enhsp3.jar -o ./domain_with_failure.pddl -f ./problems/BasePN-0And-add-1-d7/problem68.pddl -h blind -s WAStar -dap"
	User time (seconds): 6.95
	System time (seconds): 0.58
	Percent of CPU this job got: 99%
	Elapsed (wall clock) time (h:mm:ss or m:ss): 0:07.57
	Average shared text size (kbytes): 0
	Average unshared data size (kbytes): 0
	Average stack size (kbytes): 0
	Average total size (kbytes): 0
	Maximum resident set size (kbytes): 1023816
	Average resident set size (kbytes): 0
	Major (requiring I/O) page faults: 0
	Minor (reclaiming a frame) page faults: 375926
	Voluntary context switches: 1988
	Involuntary context switches: 2530
	Swaps: 0
	File system inputs: 0
	File system outputs: 96
	Socket messages sent: 0
	Socket messages received: 0
	Signals delivered: 0
	Page size (bytes): 4096
	Exit status: 0
	Command being timed: "timeout 600 java -Xmx64g -jar ./enhsp3.jar -o ./domain_with_failure.pddl -f ./problems/BasePN-0And-add-1-d7/problem69.pddl -h blind -s WAStar -dap"
	User time (seconds): 6.71
	System time (seconds): 0.60
	Percent of CPU this job got: 99%
	Elapsed (wall clock) time (h:mm:ss or m:ss): 0:07.34
	Average shared text size (kbytes): 0
	Average unshared data size (kbytes): 0
	Average stack size (kbytes): 0
	Average total size (kbytes): 0
	Maximum resident set size (kbytes): 1022140
	Average resident set size (kbytes): 0
	Major (requiring I/O) page faults: 0
	Minor (reclaiming a frame) page faults: 368458
	Voluntary context switches: 1995
	Involuntary context switches: 2503
	Swaps: 0
	File system inputs: 0
	File system outputs: 112
	Socket messages sent: 0
	Socket messages received: 0
	Signals delivered: 0
	Page size (bytes): 4096
	Exit status: 0
	Command being timed: "timeout 600 java -Xmx64g -jar ./enhsp3.jar -o ./domain_with_failure.pddl -f ./problems/BasePN-0And-add-1-d7/problem70.pddl -h blind -s WAStar -dap"
	User time (seconds): 7.18
	System time (seconds): 0.62
	Percent of CPU this job got: 99%
	Elapsed (wall clock) time (h:mm:ss or m:ss): 0:07.83
	Average shared text size (kbytes): 0
	Average unshared data size (kbytes): 0
	Average stack size (kbytes): 0
	Average total size (kbytes): 0
	Maximum resident set size (kbytes): 1025580
	Average resident set size (kbytes): 0
	Major (requiring I/O) page faults: 0
	Minor (reclaiming a frame) page faults: 375320
	Voluntary context switches: 2096
	Involuntary context switches: 2742
	Swaps: 0
	File system inputs: 0
	File system outputs: 88
	Socket messages sent: 0
	Socket messages received: 0
	Signals delivered: 0
	Page size (bytes): 4096
	Exit status: 0
	Command being timed: "timeout 600 java -Xmx64g -jar ./enhsp3.jar -o ./domain_with_failure.pddl -f ./problems/BasePN-0And-add-1-d7/problem71.pddl -h blind -s WAStar -dap"
	User time (seconds): 6.48
	System time (seconds): 0.64
	Percent of CPU this job got: 99%
	Elapsed (wall clock) time (h:mm:ss or m:ss): 0:07.15
	Average shared text size (kbytes): 0
	Average unshared data size (kbytes): 0
	Average stack size (kbytes): 0
	Average total size (kbytes): 0
	Maximum resident set size (kbytes): 1020244
	Average resident set size (kbytes): 0
	Major (requiring I/O) page faults: 0
	Minor (reclaiming a frame) page faults: 399823
	Voluntary context switches: 2170
	Involuntary context switches: 2517
	Swaps: 0
	File system inputs: 0
	File system outputs: 112
	Socket messages sent: 0
	Socket messages received: 0
	Signals delivered: 0
	Page size (bytes): 4096
	Exit status: 0
	Command being timed: "timeout 600 java -Xmx64g -jar ./enhsp3.jar -o ./domain_with_failure.pddl -f ./problems/BasePN-0And-add-1-d7/problem72.pddl -h blind -s WAStar -dap"
	User time (seconds): 6.62
	System time (seconds): 0.60
	Percent of CPU this job got: 99%
	Elapsed (wall clock) time (h:mm:ss or m:ss): 0:07.25
	Average shared text size (kbytes): 0
	Average unshared data size (kbytes): 0
	Average stack size (kbytes): 0
	Average total size (kbytes): 0
	Maximum resident set size (kbytes): 1024048
	Average resident set size (kbytes): 0
	Major (requiring I/O) page faults: 0
	Minor (reclaiming a frame) page faults: 375990
	Voluntary context switches: 2244
	Involuntary context switches: 2614
	Swaps: 0
	File system inputs: 0
	File system outputs: 96
	Socket messages sent: 0
	Socket messages received: 0
	Signals delivered: 0
	Page size (bytes): 4096
	Exit status: 0
	Command being timed: "timeout 600 java -Xmx64g -jar ./enhsp3.jar -o ./domain_with_failure.pddl -f ./problems/BasePN-0And-add-1-d7/problem73.pddl -h blind -s WAStar -dap"
	User time (seconds): 6.76
	System time (seconds): 0.58
	Percent of CPU this job got: 99%
	Elapsed (wall clock) time (h:mm:ss or m:ss): 0:07.37
	Average shared text size (kbytes): 0
	Average unshared data size (kbytes): 0
	Average stack size (kbytes): 0
	Average total size (kbytes): 0
	Maximum resident set size (kbytes): 1025776
	Average resident set size (kbytes): 0
	Major (requiring I/O) page faults: 0
	Minor (reclaiming a frame) page faults: 372449
	Voluntary context switches: 1976
	Involuntary context switches: 2477
	Swaps: 0
	File system inputs: 0
	File system outputs: 88
	Socket messages sent: 0
	Socket messages received: 0
	Signals delivered: 0
	Page size (bytes): 4096
	Exit status: 0
	Command being timed: "timeout 600 java -Xmx64g -jar ./enhsp3.jar -o ./domain_with_failure.pddl -f ./problems/BasePN-0And-add-1-d7/problem74.pddl -h blind -s WAStar -dap"
	User time (seconds): 6.62
	System time (seconds): 0.62
	Percent of CPU this job got: 99%
	Elapsed (wall clock) time (h:mm:ss or m:ss): 0:07.27
	Average shared text size (kbytes): 0
	Average unshared data size (kbytes): 0
	Average stack size (kbytes): 0
	Average total size (kbytes): 0
	Maximum resident set size (kbytes): 1024052
	Average resident set size (kbytes): 0
	Major (requiring I/O) page faults: 0
	Minor (reclaiming a frame) page faults: 374873
	Voluntary context switches: 2090
	Involuntary context switches: 2541
	Swaps: 0
	File system inputs: 0
	File system outputs: 96
	Socket messages sent: 0
	Socket messages received: 0
	Signals delivered: 0
	Page size (bytes): 4096
	Exit status: 0
	Command being timed: "timeout 600 java -Xmx64g -jar ./enhsp3.jar -o ./domain_with_failure.pddl -f ./problems/BasePN-0And-add-1-d7/problem75.pddl -h blind -s WAStar -dap"
	User time (seconds): 6.51
	System time (seconds): 0.62
	Percent of CPU this job got: 99%
	Elapsed (wall clock) time (h:mm:ss or m:ss): 0:07.16
	Average shared text size (kbytes): 0
	Average unshared data size (kbytes): 0
	Average stack size (kbytes): 0
	Average total size (kbytes): 0
	Maximum resident set size (kbytes): 1021244
	Average resident set size (kbytes): 0
	Major (requiring I/O) page faults: 0
	Minor (reclaiming a frame) page faults: 373479
	Voluntary context switches: 2072
	Involuntary context switches: 2476
	Swaps: 0
	File system inputs: 0
	File system outputs: 96
	Socket messages sent: 0
	Socket messages received: 0
	Signals delivered: 0
	Page size (bytes): 4096
	Exit status: 0
	Command being timed: "timeout 600 java -Xmx64g -jar ./enhsp3.jar -o ./domain_with_failure.pddl -f ./problems/BasePN-0And-add-1-d7/problem76.pddl -h blind -s WAStar -dap"
	User time (seconds): 6.99
	System time (seconds): 0.59
	Percent of CPU this job got: 99%
	Elapsed (wall clock) time (h:mm:ss or m:ss): 0:07.61
	Average shared text size (kbytes): 0
	Average unshared data size (kbytes): 0
	Average stack size (kbytes): 0
	Average total size (kbytes): 0
	Maximum resident set size (kbytes): 1021992
	Average resident set size (kbytes): 0
	Major (requiring I/O) page faults: 0
	Minor (reclaiming a frame) page faults: 367311
	Voluntary context switches: 2043
	Involuntary context switches: 2586
	Swaps: 0
	File system inputs: 0
	File system outputs: 112
	Socket messages sent: 0
	Socket messages received: 0
	Signals delivered: 0
	Page size (bytes): 4096
	Exit status: 0
	Command being timed: "timeout 600 java -Xmx64g -jar ./enhsp3.jar -o ./domain_with_failure.pddl -f ./problems/BasePN-0And-add-1-d7/problem77.pddl -h blind -s WAStar -dap"
	User time (seconds): 7.23
	System time (seconds): 0.57
	Percent of CPU this job got: 99%
	Elapsed (wall clock) time (h:mm:ss or m:ss): 0:07.83
	Average shared text size (kbytes): 0
	Average unshared data size (kbytes): 0
	Average stack size (kbytes): 0
	Average total size (kbytes): 0
	Maximum resident set size (kbytes): 1025576
	Average resident set size (kbytes): 0
	Major (requiring I/O) page faults: 0
	Minor (reclaiming a frame) page faults: 375048
	Voluntary context switches: 2039
	Involuntary context switches: 2664
	Swaps: 0
	File system inputs: 0
	File system outputs: 88
	Socket messages sent: 0
	Socket messages received: 0
	Signals delivered: 0
	Page size (bytes): 4096
	Exit status: 0
	Command being timed: "timeout 600 java -Xmx64g -jar ./enhsp3.jar -o ./domain_with_failure.pddl -f ./problems/BasePN-0And-add-1-d7/problem78.pddl -h blind -s WAStar -dap"
	User time (seconds): 6.38
	System time (seconds): 0.60
	Percent of CPU this job got: 99%
	Elapsed (wall clock) time (h:mm:ss or m:ss): 0:07.02
	Average shared text size (kbytes): 0
	Average unshared data size (kbytes): 0
	Average stack size (kbytes): 0
	Average total size (kbytes): 0
	Maximum resident set size (kbytes): 1018948
	Average resident set size (kbytes): 0
	Major (requiring I/O) page faults: 0
	Minor (reclaiming a frame) page faults: 383761
	Voluntary context switches: 2088
	Involuntary context switches: 2391
	Swaps: 0
	File system inputs: 0
	File system outputs: 112
	Socket messages sent: 0
	Socket messages received: 0
	Signals delivered: 0
	Page size (bytes): 4096
	Exit status: 0
	Command being timed: "timeout 600 java -Xmx64g -jar ./enhsp3.jar -o ./domain_with_failure.pddl -f ./problems/BasePN-0And-add-1-d7/problem79.pddl -h blind -s WAStar -dap"
	User time (seconds): 7.05
	System time (seconds): 0.61
	Percent of CPU this job got: 99%
	Elapsed (wall clock) time (h:mm:ss or m:ss): 0:07.71
	Average shared text size (kbytes): 0
	Average unshared data size (kbytes): 0
	Average stack size (kbytes): 0
	Average total size (kbytes): 0
	Maximum resident set size (kbytes): 1023136
	Average resident set size (kbytes): 0
	Major (requiring I/O) page faults: 0
	Minor (reclaiming a frame) page faults: 376438
	Voluntary context switches: 1874
	Involuntary context switches: 2540
	Swaps: 0
	File system inputs: 0
	File system outputs: 96
	Socket messages sent: 0
	Socket messages received: 0
	Signals delivered: 0
	Page size (bytes): 4096
	Exit status: 0
	Command being timed: "timeout 600 java -Xmx64g -jar ./enhsp3.jar -o ./domain_with_failure.pddl -f ./problems/BasePN-0And-add-1-d7/problem80.pddl -h blind -s WAStar -dap"
	User time (seconds): 6.48
	System time (seconds): 0.60
	Percent of CPU this job got: 99%
	Elapsed (wall clock) time (h:mm:ss or m:ss): 0:07.12
	Average shared text size (kbytes): 0
	Average unshared data size (kbytes): 0
	Average stack size (kbytes): 0
	Average total size (kbytes): 0
	Maximum resident set size (kbytes): 1020308
	Average resident set size (kbytes): 0
	Major (requiring I/O) page faults: 0
	Minor (reclaiming a frame) page faults: 372055
	Voluntary context switches: 1910
	Involuntary context switches: 2401
	Swaps: 0
	File system inputs: 0
	File system outputs: 112
	Socket messages sent: 0
	Socket messages received: 0
	Signals delivered: 0
	Page size (bytes): 4096
	Exit status: 0
	Command being timed: "timeout 600 java -Xmx64g -jar ./enhsp3.jar -o ./domain_with_failure.pddl -f ./problems/BasePN-0And-add-1-d7/problem81.pddl -h blind -s WAStar -dap"
	User time (seconds): 6.72
	System time (seconds): 0.60
	Percent of CPU this job got: 99%
	Elapsed (wall clock) time (h:mm:ss or m:ss): 0:07.35
	Average shared text size (kbytes): 0
	Average unshared data size (kbytes): 0
	Average stack size (kbytes): 0
	Average total size (kbytes): 0
	Maximum resident set size (kbytes): 1024236
	Average resident set size (kbytes): 0
	Major (requiring I/O) page faults: 0
	Minor (reclaiming a frame) page faults: 375910
	Voluntary context switches: 1936
	Involuntary context switches: 2476
	Swaps: 0
	File system inputs: 0
	File system outputs: 88
	Socket messages sent: 0
	Socket messages received: 0
	Signals delivered: 0
	Page size (bytes): 4096
	Exit status: 0
	Command being timed: "timeout 600 java -Xmx64g -jar ./enhsp3.jar -o ./domain_with_failure.pddl -f ./problems/BasePN-0And-add-1-d7/problem82.pddl -h blind -s WAStar -dap"
	User time (seconds): 6.74
	System time (seconds): 0.63
	Percent of CPU this job got: 99%
	Elapsed (wall clock) time (h:mm:ss or m:ss): 0:07.42
	Average shared text size (kbytes): 0
	Average unshared data size (kbytes): 0
	Average stack size (kbytes): 0
	Average total size (kbytes): 0
	Maximum resident set size (kbytes): 1022488
	Average resident set size (kbytes): 0
	Major (requiring I/O) page faults: 0
	Minor (reclaiming a frame) page faults: 362652
	Voluntary context switches: 1770
	Involuntary context switches: 2421
	Swaps: 0
	File system inputs: 0
	File system outputs: 88
	Socket messages sent: 0
	Socket messages received: 0
	Signals delivered: 0
	Page size (bytes): 4096
	Exit status: 0
	Command being timed: "timeout 600 java -Xmx64g -jar ./enhsp3.jar -o ./domain_with_failure.pddl -f ./problems/BasePN-0And-add-1-d7/problem83.pddl -h blind -s WAStar -dap"
	User time (seconds): 6.62
	System time (seconds): 0.61
	Percent of CPU this job got: 99%
	Elapsed (wall clock) time (h:mm:ss or m:ss): 0:07.26
	Average shared text size (kbytes): 0
	Average unshared data size (kbytes): 0
	Average stack size (kbytes): 0
	Average total size (kbytes): 0
	Maximum resident set size (kbytes): 1019776
	Average resident set size (kbytes): 0
	Major (requiring I/O) page faults: 0
	Minor (reclaiming a frame) page faults: 373338
	Voluntary context switches: 2058
	Involuntary context switches: 2539
	Swaps: 0
	File system inputs: 0
	File system outputs: 104
	Socket messages sent: 0
	Socket messages received: 0
	Signals delivered: 0
	Page size (bytes): 4096
	Exit status: 0
	Command being timed: "timeout 600 java -Xmx64g -jar ./enhsp3.jar -o ./domain_with_failure.pddl -f ./problems/BasePN-0And-add-1-d7/problem84.pddl -h blind -s WAStar -dap"
	User time (seconds): 6.54
	System time (seconds): 0.64
	Percent of CPU this job got: 99%
	Elapsed (wall clock) time (h:mm:ss or m:ss): 0:07.21
	Average shared text size (kbytes): 0
	Average unshared data size (kbytes): 0
	Average stack size (kbytes): 0
	Average total size (kbytes): 0
	Maximum resident set size (kbytes): 1020712
	Average resident set size (kbytes): 0
	Major (requiring I/O) page faults: 0
	Minor (reclaiming a frame) page faults: 372225
	Voluntary context switches: 2039
	Involuntary context switches: 2487
	Swaps: 0
	File system inputs: 0
	File system outputs: 88
	Socket messages sent: 0
	Socket messages received: 0
	Signals delivered: 0
	Page size (bytes): 4096
	Exit status: 0
	Command being timed: "timeout 600 java -Xmx64g -jar ./enhsp3.jar -o ./domain_with_failure.pddl -f ./problems/BasePN-0And-add-1-d7/problem85.pddl -h blind -s WAStar -dap"
	User time (seconds): 6.79
	System time (seconds): 0.61
	Percent of CPU this job got: 99%
	Elapsed (wall clock) time (h:mm:ss or m:ss): 0:07.44
	Average shared text size (kbytes): 0
	Average unshared data size (kbytes): 0
	Average stack size (kbytes): 0
	Average total size (kbytes): 0
	Maximum resident set size (kbytes): 1028384
	Average resident set size (kbytes): 0
	Major (requiring I/O) page faults: 0
	Minor (reclaiming a frame) page faults: 376423
	Voluntary context switches: 1949
	Involuntary context switches: 2476
	Swaps: 0
	File system inputs: 0
	File system outputs: 112
	Socket messages sent: 0
	Socket messages received: 0
	Signals delivered: 0
	Page size (bytes): 4096
	Exit status: 0
	Command being timed: "timeout 600 java -Xmx64g -jar ./enhsp3.jar -o ./domain_with_failure.pddl -f ./problems/BasePN-0And-add-1-d7/problem86.pddl -h blind -s WAStar -dap"
	User time (seconds): 6.75
	System time (seconds): 0.59
	Percent of CPU this job got: 99%
	Elapsed (wall clock) time (h:mm:ss or m:ss): 0:07.38
	Average shared text size (kbytes): 0
	Average unshared data size (kbytes): 0
	Average stack size (kbytes): 0
	Average total size (kbytes): 0
	Maximum resident set size (kbytes): 1021780
	Average resident set size (kbytes): 0
	Major (requiring I/O) page faults: 0
	Minor (reclaiming a frame) page faults: 372411
	Voluntary context switches: 1888
	Involuntary context switches: 2452
	Swaps: 0
	File system inputs: 0
	File system outputs: 96
	Socket messages sent: 0
	Socket messages received: 0
	Signals delivered: 0
	Page size (bytes): 4096
	Exit status: 0
	Command being timed: "timeout 600 java -Xmx64g -jar ./enhsp3.jar -o ./domain_with_failure.pddl -f ./problems/BasePN-0And-add-1-d7/problem87.pddl -h blind -s WAStar -dap"
	User time (seconds): 6.77
	System time (seconds): 0.63
	Percent of CPU this job got: 99%
	Elapsed (wall clock) time (h:mm:ss or m:ss): 0:07.44
	Average shared text size (kbytes): 0
	Average unshared data size (kbytes): 0
	Average stack size (kbytes): 0
	Average total size (kbytes): 0
	Maximum resident set size (kbytes): 1027852
	Average resident set size (kbytes): 0
	Major (requiring I/O) page faults: 0
	Minor (reclaiming a frame) page faults: 373432
	Voluntary context switches: 1890
	Involuntary context switches: 2484
	Swaps: 0
	File system inputs: 0
	File system outputs: 112
	Socket messages sent: 0
	Socket messages received: 0
	Signals delivered: 0
	Page size (bytes): 4096
	Exit status: 0
	Command being timed: "timeout 600 java -Xmx64g -jar ./enhsp3.jar -o ./domain_with_failure.pddl -f ./problems/BasePN-0And-add-1-d7/problem88.pddl -h blind -s WAStar -dap"
	User time (seconds): 6.69
	System time (seconds): 0.62
	Percent of CPU this job got: 99%
	Elapsed (wall clock) time (h:mm:ss or m:ss): 0:07.33
	Average shared text size (kbytes): 0
	Average unshared data size (kbytes): 0
	Average stack size (kbytes): 0
	Average total size (kbytes): 0
	Maximum resident set size (kbytes): 1020380
	Average resident set size (kbytes): 0
	Major (requiring I/O) page faults: 0
	Minor (reclaiming a frame) page faults: 373753
	Voluntary context switches: 1838
	Involuntary context switches: 2427
	Swaps: 0
	File system inputs: 0
	File system outputs: 96
	Socket messages sent: 0
	Socket messages received: 0
	Signals delivered: 0
	Page size (bytes): 4096
	Exit status: 0
	Command being timed: "timeout 600 java -Xmx64g -jar ./enhsp3.jar -o ./domain_with_failure.pddl -f ./problems/BasePN-0And-add-1-d7/problem89.pddl -h blind -s WAStar -dap"
	User time (seconds): 6.76
	System time (seconds): 0.61
	Percent of CPU this job got: 99%
	Elapsed (wall clock) time (h:mm:ss or m:ss): 0:07.39
	Average shared text size (kbytes): 0
	Average unshared data size (kbytes): 0
	Average stack size (kbytes): 0
	Average total size (kbytes): 0
	Maximum resident set size (kbytes): 1025064
	Average resident set size (kbytes): 0
	Major (requiring I/O) page faults: 0
	Minor (reclaiming a frame) page faults: 362858
	Voluntary context switches: 2105
	Involuntary context switches: 2608
	Swaps: 0
	File system inputs: 0
	File system outputs: 112
	Socket messages sent: 0
	Socket messages received: 0
	Signals delivered: 0
	Page size (bytes): 4096
	Exit status: 0
	Command being timed: "timeout 600 java -Xmx64g -jar ./enhsp3.jar -o ./domain_with_failure.pddl -f ./problems/BasePN-0And-add-1-d7/problem90.pddl -h blind -s WAStar -dap"
	User time (seconds): 6.38
	System time (seconds): 0.60
	Percent of CPU this job got: 99%
	Elapsed (wall clock) time (h:mm:ss or m:ss): 0:07.00
	Average shared text size (kbytes): 0
	Average unshared data size (kbytes): 0
	Average stack size (kbytes): 0
	Average total size (kbytes): 0
	Maximum resident set size (kbytes): 1020912
	Average resident set size (kbytes): 0
	Major (requiring I/O) page faults: 0
	Minor (reclaiming a frame) page faults: 401093
	Voluntary context switches: 2170
	Involuntary context switches: 2434
	Swaps: 0
	File system inputs: 0
	File system outputs: 96
	Socket messages sent: 0
	Socket messages received: 0
	Signals delivered: 0
	Page size (bytes): 4096
	Exit status: 0
	Command being timed: "timeout 600 java -Xmx64g -jar ./enhsp3.jar -o ./domain_with_failure.pddl -f ./problems/BasePN-0And-add-1-d7/problem91.pddl -h blind -s WAStar -dap"
	User time (seconds): 6.98
	System time (seconds): 0.59
	Percent of CPU this job got: 99%
	Elapsed (wall clock) time (h:mm:ss or m:ss): 0:07.59
	Average shared text size (kbytes): 0
	Average unshared data size (kbytes): 0
	Average stack size (kbytes): 0
	Average total size (kbytes): 0
	Maximum resident set size (kbytes): 1028096
	Average resident set size (kbytes): 0
	Major (requiring I/O) page faults: 0
	Minor (reclaiming a frame) page faults: 378349
	Voluntary context switches: 2056
	Involuntary context switches: 2575
	Swaps: 0
	File system inputs: 0
	File system outputs: 88
	Socket messages sent: 0
	Socket messages received: 0
	Signals delivered: 0
	Page size (bytes): 4096
	Exit status: 0
	Command being timed: "timeout 600 java -Xmx64g -jar ./enhsp3.jar -o ./domain_with_failure.pddl -f ./problems/BasePN-0And-add-1-d7/problem92.pddl -h blind -s WAStar -dap"
	User time (seconds): 6.77
	System time (seconds): 0.59
	Percent of CPU this job got: 99%
	Elapsed (wall clock) time (h:mm:ss or m:ss): 0:07.38
	Average shared text size (kbytes): 0
	Average unshared data size (kbytes): 0
	Average stack size (kbytes): 0
	Average total size (kbytes): 0
	Maximum resident set size (kbytes): 1021304
	Average resident set size (kbytes): 0
	Major (requiring I/O) page faults: 0
	Minor (reclaiming a frame) page faults: 372137
	Voluntary context switches: 2127
	Involuntary context switches: 2584
	Swaps: 0
	File system inputs: 0
	File system outputs: 120
	Socket messages sent: 0
	Socket messages received: 0
	Signals delivered: 0
	Page size (bytes): 4096
	Exit status: 0
	Command being timed: "timeout 600 java -Xmx64g -jar ./enhsp3.jar -o ./domain_with_failure.pddl -f ./problems/BasePN-0And-add-1-d7/problem93.pddl -h blind -s WAStar -dap"
	User time (seconds): 6.95
	System time (seconds): 0.59
	Percent of CPU this job got: 99%
	Elapsed (wall clock) time (h:mm:ss or m:ss): 0:07.57
	Average shared text size (kbytes): 0
	Average unshared data size (kbytes): 0
	Average stack size (kbytes): 0
	Average total size (kbytes): 0
	Maximum resident set size (kbytes): 1027952
	Average resident set size (kbytes): 0
	Major (requiring I/O) page faults: 0
	Minor (reclaiming a frame) page faults: 376328
	Voluntary context switches: 2195
	Involuntary context switches: 2718
	Swaps: 0
	File system inputs: 0
	File system outputs: 96
	Socket messages sent: 0
	Socket messages received: 0
	Signals delivered: 0
	Page size (bytes): 4096
	Exit status: 0
	Command being timed: "timeout 600 java -Xmx64g -jar ./enhsp3.jar -o ./domain_with_failure.pddl -f ./problems/BasePN-0And-add-1-d7/problem94.pddl -h blind -s WAStar -dap"
	User time (seconds): 6.68
	System time (seconds): 0.61
	Percent of CPU this job got: 99%
	Elapsed (wall clock) time (h:mm:ss or m:ss): 0:07.32
	Average shared text size (kbytes): 0
	Average unshared data size (kbytes): 0
	Average stack size (kbytes): 0
	Average total size (kbytes): 0
	Maximum resident set size (kbytes): 1020460
	Average resident set size (kbytes): 0
	Major (requiring I/O) page faults: 0
	Minor (reclaiming a frame) page faults: 362212
	Voluntary context switches: 2165
	Involuntary context switches: 2548
	Swaps: 0
	File system inputs: 0
	File system outputs: 112
	Socket messages sent: 0
	Socket messages received: 0
	Signals delivered: 0
	Page size (bytes): 4096
	Exit status: 0
	Command being timed: "timeout 600 java -Xmx64g -jar ./enhsp3.jar -o ./domain_with_failure.pddl -f ./problems/BasePN-0And-add-1-d7/problem95.pddl -h blind -s WAStar -dap"
	User time (seconds): 6.68
	System time (seconds): 0.61
	Percent of CPU this job got: 99%
	Elapsed (wall clock) time (h:mm:ss or m:ss): 0:07.32
	Average shared text size (kbytes): 0
	Average unshared data size (kbytes): 0
	Average stack size (kbytes): 0
	Average total size (kbytes): 0
	Maximum resident set size (kbytes): 1027500
	Average resident set size (kbytes): 0
	Major (requiring I/O) page faults: 0
	Minor (reclaiming a frame) page faults: 357977
	Voluntary context switches: 2067
	Involuntary context switches: 2606
	Swaps: 0
	File system inputs: 0
	File system outputs: 88
	Socket messages sent: 0
	Socket messages received: 0
	Signals delivered: 0
	Page size (bytes): 4096
	Exit status: 0
	Command being timed: "timeout 600 java -Xmx64g -jar ./enhsp3.jar -o ./domain_with_failure.pddl -f ./problems/BasePN-0And-add-1-d7/problem96.pddl -h blind -s WAStar -dap"
	User time (seconds): 6.63
	System time (seconds): 0.63
	Percent of CPU this job got: 99%
	Elapsed (wall clock) time (h:mm:ss or m:ss): 0:07.29
	Average shared text size (kbytes): 0
	Average unshared data size (kbytes): 0
	Average stack size (kbytes): 0
	Average total size (kbytes): 0
	Maximum resident set size (kbytes): 1023192
	Average resident set size (kbytes): 0
	Major (requiring I/O) page faults: 0
	Minor (reclaiming a frame) page faults: 376120
	Voluntary context switches: 2207
	Involuntary context switches: 2532
	Swaps: 0
	File system inputs: 0
	File system outputs: 112
	Socket messages sent: 0
	Socket messages received: 0
	Signals delivered: 0
	Page size (bytes): 4096
	Exit status: 0
	Command being timed: "timeout 600 java -Xmx64g -jar ./enhsp3.jar -o ./domain_with_failure.pddl -f ./problems/BasePN-0And-add-1-d7/problem97.pddl -h blind -s WAStar -dap"
	User time (seconds): 6.58
	System time (seconds): 0.61
	Percent of CPU this job got: 99%
	Elapsed (wall clock) time (h:mm:ss or m:ss): 0:07.23
	Average shared text size (kbytes): 0
	Average unshared data size (kbytes): 0
	Average stack size (kbytes): 0
	Average total size (kbytes): 0
	Maximum resident set size (kbytes): 1026604
	Average resident set size (kbytes): 0
	Major (requiring I/O) page faults: 0
	Minor (reclaiming a frame) page faults: 365624
	Voluntary context switches: 1869
	Involuntary context switches: 2352
	Swaps: 0
	File system inputs: 0
	File system outputs: 104
	Socket messages sent: 0
	Socket messages received: 0
	Signals delivered: 0
	Page size (bytes): 4096
	Exit status: 0
	Command being timed: "timeout 600 java -Xmx64g -jar ./enhsp3.jar -o ./domain_with_failure.pddl -f ./problems/BasePN-0And-add-1-d7/problem98.pddl -h blind -s WAStar -dap"
	User time (seconds): 6.81
	System time (seconds): 0.63
	Percent of CPU this job got: 99%
	Elapsed (wall clock) time (h:mm:ss or m:ss): 0:07.47
	Average shared text size (kbytes): 0
	Average unshared data size (kbytes): 0
	Average stack size (kbytes): 0
	Average total size (kbytes): 0
	Maximum resident set size (kbytes): 1027008
	Average resident set size (kbytes): 0
	Major (requiring I/O) page faults: 0
	Minor (reclaiming a frame) page faults: 369404
	Voluntary context switches: 2047
	Involuntary context switches: 2537
	Swaps: 0
	File system inputs: 0
	File system outputs: 88
	Socket messages sent: 0
	Socket messages received: 0
	Signals delivered: 0
	Page size (bytes): 4096
	Exit status: 0
	Command being timed: "timeout 600 java -Xmx64g -jar ./enhsp3.jar -o ./domain_with_failure.pddl -f ./problems/BasePN-0And-add-1-d7/problem99.pddl -h blind -s WAStar -dap"
	User time (seconds): 6.66
	System time (seconds): 0.61
	Percent of CPU this job got: 99%
	Elapsed (wall clock) time (h:mm:ss or m:ss): 0:07.29
	Average shared text size (kbytes): 0
	Average unshared data size (kbytes): 0
	Average stack size (kbytes): 0
	Average total size (kbytes): 0
	Maximum resident set size (kbytes): 1028876
	Average resident set size (kbytes): 0
	Major (requiring I/O) page faults: 0
	Minor (reclaiming a frame) page faults: 365856
	Voluntary context switches: 1941
	Involuntary context switches: 2460
	Swaps: 0
	File system inputs: 0
	File system outputs: 88
	Socket messages sent: 0
	Socket messages received: 0
	Signals delivered: 0
	Page size (bytes): 4096
	Exit status: 0
	Command being timed: "timeout 600 java -Xmx64g -jar ./enhsp3.jar -o ./domain_with_failure.pddl -f ./problems/BasePN-0And-add-1-d7/problem100.pddl -h blind -s WAStar -dap"
	User time (seconds): 6.48
	System time (seconds): 0.58
	Percent of CPU this job got: 99%
	Elapsed (wall clock) time (h:mm:ss or m:ss): 0:07.08
	Average shared text size (kbytes): 0
	Average unshared data size (kbytes): 0
	Average stack size (kbytes): 0
	Average total size (kbytes): 0
	Maximum resident set size (kbytes): 1015572
	Average resident set size (kbytes): 0
	Major (requiring I/O) page faults: 0
	Minor (reclaiming a frame) page faults: 361161
	Voluntary context switches: 1936
	Involuntary context switches: 2412
	Swaps: 0
	File system inputs: 0
	File system outputs: 96
	Socket messages sent: 0
	Socket messages received: 0
	Signals delivered: 0
	Page size (bytes): 4096
	Exit status: 0
