/usr/bin/time -v timeout 600 java -Xmx64g -jar ./enhsp3.jar -o ./domain_with_failure.pddl -f ./problems/BasePN-1And-del-3-d1/problem1.pddl -h blind -s WAStar
Domain parsed
Problem parsed
Grounding..
Grounding Time: 1137
UFX:true
|F|:4027
|X|:3
|A|:191
|P|:0
|E|:0
h(I):0.0
f(n) = 2.0 (Expanded Nodes: 4, Evaluated States: 8, Time: 0.019) Frontier Size: 4
f(n) = 4.0 (Expanded Nodes: 15, Evaluated States: 26, Time: 0.063) Frontier Size: 11
f(n) = 6.0 (Expanded Nodes: 49, Evaluated States: 76, Time: 0.071) Frontier Size: 27
Problem Solved

Found Plan:
0.0: (validate_payload t0 a7 t1)
1.0: (sync_actions a7)
2.0: (add_action a10)
3.0: (check_added_variables_model a10)
4.0: (move_in_model_move_automata a10)
5.0: (add_action a12)
6.0: (check_added_variables_model a12)
7.0: (move_in_model_move_automata a12)
8.0: (validate_payload t1 a11 t2)
9.0: (sync_actions a11)
10.0: (validate_payload t2 a8 t3)
11.0: (sync_actions a8)
12.0: (validate_payload t3 a1 t4)
13.0: (sync_actions a1)
14.0: (validate_payload t4 a0 t5)
15.0: (sync_actions a0)
16.0: (validate_payload t5 a2 t6)
17.0: (sync_actions a2)
18.0: (add_action a9)
19.0: (check_added_variables_model a9)
20.0: (move_in_model_move_automata a9)

Plan-Length:21
Metric (Search):6.0
Planning Time (msec): 82
Heuristic Time (msec): 7
Search Time (msec): 76
Expanded Nodes:54
States Evaluated:81
Number of Dead-Ends detected:0
Number of Duplicates detected:8
/usr/bin/time -v timeout 600 java -Xmx64g -jar ./enhsp3.jar -o ./domain_with_failure.pddl -f ./problems/BasePN-1And-del-3-d1/problem2.pddl -h blind -s WAStar
Domain parsed
Problem parsed
Grounding..
Grounding Time: 1055
UFX:true
|F|:4027
|X|:3
|A|:191
|P|:0
|E|:0
h(I):0.0
f(n) = 1.0 (Expanded Nodes: 6, Evaluated States: 17, Time: 0.025) Frontier Size: 11
f(n) = 2.0 (Expanded Nodes: 18, Evaluated States: 35, Time: 0.057) Frontier Size: 17
f(n) = 3.0 (Expanded Nodes: 39, Evaluated States: 88, Time: 0.068) Frontier Size: 49
f(n) = 4.0 (Expanded Nodes: 97, Evaluated States: 170, Time: 0.078) Frontier Size: 73
f(n) = 5.0 (Expanded Nodes: 167, Evaluated States: 274, Time: 0.095) Frontier Size: 107
f(n) = 6.0 (Expanded Nodes: 313, Evaluated States: 498, Time: 0.118) Frontier Size: 185
f(n) = 7.0 (Expanded Nodes: 492, Evaluated States: 748, Time: 0.136) Frontier Size: 256
Problem Solved

Found Plan:
0.0: (validate_payload t0 a7 t1)
1.0: (sync_actions a7)
2.0: (validate_payload t1 a10 t2)
3.0: (sync_actions a10)
4.0: (add_action a12)
5.0: (check_added_variables_model a12)
6.0: (move_in_model_move_automata a12)
7.0: (validate_payload t2 a11 t3)
8.0: (sync_actions a11)
9.0: (validate_payload t3 a8 t4)
10.0: (sync_actions a8)
11.0: (add_action a1)
12.0: (move_in_model_parameter a1 sDEC1_2 integer v0)
13.0: (check_added_variables_model a1)
14.0: (move_in_model_move_automata a1)
15.0: (add_action a0)
16.0: (check_added_variables_model a0)
17.0: (move_in_model_move_automata a0)
18.0: (validate_payload t4 a2 t5)
19.0: (sync_actions a2)
20.0: (validate_payload t5 a9 t6)
21.0: (sync_actions a9)

Plan-Length:22
Metric (Search):7.0
Planning Time (msec): 148
Heuristic Time (msec): 5
Search Time (msec): 145
Expanded Nodes:591
States Evaluated:902
Number of Dead-Ends detected:0
Number of Duplicates detected:85
/usr/bin/time -v timeout 600 java -Xmx64g -jar ./enhsp3.jar -o ./domain_with_failure.pddl -f ./problems/BasePN-1And-del-3-d1/problem3.pddl -h blind -s WAStar
Domain parsed
Problem parsed
Grounding..
Grounding Time: 1268
UFX:true
|F|:4027
|X|:4
|A|:191
|P|:0
|E|:0
h(I):0.0
f(n) = 1.0 (Expanded Nodes: 2, Evaluated States: 7, Time: 0.018) Frontier Size: 5
f(n) = 2.0 (Expanded Nodes: 6, Evaluated States: 7, Time: 0.051) Frontier Size: 1
f(n) = 3.0 (Expanded Nodes: 12, Evaluated States: 23, Time: 0.064) Frontier Size: 11
f(n) = 4.0 (Expanded Nodes: 24, Evaluated States: 41, Time: 0.066) Frontier Size: 17
f(n) = 5.0 (Expanded Nodes: 40, Evaluated States: 77, Time: 0.074) Frontier Size: 37
f(n) = 6.0 (Expanded Nodes: 78, Evaluated States: 121, Time: 0.084) Frontier Size: 43
Problem Solved

Found Plan:
0.0: (add_action a7)
1.0: (check_added_variables_model a7)
2.0: (move_in_model_move_automata a7)
3.0: (validate_payload t0 a10 t1)
4.0: (sync_actions a10)
5.0: (add_action a12)
6.0: (check_added_variables_model a12)
7.0: (move_in_model_move_automata a12)
8.0: (add_action a11)
9.0: (check_added_variables_model a11)
10.0: (move_in_model_move_automata a11)
11.0: (validate_payload t1 a8 t2)
12.0: (sync_actions a8)
13.0: (validate_payload t2 a0 t3)
14.0: (sync_actions a0)
15.0: (validate_payload t3 a1 t4)
16.0: (sync_actions a1)
17.0: (validate_payload t4 a2 t5)
18.0: (sync_actions a2)
19.0: (validate_payload t5 a9 t6)
20.0: (sync_actions a9)

Plan-Length:21
Metric (Search):6.0
Planning Time (msec): 102
Heuristic Time (msec): 5
Search Time (msec): 99
Expanded Nodes:138
States Evaluated:214
Number of Dead-Ends detected:0
Number of Duplicates detected:6
/usr/bin/time -v timeout 600 java -Xmx64g -jar ./enhsp3.jar -o ./domain_with_failure.pddl -f ./problems/BasePN-1And-del-3-d1/problem4.pddl -h blind -s WAStar
Domain parsed
Problem parsed
Grounding..
Grounding Time: 1069
UFX:true
|F|:4027
|X|:2
|A|:191
|P|:0
|E|:0
h(I):0.0
f(n) = 2.0 (Expanded Nodes: 2, Evaluated States: 3, Time: 0.018) Frontier Size: 1
f(n) = 4.0 (Expanded Nodes: 16, Evaluated States: 31, Time: 0.057) Frontier Size: 15
f(n) = 6.0 (Expanded Nodes: 52, Evaluated States: 81, Time: 0.073) Frontier Size: 29
Problem Solved

Found Plan:
0.0: (add_action a7)
1.0: (check_added_variables_model a7)
2.0: (move_in_model_move_automata a7)
3.0: (validate_payload t0 a10 t1)
4.0: (sync_actions a10)
5.0: (validate_payload t1 a12 t2)
6.0: (sync_actions a12)
7.0: (validate_payload t2 a11 t3)
8.0: (sync_actions a11)
9.0: (validate_payload t3 a8 t4)
10.0: (sync_actions a8)
11.0: (validate_payload t4 a0 t5)
12.0: (sync_actions a0)
13.0: (add_action a1)
14.0: (check_added_variables_model a1)
15.0: (move_in_model_move_automata a1)
16.0: (validate_payload t5 a2 t6)
17.0: (sync_actions a2)
18.0: (add_action a9)
19.0: (check_added_variables_model a9)
20.0: (move_in_model_move_automata a9)

Plan-Length:21
Metric (Search):6.0
Planning Time (msec): 79
Heuristic Time (msec): 9
Search Time (msec): 74
Expanded Nodes:57
States Evaluated:86
Number of Dead-Ends detected:0
Number of Duplicates detected:8
/usr/bin/time -v timeout 600 java -Xmx64g -jar ./enhsp3.jar -o ./domain_with_failure.pddl -f ./problems/BasePN-1And-del-3-d1/problem5.pddl -h blind -s WAStar
Domain parsed
Problem parsed
Grounding..
Grounding Time: 1206
UFX:true
|F|:4027
|X|:2
|A|:191
|P|:0
|E|:0
h(I):0.0
f(n) = 2.0 (Expanded Nodes: 4, Evaluated States: 8, Time: 0.026) Frontier Size: 4
f(n) = 4.0 (Expanded Nodes: 21, Evaluated States: 39, Time: 0.066) Frontier Size: 18
f(n) = 6.0 (Expanded Nodes: 62, Evaluated States: 94, Time: 0.077) Frontier Size: 32
Problem Solved

Found Plan:
0.0: (validate_payload t0 a7 t1)
1.0: (sync_actions a7)
2.0: (add_action a10)
3.0: (check_added_variables_model a10)
4.0: (move_in_model_move_automata a10)
5.0: (validate_payload t1 a12 t2)
6.0: (sync_actions a12)
7.0: (validate_payload t2 a11 t3)
8.0: (sync_actions a11)
9.0: (validate_payload t3 a8 t4)
10.0: (sync_actions a8)
11.0: (add_action a0)
12.0: (check_added_variables_model a0)
13.0: (move_in_model_move_automata a0)
14.0: (add_action a1)
15.0: (check_added_variables_model a1)
16.0: (move_in_model_move_automata a1)
17.0: (validate_payload t4 a2 t5)
18.0: (sync_actions a2)
19.0: (validate_payload t5 a9 t6)
20.0: (sync_actions a9)

Plan-Length:21
Metric (Search):6.0
Planning Time (msec): 101
Heuristic Time (msec): 5
Search Time (msec): 89
Expanded Nodes:114
States Evaluated:152
Number of Dead-Ends detected:0
Number of Duplicates detected:25
/usr/bin/time -v timeout 600 java -Xmx64g -jar ./enhsp3.jar -o ./domain_with_failure.pddl -f ./problems/BasePN-1And-del-3-d1/problem6.pddl -h blind -s WAStar
Domain parsed
Problem parsed
Grounding..
Grounding Time: 1104
UFX:true
|F|:4027
|X|:3
|A|:191
|P|:0
|E|:0
h(I):0.0
f(n) = 1.0 (Expanded Nodes: 6, Evaluated States: 16, Time: 0.024) Frontier Size: 10
f(n) = 2.0 (Expanded Nodes: 18, Evaluated States: 34, Time: 0.061) Frontier Size: 16
f(n) = 3.0 (Expanded Nodes: 35, Evaluated States: 73, Time: 0.074) Frontier Size: 38
f(n) = 4.0 (Expanded Nodes: 75, Evaluated States: 129, Time: 0.084) Frontier Size: 54
f(n) = 5.0 (Expanded Nodes: 135, Evaluated States: 201, Time: 0.107) Frontier Size: 66
f(n) = 6.0 (Expanded Nodes: 227, Evaluated States: 351, Time: 0.117) Frontier Size: 124
Problem Solved

Found Plan:
0.0: (validate_payload t0 a7 t1)
1.0: (sync_actions a7)
2.0: (validate_payload t1 a10 t2)
3.0: (sync_actions a10)
4.0: (add_action a12)
5.0: (check_added_variables_model a12)
6.0: (move_in_model_move_automata a12)
7.0: (validate_payload t2 a11 t3)
8.0: (sync_actions a11)
9.0: (add_action a8)
10.0: (check_added_variables_model a8)
11.0: (move_in_model_move_automata a8)
12.0: (validate_payload t3 a0 t4)
13.0: (sync_actions a0)
14.0: (validate_payload t4 a1 t5)
15.0: (sync_actions a1)
16.0: (validate_payload t5 a2 t6)
17.0: (sync_actions a2)
18.0: (add_action a9)
19.0: (check_added_variables_model a9)
20.0: (move_in_model_move_automata a9)

Plan-Length:21
Metric (Search):6.0
Planning Time (msec): 131
Heuristic Time (msec): 5
Search Time (msec): 128
Expanded Nodes:280
States Evaluated:410
Number of Dead-Ends detected:0
Number of Duplicates detected:27
/usr/bin/time -v timeout 600 java -Xmx64g -jar ./enhsp3.jar -o ./domain_with_failure.pddl -f ./problems/BasePN-1And-del-3-d1/problem7.pddl -h blind -s WAStar
Domain parsed
Problem parsed
Grounding..
Grounding Time: 1075
UFX:true
|F|:4027
|X|:3
|A|:191
|P|:0
|E|:0
h(I):0.0
f(n) = 1.0 (Expanded Nodes: 6, Evaluated States: 17, Time: 0.024) Frontier Size: 11
f(n) = 2.0 (Expanded Nodes: 18, Evaluated States: 35, Time: 0.055) Frontier Size: 17
f(n) = 3.0 (Expanded Nodes: 35, Evaluated States: 78, Time: 0.071) Frontier Size: 43
f(n) = 4.0 (Expanded Nodes: 77, Evaluated States: 122, Time: 0.08) Frontier Size: 45
f(n) = 5.0 (Expanded Nodes: 136, Evaluated States: 202, Time: 0.092) Frontier Size: 66
f(n) = 6.0 (Expanded Nodes: 214, Evaluated States: 310, Time: 0.101) Frontier Size: 96
f(n) = 7.0 (Expanded Nodes: 313, Evaluated States: 432, Time: 0.13) Frontier Size: 119
Problem Solved

Found Plan:
0.0: (validate_payload t0 a7 t1)
1.0: (sync_actions a7)
2.0: (change_value a10 integer v5)
3.0: (validate_payload t1 a10 t2)
4.0: (sync_actions a10)
5.0: (add_action a12)
6.0: (check_added_variables_model a12)
7.0: (move_in_model_move_automata a12)
8.0: (add_action a11)
9.0: (check_added_variables_model a11)
10.0: (move_in_model_move_automata a11)
11.0: (validate_payload t2 a8 t3)
12.0: (sync_actions a8)
13.0: (validate_payload t3 a0 t4)
14.0: (sync_actions a0)
15.0: (add_action a1)
16.0: (check_added_variables_model a1)
17.0: (move_in_model_move_automata a1)
18.0: (validate_payload t4 a2 t5)
19.0: (sync_actions a2)
20.0: (validate_payload t5 a9 t6)
21.0: (sync_actions a9)

Plan-Length:22
Metric (Search):7.0
Planning Time (msec): 142
Heuristic Time (msec): 6
Search Time (msec): 135
Expanded Nodes:413
States Evaluated:602
Number of Dead-Ends detected:0
Number of Duplicates detected:52
/usr/bin/time -v timeout 600 java -Xmx64g -jar ./enhsp3.jar -o ./domain_with_failure.pddl -f ./problems/BasePN-1And-del-3-d1/problem8.pddl -h blind -s WAStar
Domain parsed
Problem parsed
Grounding..
Grounding Time: 1216
UFX:true
|F|:4027
|X|:4
|A|:191
|P|:0
|E|:0
h(I):0.0
f(n) = 1.0 (Expanded Nodes: 10, Evaluated States: 28, Time: 0.033) Frontier Size: 18
f(n) = 2.0 (Expanded Nodes: 44, Evaluated States: 82, Time: 0.073) Frontier Size: 38
f(n) = 3.0 (Expanded Nodes: 89, Evaluated States: 159, Time: 0.088) Frontier Size: 70
f(n) = 4.0 (Expanded Nodes: 181, Evaluated States: 271, Time: 0.099) Frontier Size: 90
f(n) = 5.0 (Expanded Nodes: 306, Evaluated States: 408, Time: 0.116) Frontier Size: 102
f(n) = 6.0 (Expanded Nodes: 468, Evaluated States: 648, Time: 0.128) Frontier Size: 180
Problem Solved

Found Plan:
0.0: (validate_payload t0 a7 t1)
1.0: (sync_actions a7)
2.0: (validate_payload t1 a10 t2)
3.0: (sync_actions a10)
4.0: (validate_payload t2 a12 t3)
5.0: (sync_actions a12)
6.0: (add_action a11)
7.0: (check_added_variables_model a11)
8.0: (move_in_model_move_automata a11)
9.0: (add_action a8)
10.0: (check_added_variables_model a8)
11.0: (move_in_model_move_automata a8)
12.0: (validate_payload t3 a1 t4)
13.0: (sync_actions a1)
14.0: (validate_payload t4 a0 t5)
15.0: (sync_actions a0)
16.0: (validate_payload t5 a2 t6)
17.0: (sync_actions a2)
18.0: (add_action a9)
19.0: (check_added_variables_model a9)
20.0: (move_in_model_move_automata a9)

Plan-Length:21
Metric (Search):6.0
Planning Time (msec): 140
Heuristic Time (msec): 8
Search Time (msec): 133
Expanded Nodes:499
States Evaluated:682
Number of Dead-Ends detected:0
Number of Duplicates detected:58
/usr/bin/time -v timeout 600 java -Xmx64g -jar ./enhsp3.jar -o ./domain_with_failure.pddl -f ./problems/BasePN-1And-del-3-d1/problem9.pddl -h blind -s WAStar
Domain parsed
Problem parsed
Grounding..
Grounding Time: 1170
UFX:true
|F|:4027
|X|:4
|A|:191
|P|:0
|E|:0
h(I):0.0
f(n) = 1.0 (Expanded Nodes: 2, Evaluated States: 7, Time: 0.018) Frontier Size: 5
f(n) = 2.0 (Expanded Nodes: 6, Evaluated States: 7, Time: 0.073) Frontier Size: 1
f(n) = 3.0 (Expanded Nodes: 16, Evaluated States: 33, Time: 0.082) Frontier Size: 17
f(n) = 4.0 (Expanded Nodes: 44, Evaluated States: 87, Time: 0.089) Frontier Size: 43
f(n) = 5.0 (Expanded Nodes: 80, Evaluated States: 168, Time: 0.106) Frontier Size: 88
f(n) = 6.0 (Expanded Nodes: 236, Evaluated States: 396, Time: 0.134) Frontier Size: 160
Problem Solved

Found Plan:
0.0: (add_action a7)
1.0: (check_added_variables_model a7)
2.0: (move_in_model_move_automata a7)
3.0: (validate_payload t0 a10 t1)
4.0: (sync_actions a10)
5.0: (validate_payload t1 a12 t2)
6.0: (sync_actions a12)
7.0: (validate_payload t2 a11 t3)
8.0: (sync_actions a11)
9.0: (add_action a8)
10.0: (check_added_variables_model a8)
11.0: (move_in_model_move_automata a8)
12.0: (validate_payload t3 a0 t4)
13.0: (sync_actions a0)
14.0: (validate_payload t4 a1 t5)
15.0: (sync_actions a1)
16.0: (validate_payload t5 a2 t6)
17.0: (sync_actions a2)
18.0: (add_action a9)
19.0: (check_added_variables_model a9)
20.0: (move_in_model_move_automata a9)

Plan-Length:21
Metric (Search):6.0
Planning Time (msec): 143
Heuristic Time (msec): 7
Search Time (msec): 136
Expanded Nodes:258
States Evaluated:439
Number of Dead-Ends detected:0
Number of Duplicates detected:11
/usr/bin/time -v timeout 600 java -Xmx64g -jar ./enhsp3.jar -o ./domain_with_failure.pddl -f ./problems/BasePN-1And-del-3-d1/problem10.pddl -h blind -s WAStar
Domain parsed
Problem parsed
Grounding..
Grounding Time: 1143
UFX:true
|F|:4027
|X|:3
|A|:191
|P|:0
|E|:0
h(I):0.0
f(n) = 1.0 (Expanded Nodes: 6, Evaluated States: 17, Time: 0.015) Frontier Size: 11
f(n) = 2.0 (Expanded Nodes: 18, Evaluated States: 35, Time: 0.069) Frontier Size: 17
f(n) = 3.0 (Expanded Nodes: 39, Evaluated States: 88, Time: 0.084) Frontier Size: 49
f(n) = 4.0 (Expanded Nodes: 97, Evaluated States: 170, Time: 0.094) Frontier Size: 73
f(n) = 5.0 (Expanded Nodes: 171, Evaluated States: 281, Time: 0.11) Frontier Size: 110
f(n) = 6.0 (Expanded Nodes: 341, Evaluated States: 545, Time: 0.13) Frontier Size: 204
f(n) = 7.0 (Expanded Nodes: 543, Evaluated States: 835, Time: 0.157) Frontier Size: 292
Problem Solved

Found Plan:
0.0: (validate_payload t0 a7 t1)
1.0: (sync_actions a7)
2.0: (validate_payload t1 a10 t2)
3.0: (sync_actions a10)
4.0: (add_action a12)
5.0: (check_added_variables_model a12)
6.0: (move_in_model_move_automata a12)
7.0: (validate_payload t2 a11 t3)
8.0: (sync_actions a11)
9.0: (validate_payload t3 a8 t4)
10.0: (sync_actions a8)
11.0: (add_action a1)
12.0: (move_in_model_parameter a1 sDEC1_2 integer v5)
13.0: (check_added_variables_model a1)
14.0: (move_in_model_move_automata a1)
15.0: (validate_payload t4 a2 t5)
16.0: (sync_actions a2)
17.0: (validate_payload t5 a0 t6)
18.0: (sync_actions a0)
19.0: (add_action a9)
20.0: (check_added_variables_model a9)
21.0: (move_in_model_move_automata a9)

Plan-Length:22
Metric (Search):7.0
Planning Time (msec): 165
Heuristic Time (msec): 2
Search Time (msec): 163
Expanded Nodes:629
States Evaluated:959
Number of Dead-Ends detected:0
Number of Duplicates detected:82
/usr/bin/time -v timeout 600 java -Xmx64g -jar ./enhsp3.jar -o ./domain_with_failure.pddl -f ./problems/BasePN-1And-del-3-d1/problem11.pddl -h blind -s WAStar
Domain parsed
Problem parsed
Grounding..
Grounding Time: 1080
UFX:true
|F|:4027
|X|:3
|A|:191
|P|:0
|E|:0
h(I):0.0
f(n) = 1.0 (Expanded Nodes: 6, Evaluated States: 16, Time: 0.014) Frontier Size: 10
f(n) = 2.0 (Expanded Nodes: 18, Evaluated States: 34, Time: 0.053) Frontier Size: 16
f(n) = 3.0 (Expanded Nodes: 35, Evaluated States: 73, Time: 0.064) Frontier Size: 38
f(n) = 4.0 (Expanded Nodes: 75, Evaluated States: 129, Time: 0.073) Frontier Size: 54
f(n) = 5.0 (Expanded Nodes: 129, Evaluated States: 190, Time: 0.084) Frontier Size: 61
f(n) = 6.0 (Expanded Nodes: 193, Evaluated States: 288, Time: 0.095) Frontier Size: 95
Problem Solved

Found Plan:
0.0: (validate_payload t0 a7 t1)
1.0: (sync_actions a7)
2.0: (validate_payload t1 a10 t2)
3.0: (sync_actions a10)
4.0: (add_action a12)
5.0: (check_added_variables_model a12)
6.0: (move_in_model_move_automata a12)
7.0: (validate_payload t2 a11 t3)
8.0: (sync_actions a11)
9.0: (add_action a8)
10.0: (check_added_variables_model a8)
11.0: (move_in_model_move_automata a8)
12.0: (add_action a1)
13.0: (check_added_variables_model a1)
14.0: (move_in_model_move_automata a1)
15.0: (validate_payload t3 a2 t4)
16.0: (sync_actions a2)
17.0: (validate_payload t4 a0 t5)
18.0: (sync_actions a0)
19.0: (validate_payload t5 a9 t6)
20.0: (sync_actions a9)

Plan-Length:21
Metric (Search):6.0
Planning Time (msec): 110
Heuristic Time (msec): 2
Search Time (msec): 103
Expanded Nodes:271
States Evaluated:359
Number of Dead-Ends detected:0
Number of Duplicates detected:30
/usr/bin/time -v timeout 600 java -Xmx64g -jar ./enhsp3.jar -o ./domain_with_failure.pddl -f ./problems/BasePN-1And-del-3-d1/problem12.pddl -h blind -s WAStar
Domain parsed
Problem parsed
Grounding..
Grounding Time: 1093
UFX:true
|F|:4027
|X|:2
|A|:191
|P|:0
|E|:0
h(I):0.0
f(n) = 2.0 (Expanded Nodes: 2, Evaluated States: 3, Time: 0.017) Frontier Size: 1
f(n) = 4.0 (Expanded Nodes: 12, Evaluated States: 22, Time: 0.058) Frontier Size: 10
f(n) = 6.0 (Expanded Nodes: 34, Evaluated States: 53, Time: 0.067) Frontier Size: 19
Problem Solved

Found Plan:
0.0: (add_action a7)
1.0: (check_added_variables_model a7)
2.0: (move_in_model_move_automata a7)
3.0: (validate_payload t0 a10 t1)
4.0: (sync_actions a10)
5.0: (validate_payload t1 a12 t2)
6.0: (sync_actions a12)
7.0: (validate_payload t2 a11 t3)
8.0: (sync_actions a11)
9.0: (add_action a8)
10.0: (check_added_variables_model a8)
11.0: (move_in_model_move_automata a8)
12.0: (add_action a1)
13.0: (check_added_variables_model a1)
14.0: (move_in_model_move_automata a1)
15.0: (validate_payload t3 a2 t4)
16.0: (sync_actions a2)
17.0: (validate_payload t4 a0 t5)
18.0: (sync_actions a0)
19.0: (validate_payload t5 a9 t6)
20.0: (sync_actions a9)

Plan-Length:21
Metric (Search):6.0
Planning Time (msec): 80
Heuristic Time (msec): 7
Search Time (msec): 74
Expanded Nodes:63
States Evaluated:94
Number of Dead-Ends detected:0
Number of Duplicates detected:9
/usr/bin/time -v timeout 600 java -Xmx64g -jar ./enhsp3.jar -o ./domain_with_failure.pddl -f ./problems/BasePN-1And-del-3-d1/problem13.pddl -h blind -s WAStar
Domain parsed
Problem parsed
Grounding..
Grounding Time: 1152
UFX:true
|F|:4027
|X|:4
|A|:191
|P|:0
|E|:0
h(I):0.0
f(n) = 1.0 (Expanded Nodes: 2, Evaluated States: 7, Time: 0.023) Frontier Size: 5
f(n) = 2.0 (Expanded Nodes: 6, Evaluated States: 7, Time: 0.064) Frontier Size: 1
f(n) = 3.0 (Expanded Nodes: 12, Evaluated States: 23, Time: 0.071) Frontier Size: 11
f(n) = 4.0 (Expanded Nodes: 24, Evaluated States: 41, Time: 0.078) Frontier Size: 17
f(n) = 5.0 (Expanded Nodes: 48, Evaluated States: 99, Time: 0.088) Frontier Size: 51
f(n) = 6.0 (Expanded Nodes: 130, Evaluated States: 239, Time: 0.109) Frontier Size: 109
Problem Solved

Found Plan:
0.0: (add_action a7)
1.0: (check_added_variables_model a7)
2.0: (move_in_model_move_automata a7)
3.0: (validate_payload t0 a10 t1)
4.0: (sync_actions a10)
5.0: (add_action a12)
6.0: (check_added_variables_model a12)
7.0: (move_in_model_move_automata a12)
8.0: (validate_payload t1 a11 t2)
9.0: (sync_actions a11)
10.0: (validate_payload t2 a8 t3)
11.0: (sync_actions a8)
12.0: (validate_payload t3 a0 t4)
13.0: (sync_actions a0)
14.0: (validate_payload t4 a1 t5)
15.0: (sync_actions a1)
16.0: (add_action a2)
17.0: (check_added_variables_model a2)
18.0: (move_in_model_move_automata a2)
19.0: (validate_payload t5 a9 t6)
20.0: (sync_actions a9)

Plan-Length:21
Metric (Search):6.0
Planning Time (msec): 124
Heuristic Time (msec): 11
Search Time (msec): 121
Expanded Nodes:186
States Evaluated:339
Number of Dead-Ends detected:0
Number of Duplicates detected:7
/usr/bin/time -v timeout 600 java -Xmx64g -jar ./enhsp3.jar -o ./domain_with_failure.pddl -f ./problems/BasePN-1And-del-3-d1/problem14.pddl -h blind -s WAStar
Domain parsed
Problem parsed
Grounding..
Grounding Time: 1153
UFX:true
|F|:4027
|X|:4
|A|:191
|P|:0
|E|:0
h(I):0.0
f(n) = 1.0 (Expanded Nodes: 8, Evaluated States: 20, Time: 0.019) Frontier Size: 12
f(n) = 2.0 (Expanded Nodes: 30, Evaluated States: 66, Time: 0.055) Frontier Size: 36
f(n) = 3.0 (Expanded Nodes: 69, Evaluated States: 118, Time: 0.068) Frontier Size: 49
f(n) = 4.0 (Expanded Nodes: 125, Evaluated States: 210, Time: 0.078) Frontier Size: 85
f(n) = 5.0 (Expanded Nodes: 237, Evaluated States: 309, Time: 0.104) Frontier Size: 72
f(n) = 6.0 (Expanded Nodes: 329, Evaluated States: 469, Time: 0.116) Frontier Size: 140
Problem Solved

Found Plan:
0.0: (validate_payload t0 a7 t1)
1.0: (sync_actions a7)
2.0: (validate_payload t1 a10 t2)
3.0: (sync_actions a10)
4.0: (validate_payload t2 a12 t3)
5.0: (sync_actions a12)
6.0: (add_action a11)
7.0: (check_added_variables_model a11)
8.0: (move_in_model_move_automata a11)
9.0: (add_action a8)
10.0: (check_added_variables_model a8)
11.0: (move_in_model_move_automata a8)
12.0: (validate_payload t3 a1 t4)
13.0: (sync_actions a1)
14.0: (validate_payload t4 a0 t5)
15.0: (sync_actions a0)
16.0: (add_action a2)
17.0: (check_added_variables_model a2)
18.0: (move_in_model_move_automata a2)
19.0: (validate_payload t5 a9 t6)
20.0: (sync_actions a9)

Plan-Length:21
Metric (Search):6.0
Planning Time (msec): 133
Heuristic Time (msec): 4
Search Time (msec): 123
Expanded Nodes:396
States Evaluated:534
Number of Dead-Ends detected:0
Number of Duplicates detected:49
/usr/bin/time -v timeout 600 java -Xmx64g -jar ./enhsp3.jar -o ./domain_with_failure.pddl -f ./problems/BasePN-1And-del-3-d1/problem15.pddl -h blind -s WAStar
Domain parsed
Problem parsed
Grounding..
Grounding Time: 1201
UFX:true
|F|:4027
|X|:2
|A|:191
|P|:0
|E|:0
h(I):0.0
f(n) = 2.0 (Expanded Nodes: 4, Evaluated States: 8, Time: 0.018) Frontier Size: 4
f(n) = 4.0 (Expanded Nodes: 15, Evaluated States: 26, Time: 0.074) Frontier Size: 11
f(n) = 6.0 (Expanded Nodes: 43, Evaluated States: 64, Time: 0.086) Frontier Size: 21
Problem Solved

Found Plan:
0.0: (validate_payload t0 a7 t1)
1.0: (sync_actions a7)
2.0: (add_action a10)
3.0: (check_added_variables_model a10)
4.0: (move_in_model_move_automata a10)
5.0: (add_action a12)
6.0: (check_added_variables_model a12)
7.0: (move_in_model_move_automata a12)
8.0: (validate_payload t1 a11 t2)
9.0: (sync_actions a11)
10.0: (validate_payload t2 a8 t3)
11.0: (sync_actions a8)
12.0: (add_action a1)
13.0: (check_added_variables_model a1)
14.0: (move_in_model_move_automata a1)
15.0: (validate_payload t3 a2 t4)
16.0: (sync_actions a2)
17.0: (validate_payload t4 a0 t5)
18.0: (sync_actions a0)
19.0: (validate_payload t5 a9 t6)
20.0: (sync_actions a9)

Plan-Length:21
Metric (Search):6.0
Planning Time (msec): 97
Heuristic Time (msec): 7
Search Time (msec): 95
Expanded Nodes:66
States Evaluated:102
Number of Dead-Ends detected:0
Number of Duplicates detected:9
/usr/bin/time -v timeout 600 java -Xmx64g -jar ./enhsp3.jar -o ./domain_with_failure.pddl -f ./problems/BasePN-1And-del-3-d1/problem16.pddl -h blind -s WAStar
Domain parsed
Problem parsed
Grounding..
Grounding Time: 1159
UFX:true
|F|:4027
|X|:3
|A|:191
|P|:0
|E|:0
h(I):0.0
f(n) = 2.0 (Expanded Nodes: 2, Evaluated States: 3, Time: 0.017) Frontier Size: 1
f(n) = 4.0 (Expanded Nodes: 12, Evaluated States: 22, Time: 0.05) Frontier Size: 10
f(n) = 6.0 (Expanded Nodes: 38, Evaluated States: 61, Time: 0.066) Frontier Size: 23
Problem Solved

Found Plan:
0.0: (add_action a7)
1.0: (check_added_variables_model a7)
2.0: (move_in_model_move_automata a7)
3.0: (validate_payload t0 a10 t1)
4.0: (sync_actions a10)
5.0: (validate_payload t1 a12 t2)
6.0: (sync_actions a12)
7.0: (validate_payload t2 a11 t3)
8.0: (sync_actions a11)
9.0: (add_action a8)
10.0: (check_added_variables_model a8)
11.0: (move_in_model_move_automata a8)
12.0: (validate_payload t3 a0 t4)
13.0: (sync_actions a0)
14.0: (validate_payload t4 a1 t5)
15.0: (sync_actions a1)
16.0: (add_action a2)
17.0: (check_added_variables_model a2)
18.0: (move_in_model_move_automata a2)
19.0: (validate_payload t5 a9 t6)
20.0: (sync_actions a9)

Plan-Length:21
Metric (Search):6.0
Planning Time (msec): 75
Heuristic Time (msec): 4
Search Time (msec): 69
Expanded Nodes:75
States Evaluated:112
Number of Dead-Ends detected:0
Number of Duplicates detected:12
/usr/bin/time -v timeout 600 java -Xmx64g -jar ./enhsp3.jar -o ./domain_with_failure.pddl -f ./problems/BasePN-1And-del-3-d1/problem17.pddl -h blind -s WAStar
Domain parsed
Problem parsed
Grounding..
Grounding Time: 1122
UFX:true
|F|:4027
|X|:3
|A|:191
|P|:0
|E|:0
h(I):0.0
f(n) = 2.0 (Expanded Nodes: 4, Evaluated States: 8, Time: 0.018) Frontier Size: 4
f(n) = 4.0 (Expanded Nodes: 15, Evaluated States: 26, Time: 0.056) Frontier Size: 11
f(n) = 6.0 (Expanded Nodes: 41, Evaluated States: 59, Time: 0.065) Frontier Size: 18
Problem Solved

Found Plan:
0.0: (validate_payload t0 a7 t1)
1.0: (sync_actions a7)
2.0: (add_action a10)
3.0: (check_added_variables_model a10)
4.0: (move_in_model_move_automata a10)
5.0: (add_action a12)
6.0: (check_added_variables_model a12)
7.0: (move_in_model_move_automata a12)
8.0: (validate_payload t1 a11 t2)
9.0: (sync_actions a11)
10.0: (add_action a8)
11.0: (check_added_variables_model a8)
12.0: (move_in_model_move_automata a8)
13.0: (validate_payload t2 a1 t3)
14.0: (sync_actions a1)
15.0: (validate_payload t3 a0 t4)
16.0: (sync_actions a0)
17.0: (validate_payload t4 a2 t5)
18.0: (sync_actions a2)
19.0: (validate_payload t5 a9 t6)
20.0: (sync_actions a9)

Plan-Length:21
Metric (Search):6.0
Planning Time (msec): 87
Heuristic Time (msec): 2
Search Time (msec): 74
Expanded Nodes:65
States Evaluated:97
Number of Dead-Ends detected:0
Number of Duplicates detected:10
/usr/bin/time -v timeout 600 java -Xmx64g -jar ./enhsp3.jar -o ./domain_with_failure.pddl -f ./problems/BasePN-1And-del-3-d1/problem18.pddl -h blind -s WAStar
Domain parsed
Problem parsed
Grounding..
Grounding Time: 1137
UFX:true
|F|:4027
|X|:2
|A|:191
|P|:0
|E|:0
h(I):0.0
f(n) = 2.0 (Expanded Nodes: 4, Evaluated States: 8, Time: 0.019) Frontier Size: 4
f(n) = 4.0 (Expanded Nodes: 21, Evaluated States: 39, Time: 0.062) Frontier Size: 18
f(n) = 6.0 (Expanded Nodes: 62, Evaluated States: 94, Time: 0.079) Frontier Size: 32
Problem Solved

Found Plan:
0.0: (validate_payload t0 a7 t1)
1.0: (sync_actions a7)
2.0: (add_action a10)
3.0: (check_added_variables_model a10)
4.0: (move_in_model_move_automata a10)
5.0: (validate_payload t1 a12 t2)
6.0: (sync_actions a12)
7.0: (validate_payload t2 a11 t3)
8.0: (sync_actions a11)
9.0: (validate_payload t3 a8 t4)
10.0: (sync_actions a8)
11.0: (add_action a0)
12.0: (check_added_variables_model a0)
13.0: (move_in_model_move_automata a0)
14.0: (add_action a1)
15.0: (check_added_variables_model a1)
16.0: (move_in_model_move_automata a1)
17.0: (validate_payload t4 a2 t5)
18.0: (sync_actions a2)
19.0: (validate_payload t5 a9 t6)
20.0: (sync_actions a9)

Plan-Length:21
Metric (Search):6.0
Planning Time (msec): 98
Heuristic Time (msec): 6
Search Time (msec): 90
Expanded Nodes:114
States Evaluated:152
Number of Dead-Ends detected:0
Number of Duplicates detected:25
/usr/bin/time -v timeout 600 java -Xmx64g -jar ./enhsp3.jar -o ./domain_with_failure.pddl -f ./problems/BasePN-1And-del-3-d1/problem19.pddl -h blind -s WAStar
Domain parsed
Problem parsed
Grounding..
Grounding Time: 1118
UFX:true
|F|:4027
|X|:3
|A|:191
|P|:0
|E|:0
h(I):0.0
f(n) = 2.0 (Expanded Nodes: 4, Evaluated States: 8, Time: 0.023) Frontier Size: 4
f(n) = 4.0 (Expanded Nodes: 17, Evaluated States: 30, Time: 0.063) Frontier Size: 13
f(n) = 6.0 (Expanded Nodes: 45, Evaluated States: 64, Time: 0.073) Frontier Size: 19
Problem Solved

Found Plan:
0.0: (validate_payload t0 a7 t1)
1.0: (sync_actions a7)
2.0: (add_action a10)
3.0: (check_added_variables_model a10)
4.0: (move_in_model_move_automata a10)
5.0: (validate_payload t1 a12 t2)
6.0: (sync_actions a12)
7.0: (add_action a11)
8.0: (check_added_variables_model a11)
9.0: (move_in_model_move_automata a11)
10.0: (add_action a8)
11.0: (check_added_variables_model a8)
12.0: (move_in_model_move_automata a8)
13.0: (validate_payload t2 a1 t3)
14.0: (sync_actions a1)
15.0: (validate_payload t3 a0 t4)
16.0: (sync_actions a0)
17.0: (validate_payload t4 a2 t5)
18.0: (sync_actions a2)
19.0: (validate_payload t5 a9 t6)
20.0: (sync_actions a9)

Plan-Length:21
Metric (Search):6.0
Planning Time (msec): 85
Heuristic Time (msec): 5
Search Time (msec): 82
Expanded Nodes:82
States Evaluated:112
Number of Dead-Ends detected:0
Number of Duplicates detected:17
/usr/bin/time -v timeout 600 java -Xmx64g -jar ./enhsp3.jar -o ./domain_with_failure.pddl -f ./problems/BasePN-1And-del-3-d1/problem20.pddl -h blind -s WAStar
Domain parsed
Problem parsed
Grounding..
Grounding Time: 1163
UFX:true
|F|:4027
|X|:4
|A|:191
|P|:0
|E|:0
h(I):0.0
f(n) = 1.0 (Expanded Nodes: 2, Evaluated States: 7, Time: 0.018) Frontier Size: 5
f(n) = 2.0 (Expanded Nodes: 6, Evaluated States: 7, Time: 0.059) Frontier Size: 1
f(n) = 3.0 (Expanded Nodes: 16, Evaluated States: 30, Time: 0.068) Frontier Size: 14
f(n) = 4.0 (Expanded Nodes: 44, Evaluated States: 84, Time: 0.077) Frontier Size: 40
f(n) = 5.0 (Expanded Nodes: 72, Evaluated States: 134, Time: 0.092) Frontier Size: 62
f(n) = 6.0 (Expanded Nodes: 166, Evaluated States: 308, Time: 0.107) Frontier Size: 142
Problem Solved

Found Plan:
0.0: (add_action a7)
1.0: (check_added_variables_model a7)
2.0: (move_in_model_move_automata a7)
3.0: (validate_payload t0 a10 t1)
4.0: (sync_actions a10)
5.0: (validate_payload t1 a12 t2)
6.0: (sync_actions a12)
7.0: (validate_payload t2 a11 t3)
8.0: (sync_actions a11)
9.0: (add_action a8)
10.0: (check_added_variables_model a8)
11.0: (move_in_model_move_automata a8)
12.0: (validate_payload t3 a0 t4)
13.0: (sync_actions a0)
14.0: (validate_payload t4 a1 t5)
15.0: (sync_actions a1)
16.0: (validate_payload t5 a2 t6)
17.0: (sync_actions a2)
18.0: (add_action a9)
19.0: (check_added_variables_model a9)
20.0: (move_in_model_move_automata a9)

Plan-Length:21
Metric (Search):6.0
Planning Time (msec): 128
Heuristic Time (msec): 4
Search Time (msec): 118
Expanded Nodes:214
States Evaluated:362
Number of Dead-Ends detected:0
Number of Duplicates detected:14
/usr/bin/time -v timeout 600 java -Xmx64g -jar ./enhsp3.jar -o ./domain_with_failure.pddl -f ./problems/BasePN-1And-del-3-d1/problem21.pddl -h blind -s WAStar
Domain parsed
Problem parsed
Grounding..
Grounding Time: 1170
UFX:true
|F|:4027
|X|:2
|A|:191
|P|:0
|E|:0
h(I):0.0
f(n) = 2.0 (Expanded Nodes: 6, Evaluated States: 12, Time: 0.024) Frontier Size: 6
f(n) = 4.0 (Expanded Nodes: 29, Evaluated States: 52, Time: 0.084) Frontier Size: 23
f(n) = 6.0 (Expanded Nodes: 84, Evaluated States: 120, Time: 0.101) Frontier Size: 36
Problem Solved

Found Plan:
0.0: (validate_payload t0 a7 t1)
1.0: (sync_actions a7)
2.0: (validate_payload t1 a10 t2)
3.0: (sync_actions a10)
4.0: (add_action a12)
5.0: (check_added_variables_model a12)
6.0: (move_in_model_move_automata a12)
7.0: (validate_payload t2 a11 t3)
8.0: (sync_actions a11)
9.0: (validate_payload t3 a8 t4)
10.0: (sync_actions a8)
11.0: (validate_payload t4 a1 t5)
12.0: (sync_actions a1)
13.0: (validate_payload t5 a0 t6)
14.0: (sync_actions a0)
15.0: (add_action a2)
16.0: (check_added_variables_model a2)
17.0: (move_in_model_move_automata a2)
18.0: (add_action a9)
19.0: (check_added_variables_model a9)
20.0: (move_in_model_move_automata a9)

Plan-Length:21
Metric (Search):6.0
Planning Time (msec): 117
Heuristic Time (msec): 12
Search Time (msec): 115
Expanded Nodes:115
States Evaluated:153
Number of Dead-Ends detected:0
Number of Duplicates detected:26
/usr/bin/time -v timeout 600 java -Xmx64g -jar ./enhsp3.jar -o ./domain_with_failure.pddl -f ./problems/BasePN-1And-del-3-d1/problem22.pddl -h blind -s WAStar
Domain parsed
Problem parsed
Grounding..
Grounding Time: 1173
UFX:true
|F|:4027
|X|:4
|A|:191
|P|:0
|E|:0
h(I):0.0
f(n) = 1.0 (Expanded Nodes: 8, Evaluated States: 22, Time: 0.021) Frontier Size: 14
f(n) = 2.0 (Expanded Nodes: 28, Evaluated States: 58, Time: 0.072) Frontier Size: 30
f(n) = 3.0 (Expanded Nodes: 53, Evaluated States: 119, Time: 0.087) Frontier Size: 66
f(n) = 4.0 (Expanded Nodes: 139, Evaluated States: 221, Time: 0.103) Frontier Size: 82
f(n) = 5.0 (Expanded Nodes: 252, Evaluated States: 360, Time: 0.128) Frontier Size: 108
f(n) = 6.0 (Expanded Nodes: 410, Evaluated States: 576, Time: 0.154) Frontier Size: 166
Problem Solved

Found Plan:
0.0: (validate_payload t0 a7 t1)
1.0: (sync_actions a7)
2.0: (validate_payload t1 a10 t2)
3.0: (sync_actions a10)
4.0: (validate_payload t2 a12 t3)
5.0: (sync_actions a12)
6.0: (add_action a11)
7.0: (check_added_variables_model a11)
8.0: (move_in_model_move_automata a11)
9.0: (add_action a8)
10.0: (check_added_variables_model a8)
11.0: (move_in_model_move_automata a8)
12.0: (validate_payload t3 a0 t4)
13.0: (sync_actions a0)
14.0: (validate_payload t4 a1 t5)
15.0: (sync_actions a1)
16.0: (add_action a2)
17.0: (check_added_variables_model a2)
18.0: (move_in_model_move_automata a2)
19.0: (validate_payload t5 a9 t6)
20.0: (sync_actions a9)

Plan-Length:21
Metric (Search):6.0
Planning Time (msec): 179
Heuristic Time (msec): 7
Search Time (msec): 173
Expanded Nodes:544
States Evaluated:730
Number of Dead-Ends detected:0
Number of Duplicates detected:66
/usr/bin/time -v timeout 600 java -Xmx64g -jar ./enhsp3.jar -o ./domain_with_failure.pddl -f ./problems/BasePN-1And-del-3-d1/problem23.pddl -h blind -s WAStar
Domain parsed
Problem parsed
Grounding..
Grounding Time: 1076
UFX:true
|F|:4027
|X|:3
|A|:191
|P|:0
|E|:0
h(I):0.0
f(n) = 2.0 (Expanded Nodes: 6, Evaluated States: 12, Time: 0.016) Frontier Size: 6
f(n) = 4.0 (Expanded Nodes: 29, Evaluated States: 52, Time: 0.067) Frontier Size: 23
f(n) = 6.0 (Expanded Nodes: 82, Evaluated States: 117, Time: 0.076) Frontier Size: 35
Problem Solved

Found Plan:
0.0: (validate_payload t0 a7 t1)
1.0: (sync_actions a7)
2.0: (validate_payload t1 a10 t2)
3.0: (sync_actions a10)
4.0: (add_action a12)
5.0: (check_added_variables_model a12)
6.0: (move_in_model_move_automata a12)
7.0: (validate_payload t2 a11 t3)
8.0: (sync_actions a11)
9.0: (validate_payload t3 a8 t4)
10.0: (sync_actions a8)
11.0: (validate_payload t4 a1 t5)
12.0: (sync_actions a1)
13.0: (validate_payload t5 a2 t6)
14.0: (sync_actions a2)
15.0: (add_action a0)
16.0: (check_added_variables_model a0)
17.0: (move_in_model_move_automata a0)
18.0: (add_action a9)
19.0: (check_added_variables_model a9)
20.0: (move_in_model_move_automata a9)

Plan-Length:21
Metric (Search):6.0
Planning Time (msec): 88
Heuristic Time (msec): 2
Search Time (msec): 82
Expanded Nodes:94
States Evaluated:132
Number of Dead-Ends detected:0
Number of Duplicates detected:19
/usr/bin/time -v timeout 600 java -Xmx64g -jar ./enhsp3.jar -o ./domain_with_failure.pddl -f ./problems/BasePN-1And-del-3-d1/problem24.pddl -h blind -s WAStar
Domain parsed
Problem parsed
Grounding..
Grounding Time: 1122
UFX:true
|F|:4027
|X|:4
|A|:191
|P|:0
|E|:0
h(I):0.0
f(n) = 1.0 (Expanded Nodes: 6, Evaluated States: 17, Time: 0.032) Frontier Size: 11
f(n) = 2.0 (Expanded Nodes: 18, Evaluated States: 35, Time: 0.064) Frontier Size: 17
f(n) = 3.0 (Expanded Nodes: 43, Evaluated States: 100, Time: 0.086) Frontier Size: 57
f(n) = 4.0 (Expanded Nodes: 137, Evaluated States: 258, Time: 0.105) Frontier Size: 121
f(n) = 5.0 (Expanded Nodes: 261, Evaluated States: 463, Time: 0.13) Frontier Size: 202
f(n) = 6.0 (Expanded Nodes: 537, Evaluated States: 855, Time: 0.175) Frontier Size: 318
Problem Solved

Found Plan:
0.0: (validate_payload t0 a7 t1)
1.0: (sync_actions a7)
2.0: (validate_payload t1 a10 t2)
3.0: (sync_actions a10)
4.0: (add_action a12)
5.0: (check_added_variables_model a12)
6.0: (move_in_model_move_automata a12)
7.0: (validate_payload t2 a11 t3)
8.0: (sync_actions a11)
9.0: (validate_payload t3 a8 t4)
10.0: (sync_actions a8)
11.0: (validate_payload t4 a1 t5)
12.0: (sync_actions a1)
13.0: (validate_payload t5 a2 t6)
14.0: (sync_actions a2)
15.0: (add_action a0)
16.0: (check_added_variables_model a0)
17.0: (move_in_model_move_automata a0)
18.0: (add_action a9)
19.0: (check_added_variables_model a9)
20.0: (move_in_model_move_automata a9)

Plan-Length:21
Metric (Search):6.0
Planning Time (msec): 196
Heuristic Time (msec): 13
Search Time (msec): 192
Expanded Nodes:806
States Evaluated:1220
Number of Dead-Ends detected:0
Number of Duplicates detected:96
/usr/bin/time -v timeout 600 java -Xmx64g -jar ./enhsp3.jar -o ./domain_with_failure.pddl -f ./problems/BasePN-1And-del-3-d1/problem25.pddl -h blind -s WAStar
Domain parsed
Problem parsed
Grounding..
Grounding Time: 1177
UFX:true
|F|:4027
|X|:4
|A|:191
|P|:0
|E|:0
h(I):0.0
f(n) = 1.0 (Expanded Nodes: 6, Evaluated States: 17, Time: 0.024) Frontier Size: 11
f(n) = 2.0 (Expanded Nodes: 18, Evaluated States: 35, Time: 0.069) Frontier Size: 17
f(n) = 3.0 (Expanded Nodes: 35, Evaluated States: 78, Time: 0.081) Frontier Size: 43
f(n) = 4.0 (Expanded Nodes: 77, Evaluated States: 122, Time: 0.094) Frontier Size: 45
f(n) = 5.0 (Expanded Nodes: 140, Evaluated States: 216, Time: 0.104) Frontier Size: 76
f(n) = 6.0 (Expanded Nodes: 252, Evaluated States: 384, Time: 0.124) Frontier Size: 132
Problem Solved

Found Plan:
0.0: (validate_payload t0 a7 t1)
1.0: (sync_actions a7)
2.0: (validate_payload t1 a10 t2)
3.0: (sync_actions a10)
4.0: (add_action a12)
5.0: (check_added_variables_model a12)
6.0: (move_in_model_move_automata a12)
7.0: (add_action a11)
8.0: (check_added_variables_model a11)
9.0: (move_in_model_move_automata a11)
10.0: (validate_payload t2 a8 t3)
11.0: (sync_actions a8)
12.0: (validate_payload t3 a0 t4)
13.0: (sync_actions a0)
14.0: (validate_payload t4 a1 t5)
15.0: (sync_actions a1)
16.0: (add_action a2)
17.0: (check_added_variables_model a2)
18.0: (move_in_model_move_automata a2)
19.0: (validate_payload t5 a9 t6)
20.0: (sync_actions a9)

Plan-Length:21
Metric (Search):6.0
Planning Time (msec): 141
Heuristic Time (msec): 7
Search Time (msec): 134
Expanded Nodes:346
States Evaluated:505
Number of Dead-Ends detected:0
Number of Duplicates detected:31
/usr/bin/time -v timeout 600 java -Xmx64g -jar ./enhsp3.jar -o ./domain_with_failure.pddl -f ./problems/BasePN-1And-del-3-d1/problem26.pddl -h blind -s WAStar
Domain parsed
Problem parsed
Grounding..
Grounding Time: 1131
UFX:true
|F|:4027
|X|:3
|A|:191
|P|:0
|E|:0
h(I):0.0
f(n) = 1.0 (Expanded Nodes: 8, Evaluated States: 20, Time: 0.018) Frontier Size: 12
f(n) = 2.0 (Expanded Nodes: 28, Evaluated States: 56, Time: 0.054) Frontier Size: 28
f(n) = 3.0 (Expanded Nodes: 47, Evaluated States: 96, Time: 0.075) Frontier Size: 49
f(n) = 4.0 (Expanded Nodes: 99, Evaluated States: 168, Time: 0.09) Frontier Size: 69
f(n) = 5.0 (Expanded Nodes: 175, Evaluated States: 242, Time: 0.102) Frontier Size: 67
f(n) = 6.0 (Expanded Nodes: 251, Evaluated States: 354, Time: 0.112) Frontier Size: 103
Problem Solved

Found Plan:
0.0: (validate_payload t0 a7 t1)
1.0: (sync_actions a7)
2.0: (validate_payload t1 a10 t2)
3.0: (sync_actions a10)
4.0: (validate_payload t2 a12 t3)
5.0: (sync_actions a12)
6.0: (add_action a11)
7.0: (check_added_variables_model a11)
8.0: (move_in_model_move_automata a11)
9.0: (add_action a8)
10.0: (check_added_variables_model a8)
11.0: (move_in_model_move_automata a8)
12.0: (add_action a1)
13.0: (check_added_variables_model a1)
14.0: (move_in_model_move_automata a1)
15.0: (validate_payload t3 a2 t4)
16.0: (sync_actions a2)
17.0: (validate_payload t4 a0 t5)
18.0: (sync_actions a0)
19.0: (validate_payload t5 a9 t6)
20.0: (sync_actions a9)

Plan-Length:21
Metric (Search):6.0
Planning Time (msec): 134
Heuristic Time (msec): 2
Search Time (msec): 128
Expanded Nodes:313
States Evaluated:406
Number of Dead-Ends detected:0
Number of Duplicates detected:41
/usr/bin/time -v timeout 600 java -Xmx64g -jar ./enhsp3.jar -o ./domain_with_failure.pddl -f ./problems/BasePN-1And-del-3-d1/problem27.pddl -h blind -s WAStar
Domain parsed
Problem parsed
Grounding..
Grounding Time: 1141
UFX:true
|F|:4027
|X|:4
|A|:191
|P|:0
|E|:0
h(I):0.0
f(n) = 1.0 (Expanded Nodes: 2, Evaluated States: 7, Time: 0.017) Frontier Size: 5
f(n) = 2.0 (Expanded Nodes: 6, Evaluated States: 7, Time: 0.05) Frontier Size: 1
f(n) = 3.0 (Expanded Nodes: 14, Evaluated States: 26, Time: 0.056) Frontier Size: 12
f(n) = 4.0 (Expanded Nodes: 34, Evaluated States: 62, Time: 0.059) Frontier Size: 28
f(n) = 5.0 (Expanded Nodes: 58, Evaluated States: 109, Time: 0.077) Frontier Size: 51
f(n) = 6.0 (Expanded Nodes: 132, Evaluated States: 259, Time: 0.108) Frontier Size: 127
Problem Solved

Found Plan:
0.0: (add_action a7)
1.0: (check_added_variables_model a7)
2.0: (move_in_model_move_automata a7)
3.0: (validate_payload t0 a10 t1)
4.0: (sync_actions a10)
5.0: (validate_payload t1 a12 t2)
6.0: (sync_actions a12)
7.0: (add_action a11)
8.0: (check_added_variables_model a11)
9.0: (move_in_model_move_automata a11)
10.0: (validate_payload t2 a8 t3)
11.0: (sync_actions a8)
12.0: (validate_payload t3 a1 t4)
13.0: (sync_actions a1)
14.0: (validate_payload t4 a0 t5)
15.0: (sync_actions a0)
16.0: (add_action a2)
17.0: (check_added_variables_model a2)
18.0: (move_in_model_move_automata a2)
19.0: (validate_payload t5 a9 t6)
20.0: (sync_actions a9)

Plan-Length:21
Metric (Search):6.0
Planning Time (msec): 129
Heuristic Time (msec): 3
Search Time (msec): 122
Expanded Nodes:244
States Evaluated:395
Number of Dead-Ends detected:0
Number of Duplicates detected:16
/usr/bin/time -v timeout 600 java -Xmx64g -jar ./enhsp3.jar -o ./domain_with_failure.pddl -f ./problems/BasePN-1And-del-3-d1/problem28.pddl -h blind -s WAStar
Domain parsed
Problem parsed
Grounding..
Grounding Time: 1167
UFX:true
|F|:4027
|X|:3
|A|:191
|P|:0
|E|:0
h(I):0.0
f(n) = 1.0 (Expanded Nodes: 2, Evaluated States: 7, Time: 0.021) Frontier Size: 5
f(n) = 2.0 (Expanded Nodes: 6, Evaluated States: 7, Time: 0.07) Frontier Size: 1
f(n) = 3.0 (Expanded Nodes: 20, Evaluated States: 39, Time: 0.08) Frontier Size: 19
f(n) = 4.0 (Expanded Nodes: 64, Evaluated States: 129, Time: 0.097) Frontier Size: 65
f(n) = 5.0 (Expanded Nodes: 98, Evaluated States: 184, Time: 0.106) Frontier Size: 86
f(n) = 6.0 (Expanded Nodes: 214, Evaluated States: 376, Time: 0.124) Frontier Size: 162
Problem Solved

Found Plan:
0.0: (add_action a7)
1.0: (check_added_variables_model a7)
2.0: (move_in_model_move_automata a7)
3.0: (validate_payload t0 a10 t1)
4.0: (sync_actions a10)
5.0: (validate_payload t1 a12 t2)
6.0: (sync_actions a12)
7.0: (validate_payload t2 a11 t3)
8.0: (sync_actions a11)
9.0: (validate_payload t3 a8 t4)
10.0: (sync_actions a8)
11.0: (validate_payload t4 a0 t5)
12.0: (sync_actions a0)
13.0: (add_action a1)
14.0: (check_added_variables_model a1)
15.0: (move_in_model_move_automata a1)
16.0: (add_action a2)
17.0: (check_added_variables_model a2)
18.0: (move_in_model_move_automata a2)
19.0: (validate_payload t5 a9 t6)
20.0: (sync_actions a9)

Plan-Length:21
Metric (Search):6.0
Planning Time (msec): 145
Heuristic Time (msec): 7
Search Time (msec): 142
Expanded Nodes:323
States Evaluated:508
Number of Dead-Ends detected:0
Number of Duplicates detected:48
/usr/bin/time -v timeout 600 java -Xmx64g -jar ./enhsp3.jar -o ./domain_with_failure.pddl -f ./problems/BasePN-1And-del-3-d1/problem29.pddl -h blind -s WAStar
Domain parsed
Problem parsed
Grounding..
Grounding Time: 1159
UFX:true
|F|:4027
|X|:4
|A|:191
|P|:0
|E|:0
h(I):0.0
f(n) = 1.0 (Expanded Nodes: 2, Evaluated States: 7, Time: 0.02) Frontier Size: 5
f(n) = 2.0 (Expanded Nodes: 6, Evaluated States: 7, Time: 0.047) Frontier Size: 1
f(n) = 3.0 (Expanded Nodes: 14, Evaluated States: 26, Time: 0.057) Frontier Size: 12
f(n) = 4.0 (Expanded Nodes: 34, Evaluated States: 62, Time: 0.077) Frontier Size: 28
f(n) = 5.0 (Expanded Nodes: 58, Evaluated States: 108, Time: 0.086) Frontier Size: 50
f(n) = 6.0 (Expanded Nodes: 130, Evaluated States: 242, Time: 0.104) Frontier Size: 112
Problem Solved

Found Plan:
0.0: (add_action a7)
1.0: (check_added_variables_model a7)
2.0: (move_in_model_move_automata a7)
3.0: (validate_payload t0 a10 t1)
4.0: (sync_actions a10)
5.0: (validate_payload t1 a12 t2)
6.0: (sync_actions a12)
7.0: (add_action a11)
8.0: (check_added_variables_model a11)
9.0: (move_in_model_move_automata a11)
10.0: (validate_payload t2 a8 t3)
11.0: (sync_actions a8)
12.0: (validate_payload t3 a0 t4)
13.0: (sync_actions a0)
14.0: (validate_payload t4 a1 t5)
15.0: (sync_actions a1)
16.0: (add_action a2)
17.0: (check_added_variables_model a2)
18.0: (move_in_model_move_automata a2)
19.0: (validate_payload t5 a9 t6)
20.0: (sync_actions a9)

Plan-Length:21
Metric (Search):6.0
Planning Time (msec): 130
Heuristic Time (msec): 3
Search Time (msec): 123
Expanded Nodes:225
States Evaluated:360
Number of Dead-Ends detected:0
Number of Duplicates detected:17
/usr/bin/time -v timeout 600 java -Xmx64g -jar ./enhsp3.jar -o ./domain_with_failure.pddl -f ./problems/BasePN-1And-del-3-d1/problem30.pddl -h blind -s WAStar
Domain parsed
Problem parsed
Grounding..
Grounding Time: 1156
UFX:true
|F|:4027
|X|:4
|A|:191
|P|:0
|E|:0
h(I):0.0
f(n) = 1.0 (Expanded Nodes: 10, Evaluated States: 24, Time: 0.022) Frontier Size: 14
f(n) = 2.0 (Expanded Nodes: 40, Evaluated States: 88, Time: 0.076) Frontier Size: 48
f(n) = 3.0 (Expanded Nodes: 87, Evaluated States: 154, Time: 0.093) Frontier Size: 67
f(n) = 4.0 (Expanded Nodes: 177, Evaluated States: 316, Time: 0.111) Frontier Size: 139
f(n) = 5.0 (Expanded Nodes: 352, Evaluated States: 509, Time: 0.139) Frontier Size: 157
f(n) = 6.0 (Expanded Nodes: 536, Evaluated States: 805, Time: 0.168) Frontier Size: 269
Problem Solved

Found Plan:
0.0: (validate_payload t0 a7 t1)
1.0: (sync_actions a7)
2.0: (validate_payload t1 a10 t2)
3.0: (sync_actions a10)
4.0: (validate_payload t2 a12 t3)
5.0: (sync_actions a12)
6.0: (validate_payload t3 a11 t4)
7.0: (sync_actions a11)
8.0: (add_action a8)
9.0: (check_added_variables_model a8)
10.0: (move_in_model_move_automata a8)
11.0: (validate_payload t4 a1 t5)
12.0: (sync_actions a1)
13.0: (validate_payload t5 a0 t6)
14.0: (sync_actions a0)
15.0: (add_action a2)
16.0: (check_added_variables_model a2)
17.0: (move_in_model_move_automata a2)
18.0: (add_action a9)
19.0: (check_added_variables_model a9)
20.0: (move_in_model_move_automata a9)

Plan-Length:21
Metric (Search):6.0
Planning Time (msec): 179
Heuristic Time (msec): 9
Search Time (msec): 173
Expanded Nodes:600
States Evaluated:876
Number of Dead-Ends detected:0
Number of Duplicates detected:77
/usr/bin/time -v timeout 600 java -Xmx64g -jar ./enhsp3.jar -o ./domain_with_failure.pddl -f ./problems/BasePN-1And-del-3-d1/problem31.pddl -h blind -s WAStar
Domain parsed
Problem parsed
Grounding..
Grounding Time: 1122
UFX:true
|F|:4027
|X|:3
|A|:191
|P|:0
|E|:0
h(I):0.0
f(n) = 2.0 (Expanded Nodes: 4, Evaluated States: 8, Time: 0.017) Frontier Size: 4
f(n) = 4.0 (Expanded Nodes: 23, Evaluated States: 44, Time: 0.062) Frontier Size: 21
f(n) = 6.0 (Expanded Nodes: 70, Evaluated States: 105, Time: 0.078) Frontier Size: 35
Problem Solved

Found Plan:
0.0: (validate_payload t0 a7 t1)
1.0: (sync_actions a7)
2.0: (add_action a10)
3.0: (check_added_variables_model a10)
4.0: (move_in_model_move_automata a10)
5.0: (validate_payload t1 a12 t2)
6.0: (sync_actions a12)
7.0: (validate_payload t2 a11 t3)
8.0: (sync_actions a11)
9.0: (validate_payload t3 a8 t4)
10.0: (sync_actions a8)
11.0: (validate_payload t4 a1 t5)
12.0: (sync_actions a1)
13.0: (add_action a2)
14.0: (check_added_variables_model a2)
15.0: (move_in_model_move_automata a2)
16.0: (add_action a0)
17.0: (check_added_variables_model a0)
18.0: (move_in_model_move_automata a0)
19.0: (validate_payload t5 a9 t6)
20.0: (sync_actions a9)

Plan-Length:21
Metric (Search):6.0
Planning Time (msec): 84
Heuristic Time (msec): 2
Search Time (msec): 79
Expanded Nodes:78
States Evaluated:116
Number of Dead-Ends detected:0
Number of Duplicates detected:13
/usr/bin/time -v timeout 600 java -Xmx64g -jar ./enhsp3.jar -o ./domain_with_failure.pddl -f ./problems/BasePN-1And-del-3-d1/problem32.pddl -h blind -s WAStar
Domain parsed
Problem parsed
Grounding..
Grounding Time: 1123
UFX:true
|F|:4027
|X|:3
|A|:191
|P|:0
|E|:0
h(I):0.0
f(n) = 2.0 (Expanded Nodes: 4, Evaluated States: 8, Time: 0.021) Frontier Size: 4
f(n) = 4.0 (Expanded Nodes: 17, Evaluated States: 30, Time: 0.059) Frontier Size: 13
f(n) = 6.0 (Expanded Nodes: 51, Evaluated States: 78, Time: 0.069) Frontier Size: 27
Problem Solved

Found Plan:
0.0: (validate_payload t0 a7 t1)
1.0: (sync_actions a7)
2.0: (add_action a10)
3.0: (check_added_variables_model a10)
4.0: (move_in_model_move_automata a10)
5.0: (validate_payload t1 a12 t2)
6.0: (sync_actions a12)
7.0: (add_action a11)
8.0: (check_added_variables_model a11)
9.0: (move_in_model_move_automata a11)
10.0: (validate_payload t2 a8 t3)
11.0: (sync_actions a8)
12.0: (validate_payload t3 a1 t4)
13.0: (sync_actions a1)
14.0: (add_action a2)
15.0: (check_added_variables_model a2)
16.0: (move_in_model_move_automata a2)
17.0: (validate_payload t4 a0 t5)
18.0: (sync_actions a0)
19.0: (validate_payload t5 a9 t6)
20.0: (sync_actions a9)

Plan-Length:21
Metric (Search):6.0
Planning Time (msec): 106
Heuristic Time (msec): 2
Search Time (msec): 99
Expanded Nodes:106
States Evaluated:145
Number of Dead-Ends detected:0
Number of Duplicates detected:23
/usr/bin/time -v timeout 600 java -Xmx64g -jar ./enhsp3.jar -o ./domain_with_failure.pddl -f ./problems/BasePN-1And-del-3-d1/problem33.pddl -h blind -s WAStar
Domain parsed
Problem parsed
Grounding..
Grounding Time: 1135
UFX:true
|F|:4027
|X|:4
|A|:191
|P|:0
|E|:0
h(I):0.0
f(n) = 1.0 (Expanded Nodes: 8, Evaluated States: 22, Time: 0.032) Frontier Size: 14
f(n) = 2.0 (Expanded Nodes: 28, Evaluated States: 58, Time: 0.067) Frontier Size: 30
f(n) = 3.0 (Expanded Nodes: 53, Evaluated States: 119, Time: 0.084) Frontier Size: 66
f(n) = 4.0 (Expanded Nodes: 139, Evaluated States: 221, Time: 0.102) Frontier Size: 82
f(n) = 5.0 (Expanded Nodes: 252, Evaluated States: 360, Time: 0.139) Frontier Size: 108
f(n) = 6.0 (Expanded Nodes: 410, Evaluated States: 576, Time: 0.16) Frontier Size: 166
Problem Solved

Found Plan:
0.0: (validate_payload t0 a7 t1)
1.0: (sync_actions a7)
2.0: (validate_payload t1 a10 t2)
3.0: (sync_actions a10)
4.0: (validate_payload t2 a12 t3)
5.0: (sync_actions a12)
6.0: (add_action a11)
7.0: (check_added_variables_model a11)
8.0: (move_in_model_move_automata a11)
9.0: (add_action a8)
10.0: (check_added_variables_model a8)
11.0: (move_in_model_move_automata a8)
12.0: (validate_payload t3 a0 t4)
13.0: (sync_actions a0)
14.0: (validate_payload t4 a1 t5)
15.0: (sync_actions a1)
16.0: (add_action a2)
17.0: (check_added_variables_model a2)
18.0: (move_in_model_move_automata a2)
19.0: (validate_payload t5 a9 t6)
20.0: (sync_actions a9)

Plan-Length:21
Metric (Search):6.0
Planning Time (msec): 184
Heuristic Time (msec): 9
Search Time (msec): 181
Expanded Nodes:544
States Evaluated:730
Number of Dead-Ends detected:0
Number of Duplicates detected:66
/usr/bin/time -v timeout 600 java -Xmx64g -jar ./enhsp3.jar -o ./domain_with_failure.pddl -f ./problems/BasePN-1And-del-3-d1/problem34.pddl -h blind -s WAStar
Domain parsed
Problem parsed
Grounding..
Grounding Time: 1145
UFX:true
|F|:4027
|X|:4
|A|:191
|P|:0
|E|:0
h(I):0.0
f(n) = 1.0 (Expanded Nodes: 6, Evaluated States: 17, Time: 0.022) Frontier Size: 11
f(n) = 2.0 (Expanded Nodes: 18, Evaluated States: 35, Time: 0.073) Frontier Size: 17
f(n) = 3.0 (Expanded Nodes: 37, Evaluated States: 84, Time: 0.09) Frontier Size: 47
f(n) = 4.0 (Expanded Nodes: 93, Evaluated States: 146, Time: 0.1) Frontier Size: 53
f(n) = 5.0 (Expanded Nodes: 177, Evaluated States: 255, Time: 0.115) Frontier Size: 78
f(n) = 6.0 (Expanded Nodes: 309, Evaluated States: 471, Time: 0.134) Frontier Size: 162
Problem Solved

Found Plan:
0.0: (validate_payload t0 a7 t1)
1.0: (sync_actions a7)
2.0: (validate_payload t1 a10 t2)
3.0: (sync_actions a10)
4.0: (add_action a12)
5.0: (check_added_variables_model a12)
6.0: (move_in_model_move_automata a12)
7.0: (add_action a11)
8.0: (check_added_variables_model a11)
9.0: (move_in_model_move_automata a11)
10.0: (validate_payload t2 a8 t3)
11.0: (sync_actions a8)
12.0: (validate_payload t3 a1 t4)
13.0: (sync_actions a1)
14.0: (validate_payload t4 a2 t5)
15.0: (sync_actions a2)
16.0: (validate_payload t5 a0 t6)
17.0: (sync_actions a0)
18.0: (add_action a9)
19.0: (check_added_variables_model a9)
20.0: (move_in_model_move_automata a9)

Plan-Length:21
Metric (Search):6.0
Planning Time (msec): 150
Heuristic Time (msec): 2
Search Time (msec): 143
Expanded Nodes:391
States Evaluated:612
Number of Dead-Ends detected:0
Number of Duplicates detected:27
/usr/bin/time -v timeout 600 java -Xmx64g -jar ./enhsp3.jar -o ./domain_with_failure.pddl -f ./problems/BasePN-1And-del-3-d1/problem35.pddl -h blind -s WAStar
Domain parsed
Problem parsed
Grounding..
Grounding Time: 1117
UFX:true
|F|:4027
|X|:4
|A|:191
|P|:0
|E|:0
h(I):0.0
f(n) = 1.0 (Expanded Nodes: 2, Evaluated States: 7, Time: 0.017) Frontier Size: 5
f(n) = 2.0 (Expanded Nodes: 6, Evaluated States: 7, Time: 0.046) Frontier Size: 1
f(n) = 3.0 (Expanded Nodes: 12, Evaluated States: 22, Time: 0.064) Frontier Size: 10
f(n) = 4.0 (Expanded Nodes: 24, Evaluated States: 40, Time: 0.066) Frontier Size: 16
f(n) = 5.0 (Expanded Nodes: 46, Evaluated States: 86, Time: 0.079) Frontier Size: 40
f(n) = 6.0 (Expanded Nodes: 106, Evaluated States: 210, Time: 0.096) Frontier Size: 104
Problem Solved

Found Plan:
0.0: (add_action a7)
1.0: (check_added_variables_model a7)
2.0: (move_in_model_move_automata a7)
3.0: (validate_payload t0 a10 t1)
4.0: (sync_actions a10)
5.0: (add_action a12)
6.0: (check_added_variables_model a12)
7.0: (move_in_model_move_automata a12)
8.0: (validate_payload t1 a11 t2)
9.0: (sync_actions a11)
10.0: (validate_payload t2 a8 t3)
11.0: (sync_actions a8)
12.0: (validate_payload t3 a1 t4)
13.0: (sync_actions a1)
14.0: (validate_payload t4 a0 t5)
15.0: (sync_actions a0)
16.0: (add_action a2)
17.0: (check_added_variables_model a2)
18.0: (move_in_model_move_automata a2)
19.0: (validate_payload t5 a9 t6)
20.0: (sync_actions a9)

Plan-Length:21
Metric (Search):6.0
Planning Time (msec): 129
Heuristic Time (msec): 7
Search Time (msec): 122
Expanded Nodes:211
States Evaluated:371
Number of Dead-Ends detected:0
Number of Duplicates detected:14
/usr/bin/time -v timeout 600 java -Xmx64g -jar ./enhsp3.jar -o ./domain_with_failure.pddl -f ./problems/BasePN-1And-del-3-d1/problem36.pddl -h blind -s WAStar
Domain parsed
Problem parsed
Grounding..
Grounding Time: 1136
UFX:true
|F|:4027
|X|:3
|A|:191
|P|:0
|E|:0
h(I):0.0
f(n) = 2.0 (Expanded Nodes: 4, Evaluated States: 8, Time: 0.025) Frontier Size: 4
f(n) = 4.0 (Expanded Nodes: 15, Evaluated States: 26, Time: 0.069) Frontier Size: 11
f(n) = 6.0 (Expanded Nodes: 41, Evaluated States: 59, Time: 0.079) Frontier Size: 18
Problem Solved

Found Plan:
0.0: (validate_payload t0 a7 t1)
1.0: (sync_actions a7)
2.0: (add_action a10)
3.0: (check_added_variables_model a10)
4.0: (move_in_model_move_automata a10)
5.0: (add_action a12)
6.0: (check_added_variables_model a12)
7.0: (move_in_model_move_automata a12)
8.0: (validate_payload t1 a11 t2)
9.0: (sync_actions a11)
10.0: (add_action a8)
11.0: (check_added_variables_model a8)
12.0: (move_in_model_move_automata a8)
13.0: (validate_payload t2 a1 t3)
14.0: (sync_actions a1)
15.0: (validate_payload t3 a2 t4)
16.0: (sync_actions a2)
17.0: (validate_payload t4 a0 t5)
18.0: (sync_actions a0)
19.0: (validate_payload t5 a9 t6)
20.0: (sync_actions a9)

Plan-Length:21
Metric (Search):6.0
Planning Time (msec): 112
Heuristic Time (msec): 3
Search Time (msec): 104
Expanded Nodes:65
States Evaluated:97
Number of Dead-Ends detected:0
Number of Duplicates detected:10
/usr/bin/time -v timeout 600 java -Xmx64g -jar ./enhsp3.jar -o ./domain_with_failure.pddl -f ./problems/BasePN-1And-del-3-d1/problem37.pddl -h blind -s WAStar
Domain parsed
Problem parsed
Grounding..
Grounding Time: 1135
UFX:true
|F|:4027
|X|:3
|A|:191
|P|:0
|E|:0
h(I):0.0
f(n) = 2.0 (Expanded Nodes: 4, Evaluated States: 8, Time: 0.026) Frontier Size: 4
f(n) = 4.0 (Expanded Nodes: 25, Evaluated States: 47, Time: 0.073) Frontier Size: 22
f(n) = 6.0 (Expanded Nodes: 78, Evaluated States: 114, Time: 0.092) Frontier Size: 36
Problem Solved

Found Plan:
0.0: (validate_payload t0 a7 t1)
1.0: (sync_actions a7)
2.0: (add_action a10)
3.0: (check_added_variables_model a10)
4.0: (move_in_model_move_automata a10)
5.0: (validate_payload t1 a12 t2)
6.0: (sync_actions a12)
7.0: (validate_payload t2 a11 t3)
8.0: (sync_actions a11)
9.0: (validate_payload t3 a8 t4)
10.0: (sync_actions a8)
11.0: (validate_payload t4 a1 t5)
12.0: (sync_actions a1)
13.0: (validate_payload t5 a0 t6)
14.0: (sync_actions a0)
15.0: (add_action a2)
16.0: (check_added_variables_model a2)
17.0: (move_in_model_move_automata a2)
18.0: (add_action a9)
19.0: (check_added_variables_model a9)
20.0: (move_in_model_move_automata a9)

Plan-Length:21
Metric (Search):6.0
Planning Time (msec): 96
Heuristic Time (msec): 6
Search Time (msec): 93
Expanded Nodes:95
States Evaluated:135
Number of Dead-Ends detected:0
Number of Duplicates detected:18
/usr/bin/time -v timeout 600 java -Xmx64g -jar ./enhsp3.jar -o ./domain_with_failure.pddl -f ./problems/BasePN-1And-del-3-d1/problem38.pddl -h blind -s WAStar
Domain parsed
Problem parsed
Grounding..
Grounding Time: 1163
UFX:true
|F|:4027
|X|:3
|A|:191
|P|:0
|E|:0
h(I):0.0
f(n) = 2.0 (Expanded Nodes: 2, Evaluated States: 3, Time: 0.015) Frontier Size: 1
f(n) = 4.0 (Expanded Nodes: 6, Evaluated States: 10, Time: 0.052) Frontier Size: 4
f(n) = 6.0 (Expanded Nodes: 18, Evaluated States: 29, Time: 0.062) Frontier Size: 11
Problem Solved

Found Plan:
0.0: (add_action a7)
1.0: (check_added_variables_model a7)
2.0: (move_in_model_move_automata a7)
3.0: (add_action a10)
4.0: (check_added_variables_model a10)
5.0: (move_in_model_move_automata a10)
6.0: (validate_payload t0 a12 t1)
7.0: (sync_actions a12)
8.0: (add_action a11)
9.0: (check_added_variables_model a11)
10.0: (move_in_model_move_automata a11)
11.0: (validate_payload t1 a8 t2)
12.0: (sync_actions a8)
13.0: (validate_payload t2 a0 t3)
14.0: (sync_actions a0)
15.0: (validate_payload t3 a1 t4)
16.0: (sync_actions a1)
17.0: (validate_payload t4 a2 t5)
18.0: (sync_actions a2)
19.0: (validate_payload t5 a9 t6)
20.0: (sync_actions a9)

Plan-Length:21
Metric (Search):6.0
Planning Time (msec): 101
Heuristic Time (msec): 2
Search Time (msec): 94
Expanded Nodes:49
States Evaluated:75
Number of Dead-Ends detected:0
Number of Duplicates detected:6
/usr/bin/time -v timeout 600 java -Xmx64g -jar ./enhsp3.jar -o ./domain_with_failure.pddl -f ./problems/BasePN-1And-del-3-d1/problem39.pddl -h blind -s WAStar
Domain parsed
Problem parsed
Grounding..
Grounding Time: 1221
UFX:true
|F|:4027
|X|:2
|A|:191
|P|:0
|E|:0
h(I):0.0
f(n) = 2.0 (Expanded Nodes: 4, Evaluated States: 8, Time: 0.024) Frontier Size: 4
f(n) = 4.0 (Expanded Nodes: 23, Evaluated States: 43, Time: 0.067) Frontier Size: 20
f(n) = 6.0 (Expanded Nodes: 67, Evaluated States: 99, Time: 0.084) Frontier Size: 32
Problem Solved

Found Plan:
0.0: (validate_payload t0 a7 t1)
1.0: (sync_actions a7)
2.0: (add_action a10)
3.0: (check_added_variables_model a10)
4.0: (move_in_model_move_automata a10)
5.0: (validate_payload t1 a12 t2)
6.0: (sync_actions a12)
7.0: (validate_payload t2 a11 t3)
8.0: (sync_actions a11)
9.0: (validate_payload t3 a8 t4)
10.0: (sync_actions a8)
11.0: (validate_payload t4 a0 t5)
12.0: (sync_actions a0)
13.0: (add_action a1)
14.0: (check_added_variables_model a1)
15.0: (move_in_model_move_automata a1)
16.0: (add_action a2)
17.0: (check_added_variables_model a2)
18.0: (move_in_model_move_automata a2)
19.0: (validate_payload t5 a9 t6)
20.0: (sync_actions a9)

Plan-Length:21
Metric (Search):6.0
Planning Time (msec): 101
Heuristic Time (msec): 2
Search Time (msec): 93
Expanded Nodes:103
States Evaluated:141
Number of Dead-Ends detected:0
Number of Duplicates detected:22
/usr/bin/time -v timeout 600 java -Xmx64g -jar ./enhsp3.jar -o ./domain_with_failure.pddl -f ./problems/BasePN-1And-del-3-d1/problem40.pddl -h blind -s WAStar
Domain parsed
Problem parsed
Grounding..
Grounding Time: 1177
UFX:true
|F|:4027
|X|:3
|A|:191
|P|:0
|E|:0
h(I):0.0
f(n) = 2.0 (Expanded Nodes: 6, Evaluated States: 12, Time: 0.023) Frontier Size: 6
f(n) = 4.0 (Expanded Nodes: 21, Evaluated States: 35, Time: 0.078) Frontier Size: 14
f(n) = 6.0 (Expanded Nodes: 57, Evaluated States: 84, Time: 0.094) Frontier Size: 27
Problem Solved

Found Plan:
0.0: (validate_payload t0 a7 t1)
1.0: (sync_actions a7)
2.0: (validate_payload t1 a10 t2)
3.0: (sync_actions a10)
4.0: (add_action a12)
5.0: (check_added_variables_model a12)
6.0: (move_in_model_move_automata a12)
7.0: (add_action a11)
8.0: (check_added_variables_model a11)
9.0: (move_in_model_move_automata a11)
10.0: (validate_payload t2 a8 t3)
11.0: (sync_actions a8)
12.0: (validate_payload t3 a1 t4)
13.0: (sync_actions a1)
14.0: (validate_payload t4 a2 t5)
15.0: (sync_actions a2)
16.0: (add_action a0)
17.0: (check_added_variables_model a0)
18.0: (move_in_model_move_automata a0)
19.0: (validate_payload t5 a9 t6)
20.0: (sync_actions a9)

Plan-Length:21
Metric (Search):6.0
Planning Time (msec): 109
Heuristic Time (msec): 6
Search Time (msec): 101
Expanded Nodes:69
States Evaluated:99
Number of Dead-Ends detected:0
Number of Duplicates detected:12
/usr/bin/time -v timeout 600 java -Xmx64g -jar ./enhsp3.jar -o ./domain_with_failure.pddl -f ./problems/BasePN-1And-del-3-d1/problem41.pddl -h blind -s WAStar
Domain parsed
Problem parsed
Grounding..
Grounding Time: 1157
UFX:true
|F|:4027
|X|:3
|A|:191
|P|:0
|E|:0
h(I):0.0
f(n) = 2.0 (Expanded Nodes: 4, Evaluated States: 8, Time: 0.022) Frontier Size: 4
f(n) = 4.0 (Expanded Nodes: 15, Evaluated States: 26, Time: 0.061) Frontier Size: 11
f(n) = 6.0 (Expanded Nodes: 47, Evaluated States: 73, Time: 0.075) Frontier Size: 26
Problem Solved

Found Plan:
0.0: (validate_payload t0 a7 t1)
1.0: (sync_actions a7)
2.0: (add_action a10)
3.0: (check_added_variables_model a10)
4.0: (move_in_model_move_automata a10)
5.0: (add_action a12)
6.0: (check_added_variables_model a12)
7.0: (move_in_model_move_automata a12)
8.0: (validate_payload t1 a11 t2)
9.0: (sync_actions a11)
10.0: (validate_payload t2 a8 t3)
11.0: (sync_actions a8)
12.0: (add_action a0)
13.0: (check_added_variables_model a0)
14.0: (move_in_model_move_automata a0)
15.0: (validate_payload t3 a1 t4)
16.0: (sync_actions a1)
17.0: (validate_payload t4 a2 t5)
18.0: (sync_actions a2)
19.0: (validate_payload t5 a9 t6)
20.0: (sync_actions a9)

Plan-Length:21
Metric (Search):6.0
Planning Time (msec): 95
Heuristic Time (msec): 11
Search Time (msec): 88
Expanded Nodes:88
States Evaluated:127
Number of Dead-Ends detected:0
Number of Duplicates detected:17
/usr/bin/time -v timeout 600 java -Xmx64g -jar ./enhsp3.jar -o ./domain_with_failure.pddl -f ./problems/BasePN-1And-del-3-d1/problem42.pddl -h blind -s WAStar
Domain parsed
Problem parsed
Grounding..
Grounding Time: 1081
UFX:true
|F|:4027
|X|:3
|A|:191
|P|:0
|E|:0
h(I):0.0
f(n) = 1.0 (Expanded Nodes: 6, Evaluated States: 16, Time: 0.023) Frontier Size: 10
f(n) = 2.0 (Expanded Nodes: 18, Evaluated States: 34, Time: 0.052) Frontier Size: 16
f(n) = 3.0 (Expanded Nodes: 37, Evaluated States: 78, Time: 0.068) Frontier Size: 41
f(n) = 4.0 (Expanded Nodes: 85, Evaluated States: 154, Time: 0.083) Frontier Size: 69
f(n) = 5.0 (Expanded Nodes: 148, Evaluated States: 230, Time: 0.09) Frontier Size: 82
f(n) = 6.0 (Expanded Nodes: 248, Evaluated States: 400, Time: 0.108) Frontier Size: 152
Problem Solved

Found Plan:
0.0: (validate_payload t0 a7 t1)
1.0: (sync_actions a7)
2.0: (validate_payload t1 a10 t2)
3.0: (sync_actions a10)
4.0: (add_action a12)
5.0: (check_added_variables_model a12)
6.0: (move_in_model_move_automata a12)
7.0: (validate_payload t2 a11 t3)
8.0: (sync_actions a11)
9.0: (validate_payload t3 a8 t4)
10.0: (sync_actions a8)
11.0: (add_action a1)
12.0: (check_added_variables_model a1)
13.0: (move_in_model_move_automata a1)
14.0: (add_action a0)
15.0: (check_added_variables_model a0)
16.0: (move_in_model_move_automata a0)
17.0: (validate_payload t4 a2 t5)
18.0: (sync_actions a2)
19.0: (validate_payload t5 a9 t6)
20.0: (sync_actions a9)

Plan-Length:21
Metric (Search):6.0
Planning Time (msec): 124
Heuristic Time (msec): 7
Search Time (msec): 118
Expanded Nodes:317
States Evaluated:483
Number of Dead-Ends detected:0
Number of Duplicates detected:36
/usr/bin/time -v timeout 600 java -Xmx64g -jar ./enhsp3.jar -o ./domain_with_failure.pddl -f ./problems/BasePN-1And-del-3-d1/problem43.pddl -h blind -s WAStar
Domain parsed
Problem parsed
Grounding..
Grounding Time: 1205
UFX:true
|F|:4027
|X|:4
|A|:191
|P|:0
|E|:0
h(I):0.0
f(n) = 1.0 (Expanded Nodes: 6, Evaluated States: 16, Time: 0.032) Frontier Size: 10
f(n) = 2.0 (Expanded Nodes: 18, Evaluated States: 34, Time: 0.068) Frontier Size: 16
f(n) = 3.0 (Expanded Nodes: 35, Evaluated States: 73, Time: 0.077) Frontier Size: 38
f(n) = 4.0 (Expanded Nodes: 79, Evaluated States: 149, Time: 0.09) Frontier Size: 70
f(n) = 5.0 (Expanded Nodes: 175, Evaluated States: 242, Time: 0.111) Frontier Size: 67
f(n) = 6.0 (Expanded Nodes: 265, Evaluated States: 412, Time: 0.128) Frontier Size: 147
Problem Solved

Found Plan:
0.0: (validate_payload t0 a7 t1)
1.0: (sync_actions a7)
2.0: (validate_payload t1 a10 t2)
3.0: (sync_actions a10)
4.0: (add_action a12)
5.0: (check_added_variables_model a12)
6.0: (move_in_model_move_automata a12)
7.0: (validate_payload t2 a11 t3)
8.0: (sync_actions a11)
9.0: (add_action a8)
10.0: (check_added_variables_model a8)
11.0: (move_in_model_move_automata a8)
12.0: (validate_payload t3 a1 t4)
13.0: (sync_actions a1)
14.0: (validate_payload t4 a2 t5)
15.0: (sync_actions a2)
16.0: (validate_payload t5 a0 t6)
17.0: (sync_actions a0)
18.0: (add_action a9)
19.0: (check_added_variables_model a9)
20.0: (move_in_model_move_automata a9)

Plan-Length:21
Metric (Search):6.0
Planning Time (msec): 141
Heuristic Time (msec): 7
Search Time (msec): 136
Expanded Nodes:339
States Evaluated:470
Number of Dead-Ends detected:0
Number of Duplicates detected:38
/usr/bin/time -v timeout 600 java -Xmx64g -jar ./enhsp3.jar -o ./domain_with_failure.pddl -f ./problems/BasePN-1And-del-3-d1/problem44.pddl -h blind -s WAStar
Domain parsed
Problem parsed
Grounding..
Grounding Time: 1161
UFX:true
|F|:4027
|X|:2
|A|:191
|P|:0
|E|:0
h(I):0.0
f(n) = 2.0 (Expanded Nodes: 4, Evaluated States: 8, Time: 0.028) Frontier Size: 4
f(n) = 4.0 (Expanded Nodes: 21, Evaluated States: 39, Time: 0.082) Frontier Size: 18
f(n) = 6.0 (Expanded Nodes: 62, Evaluated States: 94, Time: 0.098) Frontier Size: 32
Problem Solved

Found Plan:
0.0: (validate_payload t0 a7 t1)
1.0: (sync_actions a7)
2.0: (add_action a10)
3.0: (check_added_variables_model a10)
4.0: (move_in_model_move_automata a10)
5.0: (validate_payload t1 a12 t2)
6.0: (sync_actions a12)
7.0: (validate_payload t2 a11 t3)
8.0: (sync_actions a11)
9.0: (validate_payload t3 a8 t4)
10.0: (sync_actions a8)
11.0: (add_action a0)
12.0: (check_added_variables_model a0)
13.0: (move_in_model_move_automata a0)
14.0: (add_action a1)
15.0: (check_added_variables_model a1)
16.0: (move_in_model_move_automata a1)
17.0: (validate_payload t4 a2 t5)
18.0: (sync_actions a2)
19.0: (validate_payload t5 a9 t6)
20.0: (sync_actions a9)

Plan-Length:21
Metric (Search):6.0
Planning Time (msec): 111
Heuristic Time (msec): 9
Search Time (msec): 106
Expanded Nodes:114
States Evaluated:152
Number of Dead-Ends detected:0
Number of Duplicates detected:25
/usr/bin/time -v timeout 600 java -Xmx64g -jar ./enhsp3.jar -o ./domain_with_failure.pddl -f ./problems/BasePN-1And-del-3-d1/problem45.pddl -h blind -s WAStar
Domain parsed
Problem parsed
Grounding..
Grounding Time: 1143
UFX:true
|F|:4027
|X|:2
|A|:191
|P|:0
|E|:0
h(I):0.0
f(n) = 2.0 (Expanded Nodes: 8, Evaluated States: 16, Time: 0.022) Frontier Size: 8
f(n) = 4.0 (Expanded Nodes: 29, Evaluated States: 49, Time: 0.068) Frontier Size: 20
f(n) = 6.0 (Expanded Nodes: 74, Evaluated States: 106, Time: 0.094) Frontier Size: 32
Problem Solved

Found Plan:
0.0: (validate_payload t0 a7 t1)
1.0: (sync_actions a7)
2.0: (validate_payload t1 a10 t2)
3.0: (sync_actions a10)
4.0: (validate_payload t2 a12 t3)
5.0: (sync_actions a12)
6.0: (add_action a11)
7.0: (check_added_variables_model a11)
8.0: (move_in_model_move_automata a11)
9.0: (validate_payload t3 a8 t4)
10.0: (sync_actions a8)
11.0: (add_action a1)
12.0: (check_added_variables_model a1)
13.0: (move_in_model_move_automata a1)
14.0: (validate_payload t4 a2 t5)
15.0: (sync_actions a2)
16.0: (add_action a0)
17.0: (check_added_variables_model a0)
18.0: (move_in_model_move_automata a0)
19.0: (validate_payload t5 a9 t6)
20.0: (sync_actions a9)

Plan-Length:21
Metric (Search):6.0
Planning Time (msec): 106
Heuristic Time (msec): 7
Search Time (msec): 97
Expanded Nodes:117
States Evaluated:153
Number of Dead-Ends detected:0
Number of Duplicates detected:27
/usr/bin/time -v timeout 600 java -Xmx64g -jar ./enhsp3.jar -o ./domain_with_failure.pddl -f ./problems/BasePN-1And-del-3-d1/problem46.pddl -h blind -s WAStar
Domain parsed
Problem parsed
Grounding..
Grounding Time: 1086
UFX:true
|F|:4027
|X|:3
|A|:191
|P|:0
|E|:0
h(I):0.0
f(n) = 1.0 (Expanded Nodes: 6, Evaluated States: 16, Time: 0.023) Frontier Size: 10
f(n) = 2.0 (Expanded Nodes: 18, Evaluated States: 34, Time: 0.056) Frontier Size: 16
f(n) = 3.0 (Expanded Nodes: 33, Evaluated States: 69, Time: 0.066) Frontier Size: 36
f(n) = 4.0 (Expanded Nodes: 65, Evaluated States: 107, Time: 0.073) Frontier Size: 42
f(n) = 5.0 (Expanded Nodes: 121, Evaluated States: 175, Time: 0.092) Frontier Size: 54
f(n) = 6.0 (Expanded Nodes: 191, Evaluated States: 293, Time: 0.101) Frontier Size: 102
Problem Solved

Found Plan:
0.0: (validate_payload t0 a7 t1)
1.0: (sync_actions a7)
2.0: (validate_payload t1 a10 t2)
3.0: (sync_actions a10)
4.0: (add_action a12)
5.0: (check_added_variables_model a12)
6.0: (move_in_model_move_automata a12)
7.0: (add_action a11)
8.0: (check_added_variables_model a11)
9.0: (move_in_model_move_automata a11)
10.0: (validate_payload t2 a8 t3)
11.0: (sync_actions a8)
12.0: (validate_payload t3 a0 t4)
13.0: (sync_actions a0)
14.0: (validate_payload t4 a1 t5)
15.0: (sync_actions a1)
16.0: (add_action a2)
17.0: (check_added_variables_model a2)
18.0: (move_in_model_move_automata a2)
19.0: (validate_payload t5 a9 t6)
20.0: (sync_actions a9)

Plan-Length:21
Metric (Search):6.0
Planning Time (msec): 122
Heuristic Time (msec): 7
Search Time (msec): 113
Expanded Nodes:282
States Evaluated:382
Number of Dead-Ends detected:0
Number of Duplicates detected:33
/usr/bin/time -v timeout 600 java -Xmx64g -jar ./enhsp3.jar -o ./domain_with_failure.pddl -f ./problems/BasePN-1And-del-3-d1/problem47.pddl -h blind -s WAStar
Domain parsed
Problem parsed
Grounding..
Grounding Time: 1127
UFX:true
|F|:4027
|X|:3
|A|:191
|P|:0
|E|:0
h(I):0.0
f(n) = 1.0 (Expanded Nodes: 2, Evaluated States: 7, Time: 0.016) Frontier Size: 5
f(n) = 2.0 (Expanded Nodes: 6, Evaluated States: 7, Time: 0.044) Frontier Size: 1
f(n) = 3.0 (Expanded Nodes: 12, Evaluated States: 22, Time: 0.054) Frontier Size: 10
f(n) = 4.0 (Expanded Nodes: 24, Evaluated States: 40, Time: 0.062) Frontier Size: 16
f(n) = 5.0 (Expanded Nodes: 46, Evaluated States: 86, Time: 0.072) Frontier Size: 40
f(n) = 6.0 (Expanded Nodes: 106, Evaluated States: 202, Time: 0.09) Frontier Size: 96
Problem Solved

Found Plan:
0.0: (add_action a7)
1.0: (check_added_variables_model a7)
2.0: (move_in_model_move_automata a7)
3.0: (validate_payload t0 a10 t1)
4.0: (sync_actions a10)
5.0: (add_action a12)
6.0: (check_added_variables_model a12)
7.0: (move_in_model_move_automata a12)
8.0: (validate_payload t1 a11 t2)
9.0: (sync_actions a11)
10.0: (validate_payload t2 a8 t3)
11.0: (sync_actions a8)
12.0: (validate_payload t3 a1 t4)
13.0: (sync_actions a1)
14.0: (validate_payload t4 a2 t5)
15.0: (sync_actions a2)
16.0: (add_action a0)
17.0: (check_added_variables_model a0)
18.0: (move_in_model_move_automata a0)
19.0: (validate_payload t5 a9 t6)
20.0: (sync_actions a9)

Plan-Length:21
Metric (Search):6.0
Planning Time (msec): 102
Heuristic Time (msec): 6
Search Time (msec): 100
Expanded Nodes:171
States Evaluated:283
Number of Dead-Ends detected:0
Number of Duplicates detected:13
/usr/bin/time -v timeout 600 java -Xmx64g -jar ./enhsp3.jar -o ./domain_with_failure.pddl -f ./problems/BasePN-1And-del-3-d1/problem48.pddl -h blind -s WAStar
Domain parsed
Problem parsed
Grounding..
Grounding Time: 1215
UFX:true
|F|:4027
|X|:4
|A|:191
|P|:0
|E|:0
h(I):0.0
f(n) = 1.0 (Expanded Nodes: 8, Evaluated States: 20, Time: 0.039) Frontier Size: 12
f(n) = 2.0 (Expanded Nodes: 28, Evaluated States: 56, Time: 0.079) Frontier Size: 28
f(n) = 3.0 (Expanded Nodes: 51, Evaluated States: 106, Time: 0.092) Frontier Size: 55
f(n) = 4.0 (Expanded Nodes: 121, Evaluated States: 238, Time: 0.099) Frontier Size: 117
f(n) = 5.0 (Expanded Nodes: 256, Evaluated States: 389, Time: 0.124) Frontier Size: 133
f(n) = 6.0 (Expanded Nodes: 402, Evaluated States: 649, Time: 0.136) Frontier Size: 247
Problem Solved

Found Plan:
0.0: (validate_payload t0 a7 t1)
1.0: (sync_actions a7)
2.0: (validate_payload t1 a10 t2)
3.0: (sync_actions a10)
4.0: (validate_payload t2 a12 t3)
5.0: (sync_actions a12)
6.0: (add_action a11)
7.0: (check_added_variables_model a11)
8.0: (move_in_model_move_automata a11)
9.0: (validate_payload t3 a8 t4)
10.0: (sync_actions a8)
11.0: (add_action a0)
12.0: (check_added_variables_model a0)
13.0: (move_in_model_move_automata a0)
14.0: (validate_payload t4 a1 t5)
15.0: (sync_actions a1)
16.0: (add_action a2)
17.0: (check_added_variables_model a2)
18.0: (move_in_model_move_automata a2)
19.0: (validate_payload t5 a9 t6)
20.0: (sync_actions a9)

Plan-Length:21
Metric (Search):6.0
Planning Time (msec): 151
Heuristic Time (msec): 3
Search Time (msec): 144
Expanded Nodes:437
States Evaluated:692
Number of Dead-Ends detected:0
Number of Duplicates detected:47
/usr/bin/time -v timeout 600 java -Xmx64g -jar ./enhsp3.jar -o ./domain_with_failure.pddl -f ./problems/BasePN-1And-del-3-d1/problem49.pddl -h blind -s WAStar
Domain parsed
Problem parsed
Grounding..
Grounding Time: 1089
UFX:true
|F|:4027
|X|:2
|A|:191
|P|:0
|E|:0
h(I):0.0
f(n) = 2.0 (Expanded Nodes: 12, Evaluated States: 25, Time: 0.027) Frontier Size: 13
f(n) = 4.0 (Expanded Nodes: 44, Evaluated States: 72, Time: 0.076) Frontier Size: 28
f(n) = 6.0 (Expanded Nodes: 106, Evaluated States: 137, Time: 0.087) Frontier Size: 31
Problem Solved

Found Plan:
0.0: (validate_payload t0 a7 t1)
1.0: (sync_actions a7)
2.0: (validate_payload t1 a10 t2)
3.0: (sync_actions a10)
4.0: (validate_payload t2 a12 t3)
5.0: (sync_actions a12)
6.0: (validate_payload t3 a11 t4)
7.0: (sync_actions a11)
8.0: (validate_payload t4 a8 t5)
9.0: (sync_actions a8)
10.0: (add_action a1)
11.0: (check_added_variables_model a1)
12.0: (move_in_model_move_automata a1)
13.0: (validate_payload t5 a2 t6)
14.0: (sync_actions a2)
15.0: (add_action a0)
16.0: (check_added_variables_model a0)
17.0: (move_in_model_move_automata a0)
18.0: (add_action a9)
19.0: (check_added_variables_model a9)
20.0: (move_in_model_move_automata a9)

Plan-Length:21
Metric (Search):6.0
Planning Time (msec): 96
Heuristic Time (msec): 2
Search Time (msec): 88
Expanded Nodes:122
States Evaluated:156
Number of Dead-Ends detected:0
Number of Duplicates detected:27
/usr/bin/time -v timeout 600 java -Xmx64g -jar ./enhsp3.jar -o ./domain_with_failure.pddl -f ./problems/BasePN-1And-del-3-d1/problem50.pddl -h blind -s WAStar
Domain parsed
Problem parsed
Grounding..
Grounding Time: 1067
UFX:true
|F|:4027
|X|:2
|A|:191
|P|:0
|E|:0
h(I):0.0
f(n) = 2.0 (Expanded Nodes: 4, Evaluated States: 8, Time: 0.025) Frontier Size: 4
f(n) = 4.0 (Expanded Nodes: 17, Evaluated States: 30, Time: 0.065) Frontier Size: 13
f(n) = 6.0 (Expanded Nodes: 49, Evaluated States: 73, Time: 0.082) Frontier Size: 24
Problem Solved

Found Plan:
0.0: (validate_payload t0 a7 t1)
1.0: (sync_actions a7)
2.0: (add_action a10)
3.0: (check_added_variables_model a10)
4.0: (move_in_model_move_automata a10)
5.0: (validate_payload t1 a12 t2)
6.0: (sync_actions a12)
7.0: (add_action a11)
8.0: (check_added_variables_model a11)
9.0: (move_in_model_move_automata a11)
10.0: (validate_payload t2 a8 t3)
11.0: (sync_actions a8)
12.0: (add_action a1)
13.0: (check_added_variables_model a1)
14.0: (move_in_model_move_automata a1)
15.0: (validate_payload t3 a0 t4)
16.0: (sync_actions a0)
17.0: (validate_payload t4 a2 t5)
18.0: (sync_actions a2)
19.0: (validate_payload t5 a9 t6)
20.0: (sync_actions a9)

Plan-Length:21
Metric (Search):6.0
Planning Time (msec): 95
Heuristic Time (msec): 9
Search Time (msec): 90
Expanded Nodes:92
States Evaluated:128
Number of Dead-Ends detected:0
Number of Duplicates detected:19
/usr/bin/time -v timeout 600 java -Xmx64g -jar ./enhsp3.jar -o ./domain_with_failure.pddl -f ./problems/BasePN-1And-del-3-d1/problem51.pddl -h blind -s WAStar
Domain parsed
Problem parsed
Grounding..
Grounding Time: 1157
UFX:true
|F|:4027
|X|:3
|A|:191
|P|:0
|E|:0
h(I):0.0
f(n) = 2.0 (Expanded Nodes: 4, Evaluated States: 8, Time: 0.023) Frontier Size: 4
f(n) = 4.0 (Expanded Nodes: 15, Evaluated States: 26, Time: 0.074) Frontier Size: 11
f(n) = 6.0 (Expanded Nodes: 47, Evaluated States: 73, Time: 0.094) Frontier Size: 26
Problem Solved

Found Plan:
0.0: (validate_payload t0 a7 t1)
1.0: (sync_actions a7)
2.0: (add_action a10)
3.0: (check_added_variables_model a10)
4.0: (move_in_model_move_automata a10)
5.0: (add_action a12)
6.0: (check_added_variables_model a12)
7.0: (move_in_model_move_automata a12)
8.0: (validate_payload t1 a11 t2)
9.0: (sync_actions a11)
10.0: (validate_payload t2 a8 t3)
11.0: (sync_actions a8)
12.0: (add_action a0)
13.0: (check_added_variables_model a0)
14.0: (move_in_model_move_automata a0)
15.0: (validate_payload t3 a1 t4)
16.0: (sync_actions a1)
17.0: (validate_payload t4 a2 t5)
18.0: (sync_actions a2)
19.0: (validate_payload t5 a9 t6)
20.0: (sync_actions a9)

Plan-Length:21
Metric (Search):6.0
Planning Time (msec): 108
Heuristic Time (msec): 12
Search Time (msec): 99
Expanded Nodes:88
States Evaluated:127
Number of Dead-Ends detected:0
Number of Duplicates detected:17
/usr/bin/time -v timeout 600 java -Xmx64g -jar ./enhsp3.jar -o ./domain_with_failure.pddl -f ./problems/BasePN-1And-del-3-d1/problem52.pddl -h blind -s WAStar
Domain parsed
Problem parsed
Grounding..
Grounding Time: 1284
UFX:true
|F|:4027
|X|:4
|A|:191
|P|:0
|E|:0
h(I):0.0
f(n) = 1.0 (Expanded Nodes: 2, Evaluated States: 7, Time: 0.022) Frontier Size: 5
f(n) = 2.0 (Expanded Nodes: 6, Evaluated States: 7, Time: 0.058) Frontier Size: 1
f(n) = 3.0 (Expanded Nodes: 14, Evaluated States: 28, Time: 0.065) Frontier Size: 14
f(n) = 4.0 (Expanded Nodes: 34, Evaluated States: 64, Time: 0.072) Frontier Size: 30
f(n) = 5.0 (Expanded Nodes: 64, Evaluated States: 136, Time: 0.084) Frontier Size: 72
f(n) = 6.0 (Expanded Nodes: 190, Evaluated States: 342, Time: 0.11) Frontier Size: 152
Problem Solved

Found Plan:
0.0: (add_action a7)
1.0: (check_added_variables_model a7)
2.0: (move_in_model_move_automata a7)
3.0: (validate_payload t0 a10 t1)
4.0: (sync_actions a10)
5.0: (validate_payload t1 a12 t2)
6.0: (sync_actions a12)
7.0: (add_action a11)
8.0: (check_added_variables_model a11)
9.0: (move_in_model_move_automata a11)
10.0: (validate_payload t2 a8 t3)
11.0: (sync_actions a8)
12.0: (validate_payload t3 a1 t4)
13.0: (sync_actions a1)
14.0: (validate_payload t4 a2 t5)
15.0: (sync_actions a2)
16.0: (add_action a0)
17.0: (check_added_variables_model a0)
18.0: (move_in_model_move_automata a0)
19.0: (validate_payload t5 a9 t6)
20.0: (sync_actions a9)

Plan-Length:21
Metric (Search):6.0
Planning Time (msec): 134
Heuristic Time (msec): 8
Search Time (msec): 124
Expanded Nodes:291
States Evaluated:495
Number of Dead-Ends detected:0
Number of Duplicates detected:16
/usr/bin/time -v timeout 600 java -Xmx64g -jar ./enhsp3.jar -o ./domain_with_failure.pddl -f ./problems/BasePN-1And-del-3-d1/problem53.pddl -h blind -s WAStar
Domain parsed
Problem parsed
Grounding..
Grounding Time: 1121
UFX:true
|F|:4027
|X|:4
|A|:191
|P|:0
|E|:0
h(I):0.0
f(n) = 1.0 (Expanded Nodes: 2, Evaluated States: 7, Time: 0.021) Frontier Size: 5
f(n) = 2.0 (Expanded Nodes: 6, Evaluated States: 7, Time: 0.057) Frontier Size: 1
f(n) = 3.0 (Expanded Nodes: 12, Evaluated States: 23, Time: 0.066) Frontier Size: 11
f(n) = 4.0 (Expanded Nodes: 24, Evaluated States: 41, Time: 0.067) Frontier Size: 17
f(n) = 5.0 (Expanded Nodes: 50, Evaluated States: 102, Time: 0.081) Frontier Size: 52
f(n) = 6.0 (Expanded Nodes: 148, Evaluated States: 268, Time: 0.099) Frontier Size: 120
Problem Solved

Found Plan:
0.0: (add_action a7)
1.0: (check_added_variables_model a7)
2.0: (move_in_model_move_automata a7)
3.0: (validate_payload t0 a10 t1)
4.0: (sync_actions a10)
5.0: (add_action a12)
6.0: (check_added_variables_model a12)
7.0: (move_in_model_move_automata a12)
8.0: (validate_payload t1 a11 t2)
9.0: (sync_actions a11)
10.0: (validate_payload t2 a8 t3)
11.0: (sync_actions a8)
12.0: (validate_payload t3 a0 t4)
13.0: (sync_actions a0)
14.0: (validate_payload t4 a1 t5)
15.0: (sync_actions a1)
16.0: (validate_payload t5 a2 t6)
17.0: (sync_actions a2)
18.0: (add_action a9)
19.0: (check_added_variables_model a9)
20.0: (move_in_model_move_automata a9)

Plan-Length:21
Metric (Search):6.0
Planning Time (msec): 150
Heuristic Time (msec): 8
Search Time (msec): 136
Expanded Nodes:266
States Evaluated:457
Number of Dead-Ends detected:0
Number of Duplicates detected:10
/usr/bin/time -v timeout 600 java -Xmx64g -jar ./enhsp3.jar -o ./domain_with_failure.pddl -f ./problems/BasePN-1And-del-3-d1/problem54.pddl -h blind -s WAStar
Domain parsed
Problem parsed
Grounding..
Grounding Time: 1147
UFX:true
|F|:4027
|X|:3
|A|:191
|P|:0
|E|:0
h(I):0.0
f(n) = 2.0 (Expanded Nodes: 2, Evaluated States: 3, Time: 0.02) Frontier Size: 1
f(n) = 4.0 (Expanded Nodes: 6, Evaluated States: 10, Time: 0.066) Frontier Size: 4
f(n) = 6.0 (Expanded Nodes: 16, Evaluated States: 25, Time: 0.071) Frontier Size: 9
Problem Solved

Found Plan:
0.0: (add_action a7)
1.0: (check_added_variables_model a7)
2.0: (move_in_model_move_automata a7)
3.0: (add_action a10)
4.0: (check_added_variables_model a10)
5.0: (move_in_model_move_automata a10)
6.0: (add_action a12)
7.0: (check_added_variables_model a12)
8.0: (move_in_model_move_automata a12)
9.0: (validate_payload t0 a11 t1)
10.0: (sync_actions a11)
11.0: (validate_payload t1 a8 t2)
12.0: (sync_actions a8)
13.0: (validate_payload t2 a0 t3)
14.0: (sync_actions a0)
15.0: (validate_payload t3 a1 t4)
16.0: (sync_actions a1)
17.0: (validate_payload t4 a2 t5)
18.0: (sync_actions a2)
19.0: (validate_payload t5 a9 t6)
20.0: (sync_actions a9)

Plan-Length:21
Metric (Search):6.0
Planning Time (msec): 93
Heuristic Time (msec): 5
Search Time (msec): 86
Expanded Nodes:45
States Evaluated:70
Number of Dead-Ends detected:0
Number of Duplicates detected:5
/usr/bin/time -v timeout 600 java -Xmx64g -jar ./enhsp3.jar -o ./domain_with_failure.pddl -f ./problems/BasePN-1And-del-3-d1/problem55.pddl -h blind -s WAStar
Domain parsed
Problem parsed
Grounding..
Grounding Time: 1110
UFX:true
|F|:4027
|X|:4
|A|:191
|P|:0
|E|:0
h(I):0.0
f(n) = 1.0 (Expanded Nodes: 2, Evaluated States: 7, Time: 0.021) Frontier Size: 5
f(n) = 2.0 (Expanded Nodes: 6, Evaluated States: 7, Time: 0.046) Frontier Size: 1
f(n) = 3.0 (Expanded Nodes: 12, Evaluated States: 23, Time: 0.053) Frontier Size: 11
f(n) = 4.0 (Expanded Nodes: 24, Evaluated States: 41, Time: 0.059) Frontier Size: 17
f(n) = 5.0 (Expanded Nodes: 48, Evaluated States: 100, Time: 0.071) Frontier Size: 52
f(n) = 6.0 (Expanded Nodes: 138, Evaluated States: 266, Time: 0.092) Frontier Size: 128
Problem Solved

Found Plan:
0.0: (add_action a7)
1.0: (check_added_variables_model a7)
2.0: (move_in_model_move_automata a7)
3.0: (validate_payload t0 a10 t1)
4.0: (sync_actions a10)
5.0: (add_action a12)
6.0: (check_added_variables_model a12)
7.0: (move_in_model_move_automata a12)
8.0: (validate_payload t1 a11 t2)
9.0: (sync_actions a11)
10.0: (validate_payload t2 a8 t3)
11.0: (sync_actions a8)
12.0: (add_action a0)
13.0: (check_added_variables_model a0)
14.0: (move_in_model_move_automata a0)
15.0: (validate_payload t3 a1 t4)
16.0: (sync_actions a1)
17.0: (validate_payload t4 a2 t5)
18.0: (sync_actions a2)
19.0: (validate_payload t5 a9 t6)
20.0: (sync_actions a9)

Plan-Length:21
Metric (Search):6.0
Planning Time (msec): 112
Heuristic Time (msec): 6
Search Time (msec): 106
Expanded Nodes:210
States Evaluated:389
Number of Dead-Ends detected:0
Number of Duplicates detected:10
/usr/bin/time -v timeout 600 java -Xmx64g -jar ./enhsp3.jar -o ./domain_with_failure.pddl -f ./problems/BasePN-1And-del-3-d1/problem56.pddl -h blind -s WAStar
Domain parsed
Problem parsed
Grounding..
Grounding Time: 1126
UFX:true
|F|:4027
|X|:3
|A|:191
|P|:0
|E|:0
h(I):0.0
f(n) = 2.0 (Expanded Nodes: 4, Evaluated States: 8, Time: 0.023) Frontier Size: 4
f(n) = 4.0 (Expanded Nodes: 15, Evaluated States: 26, Time: 0.064) Frontier Size: 11
f(n) = 6.0 (Expanded Nodes: 47, Evaluated States: 73, Time: 0.075) Frontier Size: 26
Problem Solved

Found Plan:
0.0: (validate_payload t0 a7 t1)
1.0: (sync_actions a7)
2.0: (add_action a10)
3.0: (check_added_variables_model a10)
4.0: (move_in_model_move_automata a10)
5.0: (add_action a12)
6.0: (check_added_variables_model a12)
7.0: (move_in_model_move_automata a12)
8.0: (validate_payload t1 a11 t2)
9.0: (sync_actions a11)
10.0: (validate_payload t2 a8 t3)
11.0: (sync_actions a8)
12.0: (add_action a0)
13.0: (check_added_variables_model a0)
14.0: (move_in_model_move_automata a0)
15.0: (validate_payload t3 a1 t4)
16.0: (sync_actions a1)
17.0: (validate_payload t4 a2 t5)
18.0: (sync_actions a2)
19.0: (validate_payload t5 a9 t6)
20.0: (sync_actions a9)

Plan-Length:21
Metric (Search):6.0
Planning Time (msec): 87
Heuristic Time (msec): 6
Search Time (msec): 84
Expanded Nodes:88
States Evaluated:127
Number of Dead-Ends detected:0
Number of Duplicates detected:17
/usr/bin/time -v timeout 600 java -Xmx64g -jar ./enhsp3.jar -o ./domain_with_failure.pddl -f ./problems/BasePN-1And-del-3-d1/problem57.pddl -h blind -s WAStar
Domain parsed
Problem parsed
Grounding..
Grounding Time: 1145
UFX:true
|F|:4027
|X|:2
|A|:191
|P|:0
|E|:0
h(I):0.0
f(n) = 2.0 (Expanded Nodes: 8, Evaluated States: 16, Time: 0.019) Frontier Size: 8
f(n) = 4.0 (Expanded Nodes: 29, Evaluated States: 49, Time: 0.084) Frontier Size: 20
f(n) = 6.0 (Expanded Nodes: 78, Evaluated States: 112, Time: 0.097) Frontier Size: 34
Problem Solved

Found Plan:
0.0: (validate_payload t0 a7 t1)
1.0: (sync_actions a7)
2.0: (validate_payload t1 a10 t2)
3.0: (sync_actions a10)
4.0: (validate_payload t2 a12 t3)
5.0: (sync_actions a12)
6.0: (add_action a11)
7.0: (check_added_variables_model a11)
8.0: (move_in_model_move_automata a11)
9.0: (validate_payload t3 a8 t4)
10.0: (sync_actions a8)
11.0: (add_action a1)
12.0: (check_added_variables_model a1)
13.0: (move_in_model_move_automata a1)
14.0: (validate_payload t4 a2 t5)
15.0: (sync_actions a2)
16.0: (validate_payload t5 a0 t6)
17.0: (sync_actions a0)
18.0: (add_action a9)
19.0: (check_added_variables_model a9)
20.0: (move_in_model_move_automata a9)

Plan-Length:21
Metric (Search):6.0
Planning Time (msec): 116
Heuristic Time (msec): 2
Search Time (msec): 110
Expanded Nodes:122
States Evaluated:160
Number of Dead-Ends detected:0
Number of Duplicates detected:28
/usr/bin/time -v timeout 600 java -Xmx64g -jar ./enhsp3.jar -o ./domain_with_failure.pddl -f ./problems/BasePN-1And-del-3-d1/problem58.pddl -h blind -s WAStar
Domain parsed
Problem parsed
Grounding..
Grounding Time: 1066
UFX:true
|F|:4027
|X|:4
|A|:191
|P|:0
|E|:0
h(I):0.0
f(n) = 1.0 (Expanded Nodes: 6, Evaluated States: 17, Time: 0.021) Frontier Size: 11
f(n) = 2.0 (Expanded Nodes: 18, Evaluated States: 35, Time: 0.057) Frontier Size: 17
f(n) = 3.0 (Expanded Nodes: 40, Evaluated States: 94, Time: 0.074) Frontier Size: 54
f(n) = 4.0 (Expanded Nodes: 114, Evaluated States: 188, Time: 0.093) Frontier Size: 74
f(n) = 5.0 (Expanded Nodes: 218, Evaluated States: 312, Time: 0.11) Frontier Size: 94
f(n) = 6.0 (Expanded Nodes: 370, Evaluated States: 548, Time: 0.127) Frontier Size: 178
Problem Solved

Found Plan:
0.0: (validate_payload t0 a7 t1)
1.0: (sync_actions a7)
2.0: (validate_payload t1 a10 t2)
3.0: (sync_actions a10)
4.0: (add_action a12)
5.0: (check_added_variables_model a12)
6.0: (move_in_model_move_automata a12)
7.0: (validate_payload t2 a11 t3)
8.0: (sync_actions a11)
9.0: (add_action a8)
10.0: (check_added_variables_model a8)
11.0: (move_in_model_move_automata a8)
12.0: (validate_payload t3 a1 t4)
13.0: (sync_actions a1)
14.0: (validate_payload t4 a2 t5)
15.0: (sync_actions a2)
16.0: (validate_payload t5 a0 t6)
17.0: (sync_actions a0)
18.0: (add_action a9)
19.0: (check_added_variables_model a9)
20.0: (move_in_model_move_automata a9)

Plan-Length:21
Metric (Search):6.0
Planning Time (msec): 150
Heuristic Time (msec): 7
Search Time (msec): 147
Expanded Nodes:446
States Evaluated:657
Number of Dead-Ends detected:0
Number of Duplicates detected:42
/usr/bin/time -v timeout 600 java -Xmx64g -jar ./enhsp3.jar -o ./domain_with_failure.pddl -f ./problems/BasePN-1And-del-3-d1/problem59.pddl -h blind -s WAStar
Domain parsed
Problem parsed
Grounding..
Grounding Time: 1078
UFX:true
|F|:4027
|X|:3
|A|:191
|P|:0
|E|:0
h(I):0.0
f(n) = 1.0 (Expanded Nodes: 12, Evaluated States: 29, Time: 0.031) Frontier Size: 17
f(n) = 2.0 (Expanded Nodes: 48, Evaluated States: 103, Time: 0.072) Frontier Size: 55
f(n) = 3.0 (Expanded Nodes: 80, Evaluated States: 162, Time: 0.097) Frontier Size: 82
f(n) = 4.0 (Expanded Nodes: 188, Evaluated States: 334, Time: 0.114) Frontier Size: 146
f(n) = 5.0 (Expanded Nodes: 350, Evaluated States: 515, Time: 0.134) Frontier Size: 165
f(n) = 6.0 (Expanded Nodes: 542, Evaluated States: 783, Time: 0.159) Frontier Size: 241
Problem Solved

Found Plan:
0.0: (validate_payload t0 a7 t1)
1.0: (sync_actions a7)
2.0: (validate_payload t1 a10 t2)
3.0: (sync_actions a10)
4.0: (validate_payload t2 a12 t3)
5.0: (sync_actions a12)
6.0: (validate_payload t3 a11 t4)
7.0: (sync_actions a11)
8.0: (validate_payload t4 a8 t5)
9.0: (sync_actions a8)
10.0: (add_action a1)
11.0: (check_added_variables_model a1)
12.0: (move_in_model_move_automata a1)
13.0: (add_action a0)
14.0: (check_added_variables_model a0)
15.0: (move_in_model_move_automata a0)
16.0: (validate_payload t5 a2 t6)
17.0: (sync_actions a2)
18.0: (add_action a9)
19.0: (check_added_variables_model a9)
20.0: (move_in_model_move_automata a9)

Plan-Length:21
Metric (Search):6.0
Planning Time (msec): 172
Heuristic Time (msec): 8
Search Time (msec): 165
Expanded Nodes:597
States Evaluated:838
Number of Dead-Ends detected:0
Number of Duplicates detected:109
/usr/bin/time -v timeout 600 java -Xmx64g -jar ./enhsp3.jar -o ./domain_with_failure.pddl -f ./problems/BasePN-1And-del-3-d1/problem60.pddl -h blind -s WAStar
Domain parsed
Problem parsed
Grounding..
Grounding Time: 1231
UFX:true
|F|:4027
|X|:4
|A|:191
|P|:0
|E|:0
h(I):0.0
f(n) = 1.0 (Expanded Nodes: 2, Evaluated States: 7, Time: 0.019) Frontier Size: 5
f(n) = 2.0 (Expanded Nodes: 6, Evaluated States: 7, Time: 0.055) Frontier Size: 1
f(n) = 3.0 (Expanded Nodes: 16, Evaluated States: 34, Time: 0.064) Frontier Size: 18
f(n) = 4.0 (Expanded Nodes: 50, Evaluated States: 88, Time: 0.072) Frontier Size: 38
f(n) = 5.0 (Expanded Nodes: 94, Evaluated States: 158, Time: 0.083) Frontier Size: 64
f(n) = 6.0 (Expanded Nodes: 182, Evaluated States: 270, Time: 0.1) Frontier Size: 88
Problem Solved

Found Plan:
0.0: (add_action a7)
1.0: (check_added_variables_model a7)
2.0: (move_in_model_move_automata a7)
3.0: (validate_payload t0 a10 t1)
4.0: (sync_actions a10)
5.0: (validate_payload t1 a12 t2)
6.0: (sync_actions a12)
7.0: (add_action a11)
8.0: (check_added_variables_model a11)
9.0: (move_in_model_move_automata a11)
10.0: (add_action a8)
11.0: (check_added_variables_model a8)
12.0: (move_in_model_move_automata a8)
13.0: (validate_payload t2 a1 t3)
14.0: (sync_actions a1)
15.0: (validate_payload t3 a0 t4)
16.0: (sync_actions a0)
17.0: (validate_payload t4 a2 t5)
18.0: (sync_actions a2)
19.0: (validate_payload t5 a9 t6)
20.0: (sync_actions a9)

Plan-Length:21
Metric (Search):6.0
Planning Time (msec): 128
Heuristic Time (msec): 2
Search Time (msec): 119
Expanded Nodes:302
States Evaluated:403
Number of Dead-Ends detected:0
Number of Duplicates detected:31
/usr/bin/time -v timeout 600 java -Xmx64g -jar ./enhsp3.jar -o ./domain_with_failure.pddl -f ./problems/BasePN-1And-del-3-d1/problem61.pddl -h blind -s WAStar
Domain parsed
Problem parsed
Grounding..
Grounding Time: 1287
UFX:true
|F|:4027
|X|:4
|A|:191
|P|:0
|E|:0
h(I):0.0
f(n) = 1.0 (Expanded Nodes: 2, Evaluated States: 7, Time: 0.02) Frontier Size: 5
f(n) = 2.0 (Expanded Nodes: 6, Evaluated States: 7, Time: 0.052) Frontier Size: 1
f(n) = 3.0 (Expanded Nodes: 18, Evaluated States: 39, Time: 0.061) Frontier Size: 21
f(n) = 4.0 (Expanded Nodes: 60, Evaluated States: 111, Time: 0.07) Frontier Size: 51
f(n) = 5.0 (Expanded Nodes: 113, Evaluated States: 201, Time: 0.087) Frontier Size: 88
f(n) = 6.0 (Expanded Nodes: 257, Evaluated States: 425, Time: 0.103) Frontier Size: 168
Problem Solved

Found Plan:
0.0: (add_action a7)
1.0: (check_added_variables_model a7)
2.0: (move_in_model_move_automata a7)
3.0: (validate_payload t0 a10 t1)
4.0: (sync_actions a10)
5.0: (validate_payload t1 a12 t2)
6.0: (sync_actions a12)
7.0: (validate_payload t2 a11 t3)
8.0: (sync_actions a11)
9.0: (add_action a8)
10.0: (check_added_variables_model a8)
11.0: (move_in_model_move_automata a8)
12.0: (validate_payload t3 a1 t4)
13.0: (sync_actions a1)
14.0: (add_action a2)
15.0: (check_added_variables_model a2)
16.0: (move_in_model_move_automata a2)
17.0: (validate_payload t4 a0 t5)
18.0: (sync_actions a0)
19.0: (validate_payload t5 a9 t6)
20.0: (sync_actions a9)

Plan-Length:21
Metric (Search):6.0
Planning Time (msec): 126
Heuristic Time (msec): 6
Search Time (msec): 123
Expanded Nodes:400
States Evaluated:626
Number of Dead-Ends detected:0
Number of Duplicates detected:30
/usr/bin/time -v timeout 600 java -Xmx64g -jar ./enhsp3.jar -o ./domain_with_failure.pddl -f ./problems/BasePN-1And-del-3-d1/problem62.pddl -h blind -s WAStar
Domain parsed
Problem parsed
Grounding..
Grounding Time: 1070
UFX:true
|F|:4027
|X|:4
|A|:191
|P|:0
|E|:0
h(I):0.0
f(n) = 1.0 (Expanded Nodes: 2, Evaluated States: 7, Time: 0.02) Frontier Size: 5
f(n) = 2.0 (Expanded Nodes: 6, Evaluated States: 7, Time: 0.05) Frontier Size: 1
f(n) = 3.0 (Expanded Nodes: 14, Evaluated States: 28, Time: 0.053) Frontier Size: 14
f(n) = 4.0 (Expanded Nodes: 34, Evaluated States: 64, Time: 0.065) Frontier Size: 30
f(n) = 5.0 (Expanded Nodes: 64, Evaluated States: 136, Time: 0.082) Frontier Size: 72
f(n) = 6.0 (Expanded Nodes: 190, Evaluated States: 342, Time: 0.101) Frontier Size: 152
Problem Solved

Found Plan:
0.0: (add_action a7)
1.0: (check_added_variables_model a7)
2.0: (move_in_model_move_automata a7)
3.0: (validate_payload t0 a10 t1)
4.0: (sync_actions a10)
5.0: (validate_payload t1 a12 t2)
6.0: (sync_actions a12)
7.0: (add_action a11)
8.0: (check_added_variables_model a11)
9.0: (move_in_model_move_automata a11)
10.0: (validate_payload t2 a8 t3)
11.0: (sync_actions a8)
12.0: (validate_payload t3 a1 t4)
13.0: (sync_actions a1)
14.0: (validate_payload t4 a2 t5)
15.0: (sync_actions a2)
16.0: (add_action a0)
17.0: (check_added_variables_model a0)
18.0: (move_in_model_move_automata a0)
19.0: (validate_payload t5 a9 t6)
20.0: (sync_actions a9)

Plan-Length:21
Metric (Search):6.0
Planning Time (msec): 126
Heuristic Time (msec): 5
Search Time (msec): 120
Expanded Nodes:291
States Evaluated:495
Number of Dead-Ends detected:0
Number of Duplicates detected:16
/usr/bin/time -v timeout 600 java -Xmx64g -jar ./enhsp3.jar -o ./domain_with_failure.pddl -f ./problems/BasePN-1And-del-3-d1/problem63.pddl -h blind -s WAStar
Domain parsed
Problem parsed
Grounding..
Grounding Time: 1190
UFX:true
|F|:4027
|X|:2
|A|:191
|P|:0
|E|:0
h(I):0.0
f(n) = 2.0 (Expanded Nodes: 2, Evaluated States: 3, Time: 0.011) Frontier Size: 1
f(n) = 4.0 (Expanded Nodes: 6, Evaluated States: 10, Time: 0.048) Frontier Size: 4
f(n) = 6.0 (Expanded Nodes: 22, Evaluated States: 38, Time: 0.056) Frontier Size: 16
Problem Solved

Found Plan:
0.0: (add_action a7)
1.0: (check_added_variables_model a7)
2.0: (move_in_model_move_automata a7)
3.0: (add_action a10)
4.0: (check_added_variables_model a10)
5.0: (move_in_model_move_automata a10)
6.0: (validate_payload t0 a12 t1)
7.0: (sync_actions a12)
8.0: (validate_payload t1 a11 t2)
9.0: (sync_actions a11)
10.0: (validate_payload t2 a8 t3)
11.0: (sync_actions a8)
12.0: (add_action a1)
13.0: (check_added_variables_model a1)
14.0: (move_in_model_move_automata a1)
15.0: (validate_payload t3 a2 t4)
16.0: (sync_actions a2)
17.0: (validate_payload t4 a0 t5)
18.0: (sync_actions a0)
19.0: (validate_payload t5 a9 t6)
20.0: (sync_actions a9)

Plan-Length:21
Metric (Search):6.0
Planning Time (msec): 93
Heuristic Time (msec): 3
Search Time (msec): 70
Expanded Nodes:47
States Evaluated:77
Number of Dead-Ends detected:0
Number of Duplicates detected:4
/usr/bin/time -v timeout 600 java -Xmx64g -jar ./enhsp3.jar -o ./domain_with_failure.pddl -f ./problems/BasePN-1And-del-3-d1/problem64.pddl -h blind -s WAStar
Domain parsed
Problem parsed
Grounding..
Grounding Time: 1136
UFX:true
|F|:4027
|X|:3
|A|:191
|P|:0
|E|:0
h(I):0.0
f(n) = 2.0 (Expanded Nodes: 4, Evaluated States: 8, Time: 0.023) Frontier Size: 4
f(n) = 4.0 (Expanded Nodes: 15, Evaluated States: 26, Time: 0.059) Frontier Size: 11
f(n) = 6.0 (Expanded Nodes: 47, Evaluated States: 73, Time: 0.088) Frontier Size: 26
Problem Solved

Found Plan:
0.0: (validate_payload t0 a7 t1)
1.0: (sync_actions a7)
2.0: (add_action a10)
3.0: (check_added_variables_model a10)
4.0: (move_in_model_move_automata a10)
5.0: (add_action a12)
6.0: (check_added_variables_model a12)
7.0: (move_in_model_move_automata a12)
8.0: (validate_payload t1 a11 t2)
9.0: (sync_actions a11)
10.0: (validate_payload t2 a8 t3)
11.0: (sync_actions a8)
12.0: (validate_payload t3 a1 t4)
13.0: (sync_actions a1)
14.0: (add_action a2)
15.0: (check_added_variables_model a2)
16.0: (move_in_model_move_automata a2)
17.0: (validate_payload t4 a0 t5)
18.0: (sync_actions a0)
19.0: (validate_payload t5 a9 t6)
20.0: (sync_actions a9)

Plan-Length:21
Metric (Search):6.0
Planning Time (msec): 109
Heuristic Time (msec): 6
Search Time (msec): 101
Expanded Nodes:101
States Evaluated:142
Number of Dead-Ends detected:0
Number of Duplicates detected:21
/usr/bin/time -v timeout 600 java -Xmx64g -jar ./enhsp3.jar -o ./domain_with_failure.pddl -f ./problems/BasePN-1And-del-3-d1/problem65.pddl -h blind -s WAStar
Domain parsed
Problem parsed
Grounding..
Grounding Time: 1160
UFX:true
|F|:4027
|X|:2
|A|:191
|P|:0
|E|:0
h(I):0.0
f(n) = 2.0 (Expanded Nodes: 4, Evaluated States: 8, Time: 0.016) Frontier Size: 4
f(n) = 4.0 (Expanded Nodes: 15, Evaluated States: 26, Time: 0.057) Frontier Size: 11
f(n) = 6.0 (Expanded Nodes: 45, Evaluated States: 68, Time: 0.065) Frontier Size: 23
Problem Solved

Found Plan:
0.0: (validate_payload t0 a7 t1)
1.0: (sync_actions a7)
2.0: (add_action a10)
3.0: (check_added_variables_model a10)
4.0: (move_in_model_move_automata a10)
5.0: (add_action a12)
6.0: (check_added_variables_model a12)
7.0: (move_in_model_move_automata a12)
8.0: (validate_payload t1 a11 t2)
9.0: (sync_actions a11)
10.0: (validate_payload t2 a8 t3)
11.0: (sync_actions a8)
12.0: (validate_payload t3 a0 t4)
13.0: (sync_actions a0)
14.0: (add_action a1)
15.0: (check_added_variables_model a1)
16.0: (move_in_model_move_automata a1)
17.0: (validate_payload t4 a2 t5)
18.0: (sync_actions a2)
19.0: (validate_payload t5 a9 t6)
20.0: (sync_actions a9)

Plan-Length:21
Metric (Search):6.0
Planning Time (msec): 88
Heuristic Time (msec): 1
Search Time (msec): 83
Expanded Nodes:85
States Evaluated:124
Number of Dead-Ends detected:0
Number of Duplicates detected:16
/usr/bin/time -v timeout 600 java -Xmx64g -jar ./enhsp3.jar -o ./domain_with_failure.pddl -f ./problems/BasePN-1And-del-3-d1/problem66.pddl -h blind -s WAStar
Domain parsed
Problem parsed
Grounding..
Grounding Time: 1081
UFX:true
|F|:4027
|X|:3
|A|:191
|P|:0
|E|:0
h(I):0.0
f(n) = 2.0 (Expanded Nodes: 2, Evaluated States: 3, Time: 0.015) Frontier Size: 1
f(n) = 4.0 (Expanded Nodes: 10, Evaluated States: 18, Time: 0.054) Frontier Size: 8
f(n) = 6.0 (Expanded Nodes: 34, Evaluated States: 57, Time: 0.068) Frontier Size: 23
Problem Solved

Found Plan:
0.0: (add_action a7)
1.0: (check_added_variables_model a7)
2.0: (move_in_model_move_automata a7)
3.0: (validate_payload t0 a10 t1)
4.0: (sync_actions a10)
5.0: (validate_payload t1 a12 t2)
6.0: (sync_actions a12)
7.0: (add_action a11)
8.0: (check_added_variables_model a11)
9.0: (move_in_model_move_automata a11)
10.0: (validate_payload t2 a8 t3)
11.0: (sync_actions a8)
12.0: (validate_payload t3 a1 t4)
13.0: (sync_actions a1)
14.0: (validate_payload t4 a0 t5)
15.0: (sync_actions a0)
16.0: (add_action a2)
17.0: (check_added_variables_model a2)
18.0: (move_in_model_move_automata a2)
19.0: (validate_payload t5 a9 t6)
20.0: (sync_actions a9)

Plan-Length:21
Metric (Search):6.0
Planning Time (msec): 85
Heuristic Time (msec): 7
Search Time (msec): 83
Expanded Nodes:72
States Evaluated:106
Number of Dead-Ends detected:0
Number of Duplicates detected:12
/usr/bin/time -v timeout 600 java -Xmx64g -jar ./enhsp3.jar -o ./domain_with_failure.pddl -f ./problems/BasePN-1And-del-3-d1/problem67.pddl -h blind -s WAStar
Domain parsed
Problem parsed
Grounding..
Grounding Time: 1139
UFX:true
|F|:4027
|X|:2
|A|:191
|P|:0
|E|:0
h(I):0.0
f(n) = 2.0 (Expanded Nodes: 4, Evaluated States: 8, Time: 0.018) Frontier Size: 4
f(n) = 4.0 (Expanded Nodes: 23, Evaluated States: 43, Time: 0.071) Frontier Size: 20
f(n) = 6.0 (Expanded Nodes: 69, Evaluated States: 102, Time: 0.085) Frontier Size: 33
Problem Solved

Found Plan:
0.0: (validate_payload t0 a7 t1)
1.0: (sync_actions a7)
2.0: (add_action a10)
3.0: (check_added_variables_model a10)
4.0: (move_in_model_move_automata a10)
5.0: (validate_payload t1 a12 t2)
6.0: (sync_actions a12)
7.0: (validate_payload t2 a11 t3)
8.0: (sync_actions a11)
9.0: (validate_payload t3 a8 t4)
10.0: (sync_actions a8)
11.0: (validate_payload t4 a0 t5)
12.0: (sync_actions a0)
13.0: (add_action a1)
14.0: (check_added_variables_model a1)
15.0: (move_in_model_move_automata a1)
16.0: (validate_payload t5 a2 t6)
17.0: (sync_actions a2)
18.0: (add_action a9)
19.0: (check_added_variables_model a9)
20.0: (move_in_model_move_automata a9)

Plan-Length:21
Metric (Search):6.0
Planning Time (msec): 103
Heuristic Time (msec): 4
Search Time (msec): 96
Expanded Nodes:95
States Evaluated:134
Number of Dead-Ends detected:0
Number of Duplicates detected:18
/usr/bin/time -v timeout 600 java -Xmx64g -jar ./enhsp3.jar -o ./domain_with_failure.pddl -f ./problems/BasePN-1And-del-3-d1/problem68.pddl -h blind -s WAStar
Domain parsed
Problem parsed
Grounding..
Grounding Time: 1125
UFX:true
|F|:4027
|X|:3
|A|:191
|P|:0
|E|:0
h(I):0.0
f(n) = 1.0 (Expanded Nodes: 10, Evaluated States: 24, Time: 0.024) Frontier Size: 14
f(n) = 2.0 (Expanded Nodes: 38, Evaluated States: 78, Time: 0.065) Frontier Size: 40
f(n) = 3.0 (Expanded Nodes: 63, Evaluated States: 128, Time: 0.082) Frontier Size: 65
f(n) = 4.0 (Expanded Nodes: 143, Evaluated States: 252, Time: 0.094) Frontier Size: 109
f(n) = 5.0 (Expanded Nodes: 253, Evaluated States: 354, Time: 0.109) Frontier Size: 101
f(n) = 6.0 (Expanded Nodes: 389, Evaluated States: 560, Time: 0.142) Frontier Size: 171
Problem Solved

Found Plan:
0.0: (validate_payload t0 a7 t1)
1.0: (sync_actions a7)
2.0: (validate_payload t1 a10 t2)
3.0: (sync_actions a10)
4.0: (validate_payload t2 a12 t3)
5.0: (sync_actions a12)
6.0: (validate_payload t3 a11 t4)
7.0: (sync_actions a11)
8.0: (add_action a8)
9.0: (check_added_variables_model a8)
10.0: (move_in_model_move_automata a8)
11.0: (add_action a1)
12.0: (check_added_variables_model a1)
13.0: (move_in_model_move_automata a1)
14.0: (add_action a2)
15.0: (check_added_variables_model a2)
16.0: (move_in_model_move_automata a2)
17.0: (validate_payload t4 a0 t5)
18.0: (sync_actions a0)
19.0: (validate_payload t5 a9 t6)
20.0: (sync_actions a9)

Plan-Length:21
Metric (Search):6.0
Planning Time (msec): 167
Heuristic Time (msec): 2
Search Time (msec): 152
Expanded Nodes:555
States Evaluated:739
Number of Dead-Ends detected:0
Number of Duplicates detected:84
/usr/bin/time -v timeout 600 java -Xmx64g -jar ./enhsp3.jar -o ./domain_with_failure.pddl -f ./problems/BasePN-1And-del-3-d1/problem69.pddl -h blind -s WAStar
Domain parsed
Problem parsed
Grounding..
Grounding Time: 1102
UFX:true
|F|:4027
|X|:3
|A|:191
|P|:0
|E|:0
h(I):0.0
f(n) = 1.0 (Expanded Nodes: 6, Evaluated States: 17, Time: 0.025) Frontier Size: 11
f(n) = 2.0 (Expanded Nodes: 18, Evaluated States: 35, Time: 0.054) Frontier Size: 17
f(n) = 3.0 (Expanded Nodes: 37, Evaluated States: 83, Time: 0.071) Frontier Size: 46
f(n) = 4.0 (Expanded Nodes: 87, Evaluated States: 145, Time: 0.081) Frontier Size: 58
f(n) = 5.0 (Expanded Nodes: 150, Evaluated States: 232, Time: 0.107) Frontier Size: 82
f(n) = 6.0 (Expanded Nodes: 248, Evaluated States: 360, Time: 0.119) Frontier Size: 112
f(n) = 7.0 (Expanded Nodes: 369, Evaluated States: 500, Time: 0.138) Frontier Size: 131
Problem Solved

Found Plan:
0.0: (validate_payload t0 a7 t1)
1.0: (sync_actions a7)
2.0: (change_value a10 integer v0)
3.0: (validate_payload t1 a10 t2)
4.0: (sync_actions a10)
5.0: (add_action a12)
6.0: (check_added_variables_model a12)
7.0: (move_in_model_move_automata a12)
8.0: (validate_payload t2 a11 t3)
9.0: (sync_actions a11)
10.0: (add_action a8)
11.0: (check_added_variables_model a8)
12.0: (move_in_model_move_automata a8)
13.0: (validate_payload t3 a0 t4)
14.0: (sync_actions a0)
15.0: (add_action a1)
16.0: (check_added_variables_model a1)
17.0: (move_in_model_move_automata a1)
18.0: (validate_payload t4 a2 t5)
19.0: (sync_actions a2)
20.0: (validate_payload t5 a9 t6)
21.0: (sync_actions a9)

Plan-Length:22
Metric (Search):7.0
Planning Time (msec): 162
Heuristic Time (msec): 6
Search Time (msec): 146
Expanded Nodes:442
States Evaluated:612
Number of Dead-Ends detected:0
Number of Duplicates detected:54
/usr/bin/time -v timeout 600 java -Xmx64g -jar ./enhsp3.jar -o ./domain_with_failure.pddl -f ./problems/BasePN-1And-del-3-d1/problem70.pddl -h blind -s WAStar
Domain parsed
Problem parsed
Grounding..
Grounding Time: 1128
UFX:true
|F|:4027
|X|:4
|A|:191
|P|:0
|E|:0
h(I):0.0
f(n) = 1.0 (Expanded Nodes: 6, Evaluated States: 17, Time: 0.025) Frontier Size: 11
f(n) = 2.0 (Expanded Nodes: 18, Evaluated States: 35, Time: 0.075) Frontier Size: 17
f(n) = 3.0 (Expanded Nodes: 37, Evaluated States: 84, Time: 0.088) Frontier Size: 47
f(n) = 4.0 (Expanded Nodes: 93, Evaluated States: 146, Time: 0.103) Frontier Size: 53
f(n) = 5.0 (Expanded Nodes: 175, Evaluated States: 252, Time: 0.113) Frontier Size: 77
f(n) = 6.0 (Expanded Nodes: 291, Evaluated States: 442, Time: 0.126) Frontier Size: 151
Problem Solved

Found Plan:
0.0: (validate_payload t0 a7 t1)
1.0: (sync_actions a7)
2.0: (validate_payload t1 a10 t2)
3.0: (sync_actions a10)
4.0: (add_action a12)
5.0: (check_added_variables_model a12)
6.0: (move_in_model_move_automata a12)
7.0: (add_action a11)
8.0: (check_added_variables_model a11)
9.0: (move_in_model_move_automata a11)
10.0: (validate_payload t2 a8 t3)
11.0: (sync_actions a8)
12.0: (validate_payload t3 a1 t4)
13.0: (sync_actions a1)
14.0: (validate_payload t4 a2 t5)
15.0: (sync_actions a2)
16.0: (add_action a0)
17.0: (check_added_variables_model a0)
18.0: (move_in_model_move_automata a0)
19.0: (validate_payload t5 a9 t6)
20.0: (sync_actions a9)

Plan-Length:21
Metric (Search):6.0
Planning Time (msec): 145
Heuristic Time (msec): 8
Search Time (msec): 142
Expanded Nodes:382
States Evaluated:584
Number of Dead-Ends detected:0
Number of Duplicates detected:32
/usr/bin/time -v timeout 600 java -Xmx64g -jar ./enhsp3.jar -o ./domain_with_failure.pddl -f ./problems/BasePN-1And-del-3-d1/problem71.pddl -h blind -s WAStar
Domain parsed
Problem parsed
Grounding..
Grounding Time: 1159
UFX:true
|F|:4027
|X|:3
|A|:191
|P|:0
|E|:0
h(I):0.0
f(n) = 2.0 (Expanded Nodes: 2, Evaluated States: 3, Time: 0.013) Frontier Size: 1
f(n) = 4.0 (Expanded Nodes: 6, Evaluated States: 10, Time: 0.067) Frontier Size: 4
f(n) = 6.0 (Expanded Nodes: 18, Evaluated States: 29, Time: 0.074) Frontier Size: 11
Problem Solved

Found Plan:
0.0: (add_action a7)
1.0: (check_added_variables_model a7)
2.0: (move_in_model_move_automata a7)
3.0: (add_action a10)
4.0: (check_added_variables_model a10)
5.0: (move_in_model_move_automata a10)
6.0: (validate_payload t0 a12 t1)
7.0: (sync_actions a12)
8.0: (add_action a11)
9.0: (check_added_variables_model a11)
10.0: (move_in_model_move_automata a11)
11.0: (validate_payload t1 a8 t2)
12.0: (sync_actions a8)
13.0: (validate_payload t2 a1 t3)
14.0: (sync_actions a1)
15.0: (validate_payload t3 a2 t4)
16.0: (sync_actions a2)
17.0: (validate_payload t4 a0 t5)
18.0: (sync_actions a0)
19.0: (validate_payload t5 a9 t6)
20.0: (sync_actions a9)

Plan-Length:21
Metric (Search):6.0
Planning Time (msec): 92
Heuristic Time (msec): 3
Search Time (msec): 85
Expanded Nodes:49
States Evaluated:76
Number of Dead-Ends detected:0
Number of Duplicates detected:6
/usr/bin/time -v timeout 600 java -Xmx64g -jar ./enhsp3.jar -o ./domain_with_failure.pddl -f ./problems/BasePN-1And-del-3-d1/problem72.pddl -h blind -s WAStar
Domain parsed
Problem parsed
Grounding..
Grounding Time: 1153
UFX:true
|F|:4027
|X|:2
|A|:191
|P|:0
|E|:0
h(I):0.0
f(n) = 2.0 (Expanded Nodes: 4, Evaluated States: 8, Time: 0.018) Frontier Size: 4
f(n) = 4.0 (Expanded Nodes: 21, Evaluated States: 39, Time: 0.071) Frontier Size: 18
f(n) = 6.0 (Expanded Nodes: 66, Evaluated States: 100, Time: 0.083) Frontier Size: 34
Problem Solved

Found Plan:
0.0: (validate_payload t0 a7 t1)
1.0: (sync_actions a7)
2.0: (add_action a10)
3.0: (check_added_variables_model a10)
4.0: (move_in_model_move_automata a10)
5.0: (validate_payload t1 a12 t2)
6.0: (sync_actions a12)
7.0: (validate_payload t2 a11 t3)
8.0: (sync_actions a11)
9.0: (validate_payload t3 a8 t4)
10.0: (sync_actions a8)
11.0: (add_action a1)
12.0: (check_added_variables_model a1)
13.0: (move_in_model_move_automata a1)
14.0: (validate_payload t4 a2 t5)
15.0: (sync_actions a2)
16.0: (validate_payload t5 a0 t6)
17.0: (sync_actions a0)
18.0: (add_action a9)
19.0: (check_added_variables_model a9)
20.0: (move_in_model_move_automata a9)

Plan-Length:21
Metric (Search):6.0
Planning Time (msec): 98
Heuristic Time (msec): 5
Search Time (msec): 91
Expanded Nodes:112
States Evaluated:150
Number of Dead-Ends detected:0
Number of Duplicates detected:25
/usr/bin/time -v timeout 600 java -Xmx64g -jar ./enhsp3.jar -o ./domain_with_failure.pddl -f ./problems/BasePN-1And-del-3-d1/problem73.pddl -h blind -s WAStar
Domain parsed
Problem parsed
Grounding..
Grounding Time: 1161
UFX:true
|F|:4027
|X|:3
|A|:191
|P|:0
|E|:0
h(I):0.0
f(n) = 1.0 (Expanded Nodes: 10, Evaluated States: 24, Time: 0.027) Frontier Size: 14
f(n) = 2.0 (Expanded Nodes: 38, Evaluated States: 78, Time: 0.062) Frontier Size: 40
f(n) = 3.0 (Expanded Nodes: 63, Evaluated States: 128, Time: 0.079) Frontier Size: 65
f(n) = 4.0 (Expanded Nodes: 143, Evaluated States: 252, Time: 0.096) Frontier Size: 109
f(n) = 5.0 (Expanded Nodes: 253, Evaluated States: 354, Time: 0.127) Frontier Size: 101
f(n) = 6.0 (Expanded Nodes: 389, Evaluated States: 560, Time: 0.149) Frontier Size: 171
Problem Solved

Found Plan:
0.0: (validate_payload t0 a7 t1)
1.0: (sync_actions a7)
2.0: (validate_payload t1 a10 t2)
3.0: (sync_actions a10)
4.0: (validate_payload t2 a12 t3)
5.0: (sync_actions a12)
6.0: (validate_payload t3 a11 t4)
7.0: (sync_actions a11)
8.0: (add_action a8)
9.0: (check_added_variables_model a8)
10.0: (move_in_model_move_automata a8)
11.0: (add_action a1)
12.0: (check_added_variables_model a1)
13.0: (move_in_model_move_automata a1)
14.0: (add_action a2)
15.0: (check_added_variables_model a2)
16.0: (move_in_model_move_automata a2)
17.0: (validate_payload t4 a0 t5)
18.0: (sync_actions a0)
19.0: (validate_payload t5 a9 t6)
20.0: (sync_actions a9)

Plan-Length:21
Metric (Search):6.0
Planning Time (msec): 185
Heuristic Time (msec): 6
Search Time (msec): 168
Expanded Nodes:555
States Evaluated:739
Number of Dead-Ends detected:0
Number of Duplicates detected:84
/usr/bin/time -v timeout 600 java -Xmx64g -jar ./enhsp3.jar -o ./domain_with_failure.pddl -f ./problems/BasePN-1And-del-3-d1/problem74.pddl -h blind -s WAStar
Domain parsed
Problem parsed
Grounding..
Grounding Time: 1156
UFX:true
|F|:4027
|X|:4
|A|:191
|P|:0
|E|:0
h(I):0.0
f(n) = 1.0 (Expanded Nodes: 2, Evaluated States: 7, Time: 0.016) Frontier Size: 5
f(n) = 2.0 (Expanded Nodes: 6, Evaluated States: 7, Time: 0.056) Frontier Size: 1
f(n) = 3.0 (Expanded Nodes: 16, Evaluated States: 33, Time: 0.067) Frontier Size: 17
f(n) = 4.0 (Expanded Nodes: 44, Evaluated States: 87, Time: 0.071) Frontier Size: 43
f(n) = 5.0 (Expanded Nodes: 80, Evaluated States: 168, Time: 0.109) Frontier Size: 88
f(n) = 6.0 (Expanded Nodes: 236, Evaluated States: 396, Time: 0.139) Frontier Size: 160
Problem Solved

Found Plan:
0.0: (add_action a7)
1.0: (check_added_variables_model a7)
2.0: (move_in_model_move_automata a7)
3.0: (validate_payload t0 a10 t1)
4.0: (sync_actions a10)
5.0: (validate_payload t1 a12 t2)
6.0: (sync_actions a12)
7.0: (validate_payload t2 a11 t3)
8.0: (sync_actions a11)
9.0: (add_action a8)
10.0: (check_added_variables_model a8)
11.0: (move_in_model_move_automata a8)
12.0: (validate_payload t3 a0 t4)
13.0: (sync_actions a0)
14.0: (validate_payload t4 a1 t5)
15.0: (sync_actions a1)
16.0: (validate_payload t5 a2 t6)
17.0: (sync_actions a2)
18.0: (add_action a9)
19.0: (check_added_variables_model a9)
20.0: (move_in_model_move_automata a9)

Plan-Length:21
Metric (Search):6.0
Planning Time (msec): 154
Heuristic Time (msec): 6
Search Time (msec): 147
Expanded Nodes:258
States Evaluated:439
Number of Dead-Ends detected:0
Number of Duplicates detected:11
/usr/bin/time -v timeout 600 java -Xmx64g -jar ./enhsp3.jar -o ./domain_with_failure.pddl -f ./problems/BasePN-1And-del-3-d1/problem75.pddl -h blind -s WAStar
Domain parsed
Problem parsed
Grounding..
Grounding Time: 1152
UFX:true
|F|:4027
|X|:2
|A|:191
|P|:0
|E|:0
h(I):0.0
f(n) = 2.0 (Expanded Nodes: 4, Evaluated States: 8, Time: 0.022) Frontier Size: 4
f(n) = 4.0 (Expanded Nodes: 15, Evaluated States: 26, Time: 0.058) Frontier Size: 11
f(n) = 6.0 (Expanded Nodes: 45, Evaluated States: 68, Time: 0.085) Frontier Size: 23
Problem Solved

Found Plan:
0.0: (validate_payload t0 a7 t1)
1.0: (sync_actions a7)
2.0: (add_action a10)
3.0: (check_added_variables_model a10)
4.0: (move_in_model_move_automata a10)
5.0: (add_action a12)
6.0: (check_added_variables_model a12)
7.0: (move_in_model_move_automata a12)
8.0: (validate_payload t1 a11 t2)
9.0: (sync_actions a11)
10.0: (validate_payload t2 a8 t3)
11.0: (sync_actions a8)
12.0: (validate_payload t3 a0 t4)
13.0: (sync_actions a0)
14.0: (add_action a1)
15.0: (check_added_variables_model a1)
16.0: (move_in_model_move_automata a1)
17.0: (validate_payload t4 a2 t5)
18.0: (sync_actions a2)
19.0: (validate_payload t5 a9 t6)
20.0: (sync_actions a9)

Plan-Length:21
Metric (Search):6.0
Planning Time (msec): 103
Heuristic Time (msec): 4
Search Time (msec): 97
Expanded Nodes:85
States Evaluated:124
Number of Dead-Ends detected:0
Number of Duplicates detected:16
/usr/bin/time -v timeout 600 java -Xmx64g -jar ./enhsp3.jar -o ./domain_with_failure.pddl -f ./problems/BasePN-1And-del-3-d1/problem76.pddl -h blind -s WAStar
Domain parsed
Problem parsed
Grounding..
Grounding Time: 1140
UFX:true
|F|:4027
|X|:4
|A|:191
|P|:0
|E|:0
h(I):0.0
f(n) = 1.0 (Expanded Nodes: 6, Evaluated States: 16, Time: 0.024) Frontier Size: 10
f(n) = 2.0 (Expanded Nodes: 18, Evaluated States: 34, Time: 0.061) Frontier Size: 16
f(n) = 3.0 (Expanded Nodes: 41, Evaluated States: 85, Time: 0.087) Frontier Size: 44
f(n) = 4.0 (Expanded Nodes: 105, Evaluated States: 199, Time: 0.105) Frontier Size: 94
f(n) = 5.0 (Expanded Nodes: 200, Evaluated States: 310, Time: 0.117) Frontier Size: 110
f(n) = 6.0 (Expanded Nodes: 338, Evaluated States: 548, Time: 0.132) Frontier Size: 210
Problem Solved

Found Plan:
0.0: (validate_payload t0 a7 t1)
1.0: (sync_actions a7)
2.0: (validate_payload t1 a10 t2)
3.0: (sync_actions a10)
4.0: (add_action a12)
5.0: (check_added_variables_model a12)
6.0: (move_in_model_move_automata a12)
7.0: (validate_payload t2 a11 t3)
8.0: (sync_actions a11)
9.0: (validate_payload t3 a8 t4)
10.0: (sync_actions a8)
11.0: (validate_payload t4 a0 t5)
12.0: (sync_actions a0)
13.0: (validate_payload t5 a1 t6)
14.0: (sync_actions a1)
15.0: (add_action a2)
16.0: (check_added_variables_model a2)
17.0: (move_in_model_move_automata a2)
18.0: (add_action a9)
19.0: (check_added_variables_model a9)
20.0: (move_in_model_move_automata a9)

Plan-Length:21
Metric (Search):6.0
Planning Time (msec): 155
Heuristic Time (msec): 6
Search Time (msec): 147
Expanded Nodes:531
States Evaluated:777
Number of Dead-Ends detected:0
Number of Duplicates detected:62
/usr/bin/time -v timeout 600 java -Xmx64g -jar ./enhsp3.jar -o ./domain_with_failure.pddl -f ./problems/BasePN-1And-del-3-d1/problem77.pddl -h blind -s WAStar
Domain parsed
Problem parsed
Grounding..
Grounding Time: 1172
UFX:true
|F|:4027
|X|:3
|A|:191
|P|:0
|E|:0
h(I):0.0
f(n) = 1.0 (Expanded Nodes: 6, Evaluated States: 17, Time: 0.022) Frontier Size: 11
f(n) = 2.0 (Expanded Nodes: 18, Evaluated States: 35, Time: 0.074) Frontier Size: 17
f(n) = 3.0 (Expanded Nodes: 41, Evaluated States: 92, Time: 0.09) Frontier Size: 51
f(n) = 4.0 (Expanded Nodes: 107, Evaluated States: 190, Time: 0.103) Frontier Size: 83
f(n) = 5.0 (Expanded Nodes: 182, Evaluated States: 303, Time: 0.122) Frontier Size: 121
f(n) = 6.0 (Expanded Nodes: 364, Evaluated States: 571, Time: 0.141) Frontier Size: 207
f(n) = 7.0 (Expanded Nodes: 583, Evaluated States: 872, Time: 0.164) Frontier Size: 289
Problem Solved

Found Plan:
0.0: (validate_payload t0 a7 t1)
1.0: (sync_actions a7)
2.0: (validate_payload t1 a10 t2)
3.0: (sync_actions a10)
4.0: (add_action a12)
5.0: (check_added_variables_model a12)
6.0: (move_in_model_move_automata a12)
7.0: (validate_payload t2 a11 t3)
8.0: (sync_actions a11)
9.0: (validate_payload t3 a8 t4)
10.0: (sync_actions a8)
11.0: (add_action a1)
12.0: (move_in_model_parameter a1 sDEC1_2 integer v0)
13.0: (check_added_variables_model a1)
14.0: (move_in_model_move_automata a1)
15.0: (validate_payload t4 a0 t5)
16.0: (sync_actions a0)
17.0: (validate_payload t5 a2 t6)
18.0: (sync_actions a2)
19.0: (add_action a9)
20.0: (check_added_variables_model a9)
21.0: (move_in_model_move_automata a9)

Plan-Length:22
Metric (Search):7.0
Planning Time (msec): 176
Heuristic Time (msec): 9
Search Time (msec): 173
Expanded Nodes:681
States Evaluated:1017
Number of Dead-Ends detected:0
Number of Duplicates detected:99
/usr/bin/time -v timeout 600 java -Xmx64g -jar ./enhsp3.jar -o ./domain_with_failure.pddl -f ./problems/BasePN-1And-del-3-d1/problem78.pddl -h blind -s WAStar
Domain parsed
Problem parsed
Grounding..
Grounding Time: 1153
UFX:true
|F|:4027
|X|:3
|A|:191
|P|:0
|E|:0
h(I):0.0
f(n) = 2.0 (Expanded Nodes: 4, Evaluated States: 8, Time: 0.023) Frontier Size: 4
f(n) = 4.0 (Expanded Nodes: 19, Evaluated States: 34, Time: 0.059) Frontier Size: 15
f(n) = 6.0 (Expanded Nodes: 55, Evaluated States: 83, Time: 0.069) Frontier Size: 28
Problem Solved

Found Plan:
0.0: (validate_payload t0 a7 t1)
1.0: (sync_actions a7)
2.0: (add_action a10)
3.0: (check_added_variables_model a10)
4.0: (move_in_model_move_automata a10)
5.0: (validate_payload t1 a12 t2)
6.0: (sync_actions a12)
7.0: (validate_payload t2 a11 t3)
8.0: (sync_actions a11)
9.0: (add_action a8)
10.0: (check_added_variables_model a8)
11.0: (move_in_model_move_automata a8)
12.0: (validate_payload t3 a1 t4)
13.0: (sync_actions a1)
14.0: (validate_payload t4 a2 t5)
15.0: (sync_actions a2)
16.0: (add_action a0)
17.0: (check_added_variables_model a0)
18.0: (move_in_model_move_automata a0)
19.0: (validate_payload t5 a9 t6)
20.0: (sync_actions a9)

Plan-Length:21
Metric (Search):6.0
Planning Time (msec): 79
Heuristic Time (msec): 6
Search Time (msec): 76
Expanded Nodes:79
States Evaluated:109
Number of Dead-Ends detected:0
Number of Duplicates detected:16
/usr/bin/time -v timeout 600 java -Xmx64g -jar ./enhsp3.jar -o ./domain_with_failure.pddl -f ./problems/BasePN-1And-del-3-d1/problem79.pddl -h blind -s WAStar
Domain parsed
Problem parsed
Grounding..
Grounding Time: 1136
UFX:true
|F|:4027
|X|:3
|A|:191
|P|:0
|E|:0
h(I):0.0
f(n) = 2.0 (Expanded Nodes: 2, Evaluated States: 3, Time: 0.021) Frontier Size: 1
f(n) = 4.0 (Expanded Nodes: 6, Evaluated States: 10, Time: 0.066) Frontier Size: 4
f(n) = 6.0 (Expanded Nodes: 16, Evaluated States: 25, Time: 0.08) Frontier Size: 9
Problem Solved

Found Plan:
0.0: (add_action a7)
1.0: (check_added_variables_model a7)
2.0: (move_in_model_move_automata a7)
3.0: (add_action a10)
4.0: (check_added_variables_model a10)
5.0: (move_in_model_move_automata a10)
6.0: (add_action a12)
7.0: (check_added_variables_model a12)
8.0: (move_in_model_move_automata a12)
9.0: (validate_payload t0 a11 t1)
10.0: (sync_actions a11)
11.0: (validate_payload t1 a8 t2)
12.0: (sync_actions a8)
13.0: (validate_payload t2 a1 t3)
14.0: (sync_actions a1)
15.0: (validate_payload t3 a2 t4)
16.0: (sync_actions a2)
17.0: (validate_payload t4 a0 t5)
18.0: (sync_actions a0)
19.0: (validate_payload t5 a9 t6)
20.0: (sync_actions a9)

Plan-Length:21
Metric (Search):6.0
Planning Time (msec): 99
Heuristic Time (msec): 9
Search Time (msec): 98
Expanded Nodes:45
States Evaluated:71
Number of Dead-Ends detected:0
Number of Duplicates detected:5
/usr/bin/time -v timeout 600 java -Xmx64g -jar ./enhsp3.jar -o ./domain_with_failure.pddl -f ./problems/BasePN-1And-del-3-d1/problem80.pddl -h blind -s WAStar
Domain parsed
Problem parsed
Grounding..
Grounding Time: 1098
UFX:true
|F|:4027
|X|:4
|A|:191
|P|:0
|E|:0
h(I):0.0
f(n) = 1.0 (Expanded Nodes: 2, Evaluated States: 7, Time: 0.02) Frontier Size: 5
f(n) = 2.0 (Expanded Nodes: 6, Evaluated States: 7, Time: 0.048) Frontier Size: 1
f(n) = 3.0 (Expanded Nodes: 12, Evaluated States: 23, Time: 0.056) Frontier Size: 11
f(n) = 4.0 (Expanded Nodes: 24, Evaluated States: 41, Time: 0.062) Frontier Size: 17
f(n) = 5.0 (Expanded Nodes: 48, Evaluated States: 100, Time: 0.078) Frontier Size: 52
f(n) = 6.0 (Expanded Nodes: 138, Evaluated States: 266, Time: 0.093) Frontier Size: 128
Problem Solved

Found Plan:
0.0: (add_action a7)
1.0: (check_added_variables_model a7)
2.0: (move_in_model_move_automata a7)
3.0: (validate_payload t0 a10 t1)
4.0: (sync_actions a10)
5.0: (add_action a12)
6.0: (check_added_variables_model a12)
7.0: (move_in_model_move_automata a12)
8.0: (validate_payload t1 a11 t2)
9.0: (sync_actions a11)
10.0: (validate_payload t2 a8 t3)
11.0: (sync_actions a8)
12.0: (validate_payload t3 a1 t4)
13.0: (sync_actions a1)
14.0: (validate_payload t4 a0 t5)
15.0: (sync_actions a0)
16.0: (add_action a2)
17.0: (check_added_variables_model a2)
18.0: (move_in_model_move_automata a2)
19.0: (validate_payload t5 a9 t6)
20.0: (sync_actions a9)

Plan-Length:21
Metric (Search):6.0
Planning Time (msec): 115
Heuristic Time (msec): 8
Search Time (msec): 107
Expanded Nodes:227
States Evaluated:417
Number of Dead-Ends detected:0
Number of Duplicates detected:12
/usr/bin/time -v timeout 600 java -Xmx64g -jar ./enhsp3.jar -o ./domain_with_failure.pddl -f ./problems/BasePN-1And-del-3-d1/problem81.pddl -h blind -s WAStar
Domain parsed
Problem parsed
Grounding..
Grounding Time: 1116
UFX:true
|F|:4027
|X|:4
|A|:191
|P|:0
|E|:0
h(I):0.0
f(n) = 1.0 (Expanded Nodes: 6, Evaluated States: 17, Time: 0.02) Frontier Size: 11
f(n) = 2.0 (Expanded Nodes: 18, Evaluated States: 35, Time: 0.056) Frontier Size: 17
f(n) = 3.0 (Expanded Nodes: 35, Evaluated States: 78, Time: 0.068) Frontier Size: 43
f(n) = 4.0 (Expanded Nodes: 77, Evaluated States: 122, Time: 0.078) Frontier Size: 45
f(n) = 5.0 (Expanded Nodes: 142, Evaluated States: 219, Time: 0.095) Frontier Size: 77
f(n) = 6.0 (Expanded Nodes: 270, Evaluated States: 413, Time: 0.116) Frontier Size: 143
Problem Solved

Found Plan:
0.0: (validate_payload t0 a7 t1)
1.0: (sync_actions a7)
2.0: (validate_payload t1 a10 t2)
3.0: (sync_actions a10)
4.0: (add_action a12)
5.0: (check_added_variables_model a12)
6.0: (move_in_model_move_automata a12)
7.0: (add_action a11)
8.0: (check_added_variables_model a11)
9.0: (move_in_model_move_automata a11)
10.0: (validate_payload t2 a8 t3)
11.0: (sync_actions a8)
12.0: (validate_payload t3 a0 t4)
13.0: (sync_actions a0)
14.0: (validate_payload t4 a1 t5)
15.0: (sync_actions a1)
16.0: (validate_payload t5 a2 t6)
17.0: (sync_actions a2)
18.0: (add_action a9)
19.0: (check_added_variables_model a9)
20.0: (move_in_model_move_automata a9)

Plan-Length:21
Metric (Search):6.0
Planning Time (msec): 157
Heuristic Time (msec): 4
Search Time (msec): 151
Expanded Nodes:393
States Evaluated:570
Number of Dead-Ends detected:0
Number of Duplicates detected:35
/usr/bin/time -v timeout 600 java -Xmx64g -jar ./enhsp3.jar -o ./domain_with_failure.pddl -f ./problems/BasePN-1And-del-3-d1/problem82.pddl -h blind -s WAStar
Domain parsed
Problem parsed
Grounding..
Grounding Time: 1147
UFX:true
|F|:4027
|X|:3
|A|:191
|P|:0
|E|:0
h(I):0.0
f(n) = 1.0 (Expanded Nodes: 2, Evaluated States: 7, Time: 0.023) Frontier Size: 5
f(n) = 2.0 (Expanded Nodes: 6, Evaluated States: 7, Time: 0.049) Frontier Size: 1
f(n) = 3.0 (Expanded Nodes: 16, Evaluated States: 33, Time: 0.072) Frontier Size: 17
f(n) = 4.0 (Expanded Nodes: 44, Evaluated States: 87, Time: 0.084) Frontier Size: 43
f(n) = 5.0 (Expanded Nodes: 72, Evaluated States: 147, Time: 0.097) Frontier Size: 75
f(n) = 6.0 (Expanded Nodes: 170, Evaluated States: 273, Time: 0.112) Frontier Size: 103
f(n) = 7.0 (Expanded Nodes: 292, Evaluated States: 426, Time: 0.132) Frontier Size: 134
Problem Solved

Found Plan:
0.0: (add_action a7)
1.0: (check_added_variables_model a7)
2.0: (move_in_model_move_automata a7)
3.0: (validate_payload t0 a10 t1)
4.0: (sync_actions a10)
5.0: (validate_payload t1 a12 t2)
6.0: (sync_actions a12)
7.0: (validate_payload t2 a11 t3)
8.0: (sync_actions a11)
9.0: (add_action a8)
10.0: (check_added_variables_model a8)
11.0: (move_in_model_move_automata a8)
12.0: (add_action a1)
13.0: (move_in_model_parameter a1 sDEC1_2 integer v0)
14.0: (check_added_variables_model a1)
15.0: (move_in_model_move_automata a1)
16.0: (validate_payload t3 a2 t4)
17.0: (sync_actions a2)
18.0: (validate_payload t4 a0 t5)
19.0: (sync_actions a0)
20.0: (validate_payload t5 a9 t6)
21.0: (sync_actions a9)

Plan-Length:22
Metric (Search):7.0
Planning Time (msec): 154
Heuristic Time (msec): 9
Search Time (msec): 144
Expanded Nodes:427
States Evaluated:633
Number of Dead-Ends detected:0
Number of Duplicates detected:37
/usr/bin/time -v timeout 600 java -Xmx64g -jar ./enhsp3.jar -o ./domain_with_failure.pddl -f ./problems/BasePN-1And-del-3-d1/problem83.pddl -h blind -s WAStar
Domain parsed
Problem parsed
Grounding..
Grounding Time: 1150
UFX:true
|F|:4027
|X|:3
|A|:191
|P|:0
|E|:0
h(I):0.0
f(n) = 2.0 (Expanded Nodes: 4, Evaluated States: 8, Time: 0.022) Frontier Size: 4
f(n) = 4.0 (Expanded Nodes: 19, Evaluated States: 34, Time: 0.063) Frontier Size: 15
f(n) = 6.0 (Expanded Nodes: 55, Evaluated States: 83, Time: 0.091) Frontier Size: 28
Problem Solved

Found Plan:
0.0: (validate_payload t0 a7 t1)
1.0: (sync_actions a7)
2.0: (add_action a10)
3.0: (check_added_variables_model a10)
4.0: (move_in_model_move_automata a10)
5.0: (validate_payload t1 a12 t2)
6.0: (sync_actions a12)
7.0: (validate_payload t2 a11 t3)
8.0: (sync_actions a11)
9.0: (add_action a8)
10.0: (check_added_variables_model a8)
11.0: (move_in_model_move_automata a8)
12.0: (validate_payload t3 a1 t4)
13.0: (sync_actions a1)
14.0: (validate_payload t4 a2 t5)
15.0: (sync_actions a2)
16.0: (add_action a0)
17.0: (check_added_variables_model a0)
18.0: (move_in_model_move_automata a0)
19.0: (validate_payload t5 a9 t6)
20.0: (sync_actions a9)

Plan-Length:21
Metric (Search):6.0
Planning Time (msec): 104
Heuristic Time (msec): 9
Search Time (msec): 100
Expanded Nodes:79
States Evaluated:109
Number of Dead-Ends detected:0
Number of Duplicates detected:16
/usr/bin/time -v timeout 600 java -Xmx64g -jar ./enhsp3.jar -o ./domain_with_failure.pddl -f ./problems/BasePN-1And-del-3-d1/problem84.pddl -h blind -s WAStar
Domain parsed
Problem parsed
Grounding..
Grounding Time: 1130
UFX:true
|F|:4027
|X|:3
|A|:191
|P|:0
|E|:0
h(I):0.0
f(n) = 2.0 (Expanded Nodes: 6, Evaluated States: 12, Time: 0.024) Frontier Size: 6
f(n) = 4.0 (Expanded Nodes: 21, Evaluated States: 35, Time: 0.061) Frontier Size: 14
f(n) = 6.0 (Expanded Nodes: 59, Evaluated States: 87, Time: 0.073) Frontier Size: 28
Problem Solved

Found Plan:
0.0: (validate_payload t0 a7 t1)
1.0: (sync_actions a7)
2.0: (validate_payload t1 a10 t2)
3.0: (sync_actions a10)
4.0: (add_action a12)
5.0: (check_added_variables_model a12)
6.0: (move_in_model_move_automata a12)
7.0: (add_action a11)
8.0: (check_added_variables_model a11)
9.0: (move_in_model_move_automata a11)
10.0: (validate_payload t2 a8 t3)
11.0: (sync_actions a8)
12.0: (validate_payload t3 a1 t4)
13.0: (sync_actions a1)
14.0: (validate_payload t4 a2 t5)
15.0: (sync_actions a2)
16.0: (validate_payload t5 a0 t6)
17.0: (sync_actions a0)
18.0: (add_action a9)
19.0: (check_added_variables_model a9)
20.0: (move_in_model_move_automata a9)

Plan-Length:21
Metric (Search):6.0
Planning Time (msec): 88
Heuristic Time (msec): 8
Search Time (msec): 78
Expanded Nodes:64
States Evaluated:91
Number of Dead-Ends detected:0
Number of Duplicates detected:11
/usr/bin/time -v timeout 600 java -Xmx64g -jar ./enhsp3.jar -o ./domain_with_failure.pddl -f ./problems/BasePN-1And-del-3-d1/problem85.pddl -h blind -s WAStar
Domain parsed
Problem parsed
Grounding..
Grounding Time: 1087
UFX:true
|F|:4027
|X|:4
|A|:191
|P|:0
|E|:0
h(I):0.0
f(n) = 1.0 (Expanded Nodes: 10, Evaluated States: 24, Time: 0.019) Frontier Size: 14
f(n) = 2.0 (Expanded Nodes: 40, Evaluated States: 88, Time: 0.067) Frontier Size: 48
f(n) = 3.0 (Expanded Nodes: 87, Evaluated States: 154, Time: 0.081) Frontier Size: 67
f(n) = 4.0 (Expanded Nodes: 177, Evaluated States: 316, Time: 0.101) Frontier Size: 139
f(n) = 5.0 (Expanded Nodes: 350, Evaluated States: 506, Time: 0.12) Frontier Size: 156
f(n) = 6.0 (Expanded Nodes: 526, Evaluated States: 790, Time: 0.131) Frontier Size: 264
Problem Solved

Found Plan:
0.0: (validate_payload t0 a7 t1)
1.0: (sync_actions a7)
2.0: (validate_payload t1 a10 t2)
3.0: (sync_actions a10)
4.0: (validate_payload t2 a12 t3)
5.0: (sync_actions a12)
6.0: (validate_payload t3 a11 t4)
7.0: (sync_actions a11)
8.0: (add_action a8)
9.0: (check_added_variables_model a8)
10.0: (move_in_model_move_automata a8)
11.0: (validate_payload t4 a1 t5)
12.0: (sync_actions a1)
13.0: (validate_payload t5 a2 t6)
14.0: (sync_actions a2)
15.0: (add_action a0)
16.0: (check_added_variables_model a0)
17.0: (move_in_model_move_automata a0)
18.0: (add_action a9)
19.0: (check_added_variables_model a9)
20.0: (move_in_model_move_automata a9)

Plan-Length:21
Metric (Search):6.0
Planning Time (msec): 151
Heuristic Time (msec): 6
Search Time (msec): 140
Expanded Nodes:592
States Evaluated:865
Number of Dead-Ends detected:0
Number of Duplicates detected:75
/usr/bin/time -v timeout 600 java -Xmx64g -jar ./enhsp3.jar -o ./domain_with_failure.pddl -f ./problems/BasePN-1And-del-3-d1/problem86.pddl -h blind -s WAStar
Domain parsed
Problem parsed
Grounding..
Grounding Time: 1142
UFX:true
|F|:4027
|X|:3
|A|:191
|P|:0
|E|:0
h(I):0.0
f(n) = 2.0 (Expanded Nodes: 4, Evaluated States: 8, Time: 0.025) Frontier Size: 4
f(n) = 4.0 (Expanded Nodes: 15, Evaluated States: 26, Time: 0.067) Frontier Size: 11
f(n) = 6.0 (Expanded Nodes: 49, Evaluated States: 76, Time: 0.078) Frontier Size: 27
Problem Solved

Found Plan:
0.0: (validate_payload t0 a7 t1)
1.0: (sync_actions a7)
2.0: (add_action a10)
3.0: (check_added_variables_model a10)
4.0: (move_in_model_move_automata a10)
5.0: (add_action a12)
6.0: (check_added_variables_model a12)
7.0: (move_in_model_move_automata a12)
8.0: (validate_payload t1 a11 t2)
9.0: (sync_actions a11)
10.0: (validate_payload t2 a8 t3)
11.0: (sync_actions a8)
12.0: (validate_payload t3 a1 t4)
13.0: (sync_actions a1)
14.0: (validate_payload t4 a2 t5)
15.0: (sync_actions a2)
16.0: (validate_payload t5 a0 t6)
17.0: (sync_actions a0)
18.0: (add_action a9)
19.0: (check_added_variables_model a9)
20.0: (move_in_model_move_automata a9)

Plan-Length:21
Metric (Search):6.0
Planning Time (msec): 87
Heuristic Time (msec): 11
Search Time (msec): 79
Expanded Nodes:54
States Evaluated:81
Number of Dead-Ends detected:0
Number of Duplicates detected:8
/usr/bin/time -v timeout 600 java -Xmx64g -jar ./enhsp3.jar -o ./domain_with_failure.pddl -f ./problems/BasePN-1And-del-3-d1/problem87.pddl -h blind -s WAStar
Domain parsed
Problem parsed
Grounding..
Grounding Time: 1106
UFX:true
|F|:4027
|X|:2
|A|:191
|P|:0
|E|:0
h(I):0.0
f(n) = 2.0 (Expanded Nodes: 4, Evaluated States: 8, Time: 0.025) Frontier Size: 4
f(n) = 4.0 (Expanded Nodes: 15, Evaluated States: 26, Time: 0.064) Frontier Size: 11
f(n) = 6.0 (Expanded Nodes: 45, Evaluated States: 68, Time: 0.074) Frontier Size: 23
Problem Solved

Found Plan:
0.0: (validate_payload t0 a7 t1)
1.0: (sync_actions a7)
2.0: (add_action a10)
3.0: (check_added_variables_model a10)
4.0: (move_in_model_move_automata a10)
5.0: (add_action a12)
6.0: (check_added_variables_model a12)
7.0: (move_in_model_move_automata a12)
8.0: (validate_payload t1 a11 t2)
9.0: (sync_actions a11)
10.0: (validate_payload t2 a8 t3)
11.0: (sync_actions a8)
12.0: (validate_payload t3 a0 t4)
13.0: (sync_actions a0)
14.0: (add_action a1)
15.0: (check_added_variables_model a1)
16.0: (move_in_model_move_automata a1)
17.0: (validate_payload t4 a2 t5)
18.0: (sync_actions a2)
19.0: (validate_payload t5 a9 t6)
20.0: (sync_actions a9)

Plan-Length:21
Metric (Search):6.0
Planning Time (msec): 93
Heuristic Time (msec): 10
Search Time (msec): 91
Expanded Nodes:85
States Evaluated:124
Number of Dead-Ends detected:0
Number of Duplicates detected:16
/usr/bin/time -v timeout 600 java -Xmx64g -jar ./enhsp3.jar -o ./domain_with_failure.pddl -f ./problems/BasePN-1And-del-3-d1/problem88.pddl -h blind -s WAStar
Domain parsed
Problem parsed
Grounding..
Grounding Time: 1171
UFX:true
|F|:4027
|X|:4
|A|:191
|P|:0
|E|:0
h(I):0.0
f(n) = 1.0 (Expanded Nodes: 2, Evaluated States: 7, Time: 0.019) Frontier Size: 5
f(n) = 2.0 (Expanded Nodes: 6, Evaluated States: 7, Time: 0.064) Frontier Size: 1
f(n) = 3.0 (Expanded Nodes: 14, Evaluated States: 28, Time: 0.077) Frontier Size: 14
f(n) = 4.0 (Expanded Nodes: 34, Evaluated States: 64, Time: 0.088) Frontier Size: 30
f(n) = 5.0 (Expanded Nodes: 58, Evaluated States: 118, Time: 0.099) Frontier Size: 60
f(n) = 6.0 (Expanded Nodes: 140, Evaluated States: 220, Time: 0.11) Frontier Size: 80
Problem Solved

Found Plan:
0.0: (add_action a7)
1.0: (check_added_variables_model a7)
2.0: (move_in_model_move_automata a7)
3.0: (validate_payload t0 a10 t1)
4.0: (sync_actions a10)
5.0: (validate_payload t1 a12 t2)
6.0: (sync_actions a12)
7.0: (add_action a11)
8.0: (check_added_variables_model a11)
9.0: (move_in_model_move_automata a11)
10.0: (add_action a8)
11.0: (check_added_variables_model a8)
12.0: (move_in_model_move_automata a8)
13.0: (validate_payload t2 a0 t3)
14.0: (sync_actions a0)
15.0: (validate_payload t3 a1 t4)
16.0: (sync_actions a1)
17.0: (validate_payload t4 a2 t5)
18.0: (sync_actions a2)
19.0: (validate_payload t5 a9 t6)
20.0: (sync_actions a9)

Plan-Length:21
Metric (Search):6.0
Planning Time (msec): 132
Heuristic Time (msec): 7
Search Time (msec): 120
Expanded Nodes:235
States Evaluated:347
Number of Dead-Ends detected:0
Number of Duplicates detected:14
/usr/bin/time -v timeout 600 java -Xmx64g -jar ./enhsp3.jar -o ./domain_with_failure.pddl -f ./problems/BasePN-1And-del-3-d1/problem89.pddl -h blind -s WAStar
Domain parsed
Problem parsed
Grounding..
Grounding Time: 1144
UFX:true
|F|:4027
|X|:4
|A|:191
|P|:0
|E|:0
h(I):0.0
f(n) = 1.0 (Expanded Nodes: 2, Evaluated States: 7, Time: 0.017) Frontier Size: 5
f(n) = 2.0 (Expanded Nodes: 6, Evaluated States: 7, Time: 0.049) Frontier Size: 1
f(n) = 3.0 (Expanded Nodes: 14, Evaluated States: 28, Time: 0.059) Frontier Size: 14
f(n) = 4.0 (Expanded Nodes: 34, Evaluated States: 64, Time: 0.066) Frontier Size: 30
f(n) = 5.0 (Expanded Nodes: 64, Evaluated States: 136, Time: 0.081) Frontier Size: 72
f(n) = 6.0 (Expanded Nodes: 190, Evaluated States: 342, Time: 0.105) Frontier Size: 152
Problem Solved

Found Plan:
0.0: (add_action a7)
1.0: (check_added_variables_model a7)
2.0: (move_in_model_move_automata a7)
3.0: (validate_payload t0 a10 t1)
4.0: (sync_actions a10)
5.0: (validate_payload t1 a12 t2)
6.0: (sync_actions a12)
7.0: (add_action a11)
8.0: (check_added_variables_model a11)
9.0: (move_in_model_move_automata a11)
10.0: (validate_payload t2 a8 t3)
11.0: (sync_actions a8)
12.0: (validate_payload t3 a1 t4)
13.0: (sync_actions a1)
14.0: (validate_payload t4 a2 t5)
15.0: (sync_actions a2)
16.0: (add_action a0)
17.0: (check_added_variables_model a0)
18.0: (move_in_model_move_automata a0)
19.0: (validate_payload t5 a9 t6)
20.0: (sync_actions a9)

Plan-Length:21
Metric (Search):6.0
Planning Time (msec): 143
Heuristic Time (msec): 6
Search Time (msec): 139
Expanded Nodes:291
States Evaluated:495
Number of Dead-Ends detected:0
Number of Duplicates detected:16
/usr/bin/time -v timeout 600 java -Xmx64g -jar ./enhsp3.jar -o ./domain_with_failure.pddl -f ./problems/BasePN-1And-del-3-d1/problem90.pddl -h blind -s WAStar
Domain parsed
Problem parsed
Grounding..
Grounding Time: 1138
UFX:true
|F|:4027
|X|:3
|A|:191
|P|:0
|E|:0
h(I):0.0
f(n) = 1.0 (Expanded Nodes: 8, Evaluated States: 22, Time: 0.023) Frontier Size: 14
f(n) = 2.0 (Expanded Nodes: 28, Evaluated States: 58, Time: 0.06) Frontier Size: 30
f(n) = 3.0 (Expanded Nodes: 55, Evaluated States: 122, Time: 0.092) Frontier Size: 67
f(n) = 4.0 (Expanded Nodes: 143, Evaluated States: 242, Time: 0.103) Frontier Size: 99
f(n) = 5.0 (Expanded Nodes: 242, Evaluated States: 373, Time: 0.12) Frontier Size: 131
f(n) = 6.0 (Expanded Nodes: 428, Evaluated States: 631, Time: 0.137) Frontier Size: 203
f(n) = 7.0 (Expanded Nodes: 644, Evaluated States: 904, Time: 0.16) Frontier Size: 260
Problem Solved

Found Plan:
0.0: (validate_payload t0 a7 t1)
1.0: (sync_actions a7)
2.0: (validate_payload t1 a10 t2)
3.0: (sync_actions a10)
4.0: (validate_payload t2 a12 t3)
5.0: (sync_actions a12)
6.0: (add_action a11)
7.0: (check_added_variables_model a11)
8.0: (move_in_model_move_automata a11)
9.0: (validate_payload t3 a8 t4)
10.0: (sync_actions a8)
11.0: (add_action a1)
12.0: (move_in_model_parameter a1 sDEC1_2 integer v0)
13.0: (check_added_variables_model a1)
14.0: (move_in_model_move_automata a1)
15.0: (add_action a2)
16.0: (check_added_variables_model a2)
17.0: (move_in_model_move_automata a2)
18.0: (validate_payload t4 a0 t5)
19.0: (sync_actions a0)
20.0: (validate_payload t5 a9 t6)
21.0: (sync_actions a9)

Plan-Length:22
Metric (Search):7.0
Planning Time (msec): 172
Heuristic Time (msec): 6
Search Time (msec): 161
Expanded Nodes:682
States Evaluated:956
Number of Dead-Ends detected:0
Number of Duplicates detected:102
/usr/bin/time -v timeout 600 java -Xmx64g -jar ./enhsp3.jar -o ./domain_with_failure.pddl -f ./problems/BasePN-1And-del-3-d1/problem91.pddl -h blind -s WAStar
Domain parsed
Problem parsed
Grounding..
Grounding Time: 1149
UFX:true
|F|:4027
|X|:4
|A|:191
|P|:0
|E|:0
h(I):0.0
f(n) = 1.0 (Expanded Nodes: 8, Evaluated States: 22, Time: 0.026) Frontier Size: 14
f(n) = 2.0 (Expanded Nodes: 28, Evaluated States: 58, Time: 0.053) Frontier Size: 30
f(n) = 3.0 (Expanded Nodes: 57, Evaluated States: 133, Time: 0.08) Frontier Size: 76
f(n) = 4.0 (Expanded Nodes: 171, Evaluated States: 305, Time: 0.093) Frontier Size: 134
f(n) = 5.0 (Expanded Nodes: 320, Evaluated States: 512, Time: 0.113) Frontier Size: 192
f(n) = 6.0 (Expanded Nodes: 576, Evaluated States: 882, Time: 0.133) Frontier Size: 306
Problem Solved

Found Plan:
0.0: (validate_payload t0 a7 t1)
1.0: (sync_actions a7)
2.0: (validate_payload t1 a10 t2)
3.0: (sync_actions a10)
4.0: (validate_payload t2 a12 t3)
5.0: (sync_actions a12)
6.0: (add_action a11)
7.0: (check_added_variables_model a11)
8.0: (move_in_model_move_automata a11)
9.0: (validate_payload t3 a8 t4)
10.0: (sync_actions a8)
11.0: (validate_payload t4 a1 t5)
12.0: (sync_actions a1)
13.0: (add_action a2)
14.0: (check_added_variables_model a2)
15.0: (move_in_model_move_automata a2)
16.0: (add_action a0)
17.0: (check_added_variables_model a0)
18.0: (move_in_model_move_automata a0)
19.0: (validate_payload t5 a9 t6)
20.0: (sync_actions a9)

Plan-Length:21
Metric (Search):6.0
Planning Time (msec): 146
Heuristic Time (msec): 7
Search Time (msec): 140
Expanded Nodes:643
States Evaluated:953
Number of Dead-Ends detected:0
Number of Duplicates detected:75
/usr/bin/time -v timeout 600 java -Xmx64g -jar ./enhsp3.jar -o ./domain_with_failure.pddl -f ./problems/BasePN-1And-del-3-d1/problem92.pddl -h blind -s WAStar
Domain parsed
Problem parsed
Grounding..
Grounding Time: 1119
UFX:true
|F|:4027
|X|:3
|A|:191
|P|:0
|E|:0
h(I):0.0
f(n) = 1.0 (Expanded Nodes: 2, Evaluated States: 7, Time: 0.021) Frontier Size: 5
f(n) = 2.0 (Expanded Nodes: 6, Evaluated States: 7, Time: 0.053) Frontier Size: 1
f(n) = 3.0 (Expanded Nodes: 16, Evaluated States: 33, Time: 0.062) Frontier Size: 17
f(n) = 4.0 (Expanded Nodes: 44, Evaluated States: 87, Time: 0.069) Frontier Size: 43
f(n) = 5.0 (Expanded Nodes: 74, Evaluated States: 151, Time: 0.083) Frontier Size: 77
f(n) = 6.0 (Expanded Nodes: 180, Evaluated States: 293, Time: 0.099) Frontier Size: 113
f(n) = 7.0 (Expanded Nodes: 303, Evaluated States: 448, Time: 0.124) Frontier Size: 145
Problem Solved

Found Plan:
0.0: (add_action a7)
1.0: (check_added_variables_model a7)
2.0: (move_in_model_move_automata a7)
3.0: (validate_payload t0 a10 t1)
4.0: (sync_actions a10)
5.0: (validate_payload t1 a12 t2)
6.0: (sync_actions a12)
7.0: (validate_payload t2 a11 t3)
8.0: (sync_actions a11)
9.0: (add_action a8)
10.0: (check_added_variables_model a8)
11.0: (move_in_model_move_automata a8)
12.0: (validate_payload t3 a0 t4)
13.0: (sync_actions a0)
14.0: (add_action a1)
15.0: (move_in_model_parameter a1 sDEC1_2 integer v0)
16.0: (check_added_variables_model a1)
17.0: (move_in_model_move_automata a1)
18.0: (validate_payload t4 a2 t5)
19.0: (sync_actions a2)
20.0: (validate_payload t5 a9 t6)
21.0: (sync_actions a9)

Plan-Length:22
Metric (Search):7.0
Planning Time (msec): 138
Heuristic Time (msec): 9
Search Time (msec): 126
Expanded Nodes:358
States Evaluated:528
Number of Dead-Ends detected:0
Number of Duplicates detected:26
/usr/bin/time -v timeout 600 java -Xmx64g -jar ./enhsp3.jar -o ./domain_with_failure.pddl -f ./problems/BasePN-1And-del-3-d1/problem93.pddl -h blind -s WAStar
Domain parsed
Problem parsed
Grounding..
Grounding Time: 1124
UFX:true
|F|:4027
|X|:3
|A|:191
|P|:0
|E|:0
h(I):0.0
f(n) = 2.0 (Expanded Nodes: 2, Evaluated States: 3, Time: 0.019) Frontier Size: 1
f(n) = 4.0 (Expanded Nodes: 6, Evaluated States: 10, Time: 0.059) Frontier Size: 4
f(n) = 6.0 (Expanded Nodes: 26, Evaluated States: 47, Time: 0.068) Frontier Size: 21
Problem Solved

Found Plan:
0.0: (add_action a7)
1.0: (check_added_variables_model a7)
2.0: (move_in_model_move_automata a7)
3.0: (add_action a10)
4.0: (check_added_variables_model a10)
5.0: (move_in_model_move_automata a10)
6.0: (validate_payload t0 a12 t1)
7.0: (sync_actions a12)
8.0: (validate_payload t1 a11 t2)
9.0: (sync_actions a11)
10.0: (validate_payload t2 a8 t3)
11.0: (sync_actions a8)
12.0: (validate_payload t3 a1 t4)
13.0: (sync_actions a1)
14.0: (add_action a0)
15.0: (check_added_variables_model a0)
16.0: (move_in_model_move_automata a0)
17.0: (validate_payload t4 a2 t5)
18.0: (sync_actions a2)
19.0: (validate_payload t5 a9 t6)
20.0: (sync_actions a9)

Plan-Length:21
Metric (Search):6.0
Planning Time (msec): 103
Heuristic Time (msec): 6
Search Time (msec): 100
Expanded Nodes:52
States Evaluated:85
Number of Dead-Ends detected:0
Number of Duplicates detected:5
/usr/bin/time -v timeout 600 java -Xmx64g -jar ./enhsp3.jar -o ./domain_with_failure.pddl -f ./problems/BasePN-1And-del-3-d1/problem94.pddl -h blind -s WAStar
Domain parsed
Problem parsed
Grounding..
Grounding Time: 1151
UFX:true
|F|:4027
|X|:3
|A|:191
|P|:0
|E|:0
h(I):0.0
f(n) = 2.0 (Expanded Nodes: 4, Evaluated States: 8, Time: 0.019) Frontier Size: 4
f(n) = 4.0 (Expanded Nodes: 15, Evaluated States: 26, Time: 0.062) Frontier Size: 11
f(n) = 6.0 (Expanded Nodes: 47, Evaluated States: 73, Time: 0.073) Frontier Size: 26
Problem Solved

Found Plan:
0.0: (validate_payload t0 a7 t1)
1.0: (sync_actions a7)
2.0: (add_action a10)
3.0: (check_added_variables_model a10)
4.0: (move_in_model_move_automata a10)
5.0: (add_action a12)
6.0: (check_added_variables_model a12)
7.0: (move_in_model_move_automata a12)
8.0: (validate_payload t1 a11 t2)
9.0: (sync_actions a11)
10.0: (validate_payload t2 a8 t3)
11.0: (sync_actions a8)
12.0: (validate_payload t3 a1 t4)
13.0: (sync_actions a1)
14.0: (add_action a2)
15.0: (check_added_variables_model a2)
16.0: (move_in_model_move_automata a2)
17.0: (validate_payload t4 a0 t5)
18.0: (sync_actions a0)
19.0: (validate_payload t5 a9 t6)
20.0: (sync_actions a9)

Plan-Length:21
Metric (Search):6.0
Planning Time (msec): 106
Heuristic Time (msec): 5
Search Time (msec): 97
Expanded Nodes:101
States Evaluated:142
Number of Dead-Ends detected:0
Number of Duplicates detected:21
/usr/bin/time -v timeout 600 java -Xmx64g -jar ./enhsp3.jar -o ./domain_with_failure.pddl -f ./problems/BasePN-1And-del-3-d1/problem95.pddl -h blind -s WAStar
Domain parsed
Problem parsed
Grounding..
Grounding Time: 1138
UFX:true
|F|:4027
|X|:3
|A|:191
|P|:0
|E|:0
h(I):0.0
f(n) = 1.0 (Expanded Nodes: 6, Evaluated States: 17, Time: 0.02) Frontier Size: 11
f(n) = 2.0 (Expanded Nodes: 18, Evaluated States: 35, Time: 0.058) Frontier Size: 17
f(n) = 3.0 (Expanded Nodes: 35, Evaluated States: 78, Time: 0.074) Frontier Size: 43
f(n) = 4.0 (Expanded Nodes: 77, Evaluated States: 122, Time: 0.079) Frontier Size: 45
f(n) = 5.0 (Expanded Nodes: 134, Evaluated States: 198, Time: 0.093) Frontier Size: 64
f(n) = 6.0 (Expanded Nodes: 204, Evaluated States: 290, Time: 0.103) Frontier Size: 86
f(n) = 7.0 (Expanded Nodes: 302, Evaluated States: 410, Time: 0.113) Frontier Size: 108
Problem Solved

Found Plan:
0.0: (validate_payload t0 a7 t1)
1.0: (sync_actions a7)
2.0: (validate_payload t1 a10 t2)
3.0: (sync_actions a10)
4.0: (add_action a12)
5.0: (check_added_variables_model a12)
6.0: (move_in_model_move_automata a12)
7.0: (add_action a11)
8.0: (check_added_variables_model a11)
9.0: (move_in_model_move_automata a11)
10.0: (validate_payload t2 a8 t3)
11.0: (sync_actions a8)
12.0: (add_action a1)
13.0: (move_in_model_parameter a1 sDEC1_2 integer v5)
14.0: (check_added_variables_model a1)
15.0: (move_in_model_move_automata a1)
16.0: (validate_payload t3 a2 t4)
17.0: (sync_actions a2)
18.0: (validate_payload t4 a0 t5)
19.0: (sync_actions a0)
20.0: (validate_payload t5 a9 t6)
21.0: (sync_actions a9)

Plan-Length:22
Metric (Search):7.0
Planning Time (msec): 147
Heuristic Time (msec): 11
Search Time (msec): 144
Expanded Nodes:424
States Evaluated:629
Number of Dead-Ends detected:0
Number of Duplicates detected:38
/usr/bin/time -v timeout 600 java -Xmx64g -jar ./enhsp3.jar -o ./domain_with_failure.pddl -f ./problems/BasePN-1And-del-3-d1/problem96.pddl -h blind -s WAStar
Domain parsed
Problem parsed
Grounding..
Grounding Time: 1140
UFX:true
|F|:4027
|X|:3
|A|:191
|P|:0
|E|:0
h(I):0.0
f(n) = 2.0 (Expanded Nodes: 4, Evaluated States: 8, Time: 0.024) Frontier Size: 4
f(n) = 4.0 (Expanded Nodes: 25, Evaluated States: 47, Time: 0.061) Frontier Size: 22
f(n) = 6.0 (Expanded Nodes: 78, Evaluated States: 114, Time: 0.087) Frontier Size: 36
Problem Solved

Found Plan:
0.0: (validate_payload t0 a7 t1)
1.0: (sync_actions a7)
2.0: (add_action a10)
3.0: (check_added_variables_model a10)
4.0: (move_in_model_move_automata a10)
5.0: (validate_payload t1 a12 t2)
6.0: (sync_actions a12)
7.0: (validate_payload t2 a11 t3)
8.0: (sync_actions a11)
9.0: (validate_payload t3 a8 t4)
10.0: (sync_actions a8)
11.0: (validate_payload t4 a1 t5)
12.0: (sync_actions a1)
13.0: (validate_payload t5 a0 t6)
14.0: (sync_actions a0)
15.0: (add_action a2)
16.0: (check_added_variables_model a2)
17.0: (move_in_model_move_automata a2)
18.0: (add_action a9)
19.0: (check_added_variables_model a9)
20.0: (move_in_model_move_automata a9)

Plan-Length:21
Metric (Search):6.0
Planning Time (msec): 98
Heuristic Time (msec): 7
Search Time (msec): 89
Expanded Nodes:95
States Evaluated:135
Number of Dead-Ends detected:0
Number of Duplicates detected:18
/usr/bin/time -v timeout 600 java -Xmx64g -jar ./enhsp3.jar -o ./domain_with_failure.pddl -f ./problems/BasePN-1And-del-3-d1/problem97.pddl -h blind -s WAStar
Domain parsed
Problem parsed
Grounding..
Grounding Time: 982
UFX:true
|F|:4027
|X|:4
|A|:191
|P|:0
|E|:0
h(I):0.0
f(n) = 1.0 (Expanded Nodes: 10, Evaluated States: 27, Time: 0.022) Frontier Size: 17
f(n) = 2.0 (Expanded Nodes: 38, Evaluated States: 81, Time: 0.056) Frontier Size: 43
f(n) = 3.0 (Expanded Nodes: 73, Evaluated States: 165, Time: 0.077) Frontier Size: 92
f(n) = 4.0 (Expanded Nodes: 217, Evaluated States: 359, Time: 0.106) Frontier Size: 142
f(n) = 5.0 (Expanded Nodes: 393, Evaluated States: 572, Time: 0.125) Frontier Size: 179
f(n) = 6.0 (Expanded Nodes: 671, Evaluated States: 960, Time: 0.153) Frontier Size: 289
Problem Solved

Found Plan:
0.0: (validate_payload t0 a7 t1)
1.0: (sync_actions a7)
2.0: (validate_payload t1 a10 t2)
3.0: (sync_actions a10)
4.0: (validate_payload t2 a12 t3)
5.0: (sync_actions a12)
6.0: (validate_payload t3 a11 t4)
7.0: (sync_actions a11)
8.0: (add_action a8)
9.0: (check_added_variables_model a8)
10.0: (move_in_model_move_automata a8)
11.0: (validate_payload t4 a0 t5)
12.0: (sync_actions a0)
13.0: (validate_payload t5 a1 t6)
14.0: (sync_actions a1)
15.0: (add_action a2)
16.0: (check_added_variables_model a2)
17.0: (move_in_model_move_automata a2)
18.0: (add_action a9)
19.0: (check_added_variables_model a9)
20.0: (move_in_model_move_automata a9)

Plan-Length:21
Metric (Search):6.0
Planning Time (msec): 184
Heuristic Time (msec): 5
Search Time (msec): 177
Expanded Nodes:875
States Evaluated:1233
Number of Dead-Ends detected:0
Number of Duplicates detected:105
/usr/bin/time -v timeout 600 java -Xmx64g -jar ./enhsp3.jar -o ./domain_with_failure.pddl -f ./problems/BasePN-1And-del-3-d1/problem98.pddl -h blind -s WAStar
Domain parsed
Problem parsed
Grounding..
Grounding Time: 1119
UFX:true
|F|:4027
|X|:4
|A|:191
|P|:0
|E|:0
h(I):0.0
f(n) = 1.0 (Expanded Nodes: 6, Evaluated States: 16, Time: 0.023) Frontier Size: 10
f(n) = 2.0 (Expanded Nodes: 18, Evaluated States: 34, Time: 0.055) Frontier Size: 16
f(n) = 3.0 (Expanded Nodes: 35, Evaluated States: 73, Time: 0.064) Frontier Size: 38
f(n) = 4.0 (Expanded Nodes: 81, Evaluated States: 151, Time: 0.079) Frontier Size: 70
f(n) = 5.0 (Expanded Nodes: 175, Evaluated States: 241, Time: 0.098) Frontier Size: 66
f(n) = 6.0 (Expanded Nodes: 257, Evaluated States: 393, Time: 0.115) Frontier Size: 136
Problem Solved

Found Plan:
0.0: (validate_payload t0 a7 t1)
1.0: (sync_actions a7)
2.0: (validate_payload t1 a10 t2)
3.0: (sync_actions a10)
4.0: (add_action a12)
5.0: (check_added_variables_model a12)
6.0: (move_in_model_move_automata a12)
7.0: (validate_payload t2 a11 t3)
8.0: (sync_actions a11)
9.0: (add_action a8)
10.0: (check_added_variables_model a8)
11.0: (move_in_model_move_automata a8)
12.0: (validate_payload t3 a1 t4)
13.0: (sync_actions a1)
14.0: (validate_payload t4 a0 t5)
15.0: (sync_actions a0)
16.0: (add_action a2)
17.0: (check_added_variables_model a2)
18.0: (move_in_model_move_automata a2)
19.0: (validate_payload t5 a9 t6)
20.0: (sync_actions a9)

Plan-Length:21
Metric (Search):6.0
Planning Time (msec): 126
Heuristic Time (msec): 7
Search Time (msec): 123
Expanded Nodes:317
States Evaluated:468
Number of Dead-Ends detected:0
Number of Duplicates detected:34
/usr/bin/time -v timeout 600 java -Xmx64g -jar ./enhsp3.jar -o ./domain_with_failure.pddl -f ./problems/BasePN-1And-del-3-d1/problem99.pddl -h blind -s WAStar
Domain parsed
Problem parsed
Grounding..
Grounding Time: 1097
UFX:true
|F|:4027
|X|:3
|A|:191
|P|:0
|E|:0
h(I):0.0
f(n) = 1.0 (Expanded Nodes: 6, Evaluated States: 17, Time: 0.02) Frontier Size: 11
f(n) = 2.0 (Expanded Nodes: 18, Evaluated States: 35, Time: 0.05) Frontier Size: 17
f(n) = 3.0 (Expanded Nodes: 39, Evaluated States: 88, Time: 0.066) Frontier Size: 49
f(n) = 4.0 (Expanded Nodes: 97, Evaluated States: 170, Time: 0.082) Frontier Size: 73
f(n) = 5.0 (Expanded Nodes: 167, Evaluated States: 274, Time: 0.092) Frontier Size: 107
f(n) = 6.0 (Expanded Nodes: 313, Evaluated States: 498, Time: 0.11) Frontier Size: 185
f(n) = 7.0 (Expanded Nodes: 492, Evaluated States: 748, Time: 0.128) Frontier Size: 256
Problem Solved

Found Plan:
0.0: (validate_payload t0 a7 t1)
1.0: (sync_actions a7)
2.0: (validate_payload t1 a10 t2)
3.0: (sync_actions a10)
4.0: (add_action a12)
5.0: (check_added_variables_model a12)
6.0: (move_in_model_move_automata a12)
7.0: (validate_payload t2 a11 t3)
8.0: (sync_actions a11)
9.0: (validate_payload t3 a8 t4)
10.0: (sync_actions a8)
11.0: (add_action a1)
12.0: (move_in_model_parameter a1 sDEC1_2 integer v0)
13.0: (check_added_variables_model a1)
14.0: (move_in_model_move_automata a1)
15.0: (add_action a0)
16.0: (check_added_variables_model a0)
17.0: (move_in_model_move_automata a0)
18.0: (validate_payload t4 a2 t5)
19.0: (sync_actions a2)
20.0: (validate_payload t5 a9 t6)
21.0: (sync_actions a9)

Plan-Length:22
Metric (Search):7.0
Planning Time (msec): 139
Heuristic Time (msec): 5
Search Time (msec): 133
Expanded Nodes:591
States Evaluated:902
Number of Dead-Ends detected:0
Number of Duplicates detected:85
/usr/bin/time -v timeout 600 java -Xmx64g -jar ./enhsp3.jar -o ./domain_with_failure.pddl -f ./problems/BasePN-1And-del-3-d1/problem100.pddl -h blind -s WAStar
Domain parsed
Problem parsed
Grounding..
Grounding Time: 1158
UFX:true
|F|:4027
|X|:4
|A|:191
|P|:0
|E|:0
h(I):0.0
f(n) = 1.0 (Expanded Nodes: 2, Evaluated States: 7, Time: 0.021) Frontier Size: 5
f(n) = 2.0 (Expanded Nodes: 6, Evaluated States: 7, Time: 0.054) Frontier Size: 1
f(n) = 3.0 (Expanded Nodes: 12, Evaluated States: 22, Time: 0.057) Frontier Size: 10
f(n) = 4.0 (Expanded Nodes: 24, Evaluated States: 40, Time: 0.063) Frontier Size: 16
f(n) = 5.0 (Expanded Nodes: 46, Evaluated States: 86, Time: 0.073) Frontier Size: 40
f(n) = 6.0 (Expanded Nodes: 106, Evaluated States: 210, Time: 0.103) Frontier Size: 104
Problem Solved

Found Plan:
0.0: (add_action a7)
1.0: (check_added_variables_model a7)
2.0: (move_in_model_move_automata a7)
3.0: (validate_payload t0 a10 t1)
4.0: (sync_actions a10)
5.0: (add_action a12)
6.0: (check_added_variables_model a12)
7.0: (move_in_model_move_automata a12)
8.0: (validate_payload t1 a11 t2)
9.0: (sync_actions a11)
10.0: (validate_payload t2 a8 t3)
11.0: (sync_actions a8)
12.0: (validate_payload t3 a1 t4)
13.0: (sync_actions a1)
14.0: (validate_payload t4 a0 t5)
15.0: (sync_actions a0)
16.0: (add_action a2)
17.0: (check_added_variables_model a2)
18.0: (move_in_model_move_automata a2)
19.0: (validate_payload t5 a9 t6)
20.0: (sync_actions a9)

Plan-Length:21
Metric (Search):6.0
Planning Time (msec): 125
Heuristic Time (msec): 8
Search Time (msec): 122
Expanded Nodes:211
States Evaluated:371
Number of Dead-Ends detected:0
Number of Duplicates detected:14
Loading openjdk/17.0.8.1_1
  Loading requirement: glibc/2.35-aocc-3.2.0-wetwhfr
    gcc-runtime/12.1.0-gcc-12.1.0-uotjsm3 glibc/2.35-aocc-3.2.0-dkzxmta
	Command being timed: "timeout 600 java -Xmx64g -jar ./enhsp3.jar -o ./domain_with_failure.pddl -f ./problems/BasePN-1And-del-3-d1/problem1.pddl -h blind -s WAStar -dap"
	User time (seconds): 2.15
	System time (seconds): 0.24
	Percent of CPU this job got: 97%
	Elapsed (wall clock) time (h:mm:ss or m:ss): 0:02.47
	Average shared text size (kbytes): 0
	Average unshared data size (kbytes): 0
	Average stack size (kbytes): 0
	Average total size (kbytes): 0
	Maximum resident set size (kbytes): 497512
	Average resident set size (kbytes): 0
	Major (requiring I/O) page faults: 223
	Minor (reclaiming a frame) page faults: 126604
	Voluntary context switches: 2129
	Involuntary context switches: 1673
	Swaps: 0
	File system inputs: 0
	File system outputs: 64
	Socket messages sent: 0
	Socket messages received: 0
	Signals delivered: 0
	Page size (bytes): 4096
	Exit status: 0
	Command being timed: "timeout 600 java -Xmx64g -jar ./enhsp3.jar -o ./domain_with_failure.pddl -f ./problems/BasePN-1And-del-3-d1/problem2.pddl -h blind -s WAStar -dap"
	User time (seconds): 2.16
	System time (seconds): 0.23
	Percent of CPU this job got: 98%
	Elapsed (wall clock) time (h:mm:ss or m:ss): 0:02.43
	Average shared text size (kbytes): 0
	Average unshared data size (kbytes): 0
	Average stack size (kbytes): 0
	Average total size (kbytes): 0
	Maximum resident set size (kbytes): 500384
	Average resident set size (kbytes): 0
	Major (requiring I/O) page faults: 0
	Minor (reclaiming a frame) page faults: 127399
	Voluntary context switches: 1769
	Involuntary context switches: 1542
	Swaps: 0
	File system inputs: 0
	File system outputs: 64
	Socket messages sent: 0
	Socket messages received: 0
	Signals delivered: 0
	Page size (bytes): 4096
	Exit status: 0
	Command being timed: "timeout 600 java -Xmx64g -jar ./enhsp3.jar -o ./domain_with_failure.pddl -f ./problems/BasePN-1And-del-3-d1/problem3.pddl -h blind -s WAStar -dap"
	User time (seconds): 2.41
	System time (seconds): 0.24
	Percent of CPU this job got: 97%
	Elapsed (wall clock) time (h:mm:ss or m:ss): 0:02.72
	Average shared text size (kbytes): 0
	Average unshared data size (kbytes): 0
	Average stack size (kbytes): 0
	Average total size (kbytes): 0
	Maximum resident set size (kbytes): 506476
	Average resident set size (kbytes): 0
	Major (requiring I/O) page faults: 0
	Minor (reclaiming a frame) page faults: 183447
	Voluntary context switches: 1968
	Involuntary context switches: 1696
	Swaps: 0
	File system inputs: 0
	File system outputs: 96
	Socket messages sent: 0
	Socket messages received: 0
	Signals delivered: 0
	Page size (bytes): 4096
	Exit status: 0
	Command being timed: "timeout 600 java -Xmx64g -jar ./enhsp3.jar -o ./domain_with_failure.pddl -f ./problems/BasePN-1And-del-3-d1/problem4.pddl -h blind -s WAStar -dap"
	User time (seconds): 2.12
	System time (seconds): 0.24
	Percent of CPU this job got: 98%
	Elapsed (wall clock) time (h:mm:ss or m:ss): 0:02.39
	Average shared text size (kbytes): 0
	Average unshared data size (kbytes): 0
	Average stack size (kbytes): 0
	Average total size (kbytes): 0
	Maximum resident set size (kbytes): 498320
	Average resident set size (kbytes): 0
	Major (requiring I/O) page faults: 0
	Minor (reclaiming a frame) page faults: 126283
	Voluntary context switches: 1718
	Involuntary context switches: 1509
	Swaps: 0
	File system inputs: 0
	File system outputs: 64
	Socket messages sent: 0
	Socket messages received: 0
	Signals delivered: 0
	Page size (bytes): 4096
	Exit status: 0
	Command being timed: "timeout 600 java -Xmx64g -jar ./enhsp3.jar -o ./domain_with_failure.pddl -f ./problems/BasePN-1And-del-3-d1/problem5.pddl -h blind -s WAStar -dap"
	User time (seconds): 2.29
	System time (seconds): 0.24
	Percent of CPU this job got: 99%
	Elapsed (wall clock) time (h:mm:ss or m:ss): 0:02.55
	Average shared text size (kbytes): 0
	Average unshared data size (kbytes): 0
	Average stack size (kbytes): 0
	Average total size (kbytes): 0
	Maximum resident set size (kbytes): 498356
	Average resident set size (kbytes): 0
	Major (requiring I/O) page faults: 0
	Minor (reclaiming a frame) page faults: 179339
	Voluntary context switches: 2070
	Involuntary context switches: 1681
	Swaps: 0
	File system inputs: 0
	File system outputs: 88
	Socket messages sent: 0
	Socket messages received: 0
	Signals delivered: 0
	Page size (bytes): 4096
	Exit status: 0
	Command being timed: "timeout 600 java -Xmx64g -jar ./enhsp3.jar -o ./domain_with_failure.pddl -f ./problems/BasePN-1And-del-3-d1/problem6.pddl -h blind -s WAStar -dap"
	User time (seconds): 2.23
	System time (seconds): 0.26
	Percent of CPU this job got: 99%
	Elapsed (wall clock) time (h:mm:ss or m:ss): 0:02.51
	Average shared text size (kbytes): 0
	Average unshared data size (kbytes): 0
	Average stack size (kbytes): 0
	Average total size (kbytes): 0
	Maximum resident set size (kbytes): 498888
	Average resident set size (kbytes): 0
	Major (requiring I/O) page faults: 0
	Minor (reclaiming a frame) page faults: 178453
	Voluntary context switches: 1617
	Involuntary context switches: 1435
	Swaps: 0
	File system inputs: 0
	File system outputs: 72
	Socket messages sent: 0
	Socket messages received: 0
	Signals delivered: 0
	Page size (bytes): 4096
	Exit status: 0
	Command being timed: "timeout 600 java -Xmx64g -jar ./enhsp3.jar -o ./domain_with_failure.pddl -f ./problems/BasePN-1And-del-3-d1/problem7.pddl -h blind -s WAStar -dap"
	User time (seconds): 2.23
	System time (seconds): 0.23
	Percent of CPU this job got: 98%
	Elapsed (wall clock) time (h:mm:ss or m:ss): 0:02.51
	Average shared text size (kbytes): 0
	Average unshared data size (kbytes): 0
	Average stack size (kbytes): 0
	Average total size (kbytes): 0
	Maximum resident set size (kbytes): 497588
	Average resident set size (kbytes): 0
	Major (requiring I/O) page faults: 0
	Minor (reclaiming a frame) page faults: 176849
	Voluntary context switches: 1625
	Involuntary context switches: 1463
	Swaps: 0
	File system inputs: 0
	File system outputs: 88
	Socket messages sent: 0
	Socket messages received: 0
	Signals delivered: 0
	Page size (bytes): 4096
	Exit status: 0
	Command being timed: "timeout 600 java -Xmx64g -jar ./enhsp3.jar -o ./domain_with_failure.pddl -f ./problems/BasePN-1And-del-3-d1/problem8.pddl -h blind -s WAStar -dap"
	User time (seconds): 2.37
	System time (seconds): 0.24
	Percent of CPU this job got: 99%
	Elapsed (wall clock) time (h:mm:ss or m:ss): 0:02.64
	Average shared text size (kbytes): 0
	Average unshared data size (kbytes): 0
	Average stack size (kbytes): 0
	Average total size (kbytes): 0
	Maximum resident set size (kbytes): 506000
	Average resident set size (kbytes): 0
	Major (requiring I/O) page faults: 0
	Minor (reclaiming a frame) page faults: 183106
	Voluntary context switches: 1818
	Involuntary context switches: 1614
	Swaps: 0
	File system inputs: 0
	File system outputs: 72
	Socket messages sent: 0
	Socket messages received: 0
	Signals delivered: 0
	Page size (bytes): 4096
	Exit status: 0
	Command being timed: "timeout 600 java -Xmx64g -jar ./enhsp3.jar -o ./domain_with_failure.pddl -f ./problems/BasePN-1And-del-3-d1/problem9.pddl -h blind -s WAStar -dap"
	User time (seconds): 2.29
	System time (seconds): 0.25
	Percent of CPU this job got: 99%
	Elapsed (wall clock) time (h:mm:ss or m:ss): 0:02.56
	Average shared text size (kbytes): 0
	Average unshared data size (kbytes): 0
	Average stack size (kbytes): 0
	Average total size (kbytes): 0
	Maximum resident set size (kbytes): 500712
	Average resident set size (kbytes): 0
	Major (requiring I/O) page faults: 0
	Minor (reclaiming a frame) page faults: 180630
	Voluntary context switches: 1774
	Involuntary context switches: 1569
	Swaps: 0
	File system inputs: 0
	File system outputs: 88
	Socket messages sent: 0
	Socket messages received: 0
	Signals delivered: 0
	Page size (bytes): 4096
	Exit status: 0
	Command being timed: "timeout 600 java -Xmx64g -jar ./enhsp3.jar -o ./domain_with_failure.pddl -f ./problems/BasePN-1And-del-3-d1/problem10.pddl -h blind -s WAStar -dap"
	User time (seconds): 2.33
	System time (seconds): 0.27
	Percent of CPU this job got: 98%
	Elapsed (wall clock) time (h:mm:ss or m:ss): 0:02.64
	Average shared text size (kbytes): 0
	Average unshared data size (kbytes): 0
	Average stack size (kbytes): 0
	Average total size (kbytes): 0
	Maximum resident set size (kbytes): 503812
	Average resident set size (kbytes): 0
	Major (requiring I/O) page faults: 0
	Minor (reclaiming a frame) page faults: 178742
	Voluntary context switches: 1759
	Involuntary context switches: 1573
	Swaps: 0
	File system inputs: 0
	File system outputs: 64
	Socket messages sent: 0
	Socket messages received: 0
	Signals delivered: 0
	Page size (bytes): 4096
	Exit status: 0
	Command being timed: "timeout 600 java -Xmx64g -jar ./enhsp3.jar -o ./domain_with_failure.pddl -f ./problems/BasePN-1And-del-3-d1/problem11.pddl -h blind -s WAStar -dap"
	User time (seconds): 2.14
	System time (seconds): 0.23
	Percent of CPU this job got: 97%
	Elapsed (wall clock) time (h:mm:ss or m:ss): 0:02.45
	Average shared text size (kbytes): 0
	Average unshared data size (kbytes): 0
	Average stack size (kbytes): 0
	Average total size (kbytes): 0
	Maximum resident set size (kbytes): 500600
	Average resident set size (kbytes): 0
	Major (requiring I/O) page faults: 0
	Minor (reclaiming a frame) page faults: 126675
	Voluntary context switches: 2074
	Involuntary context switches: 1676
	Swaps: 0
	File system inputs: 0
	File system outputs: 88
	Socket messages sent: 0
	Socket messages received: 0
	Signals delivered: 0
	Page size (bytes): 4096
	Exit status: 0
	Command being timed: "timeout 600 java -Xmx64g -jar ./enhsp3.jar -o ./domain_with_failure.pddl -f ./problems/BasePN-1And-del-3-d1/problem12.pddl -h blind -s WAStar -dap"
	User time (seconds): 2.15
	System time (seconds): 0.23
	Percent of CPU this job got: 98%
	Elapsed (wall clock) time (h:mm:ss or m:ss): 0:02.42
	Average shared text size (kbytes): 0
	Average unshared data size (kbytes): 0
	Average stack size (kbytes): 0
	Average total size (kbytes): 0
	Maximum resident set size (kbytes): 499288
	Average resident set size (kbytes): 0
	Major (requiring I/O) page faults: 0
	Minor (reclaiming a frame) page faults: 127155
	Voluntary context switches: 1719
	Involuntary context switches: 1510
	Swaps: 0
	File system inputs: 0
	File system outputs: 64
	Socket messages sent: 0
	Socket messages received: 0
	Signals delivered: 0
	Page size (bytes): 4096
	Exit status: 0
	Command being timed: "timeout 600 java -Xmx64g -jar ./enhsp3.jar -o ./domain_with_failure.pddl -f ./problems/BasePN-1And-del-3-d1/problem13.pddl -h blind -s WAStar -dap"
	User time (seconds): 2.34
	System time (seconds): 0.23
	Percent of CPU this job got: 98%
	Elapsed (wall clock) time (h:mm:ss or m:ss): 0:02.61
	Average shared text size (kbytes): 0
	Average unshared data size (kbytes): 0
	Average stack size (kbytes): 0
	Average total size (kbytes): 0
	Maximum resident set size (kbytes): 503040
	Average resident set size (kbytes): 0
	Major (requiring I/O) page faults: 0
	Minor (reclaiming a frame) page faults: 183148
	Voluntary context switches: 1771
	Involuntary context switches: 1587
	Swaps: 0
	File system inputs: 0
	File system outputs: 96
	Socket messages sent: 0
	Socket messages received: 0
	Signals delivered: 0
	Page size (bytes): 4096
	Exit status: 0
	Command being timed: "timeout 600 java -Xmx64g -jar ./enhsp3.jar -o ./domain_with_failure.pddl -f ./problems/BasePN-1And-del-3-d1/problem14.pddl -h blind -s WAStar -dap"
	User time (seconds): 2.24
	System time (seconds): 0.25
	Percent of CPU this job got: 98%
	Elapsed (wall clock) time (h:mm:ss or m:ss): 0:02.54
	Average shared text size (kbytes): 0
	Average unshared data size (kbytes): 0
	Average stack size (kbytes): 0
	Average total size (kbytes): 0
	Maximum resident set size (kbytes): 499088
	Average resident set size (kbytes): 0
	Major (requiring I/O) page faults: 0
	Minor (reclaiming a frame) page faults: 179680
	Voluntary context switches: 1903
	Involuntary context switches: 1615
	Swaps: 0
	File system inputs: 0
	File system outputs: 72
	Socket messages sent: 0
	Socket messages received: 0
	Signals delivered: 0
	Page size (bytes): 4096
	Exit status: 0
	Command being timed: "timeout 600 java -Xmx64g -jar ./enhsp3.jar -o ./domain_with_failure.pddl -f ./problems/BasePN-1And-del-3-d1/problem15.pddl -h blind -s WAStar -dap"
	User time (seconds): 2.24
	System time (seconds): 0.25
	Percent of CPU this job got: 97%
	Elapsed (wall clock) time (h:mm:ss or m:ss): 0:02.56
	Average shared text size (kbytes): 0
	Average unshared data size (kbytes): 0
	Average stack size (kbytes): 0
	Average total size (kbytes): 0
	Maximum resident set size (kbytes): 499228
	Average resident set size (kbytes): 0
	Major (requiring I/O) page faults: 0
	Minor (reclaiming a frame) page faults: 179683
	Voluntary context switches: 1908
	Involuntary context switches: 1599
	Swaps: 0
	File system inputs: 0
	File system outputs: 88
	Socket messages sent: 0
	Socket messages received: 0
	Signals delivered: 0
	Page size (bytes): 4096
	Exit status: 0
	Command being timed: "timeout 600 java -Xmx64g -jar ./enhsp3.jar -o ./domain_with_failure.pddl -f ./problems/BasePN-1And-del-3-d1/problem16.pddl -h blind -s WAStar -dap"
	User time (seconds): 2.18
	System time (seconds): 0.21
	Percent of CPU this job got: 99%
	Elapsed (wall clock) time (h:mm:ss or m:ss): 0:02.42
	Average shared text size (kbytes): 0
	Average unshared data size (kbytes): 0
	Average stack size (kbytes): 0
	Average total size (kbytes): 0
	Maximum resident set size (kbytes): 498148
	Average resident set size (kbytes): 0
	Major (requiring I/O) page faults: 0
	Minor (reclaiming a frame) page faults: 125780
	Voluntary context switches: 2065
	Involuntary context switches: 1713
	Swaps: 0
	File system inputs: 0
	File system outputs: 72
	Socket messages sent: 0
	Socket messages received: 0
	Signals delivered: 0
	Page size (bytes): 4096
	Exit status: 0
	Command being timed: "timeout 600 java -Xmx64g -jar ./enhsp3.jar -o ./domain_with_failure.pddl -f ./problems/BasePN-1And-del-3-d1/problem17.pddl -h blind -s WAStar -dap"
	User time (seconds): 2.29
	System time (seconds): 0.25
	Percent of CPU this job got: 98%
	Elapsed (wall clock) time (h:mm:ss or m:ss): 0:02.57
	Average shared text size (kbytes): 0
	Average unshared data size (kbytes): 0
	Average stack size (kbytes): 0
	Average total size (kbytes): 0
	Maximum resident set size (kbytes): 503892
	Average resident set size (kbytes): 0
	Major (requiring I/O) page faults: 0
	Minor (reclaiming a frame) page faults: 176781
	Voluntary context switches: 1719
	Involuntary context switches: 1556
	Swaps: 0
	File system inputs: 0
	File system outputs: 88
	Socket messages sent: 0
	Socket messages received: 0
	Signals delivered: 0
	Page size (bytes): 4096
	Exit status: 0
	Command being timed: "timeout 600 java -Xmx64g -jar ./enhsp3.jar -o ./domain_with_failure.pddl -f ./problems/BasePN-1And-del-3-d1/problem18.pddl -h blind -s WAStar -dap"
	User time (seconds): 2.18
	System time (seconds): 0.24
	Percent of CPU this job got: 98%
	Elapsed (wall clock) time (h:mm:ss or m:ss): 0:02.46
	Average shared text size (kbytes): 0
	Average unshared data size (kbytes): 0
	Average stack size (kbytes): 0
	Average total size (kbytes): 0
	Maximum resident set size (kbytes): 498000
	Average resident set size (kbytes): 0
	Major (requiring I/O) page faults: 0
	Minor (reclaiming a frame) page faults: 126427
	Voluntary context switches: 1783
	Involuntary context switches: 1563
	Swaps: 0
	File system inputs: 0
	File system outputs: 64
	Socket messages sent: 0
	Socket messages received: 0
	Signals delivered: 0
	Page size (bytes): 4096
	Exit status: 0
	Command being timed: "timeout 600 java -Xmx64g -jar ./enhsp3.jar -o ./domain_with_failure.pddl -f ./problems/BasePN-1And-del-3-d1/problem19.pddl -h blind -s WAStar -dap"
	User time (seconds): 2.14
	System time (seconds): 0.24
	Percent of CPU this job got: 99%
	Elapsed (wall clock) time (h:mm:ss or m:ss): 0:02.39
	Average shared text size (kbytes): 0
	Average unshared data size (kbytes): 0
	Average stack size (kbytes): 0
	Average total size (kbytes): 0
	Maximum resident set size (kbytes): 499012
	Average resident set size (kbytes): 0
	Major (requiring I/O) page faults: 0
	Minor (reclaiming a frame) page faults: 126894
	Voluntary context switches: 1961
	Involuntary context switches: 1618
	Swaps: 0
	File system inputs: 0
	File system outputs: 96
	Socket messages sent: 0
	Socket messages received: 0
	Signals delivered: 0
	Page size (bytes): 4096
	Exit status: 0
	Command being timed: "timeout 600 java -Xmx64g -jar ./enhsp3.jar -o ./domain_with_failure.pddl -f ./problems/BasePN-1And-del-3-d1/problem20.pddl -h blind -s WAStar -dap"
	User time (seconds): 2.32
	System time (seconds): 0.28
	Percent of CPU this job got: 98%
	Elapsed (wall clock) time (h:mm:ss or m:ss): 0:02.65
	Average shared text size (kbytes): 0
	Average unshared data size (kbytes): 0
	Average stack size (kbytes): 0
	Average total size (kbytes): 0
	Maximum resident set size (kbytes): 503104
	Average resident set size (kbytes): 0
	Major (requiring I/O) page faults: 0
	Minor (reclaiming a frame) page faults: 179876
	Voluntary context switches: 1866
	Involuntary context switches: 1652
	Swaps: 0
	File system inputs: 0
	File system outputs: 64
	Socket messages sent: 0
	Socket messages received: 0
	Signals delivered: 0
	Page size (bytes): 4096
	Exit status: 0
	Command being timed: "timeout 600 java -Xmx64g -jar ./enhsp3.jar -o ./domain_with_failure.pddl -f ./problems/BasePN-1And-del-3-d1/problem21.pddl -h blind -s WAStar -dap"
	User time (seconds): 2.24
	System time (seconds): 0.27
	Percent of CPU this job got: 99%
	Elapsed (wall clock) time (h:mm:ss or m:ss): 0:02.53
	Average shared text size (kbytes): 0
	Average unshared data size (kbytes): 0
	Average stack size (kbytes): 0
	Average total size (kbytes): 0
	Maximum resident set size (kbytes): 499448
	Average resident set size (kbytes): 0
	Major (requiring I/O) page faults: 0
	Minor (reclaiming a frame) page faults: 179431
	Voluntary context switches: 1789
	Involuntary context switches: 1575
	Swaps: 0
	File system inputs: 0
	File system outputs: 96
	Socket messages sent: 0
	Socket messages received: 0
	Signals delivered: 0
	Page size (bytes): 4096
	Exit status: 0
	Command being timed: "timeout 600 java -Xmx64g -jar ./enhsp3.jar -o ./domain_with_failure.pddl -f ./problems/BasePN-1And-del-3-d1/problem22.pddl -h blind -s WAStar -dap"
	User time (seconds): 2.33
	System time (seconds): 0.25
	Percent of CPU this job got: 98%
	Elapsed (wall clock) time (h:mm:ss or m:ss): 0:02.62
	Average shared text size (kbytes): 0
	Average unshared data size (kbytes): 0
	Average stack size (kbytes): 0
	Average total size (kbytes): 0
	Maximum resident set size (kbytes): 502200
	Average resident set size (kbytes): 0
	Major (requiring I/O) page faults: 0
	Minor (reclaiming a frame) page faults: 178495
	Voluntary context switches: 1768
	Involuntary context switches: 1597
	Swaps: 0
	File system inputs: 0
	File system outputs: 64
	Socket messages sent: 0
	Socket messages received: 0
	Signals delivered: 0
	Page size (bytes): 4096
	Exit status: 0
	Command being timed: "timeout 600 java -Xmx64g -jar ./enhsp3.jar -o ./domain_with_failure.pddl -f ./problems/BasePN-1And-del-3-d1/problem23.pddl -h blind -s WAStar -dap"
	User time (seconds): 2.16
	System time (seconds): 0.21
	Percent of CPU this job got: 99%
	Elapsed (wall clock) time (h:mm:ss or m:ss): 0:02.40
	Average shared text size (kbytes): 0
	Average unshared data size (kbytes): 0
	Average stack size (kbytes): 0
	Average total size (kbytes): 0
	Maximum resident set size (kbytes): 498968
	Average resident set size (kbytes): 0
	Major (requiring I/O) page faults: 0
	Minor (reclaiming a frame) page faults: 126461
	Voluntary context switches: 1630
	Involuntary context switches: 1506
	Swaps: 0
	File system inputs: 0
	File system outputs: 88
	Socket messages sent: 0
	Socket messages received: 0
	Signals delivered: 0
	Page size (bytes): 4096
	Exit status: 0
	Command being timed: "timeout 600 java -Xmx64g -jar ./enhsp3.jar -o ./domain_with_failure.pddl -f ./problems/BasePN-1And-del-3-d1/problem24.pddl -h blind -s WAStar -dap"
	User time (seconds): 2.24
	System time (seconds): 0.25
	Percent of CPU this job got: 99%
	Elapsed (wall clock) time (h:mm:ss or m:ss): 0:02.51
	Average shared text size (kbytes): 0
	Average unshared data size (kbytes): 0
	Average stack size (kbytes): 0
	Average total size (kbytes): 0
	Maximum resident set size (kbytes): 501684
	Average resident set size (kbytes): 0
	Major (requiring I/O) page faults: 0
	Minor (reclaiming a frame) page faults: 178158
	Voluntary context switches: 1968
	Involuntary context switches: 1659
	Swaps: 0
	File system inputs: 0
	File system outputs: 72
	Socket messages sent: 0
	Socket messages received: 0
	Signals delivered: 0
	Page size (bytes): 4096
	Exit status: 0
	Command being timed: "timeout 600 java -Xmx64g -jar ./enhsp3.jar -o ./domain_with_failure.pddl -f ./problems/BasePN-1And-del-3-d1/problem25.pddl -h blind -s WAStar -dap"
	User time (seconds): 2.31
	System time (seconds): 0.27
	Percent of CPU this job got: 99%
	Elapsed (wall clock) time (h:mm:ss or m:ss): 0:02.60
	Average shared text size (kbytes): 0
	Average unshared data size (kbytes): 0
	Average stack size (kbytes): 0
	Average total size (kbytes): 0
	Maximum resident set size (kbytes): 498616
	Average resident set size (kbytes): 0
	Major (requiring I/O) page faults: 0
	Minor (reclaiming a frame) page faults: 178466
	Voluntary context switches: 1878
	Involuntary context switches: 1636
	Swaps: 0
	File system inputs: 0
	File system outputs: 88
	Socket messages sent: 0
	Socket messages received: 0
	Signals delivered: 0
	Page size (bytes): 4096
	Exit status: 0
	Command being timed: "timeout 600 java -Xmx64g -jar ./enhsp3.jar -o ./domain_with_failure.pddl -f ./problems/BasePN-1And-del-3-d1/problem26.pddl -h blind -s WAStar -dap"
	User time (seconds): 2.31
	System time (seconds): 0.28
	Percent of CPU this job got: 98%
	Elapsed (wall clock) time (h:mm:ss or m:ss): 0:02.63
	Average shared text size (kbytes): 0
	Average unshared data size (kbytes): 0
	Average stack size (kbytes): 0
	Average total size (kbytes): 0
	Maximum resident set size (kbytes): 505336
	Average resident set size (kbytes): 0
	Major (requiring I/O) page faults: 0
	Minor (reclaiming a frame) page faults: 183423
	Voluntary context switches: 1877
	Involuntary context switches: 1628
	Swaps: 0
	File system inputs: 0
	File system outputs: 80
	Socket messages sent: 0
	Socket messages received: 0
	Signals delivered: 0
	Page size (bytes): 4096
	Exit status: 0
	Command being timed: "timeout 600 java -Xmx64g -jar ./enhsp3.jar -o ./domain_with_failure.pddl -f ./problems/BasePN-1And-del-3-d1/problem27.pddl -h blind -s WAStar -dap"
	User time (seconds): 2.24
	System time (seconds): 0.26
	Percent of CPU this job got: 99%
	Elapsed (wall clock) time (h:mm:ss or m:ss): 0:02.52
	Average shared text size (kbytes): 0
	Average unshared data size (kbytes): 0
	Average stack size (kbytes): 0
	Average total size (kbytes): 0
	Maximum resident set size (kbytes): 499644
	Average resident set size (kbytes): 0
	Major (requiring I/O) page faults: 0
	Minor (reclaiming a frame) page faults: 180209
	Voluntary context switches: 1973
	Involuntary context switches: 1669
	Swaps: 0
	File system inputs: 0
	File system outputs: 88
	Socket messages sent: 0
	Socket messages received: 0
	Signals delivered: 0
	Page size (bytes): 4096
	Exit status: 0
	Command being timed: "timeout 600 java -Xmx64g -jar ./enhsp3.jar -o ./domain_with_failure.pddl -f ./problems/BasePN-1And-del-3-d1/problem28.pddl -h blind -s WAStar -dap"
	User time (seconds): 2.31
	System time (seconds): 0.26
	Percent of CPU this job got: 98%
	Elapsed (wall clock) time (h:mm:ss or m:ss): 0:02.60
	Average shared text size (kbytes): 0
	Average unshared data size (kbytes): 0
	Average stack size (kbytes): 0
	Average total size (kbytes): 0
	Maximum resident set size (kbytes): 500472
	Average resident set size (kbytes): 0
	Major (requiring I/O) page faults: 0
	Minor (reclaiming a frame) page faults: 177551
	Voluntary context switches: 1811
	Involuntary context switches: 1621
	Swaps: 0
	File system inputs: 0
	File system outputs: 64
	Socket messages sent: 0
	Socket messages received: 0
	Signals delivered: 0
	Page size (bytes): 4096
	Exit status: 0
	Command being timed: "timeout 600 java -Xmx64g -jar ./enhsp3.jar -o ./domain_with_failure.pddl -f ./problems/BasePN-1And-del-3-d1/problem29.pddl -h blind -s WAStar -dap"
	User time (seconds): 2.33
	System time (seconds): 0.24
	Percent of CPU this job got: 99%
	Elapsed (wall clock) time (h:mm:ss or m:ss): 0:02.60
	Average shared text size (kbytes): 0
	Average unshared data size (kbytes): 0
	Average stack size (kbytes): 0
	Average total size (kbytes): 0
	Maximum resident set size (kbytes): 506908
	Average resident set size (kbytes): 0
	Major (requiring I/O) page faults: 0
	Minor (reclaiming a frame) page faults: 184715
	Voluntary context switches: 1710
	Involuntary context switches: 1596
	Swaps: 0
	File system inputs: 0
	File system outputs: 96
	Socket messages sent: 0
	Socket messages received: 0
	Signals delivered: 0
	Page size (bytes): 4096
	Exit status: 0
	Command being timed: "timeout 600 java -Xmx64g -jar ./enhsp3.jar -o ./domain_with_failure.pddl -f ./problems/BasePN-1And-del-3-d1/problem30.pddl -h blind -s WAStar -dap"
	User time (seconds): 2.37
	System time (seconds): 0.25
	Percent of CPU this job got: 98%
	Elapsed (wall clock) time (h:mm:ss or m:ss): 0:02.66
	Average shared text size (kbytes): 0
	Average unshared data size (kbytes): 0
	Average stack size (kbytes): 0
	Average total size (kbytes): 0
	Maximum resident set size (kbytes): 505864
	Average resident set size (kbytes): 0
	Major (requiring I/O) page faults: 0
	Minor (reclaiming a frame) page faults: 180525
	Voluntary context switches: 1883
	Involuntary context switches: 1662
	Swaps: 0
	File system inputs: 0
	File system outputs: 64
	Socket messages sent: 0
	Socket messages received: 0
	Signals delivered: 0
	Page size (bytes): 4096
	Exit status: 0
	Command being timed: "timeout 600 java -Xmx64g -jar ./enhsp3.jar -o ./domain_with_failure.pddl -f ./problems/BasePN-1And-del-3-d1/problem31.pddl -h blind -s WAStar -dap"
	User time (seconds): 2.19
	System time (seconds): 0.22
	Percent of CPU this job got: 99%
	Elapsed (wall clock) time (h:mm:ss or m:ss): 0:02.43
	Average shared text size (kbytes): 0
	Average unshared data size (kbytes): 0
	Average stack size (kbytes): 0
	Average total size (kbytes): 0
	Maximum resident set size (kbytes): 500448
	Average resident set size (kbytes): 0
	Major (requiring I/O) page faults: 0
	Minor (reclaiming a frame) page faults: 127009
	Voluntary context switches: 1784
	Involuntary context switches: 1581
	Swaps: 0
	File system inputs: 0
	File system outputs: 96
	Socket messages sent: 0
	Socket messages received: 0
	Signals delivered: 0
	Page size (bytes): 4096
	Exit status: 0
	Command being timed: "timeout 600 java -Xmx64g -jar ./enhsp3.jar -o ./domain_with_failure.pddl -f ./problems/BasePN-1And-del-3-d1/problem32.pddl -h blind -s WAStar -dap"
	User time (seconds): 2.20
	System time (seconds): 0.27
	Percent of CPU this job got: 99%
	Elapsed (wall clock) time (h:mm:ss or m:ss): 0:02.51
	Average shared text size (kbytes): 0
	Average unshared data size (kbytes): 0
	Average stack size (kbytes): 0
	Average total size (kbytes): 0
	Maximum resident set size (kbytes): 498636
	Average resident set size (kbytes): 0
	Major (requiring I/O) page faults: 0
	Minor (reclaiming a frame) page faults: 175334
	Voluntary context switches: 1779
	Involuntary context switches: 1581
	Swaps: 0
	File system inputs: 0
	File system outputs: 64
	Socket messages sent: 0
	Socket messages received: 0
	Signals delivered: 0
	Page size (bytes): 4096
	Exit status: 0
	Command being timed: "timeout 600 java -Xmx64g -jar ./enhsp3.jar -o ./domain_with_failure.pddl -f ./problems/BasePN-1And-del-3-d1/problem33.pddl -h blind -s WAStar -dap"
	User time (seconds): 2.26
	System time (seconds): 0.27
	Percent of CPU this job got: 98%
	Elapsed (wall clock) time (h:mm:ss or m:ss): 0:02.59
	Average shared text size (kbytes): 0
	Average unshared data size (kbytes): 0
	Average stack size (kbytes): 0
	Average total size (kbytes): 0
	Maximum resident set size (kbytes): 506564
	Average resident set size (kbytes): 0
	Major (requiring I/O) page faults: 0
	Minor (reclaiming a frame) page faults: 183406
	Voluntary context switches: 2043
	Involuntary context switches: 1720
	Swaps: 0
	File system inputs: 0
	File system outputs: 88
	Socket messages sent: 0
	Socket messages received: 0
	Signals delivered: 0
	Page size (bytes): 4096
	Exit status: 0
	Command being timed: "timeout 600 java -Xmx64g -jar ./enhsp3.jar -o ./domain_with_failure.pddl -f ./problems/BasePN-1And-del-3-d1/problem34.pddl -h blind -s WAStar -dap"
	User time (seconds): 2.30
	System time (seconds): 0.25
	Percent of CPU this job got: 98%
	Elapsed (wall clock) time (h:mm:ss or m:ss): 0:02.59
	Average shared text size (kbytes): 0
	Average unshared data size (kbytes): 0
	Average stack size (kbytes): 0
	Average total size (kbytes): 0
	Maximum resident set size (kbytes): 500912
	Average resident set size (kbytes): 0
	Major (requiring I/O) page faults: 0
	Minor (reclaiming a frame) page faults: 179820
	Voluntary context switches: 1814
	Involuntary context switches: 1566
	Swaps: 0
	File system inputs: 0
	File system outputs: 72
	Socket messages sent: 0
	Socket messages received: 0
	Signals delivered: 0
	Page size (bytes): 4096
	Exit status: 0
	Command being timed: "timeout 600 java -Xmx64g -jar ./enhsp3.jar -o ./domain_with_failure.pddl -f ./problems/BasePN-1And-del-3-d1/problem35.pddl -h blind -s WAStar -dap"
	User time (seconds): 2.23
	System time (seconds): 0.25
	Percent of CPU this job got: 98%
	Elapsed (wall clock) time (h:mm:ss or m:ss): 0:02.53
	Average shared text size (kbytes): 0
	Average unshared data size (kbytes): 0
	Average stack size (kbytes): 0
	Average total size (kbytes): 0
	Maximum resident set size (kbytes): 500216
	Average resident set size (kbytes): 0
	Major (requiring I/O) page faults: 0
	Minor (reclaiming a frame) page faults: 179374
	Voluntary context switches: 1940
	Involuntary context switches: 1587
	Swaps: 0
	File system inputs: 0
	File system outputs: 88
	Socket messages sent: 0
	Socket messages received: 0
	Signals delivered: 0
	Page size (bytes): 4096
	Exit status: 0
	Command being timed: "timeout 600 java -Xmx64g -jar ./enhsp3.jar -o ./domain_with_failure.pddl -f ./problems/BasePN-1And-del-3-d1/problem36.pddl -h blind -s WAStar -dap"
	User time (seconds): 2.22
	System time (seconds): 0.26
	Percent of CPU this job got: 99%
	Elapsed (wall clock) time (h:mm:ss or m:ss): 0:02.51
	Average shared text size (kbytes): 0
	Average unshared data size (kbytes): 0
	Average stack size (kbytes): 0
	Average total size (kbytes): 0
	Maximum resident set size (kbytes): 498624
	Average resident set size (kbytes): 0
	Major (requiring I/O) page faults: 0
	Minor (reclaiming a frame) page faults: 180034
	Voluntary context switches: 1711
	Involuntary context switches: 1544
	Swaps: 0
	File system inputs: 0
	File system outputs: 64
	Socket messages sent: 0
	Socket messages received: 0
	Signals delivered: 0
	Page size (bytes): 4096
	Exit status: 0
	Command being timed: "timeout 600 java -Xmx64g -jar ./enhsp3.jar -o ./domain_with_failure.pddl -f ./problems/BasePN-1And-del-3-d1/problem37.pddl -h blind -s WAStar -dap"
	User time (seconds): 2.19
	System time (seconds): 0.23
	Percent of CPU this job got: 99%
	Elapsed (wall clock) time (h:mm:ss or m:ss): 0:02.45
	Average shared text size (kbytes): 0
	Average unshared data size (kbytes): 0
	Average stack size (kbytes): 0
	Average total size (kbytes): 0
	Maximum resident set size (kbytes): 498584
	Average resident set size (kbytes): 0
	Major (requiring I/O) page faults: 0
	Minor (reclaiming a frame) page faults: 126405
	Voluntary context switches: 1965
	Involuntary context switches: 1641
	Swaps: 0
	File system inputs: 0
	File system outputs: 96
	Socket messages sent: 0
	Socket messages received: 0
	Signals delivered: 0
	Page size (bytes): 4096
	Exit status: 0
	Command being timed: "timeout 600 java -Xmx64g -jar ./enhsp3.jar -o ./domain_with_failure.pddl -f ./problems/BasePN-1And-del-3-d1/problem38.pddl -h blind -s WAStar -dap"
	User time (seconds): 2.33
	System time (seconds): 0.24
	Percent of CPU this job got: 99%
	Elapsed (wall clock) time (h:mm:ss or m:ss): 0:02.59
	Average shared text size (kbytes): 0
	Average unshared data size (kbytes): 0
	Average stack size (kbytes): 0
	Average total size (kbytes): 0
	Maximum resident set size (kbytes): 506568
	Average resident set size (kbytes): 0
	Major (requiring I/O) page faults: 0
	Minor (reclaiming a frame) page faults: 183474
	Voluntary context switches: 1819
	Involuntary context switches: 1618
	Swaps: 0
	File system inputs: 0
	File system outputs: 72
	Socket messages sent: 0
	Socket messages received: 0
	Signals delivered: 0
	Page size (bytes): 4096
	Exit status: 0
	Command being timed: "timeout 600 java -Xmx64g -jar ./enhsp3.jar -o ./domain_with_failure.pddl -f ./problems/BasePN-1And-del-3-d1/problem39.pddl -h blind -s WAStar -dap"
	User time (seconds): 2.36
	System time (seconds): 0.26
	Percent of CPU this job got: 98%
	Elapsed (wall clock) time (h:mm:ss or m:ss): 0:02.67
	Average shared text size (kbytes): 0
	Average unshared data size (kbytes): 0
	Average stack size (kbytes): 0
	Average total size (kbytes): 0
	Maximum resident set size (kbytes): 502528
	Average resident set size (kbytes): 0
	Major (requiring I/O) page faults: 0
	Minor (reclaiming a frame) page faults: 182631
	Voluntary context switches: 1852
	Involuntary context switches: 1630
	Swaps: 0
	File system inputs: 0
	File system outputs: 88
	Socket messages sent: 0
	Socket messages received: 0
	Signals delivered: 0
	Page size (bytes): 4096
	Exit status: 0
	Command being timed: "timeout 600 java -Xmx64g -jar ./enhsp3.jar -o ./domain_with_failure.pddl -f ./problems/BasePN-1And-del-3-d1/problem40.pddl -h blind -s WAStar -dap"
	User time (seconds): 2.26
	System time (seconds): 0.29
	Percent of CPU this job got: 98%
	Elapsed (wall clock) time (h:mm:ss or m:ss): 0:02.58
	Average shared text size (kbytes): 0
	Average unshared data size (kbytes): 0
	Average stack size (kbytes): 0
	Average total size (kbytes): 0
	Maximum resident set size (kbytes): 503028
	Average resident set size (kbytes): 0
	Major (requiring I/O) page faults: 0
	Minor (reclaiming a frame) page faults: 181305
	Voluntary context switches: 2087
	Involuntary context switches: 1750
	Swaps: 0
	File system inputs: 0
	File system outputs: 72
	Socket messages sent: 0
	Socket messages received: 0
	Signals delivered: 0
	Page size (bytes): 4096
	Exit status: 0
	Command being timed: "timeout 600 java -Xmx64g -jar ./enhsp3.jar -o ./domain_with_failure.pddl -f ./problems/BasePN-1And-del-3-d1/problem41.pddl -h blind -s WAStar -dap"
	User time (seconds): 2.23
	System time (seconds): 0.26
	Percent of CPU this job got: 99%
	Elapsed (wall clock) time (h:mm:ss or m:ss): 0:02.51
	Average shared text size (kbytes): 0
	Average unshared data size (kbytes): 0
	Average stack size (kbytes): 0
	Average total size (kbytes): 0
	Maximum resident set size (kbytes): 500224
	Average resident set size (kbytes): 0
	Major (requiring I/O) page faults: 0
	Minor (reclaiming a frame) page faults: 176455
	Voluntary context switches: 1901
	Involuntary context switches: 1651
	Swaps: 0
	File system inputs: 0
	File system outputs: 88
	Socket messages sent: 0
	Socket messages received: 0
	Signals delivered: 0
	Page size (bytes): 4096
	Exit status: 0
	Command being timed: "timeout 600 java -Xmx64g -jar ./enhsp3.jar -o ./domain_with_failure.pddl -f ./problems/BasePN-1And-del-3-d1/problem42.pddl -h blind -s WAStar -dap"
	User time (seconds): 2.19
	System time (seconds): 0.25
	Percent of CPU this job got: 99%
	Elapsed (wall clock) time (h:mm:ss or m:ss): 0:02.46
	Average shared text size (kbytes): 0
	Average unshared data size (kbytes): 0
	Average stack size (kbytes): 0
	Average total size (kbytes): 0
	Maximum resident set size (kbytes): 500924
	Average resident set size (kbytes): 0
	Major (requiring I/O) page faults: 0
	Minor (reclaiming a frame) page faults: 178271
	Voluntary context switches: 2149
	Involuntary context switches: 1773
	Swaps: 0
	File system inputs: 0
	File system outputs: 72
	Socket messages sent: 0
	Socket messages received: 0
	Signals delivered: 0
	Page size (bytes): 4096
	Exit status: 0
	Command being timed: "timeout 600 java -Xmx64g -jar ./enhsp3.jar -o ./domain_with_failure.pddl -f ./problems/BasePN-1And-del-3-d1/problem43.pddl -h blind -s WAStar -dap"
	User time (seconds): 2.27
	System time (seconds): 0.31
	Percent of CPU this job got: 99%
	Elapsed (wall clock) time (h:mm:ss or m:ss): 0:02.61
	Average shared text size (kbytes): 0
	Average unshared data size (kbytes): 0
	Average stack size (kbytes): 0
	Average total size (kbytes): 0
	Maximum resident set size (kbytes): 500492
	Average resident set size (kbytes): 0
	Major (requiring I/O) page faults: 0
	Minor (reclaiming a frame) page faults: 180250
	Voluntary context switches: 2072
	Involuntary context switches: 1787
	Swaps: 0
	File system inputs: 0
	File system outputs: 88
	Socket messages sent: 0
	Socket messages received: 0
	Signals delivered: 0
	Page size (bytes): 4096
	Exit status: 0
	Command being timed: "timeout 600 java -Xmx64g -jar ./enhsp3.jar -o ./domain_with_failure.pddl -f ./problems/BasePN-1And-del-3-d1/problem44.pddl -h blind -s WAStar -dap"
	User time (seconds): 2.26
	System time (seconds): 0.24
	Percent of CPU this job got: 99%
	Elapsed (wall clock) time (h:mm:ss or m:ss): 0:02.52
	Average shared text size (kbytes): 0
	Average unshared data size (kbytes): 0
	Average stack size (kbytes): 0
	Average total size (kbytes): 0
	Maximum resident set size (kbytes): 498972
	Average resident set size (kbytes): 0
	Major (requiring I/O) page faults: 0
	Minor (reclaiming a frame) page faults: 179257
	Voluntary context switches: 1818
	Involuntary context switches: 1621
	Swaps: 0
	File system inputs: 0
	File system outputs: 64
	Socket messages sent: 0
	Socket messages received: 0
	Signals delivered: 0
	Page size (bytes): 4096
	Exit status: 0
	Command being timed: "timeout 600 java -Xmx64g -jar ./enhsp3.jar -o ./domain_with_failure.pddl -f ./problems/BasePN-1And-del-3-d1/problem45.pddl -h blind -s WAStar -dap"
	User time (seconds): 2.26
	System time (seconds): 0.26
	Percent of CPU this job got: 96%
	Elapsed (wall clock) time (h:mm:ss or m:ss): 0:02.60
	Average shared text size (kbytes): 0
	Average unshared data size (kbytes): 0
	Average stack size (kbytes): 0
	Average total size (kbytes): 0
	Maximum resident set size (kbytes): 498060
	Average resident set size (kbytes): 0
	Major (requiring I/O) page faults: 0
	Minor (reclaiming a frame) page faults: 178097
	Voluntary context switches: 1808
	Involuntary context switches: 1607
	Swaps: 0
	File system inputs: 0
	File system outputs: 96
	Socket messages sent: 0
	Socket messages received: 0
	Signals delivered: 0
	Page size (bytes): 4096
	Exit status: 0
	Command being timed: "timeout 600 java -Xmx64g -jar ./enhsp3.jar -o ./domain_with_failure.pddl -f ./problems/BasePN-1And-del-3-d1/problem46.pddl -h blind -s WAStar -dap"
	User time (seconds): 2.20
	System time (seconds): 0.21
	Percent of CPU this job got: 98%
	Elapsed (wall clock) time (h:mm:ss or m:ss): 0:02.45
	Average shared text size (kbytes): 0
	Average unshared data size (kbytes): 0
	Average stack size (kbytes): 0
	Average total size (kbytes): 0
	Maximum resident set size (kbytes): 496864
	Average resident set size (kbytes): 0
	Major (requiring I/O) page faults: 0
	Minor (reclaiming a frame) page faults: 126789
	Voluntary context switches: 1847
	Involuntary context switches: 1612
	Swaps: 0
	File system inputs: 0
	File system outputs: 64
	Socket messages sent: 0
	Socket messages received: 0
	Signals delivered: 0
	Page size (bytes): 4096
	Exit status: 0
	Command being timed: "timeout 600 java -Xmx64g -jar ./enhsp3.jar -o ./domain_with_failure.pddl -f ./problems/BasePN-1And-del-3-d1/problem47.pddl -h blind -s WAStar -dap"
	User time (seconds): 2.19
	System time (seconds): 0.28
	Percent of CPU this job got: 98%
	Elapsed (wall clock) time (h:mm:ss or m:ss): 0:02.50
	Average shared text size (kbytes): 0
	Average unshared data size (kbytes): 0
	Average stack size (kbytes): 0
	Average total size (kbytes): 0
	Maximum resident set size (kbytes): 499732
	Average resident set size (kbytes): 0
	Major (requiring I/O) page faults: 0
	Minor (reclaiming a frame) page faults: 178646
	Voluntary context switches: 1802
	Involuntary context switches: 1625
	Swaps: 0
	File system inputs: 0
	File system outputs: 88
	Socket messages sent: 0
	Socket messages received: 0
	Signals delivered: 0
	Page size (bytes): 4096
	Exit status: 0
	Command being timed: "timeout 600 java -Xmx64g -jar ./enhsp3.jar -o ./domain_with_failure.pddl -f ./problems/BasePN-1And-del-3-d1/problem48.pddl -h blind -s WAStar -dap"
	User time (seconds): 2.32
	System time (seconds): 0.27
	Percent of CPU this job got: 99%
	Elapsed (wall clock) time (h:mm:ss or m:ss): 0:02.62
	Average shared text size (kbytes): 0
	Average unshared data size (kbytes): 0
	Average stack size (kbytes): 0
	Average total size (kbytes): 0
	Maximum resident set size (kbytes): 499876
	Average resident set size (kbytes): 0
	Major (requiring I/O) page faults: 0
	Minor (reclaiming a frame) page faults: 178731
	Voluntary context switches: 2135
	Involuntary context switches: 1788
	Swaps: 0
	File system inputs: 0
	File system outputs: 64
	Socket messages sent: 0
	Socket messages received: 0
	Signals delivered: 0
	Page size (bytes): 4096
	Exit status: 0
	Command being timed: "timeout 600 java -Xmx64g -jar ./enhsp3.jar -o ./domain_with_failure.pddl -f ./problems/BasePN-1And-del-3-d1/problem49.pddl -h blind -s WAStar -dap"
	User time (seconds): 2.09
	System time (seconds): 0.23
	Percent of CPU this job got: 99%
	Elapsed (wall clock) time (h:mm:ss or m:ss): 0:02.34
	Average shared text size (kbytes): 0
	Average unshared data size (kbytes): 0
	Average stack size (kbytes): 0
	Average total size (kbytes): 0
	Maximum resident set size (kbytes): 497272
	Average resident set size (kbytes): 0
	Major (requiring I/O) page faults: 0
	Minor (reclaiming a frame) page faults: 126104
	Voluntary context switches: 2100
	Involuntary context switches: 1693
	Swaps: 0
	File system inputs: 0
	File system outputs: 88
	Socket messages sent: 0
	Socket messages received: 0
	Signals delivered: 0
	Page size (bytes): 4096
	Exit status: 0
	Command being timed: "timeout 600 java -Xmx64g -jar ./enhsp3.jar -o ./domain_with_failure.pddl -f ./problems/BasePN-1And-del-3-d1/problem50.pddl -h blind -s WAStar -dap"
	User time (seconds): 2.14
	System time (seconds): 0.21
	Percent of CPU this job got: 98%
	Elapsed (wall clock) time (h:mm:ss or m:ss): 0:02.39
	Average shared text size (kbytes): 0
	Average unshared data size (kbytes): 0
	Average stack size (kbytes): 0
	Average total size (kbytes): 0
	Maximum resident set size (kbytes): 496912
	Average resident set size (kbytes): 0
	Major (requiring I/O) page faults: 0
	Minor (reclaiming a frame) page faults: 126275
	Voluntary context switches: 1839
	Involuntary context switches: 1573
	Swaps: 0
	File system inputs: 0
	File system outputs: 80
	Socket messages sent: 0
	Socket messages received: 0
	Signals delivered: 0
	Page size (bytes): 4096
	Exit status: 0
	Command being timed: "timeout 600 java -Xmx64g -jar ./enhsp3.jar -o ./domain_with_failure.pddl -f ./problems/BasePN-1And-del-3-d1/problem51.pddl -h blind -s WAStar -dap"
	User time (seconds): 2.25
	System time (seconds): 0.26
	Percent of CPU this job got: 98%
	Elapsed (wall clock) time (h:mm:ss or m:ss): 0:02.54
	Average shared text size (kbytes): 0
	Average unshared data size (kbytes): 0
	Average stack size (kbytes): 0
	Average total size (kbytes): 0
	Maximum resident set size (kbytes): 502572
	Average resident set size (kbytes): 0
	Major (requiring I/O) page faults: 0
	Minor (reclaiming a frame) page faults: 178514
	Voluntary context switches: 1850
	Involuntary context switches: 1589
	Swaps: 0
	File system inputs: 0
	File system outputs: 88
	Socket messages sent: 0
	Socket messages received: 0
	Signals delivered: 0
	Page size (bytes): 4096
	Exit status: 0
	Command being timed: "timeout 600 java -Xmx64g -jar ./enhsp3.jar -o ./domain_with_failure.pddl -f ./problems/BasePN-1And-del-3-d1/problem52.pddl -h blind -s WAStar -dap"
	User time (seconds): 2.38
	System time (seconds): 0.26
	Percent of CPU this job got: 99%
	Elapsed (wall clock) time (h:mm:ss or m:ss): 0:02.66
	Average shared text size (kbytes): 0
	Average unshared data size (kbytes): 0
	Average stack size (kbytes): 0
	Average total size (kbytes): 0
	Maximum resident set size (kbytes): 507144
	Average resident set size (kbytes): 0
	Major (requiring I/O) page faults: 0
	Minor (reclaiming a frame) page faults: 183071
	Voluntary context switches: 2050
	Involuntary context switches: 1724
	Swaps: 0
	File system inputs: 0
	File system outputs: 64
	Socket messages sent: 0
	Socket messages received: 0
	Signals delivered: 0
	Page size (bytes): 4096
	Exit status: 0
	Command being timed: "timeout 600 java -Xmx64g -jar ./enhsp3.jar -o ./domain_with_failure.pddl -f ./problems/BasePN-1And-del-3-d1/problem53.pddl -h blind -s WAStar -dap"
	User time (seconds): 2.28
	System time (seconds): 0.26
	Percent of CPU this job got: 98%
	Elapsed (wall clock) time (h:mm:ss or m:ss): 0:02.58
	Average shared text size (kbytes): 0
	Average unshared data size (kbytes): 0
	Average stack size (kbytes): 0
	Average total size (kbytes): 0
	Maximum resident set size (kbytes): 502732
	Average resident set size (kbytes): 0
	Major (requiring I/O) page faults: 0
	Minor (reclaiming a frame) page faults: 181548
	Voluntary context switches: 1850
	Involuntary context switches: 1635
	Swaps: 0
	File system inputs: 0
	File system outputs: 96
	Socket messages sent: 0
	Socket messages received: 0
	Signals delivered: 0
	Page size (bytes): 4096
	Exit status: 0
	Command being timed: "timeout 600 java -Xmx64g -jar ./enhsp3.jar -o ./domain_with_failure.pddl -f ./problems/BasePN-1And-del-3-d1/problem54.pddl -h blind -s WAStar -dap"
	User time (seconds): 2.20
	System time (seconds): 0.25
	Percent of CPU this job got: 99%
	Elapsed (wall clock) time (h:mm:ss or m:ss): 0:02.47
	Average shared text size (kbytes): 0
	Average unshared data size (kbytes): 0
	Average stack size (kbytes): 0
	Average total size (kbytes): 0
	Maximum resident set size (kbytes): 498896
	Average resident set size (kbytes): 0
	Major (requiring I/O) page faults: 0
	Minor (reclaiming a frame) page faults: 176657
	Voluntary context switches: 2072
	Involuntary context switches: 1724
	Swaps: 0
	File system inputs: 0
	File system outputs: 64
	Socket messages sent: 0
	Socket messages received: 0
	Signals delivered: 0
	Page size (bytes): 4096
	Exit status: 0
	Command being timed: "timeout 600 java -Xmx64g -jar ./enhsp3.jar -o ./domain_with_failure.pddl -f ./problems/BasePN-1And-del-3-d1/problem55.pddl -h blind -s WAStar -dap"
	User time (seconds): 2.21
	System time (seconds): 0.21
	Percent of CPU this job got: 99%
	Elapsed (wall clock) time (h:mm:ss or m:ss): 0:02.43
	Average shared text size (kbytes): 0
	Average unshared data size (kbytes): 0
	Average stack size (kbytes): 0
	Average total size (kbytes): 0
	Maximum resident set size (kbytes): 496676
	Average resident set size (kbytes): 0
	Major (requiring I/O) page faults: 0
	Minor (reclaiming a frame) page faults: 125966
	Voluntary context switches: 1937
	Involuntary context switches: 1612
	Swaps: 0
	File system inputs: 0
	File system outputs: 88
	Socket messages sent: 0
	Socket messages received: 0
	Signals delivered: 0
	Page size (bytes): 4096
	Exit status: 0
	Command being timed: "timeout 600 java -Xmx64g -jar ./enhsp3.jar -o ./domain_with_failure.pddl -f ./problems/BasePN-1And-del-3-d1/problem56.pddl -h blind -s WAStar -dap"
	User time (seconds): 2.21
	System time (seconds): 0.20
	Percent of CPU this job got: 99%
	Elapsed (wall clock) time (h:mm:ss or m:ss): 0:02.43
	Average shared text size (kbytes): 0
	Average unshared data size (kbytes): 0
	Average stack size (kbytes): 0
	Average total size (kbytes): 0
	Maximum resident set size (kbytes): 496388
	Average resident set size (kbytes): 0
	Major (requiring I/O) page faults: 0
	Minor (reclaiming a frame) page faults: 125898
	Voluntary context switches: 1808
	Involuntary context switches: 1571
	Swaps: 0
	File system inputs: 0
	File system outputs: 64
	Socket messages sent: 0
	Socket messages received: 0
	Signals delivered: 0
	Page size (bytes): 4096
	Exit status: 0
	Command being timed: "timeout 600 java -Xmx64g -jar ./enhsp3.jar -o ./domain_with_failure.pddl -f ./problems/BasePN-1And-del-3-d1/problem57.pddl -h blind -s WAStar -dap"
	User time (seconds): 2.26
	System time (seconds): 0.26
	Percent of CPU this job got: 98%
	Elapsed (wall clock) time (h:mm:ss or m:ss): 0:02.56
	Average shared text size (kbytes): 0
	Average unshared data size (kbytes): 0
	Average stack size (kbytes): 0
	Average total size (kbytes): 0
	Maximum resident set size (kbytes): 499064
	Average resident set size (kbytes): 0
	Major (requiring I/O) page faults: 0
	Minor (reclaiming a frame) page faults: 180681
	Voluntary context switches: 1910
	Involuntary context switches: 1641
	Swaps: 0
	File system inputs: 0
	File system outputs: 88
	Socket messages sent: 0
	Socket messages received: 0
	Signals delivered: 0
	Page size (bytes): 4096
	Exit status: 0
	Command being timed: "timeout 600 java -Xmx64g -jar ./enhsp3.jar -o ./domain_with_failure.pddl -f ./problems/BasePN-1And-del-3-d1/problem58.pddl -h blind -s WAStar -dap"
	User time (seconds): 2.22
	System time (seconds): 0.26
	Percent of CPU this job got: 96%
	Elapsed (wall clock) time (h:mm:ss or m:ss): 0:02.57
	Average shared text size (kbytes): 0
	Average unshared data size (kbytes): 0
	Average stack size (kbytes): 0
	Average total size (kbytes): 0
	Maximum resident set size (kbytes): 494572
	Average resident set size (kbytes): 0
	Major (requiring I/O) page faults: 0
	Minor (reclaiming a frame) page faults: 178323
	Voluntary context switches: 1802
	Involuntary context switches: 1581
	Swaps: 0
	File system inputs: 0
	File system outputs: 72
	Socket messages sent: 0
	Socket messages received: 0
	Signals delivered: 0
	Page size (bytes): 4096
	Exit status: 0
	Command being timed: "timeout 600 java -Xmx64g -jar ./enhsp3.jar -o ./domain_with_failure.pddl -f ./problems/BasePN-1And-del-3-d1/problem59.pddl -h blind -s WAStar -dap"
	User time (seconds): 2.25
	System time (seconds): 0.26
	Percent of CPU this job got: 99%
	Elapsed (wall clock) time (h:mm:ss or m:ss): 0:02.53
	Average shared text size (kbytes): 0
	Average unshared data size (kbytes): 0
	Average stack size (kbytes): 0
	Average total size (kbytes): 0
	Maximum resident set size (kbytes): 501492
	Average resident set size (kbytes): 0
	Major (requiring I/O) page faults: 0
	Minor (reclaiming a frame) page faults: 177041
	Voluntary context switches: 1872
	Involuntary context switches: 1659
	Swaps: 0
	File system inputs: 0
	File system outputs: 88
	Socket messages sent: 0
	Socket messages received: 0
	Signals delivered: 0
	Page size (bytes): 4096
	Exit status: 0
	Command being timed: "timeout 600 java -Xmx64g -jar ./enhsp3.jar -o ./domain_with_failure.pddl -f ./problems/BasePN-1And-del-3-d1/problem60.pddl -h blind -s WAStar -dap"
	User time (seconds): 2.38
	System time (seconds): 0.26
	Percent of CPU this job got: 99%
	Elapsed (wall clock) time (h:mm:ss or m:ss): 0:02.67
	Average shared text size (kbytes): 0
	Average unshared data size (kbytes): 0
	Average stack size (kbytes): 0
	Average total size (kbytes): 0
	Maximum resident set size (kbytes): 502068
	Average resident set size (kbytes): 0
	Major (requiring I/O) page faults: 0
	Minor (reclaiming a frame) page faults: 180615
	Voluntary context switches: 1879
	Involuntary context switches: 1648
	Swaps: 0
	File system inputs: 0
	File system outputs: 64
	Socket messages sent: 0
	Socket messages received: 0
	Signals delivered: 0
	Page size (bytes): 4096
	Exit status: 0
	Command being timed: "timeout 600 java -Xmx64g -jar ./enhsp3.jar -o ./domain_with_failure.pddl -f ./problems/BasePN-1And-del-3-d1/problem61.pddl -h blind -s WAStar -dap"
	User time (seconds): 2.35
	System time (seconds): 0.30
	Percent of CPU this job got: 98%
	Elapsed (wall clock) time (h:mm:ss or m:ss): 0:02.71
	Average shared text size (kbytes): 0
	Average unshared data size (kbytes): 0
	Average stack size (kbytes): 0
	Average total size (kbytes): 0
	Maximum resident set size (kbytes): 508920
	Average resident set size (kbytes): 0
	Major (requiring I/O) page faults: 0
	Minor (reclaiming a frame) page faults: 180664
	Voluntary context switches: 2242
	Involuntary context switches: 1865
	Swaps: 0
	File system inputs: 0
	File system outputs: 96
	Socket messages sent: 0
	Socket messages received: 0
	Signals delivered: 0
	Page size (bytes): 4096
	Exit status: 0
	Command being timed: "timeout 600 java -Xmx64g -jar ./enhsp3.jar -o ./domain_with_failure.pddl -f ./problems/BasePN-1And-del-3-d1/problem62.pddl -h blind -s WAStar -dap"
	User time (seconds): 2.24
	System time (seconds): 0.21
	Percent of CPU this job got: 98%
	Elapsed (wall clock) time (h:mm:ss or m:ss): 0:02.48
	Average shared text size (kbytes): 0
	Average unshared data size (kbytes): 0
	Average stack size (kbytes): 0
	Average total size (kbytes): 0
	Maximum resident set size (kbytes): 504412
	Average resident set size (kbytes): 0
	Major (requiring I/O) page faults: 0
	Minor (reclaiming a frame) page faults: 128788
	Voluntary context switches: 1951
	Involuntary context switches: 1693
	Swaps: 0
	File system inputs: 0
	File system outputs: 72
	Socket messages sent: 0
	Socket messages received: 0
	Signals delivered: 0
	Page size (bytes): 4096
	Exit status: 0
	Command being timed: "timeout 600 java -Xmx64g -jar ./enhsp3.jar -o ./domain_with_failure.pddl -f ./problems/BasePN-1And-del-3-d1/problem63.pddl -h blind -s WAStar -dap"
	User time (seconds): 2.22
	System time (seconds): 0.27
	Percent of CPU this job got: 99%
	Elapsed (wall clock) time (h:mm:ss or m:ss): 0:02.52
	Average shared text size (kbytes): 0
	Average unshared data size (kbytes): 0
	Average stack size (kbytes): 0
	Average total size (kbytes): 0
	Maximum resident set size (kbytes): 498400
	Average resident set size (kbytes): 0
	Major (requiring I/O) page faults: 0
	Minor (reclaiming a frame) page faults: 176312
	Voluntary context switches: 2067
	Involuntary context switches: 1716
	Swaps: 0
	File system inputs: 0
	File system outputs: 96
	Socket messages sent: 0
	Socket messages received: 0
	Signals delivered: 0
	Page size (bytes): 4096
	Exit status: 0
	Command being timed: "timeout 600 java -Xmx64g -jar ./enhsp3.jar -o ./domain_with_failure.pddl -f ./problems/BasePN-1And-del-3-d1/problem64.pddl -h blind -s WAStar -dap"
	User time (seconds): 2.20
	System time (seconds): 0.26
	Percent of CPU this job got: 99%
	Elapsed (wall clock) time (h:mm:ss or m:ss): 0:02.48
	Average shared text size (kbytes): 0
	Average unshared data size (kbytes): 0
	Average stack size (kbytes): 0
	Average total size (kbytes): 0
	Maximum resident set size (kbytes): 499300
	Average resident set size (kbytes): 0
	Major (requiring I/O) page faults: 0
	Minor (reclaiming a frame) page faults: 176748
	Voluntary context switches: 2057
	Involuntary context switches: 1725
	Swaps: 0
	File system inputs: 0
	File system outputs: 64
	Socket messages sent: 0
	Socket messages received: 0
	Signals delivered: 0
	Page size (bytes): 4096
	Exit status: 0
	Command being timed: "timeout 600 java -Xmx64g -jar ./enhsp3.jar -o ./domain_with_failure.pddl -f ./problems/BasePN-1And-del-3-d1/problem65.pddl -h blind -s WAStar -dap"
	User time (seconds): 2.20
	System time (seconds): 0.23
	Percent of CPU this job got: 98%
	Elapsed (wall clock) time (h:mm:ss or m:ss): 0:02.47
	Average shared text size (kbytes): 0
	Average unshared data size (kbytes): 0
	Average stack size (kbytes): 0
	Average total size (kbytes): 0
	Maximum resident set size (kbytes): 499524
	Average resident set size (kbytes): 0
	Major (requiring I/O) page faults: 0
	Minor (reclaiming a frame) page faults: 126635
	Voluntary context switches: 1983
	Involuntary context switches: 1678
	Swaps: 0
	File system inputs: 0
	File system outputs: 88
	Socket messages sent: 0
	Socket messages received: 0
	Signals delivered: 0
	Page size (bytes): 4096
	Exit status: 0
	Command being timed: "timeout 600 java -Xmx64g -jar ./enhsp3.jar -o ./domain_with_failure.pddl -f ./problems/BasePN-1And-del-3-d1/problem66.pddl -h blind -s WAStar -dap"
	User time (seconds): 2.17
	System time (seconds): 0.24
	Percent of CPU this job got: 98%
	Elapsed (wall clock) time (h:mm:ss or m:ss): 0:02.45
	Average shared text size (kbytes): 0
	Average unshared data size (kbytes): 0
	Average stack size (kbytes): 0
	Average total size (kbytes): 0
	Maximum resident set size (kbytes): 501820
	Average resident set size (kbytes): 0
	Major (requiring I/O) page faults: 0
	Minor (reclaiming a frame) page faults: 127958
	Voluntary context switches: 1938
	Involuntary context switches: 1632
	Swaps: 0
	File system inputs: 0
	File system outputs: 72
	Socket messages sent: 0
	Socket messages received: 0
	Signals delivered: 0
	Page size (bytes): 4096
	Exit status: 0
	Command being timed: "timeout 600 java -Xmx64g -jar ./enhsp3.jar -o ./domain_with_failure.pddl -f ./problems/BasePN-1And-del-3-d1/problem67.pddl -h blind -s WAStar -dap"
	User time (seconds): 2.22
	System time (seconds): 0.27
	Percent of CPU this job got: 99%
	Elapsed (wall clock) time (h:mm:ss or m:ss): 0:02.51
	Average shared text size (kbytes): 0
	Average unshared data size (kbytes): 0
	Average stack size (kbytes): 0
	Average total size (kbytes): 0
	Maximum resident set size (kbytes): 497880
	Average resident set size (kbytes): 0
	Major (requiring I/O) page faults: 0
	Minor (reclaiming a frame) page faults: 175598
	Voluntary context switches: 1826
	Involuntary context switches: 1626
	Swaps: 0
	File system inputs: 0
	File system outputs: 88
	Socket messages sent: 0
	Socket messages received: 0
	Signals delivered: 0
	Page size (bytes): 4096
	Exit status: 0
	Command being timed: "timeout 600 java -Xmx64g -jar ./enhsp3.jar -o ./domain_with_failure.pddl -f ./problems/BasePN-1And-del-3-d1/problem68.pddl -h blind -s WAStar -dap"
	User time (seconds): 2.27
	System time (seconds): 0.26
	Percent of CPU this job got: 99%
	Elapsed (wall clock) time (h:mm:ss or m:ss): 0:02.56
	Average shared text size (kbytes): 0
	Average unshared data size (kbytes): 0
	Average stack size (kbytes): 0
	Average total size (kbytes): 0
	Maximum resident set size (kbytes): 499556
	Average resident set size (kbytes): 0
	Major (requiring I/O) page faults: 0
	Minor (reclaiming a frame) page faults: 178641
	Voluntary context switches: 1884
	Involuntary context switches: 1670
	Swaps: 0
	File system inputs: 0
	File system outputs: 64
	Socket messages sent: 0
	Socket messages received: 0
	Signals delivered: 0
	Page size (bytes): 4096
	Exit status: 0
	Command being timed: "timeout 600 java -Xmx64g -jar ./enhsp3.jar -o ./domain_with_failure.pddl -f ./problems/BasePN-1And-del-3-d1/problem69.pddl -h blind -s WAStar -dap"
	User time (seconds): 2.30
	System time (seconds): 0.26
	Percent of CPU this job got: 98%
	Elapsed (wall clock) time (h:mm:ss or m:ss): 0:02.60
	Average shared text size (kbytes): 0
	Average unshared data size (kbytes): 0
	Average stack size (kbytes): 0
	Average total size (kbytes): 0
	Maximum resident set size (kbytes): 501940
	Average resident set size (kbytes): 0
	Major (requiring I/O) page faults: 0
	Minor (reclaiming a frame) page faults: 183219
	Voluntary context switches: 1870
	Involuntary context switches: 1658
	Swaps: 0
	File system inputs: 0
	File system outputs: 96
	Socket messages sent: 0
	Socket messages received: 0
	Signals delivered: 0
	Page size (bytes): 4096
	Exit status: 0
	Command being timed: "timeout 600 java -Xmx64g -jar ./enhsp3.jar -o ./domain_with_failure.pddl -f ./problems/BasePN-1And-del-3-d1/problem70.pddl -h blind -s WAStar -dap"
	User time (seconds): 2.26
	System time (seconds): 0.29
	Percent of CPU this job got: 99%
	Elapsed (wall clock) time (h:mm:ss or m:ss): 0:02.57
	Average shared text size (kbytes): 0
	Average unshared data size (kbytes): 0
	Average stack size (kbytes): 0
	Average total size (kbytes): 0
	Maximum resident set size (kbytes): 501736
	Average resident set size (kbytes): 0
	Major (requiring I/O) page faults: 0
	Minor (reclaiming a frame) page faults: 181655
	Voluntary context switches: 1762
	Involuntary context switches: 1606
	Swaps: 0
	File system inputs: 0
	File system outputs: 64
	Socket messages sent: 0
	Socket messages received: 0
	Signals delivered: 0
	Page size (bytes): 4096
	Exit status: 0
	Command being timed: "timeout 600 java -Xmx64g -jar ./enhsp3.jar -o ./domain_with_failure.pddl -f ./problems/BasePN-1And-del-3-d1/problem71.pddl -h blind -s WAStar -dap"
	User time (seconds): 2.24
	System time (seconds): 0.26
	Percent of CPU this job got: 99%
	Elapsed (wall clock) time (h:mm:ss or m:ss): 0:02.52
	Average shared text size (kbytes): 0
	Average unshared data size (kbytes): 0
	Average stack size (kbytes): 0
	Average total size (kbytes): 0
	Maximum resident set size (kbytes): 497380
	Average resident set size (kbytes): 0
	Major (requiring I/O) page faults: 0
	Minor (reclaiming a frame) page faults: 176473
	Voluntary context switches: 1812
	Involuntary context switches: 1623
	Swaps: 0
	File system inputs: 0
	File system outputs: 96
	Socket messages sent: 0
	Socket messages received: 0
	Signals delivered: 0
	Page size (bytes): 4096
	Exit status: 0
	Command being timed: "timeout 600 java -Xmx64g -jar ./enhsp3.jar -o ./domain_with_failure.pddl -f ./problems/BasePN-1And-del-3-d1/problem72.pddl -h blind -s WAStar -dap"
	User time (seconds): 2.18
	System time (seconds): 0.24
	Percent of CPU this job got: 99%
	Elapsed (wall clock) time (h:mm:ss or m:ss): 0:02.43
	Average shared text size (kbytes): 0
	Average unshared data size (kbytes): 0
	Average stack size (kbytes): 0
	Average total size (kbytes): 0
	Maximum resident set size (kbytes): 498976
	Average resident set size (kbytes): 0
	Major (requiring I/O) page faults: 0
	Minor (reclaiming a frame) page faults: 126548
	Voluntary context switches: 2143
	Involuntary context switches: 1801
	Swaps: 0
	File system inputs: 0
	File system outputs: 64
	Socket messages sent: 0
	Socket messages received: 0
	Signals delivered: 0
	Page size (bytes): 4096
	Exit status: 0
	Command being timed: "timeout 600 java -Xmx64g -jar ./enhsp3.jar -o ./domain_with_failure.pddl -f ./problems/BasePN-1And-del-3-d1/problem73.pddl -h blind -s WAStar -dap"
	User time (seconds): 2.32
	System time (seconds): 0.28
	Percent of CPU this job got: 99%
	Elapsed (wall clock) time (h:mm:ss or m:ss): 0:02.61
	Average shared text size (kbytes): 0
	Average unshared data size (kbytes): 0
	Average stack size (kbytes): 0
	Average total size (kbytes): 0
	Maximum resident set size (kbytes): 503320
	Average resident set size (kbytes): 0
	Major (requiring I/O) page faults: 0
	Minor (reclaiming a frame) page faults: 179638
	Voluntary context switches: 1830
	Involuntary context switches: 1648
	Swaps: 0
	File system inputs: 0
	File system outputs: 88
	Socket messages sent: 0
	Socket messages received: 0
	Signals delivered: 0
	Page size (bytes): 4096
	Exit status: 0
	Command being timed: "timeout 600 java -Xmx64g -jar ./enhsp3.jar -o ./domain_with_failure.pddl -f ./problems/BasePN-1And-del-3-d1/problem74.pddl -h blind -s WAStar -dap"
	User time (seconds): 2.33
	System time (seconds): 0.25
	Percent of CPU this job got: 98%
	Elapsed (wall clock) time (h:mm:ss or m:ss): 0:02.61
	Average shared text size (kbytes): 0
	Average unshared data size (kbytes): 0
	Average stack size (kbytes): 0
	Average total size (kbytes): 0
	Maximum resident set size (kbytes): 503308
	Average resident set size (kbytes): 0
	Major (requiring I/O) page faults: 0
	Minor (reclaiming a frame) page faults: 180492
	Voluntary context switches: 1862
	Involuntary context switches: 1629
	Swaps: 0
	File system inputs: 0
	File system outputs: 80
	Socket messages sent: 0
	Socket messages received: 0
	Signals delivered: 0
	Page size (bytes): 4096
	Exit status: 0
	Command being timed: "timeout 600 java -Xmx64g -jar ./enhsp3.jar -o ./domain_with_failure.pddl -f ./problems/BasePN-1And-del-3-d1/problem75.pddl -h blind -s WAStar -dap"
	User time (seconds): 2.27
	System time (seconds): 0.26
	Percent of CPU this job got: 97%
	Elapsed (wall clock) time (h:mm:ss or m:ss): 0:02.59
	Average shared text size (kbytes): 0
	Average unshared data size (kbytes): 0
	Average stack size (kbytes): 0
	Average total size (kbytes): 0
	Maximum resident set size (kbytes): 498076
	Average resident set size (kbytes): 0
	Major (requiring I/O) page faults: 0
	Minor (reclaiming a frame) page faults: 176024
	Voluntary context switches: 1863
	Involuntary context switches: 1630
	Swaps: 0
	File system inputs: 0
	File system outputs: 88
	Socket messages sent: 0
	Socket messages received: 0
	Signals delivered: 0
	Page size (bytes): 4096
	Exit status: 0
	Command being timed: "timeout 600 java -Xmx64g -jar ./enhsp3.jar -o ./domain_with_failure.pddl -f ./problems/BasePN-1And-del-3-d1/problem76.pddl -h blind -s WAStar -dap"
	User time (seconds): 2.29
	System time (seconds): 0.25
	Percent of CPU this job got: 97%
	Elapsed (wall clock) time (h:mm:ss or m:ss): 0:02.61
	Average shared text size (kbytes): 0
	Average unshared data size (kbytes): 0
	Average stack size (kbytes): 0
	Average total size (kbytes): 0
	Maximum resident set size (kbytes): 502776
	Average resident set size (kbytes): 0
	Major (requiring I/O) page faults: 0
	Minor (reclaiming a frame) page faults: 179988
	Voluntary context switches: 1776
	Involuntary context switches: 1554
	Swaps: 0
	File system inputs: 0
	File system outputs: 64
	Socket messages sent: 0
	Socket messages received: 0
	Signals delivered: 0
	Page size (bytes): 4096
	Exit status: 0
	Command being timed: "timeout 600 java -Xmx64g -jar ./enhsp3.jar -o ./domain_with_failure.pddl -f ./problems/BasePN-1And-del-3-d1/problem77.pddl -h blind -s WAStar -dap"
	User time (seconds): 2.29
	System time (seconds): 0.31
	Percent of CPU this job got: 99%
	Elapsed (wall clock) time (h:mm:ss or m:ss): 0:02.62
	Average shared text size (kbytes): 0
	Average unshared data size (kbytes): 0
	Average stack size (kbytes): 0
	Average total size (kbytes): 0
	Maximum resident set size (kbytes): 502308
	Average resident set size (kbytes): 0
	Major (requiring I/O) page faults: 0
	Minor (reclaiming a frame) page faults: 181068
	Voluntary context switches: 1912
	Involuntary context switches: 1609
	Swaps: 0
	File system inputs: 0
	File system outputs: 96
	Socket messages sent: 0
	Socket messages received: 0
	Signals delivered: 0
	Page size (bytes): 4096
	Exit status: 0
	Command being timed: "timeout 600 java -Xmx64g -jar ./enhsp3.jar -o ./domain_with_failure.pddl -f ./problems/BasePN-1And-del-3-d1/problem78.pddl -h blind -s WAStar -dap"
	User time (seconds): 2.17
	System time (seconds): 0.26
	Percent of CPU this job got: 98%
	Elapsed (wall clock) time (h:mm:ss or m:ss): 0:02.46
	Average shared text size (kbytes): 0
	Average unshared data size (kbytes): 0
	Average stack size (kbytes): 0
	Average total size (kbytes): 0
	Maximum resident set size (kbytes): 499388
	Average resident set size (kbytes): 0
	Major (requiring I/O) page faults: 0
	Minor (reclaiming a frame) page faults: 178661
	Voluntary context switches: 1889
	Involuntary context switches: 1582
	Swaps: 0
	File system inputs: 0
	File system outputs: 64
	Socket messages sent: 0
	Socket messages received: 0
	Signals delivered: 0
	Page size (bytes): 4096
	Exit status: 0
	Command being timed: "timeout 600 java -Xmx64g -jar ./enhsp3.jar -o ./domain_with_failure.pddl -f ./problems/BasePN-1And-del-3-d1/problem79.pddl -h blind -s WAStar -dap"
	User time (seconds): 2.16
	System time (seconds): 0.22
	Percent of CPU this job got: 95%
	Elapsed (wall clock) time (h:mm:ss or m:ss): 0:02.51
	Average shared text size (kbytes): 0
	Average unshared data size (kbytes): 0
	Average stack size (kbytes): 0
	Average total size (kbytes): 0
	Maximum resident set size (kbytes): 498592
	Average resident set size (kbytes): 0
	Major (requiring I/O) page faults: 0
	Minor (reclaiming a frame) page faults: 126670
	Voluntary context switches: 2254
	Involuntary context switches: 1776
	Swaps: 0
	File system inputs: 0
	File system outputs: 96
	Socket messages sent: 0
	Socket messages received: 0
	Signals delivered: 0
	Page size (bytes): 4096
	Exit status: 0
	Command being timed: "timeout 600 java -Xmx64g -jar ./enhsp3.jar -o ./domain_with_failure.pddl -f ./problems/BasePN-1And-del-3-d1/problem80.pddl -h blind -s WAStar -dap"
	User time (seconds): 2.20
	System time (seconds): 0.23
	Percent of CPU this job got: 99%
	Elapsed (wall clock) time (h:mm:ss or m:ss): 0:02.45
	Average shared text size (kbytes): 0
	Average unshared data size (kbytes): 0
	Average stack size (kbytes): 0
	Average total size (kbytes): 0
	Maximum resident set size (kbytes): 499228
	Average resident set size (kbytes): 0
	Major (requiring I/O) page faults: 0
	Minor (reclaiming a frame) page faults: 127254
	Voluntary context switches: 1900
	Involuntary context switches: 1616
	Swaps: 0
	File system inputs: 0
	File system outputs: 64
	Socket messages sent: 0
	Socket messages received: 0
	Signals delivered: 0
	Page size (bytes): 4096
	Exit status: 0
	Command being timed: "timeout 600 java -Xmx64g -jar ./enhsp3.jar -o ./domain_with_failure.pddl -f ./problems/BasePN-1And-del-3-d1/problem81.pddl -h blind -s WAStar -dap"
	User time (seconds): 2.32
	System time (seconds): 0.26
	Percent of CPU this job got: 98%
	Elapsed (wall clock) time (h:mm:ss or m:ss): 0:02.61
	Average shared text size (kbytes): 0
	Average unshared data size (kbytes): 0
	Average stack size (kbytes): 0
	Average total size (kbytes): 0
	Maximum resident set size (kbytes): 504448
	Average resident set size (kbytes): 0
	Major (requiring I/O) page faults: 0
	Minor (reclaiming a frame) page faults: 183341
	Voluntary context switches: 1702
	Involuntary context switches: 1582
	Swaps: 0
	File system inputs: 0
	File system outputs: 88
	Socket messages sent: 0
	Socket messages received: 0
	Signals delivered: 0
	Page size (bytes): 4096
	Exit status: 0
	Command being timed: "timeout 600 java -Xmx64g -jar ./enhsp3.jar -o ./domain_with_failure.pddl -f ./problems/BasePN-1And-del-3-d1/problem82.pddl -h blind -s WAStar -dap"
	User time (seconds): 2.29
	System time (seconds): 0.28
	Percent of CPU this job got: 99%
	Elapsed (wall clock) time (h:mm:ss or m:ss): 0:02.59
	Average shared text size (kbytes): 0
	Average unshared data size (kbytes): 0
	Average stack size (kbytes): 0
	Average total size (kbytes): 0
	Maximum resident set size (kbytes): 500888
	Average resident set size (kbytes): 0
	Major (requiring I/O) page faults: 0
	Minor (reclaiming a frame) page faults: 178383
	Voluntary context switches: 1884
	Involuntary context switches: 1605
	Swaps: 0
	File system inputs: 0
	File system outputs: 72
	Socket messages sent: 0
	Socket messages received: 0
	Signals delivered: 0
	Page size (bytes): 4096
	Exit status: 0
	Command being timed: "timeout 600 java -Xmx64g -jar ./enhsp3.jar -o ./domain_with_failure.pddl -f ./problems/BasePN-1And-del-3-d1/problem83.pddl -h blind -s WAStar -dap"
	User time (seconds): 2.21
	System time (seconds): 0.27
	Percent of CPU this job got: 99%
	Elapsed (wall clock) time (h:mm:ss or m:ss): 0:02.49
	Average shared text size (kbytes): 0
	Average unshared data size (kbytes): 0
	Average stack size (kbytes): 0
	Average total size (kbytes): 0
	Maximum resident set size (kbytes): 498964
	Average resident set size (kbytes): 0
	Major (requiring I/O) page faults: 0
	Minor (reclaiming a frame) page faults: 177289
	Voluntary context switches: 2191
	Involuntary context switches: 1796
	Swaps: 0
	File system inputs: 0
	File system outputs: 88
	Socket messages sent: 0
	Socket messages received: 0
	Signals delivered: 0
	Page size (bytes): 4096
	Exit status: 0
	Command being timed: "timeout 600 java -Xmx64g -jar ./enhsp3.jar -o ./domain_with_failure.pddl -f ./problems/BasePN-1And-del-3-d1/problem84.pddl -h blind -s WAStar -dap"
	User time (seconds): 2.19
	System time (seconds): 0.26
	Percent of CPU this job got: 98%
	Elapsed (wall clock) time (h:mm:ss or m:ss): 0:02.49
	Average shared text size (kbytes): 0
	Average unshared data size (kbytes): 0
	Average stack size (kbytes): 0
	Average total size (kbytes): 0
	Maximum resident set size (kbytes): 501516
	Average resident set size (kbytes): 0
	Major (requiring I/O) page faults: 0
	Minor (reclaiming a frame) page faults: 179929
	Voluntary context switches: 1713
	Involuntary context switches: 1504
	Swaps: 0
	File system inputs: 0
	File system outputs: 72
	Socket messages sent: 0
	Socket messages received: 0
	Signals delivered: 0
	Page size (bytes): 4096
	Exit status: 0
	Command being timed: "timeout 600 java -Xmx64g -jar ./enhsp3.jar -o ./domain_with_failure.pddl -f ./problems/BasePN-1And-del-3-d1/problem85.pddl -h blind -s WAStar -dap"
	User time (seconds): 2.28
	System time (seconds): 0.26
	Percent of CPU this job got: 99%
	Elapsed (wall clock) time (h:mm:ss or m:ss): 0:02.56
	Average shared text size (kbytes): 0
	Average unshared data size (kbytes): 0
	Average stack size (kbytes): 0
	Average total size (kbytes): 0
	Maximum resident set size (kbytes): 501640
	Average resident set size (kbytes): 0
	Major (requiring I/O) page faults: 0
	Minor (reclaiming a frame) page faults: 180821
	Voluntary context switches: 1718
	Involuntary context switches: 1556
	Swaps: 0
	File system inputs: 0
	File system outputs: 88
	Socket messages sent: 0
	Socket messages received: 0
	Signals delivered: 0
	Page size (bytes): 4096
	Exit status: 0
	Command being timed: "timeout 600 java -Xmx64g -jar ./enhsp3.jar -o ./domain_with_failure.pddl -f ./problems/BasePN-1And-del-3-d1/problem86.pddl -h blind -s WAStar -dap"
	User time (seconds): 2.18
	System time (seconds): 0.26
	Percent of CPU this job got: 99%
	Elapsed (wall clock) time (h:mm:ss or m:ss): 0:02.46
	Average shared text size (kbytes): 0
	Average unshared data size (kbytes): 0
	Average stack size (kbytes): 0
	Average total size (kbytes): 0
	Maximum resident set size (kbytes): 502196
	Average resident set size (kbytes): 0
	Major (requiring I/O) page faults: 0
	Minor (reclaiming a frame) page faults: 180500
	Voluntary context switches: 2233
	Involuntary context switches: 1774
	Swaps: 0
	File system inputs: 0
	File system outputs: 72
	Socket messages sent: 0
	Socket messages received: 0
	Signals delivered: 0
	Page size (bytes): 4096
	Exit status: 0
	Command being timed: "timeout 600 java -Xmx64g -jar ./enhsp3.jar -o ./domain_with_failure.pddl -f ./problems/BasePN-1And-del-3-d1/problem87.pddl -h blind -s WAStar -dap"
	User time (seconds): 2.15
	System time (seconds): 0.23
	Percent of CPU this job got: 98%
	Elapsed (wall clock) time (h:mm:ss or m:ss): 0:02.41
	Average shared text size (kbytes): 0
	Average unshared data size (kbytes): 0
	Average stack size (kbytes): 0
	Average total size (kbytes): 0
	Maximum resident set size (kbytes): 496280
	Average resident set size (kbytes): 0
	Major (requiring I/O) page faults: 0
	Minor (reclaiming a frame) page faults: 125630
	Voluntary context switches: 1966
	Involuntary context switches: 1616
	Swaps: 0
	File system inputs: 0
	File system outputs: 96
	Socket messages sent: 0
	Socket messages received: 0
	Signals delivered: 0
	Page size (bytes): 4096
	Exit status: 0
	Command being timed: "timeout 600 java -Xmx64g -jar ./enhsp3.jar -o ./domain_with_failure.pddl -f ./problems/BasePN-1And-del-3-d1/problem88.pddl -h blind -s WAStar -dap"
	User time (seconds): 2.27
	System time (seconds): 0.27
	Percent of CPU this job got: 99%
	Elapsed (wall clock) time (h:mm:ss or m:ss): 0:02.56
	Average shared text size (kbytes): 0
	Average unshared data size (kbytes): 0
	Average stack size (kbytes): 0
	Average total size (kbytes): 0
	Maximum resident set size (kbytes): 500400
	Average resident set size (kbytes): 0
	Major (requiring I/O) page faults: 0
	Minor (reclaiming a frame) page faults: 176787
	Voluntary context switches: 1893
	Involuntary context switches: 1619
	Swaps: 0
	File system inputs: 0
	File system outputs: 64
	Socket messages sent: 0
	Socket messages received: 0
	Signals delivered: 0
	Page size (bytes): 4096
	Exit status: 0
	Command being timed: "timeout 600 java -Xmx64g -jar ./enhsp3.jar -o ./domain_with_failure.pddl -f ./problems/BasePN-1And-del-3-d1/problem89.pddl -h blind -s WAStar -dap"
	User time (seconds): 2.29
	System time (seconds): 0.25
	Percent of CPU this job got: 99%
	Elapsed (wall clock) time (h:mm:ss or m:ss): 0:02.56
	Average shared text size (kbytes): 0
	Average unshared data size (kbytes): 0
	Average stack size (kbytes): 0
	Average total size (kbytes): 0
	Maximum resident set size (kbytes): 502872
	Average resident set size (kbytes): 0
	Major (requiring I/O) page faults: 0
	Minor (reclaiming a frame) page faults: 182608
	Voluntary context switches: 1974
	Involuntary context switches: 1645
	Swaps: 0
	File system inputs: 0
	File system outputs: 88
	Socket messages sent: 0
	Socket messages received: 0
	Signals delivered: 0
	Page size (bytes): 4096
	Exit status: 0
	Command being timed: "timeout 600 java -Xmx64g -jar ./enhsp3.jar -o ./domain_with_failure.pddl -f ./problems/BasePN-1And-del-3-d1/problem90.pddl -h blind -s WAStar -dap"
	User time (seconds): 2.31
	System time (seconds): 0.26
	Percent of CPU this job got: 99%
	Elapsed (wall clock) time (h:mm:ss or m:ss): 0:02.59
	Average shared text size (kbytes): 0
	Average unshared data size (kbytes): 0
	Average stack size (kbytes): 0
	Average total size (kbytes): 0
	Maximum resident set size (kbytes): 502860
	Average resident set size (kbytes): 0
	Major (requiring I/O) page faults: 0
	Minor (reclaiming a frame) page faults: 180242
	Voluntary context switches: 1815
	Involuntary context switches: 1568
	Swaps: 0
	File system inputs: 0
	File system outputs: 72
	Socket messages sent: 0
	Socket messages received: 0
	Signals delivered: 0
	Page size (bytes): 4096
	Exit status: 0
	Command being timed: "timeout 600 java -Xmx64g -jar ./enhsp3.jar -o ./domain_with_failure.pddl -f ./problems/BasePN-1And-del-3-d1/problem91.pddl -h blind -s WAStar -dap"
	User time (seconds): 2.27
	System time (seconds): 0.29
	Percent of CPU this job got: 99%
	Elapsed (wall clock) time (h:mm:ss or m:ss): 0:02.57
	Average shared text size (kbytes): 0
	Average unshared data size (kbytes): 0
	Average stack size (kbytes): 0
	Average total size (kbytes): 0
	Maximum resident set size (kbytes): 500424
	Average resident set size (kbytes): 0
	Major (requiring I/O) page faults: 0
	Minor (reclaiming a frame) page faults: 180017
	Voluntary context switches: 2003
	Involuntary context switches: 1708
	Swaps: 0
	File system inputs: 0
	File system outputs: 88
	Socket messages sent: 0
	Socket messages received: 0
	Signals delivered: 0
	Page size (bytes): 4096
	Exit status: 0
	Command being timed: "timeout 600 java -Xmx64g -jar ./enhsp3.jar -o ./domain_with_failure.pddl -f ./problems/BasePN-1And-del-3-d1/problem92.pddl -h blind -s WAStar -dap"
	User time (seconds): 2.21
	System time (seconds): 0.29
	Percent of CPU this job got: 99%
	Elapsed (wall clock) time (h:mm:ss or m:ss): 0:02.53
	Average shared text size (kbytes): 0
	Average unshared data size (kbytes): 0
	Average stack size (kbytes): 0
	Average total size (kbytes): 0
	Maximum resident set size (kbytes): 498816
	Average resident set size (kbytes): 0
	Major (requiring I/O) page faults: 0
	Minor (reclaiming a frame) page faults: 177519
	Voluntary context switches: 1831
	Involuntary context switches: 1637
	Swaps: 0
	File system inputs: 0
	File system outputs: 72
	Socket messages sent: 0
	Socket messages received: 0
	Signals delivered: 0
	Page size (bytes): 4096
	Exit status: 0
	Command being timed: "timeout 600 java -Xmx64g -jar ./enhsp3.jar -o ./domain_with_failure.pddl -f ./problems/BasePN-1And-del-3-d1/problem93.pddl -h blind -s WAStar -dap"
	User time (seconds): 2.20
	System time (seconds): 0.28
	Percent of CPU this job got: 98%
	Elapsed (wall clock) time (h:mm:ss or m:ss): 0:02.52
	Average shared text size (kbytes): 0
	Average unshared data size (kbytes): 0
	Average stack size (kbytes): 0
	Average total size (kbytes): 0
	Maximum resident set size (kbytes): 499940
	Average resident set size (kbytes): 0
	Major (requiring I/O) page faults: 0
	Minor (reclaiming a frame) page faults: 177382
	Voluntary context switches: 1796
	Involuntary context switches: 1545
	Swaps: 0
	File system inputs: 0
	File system outputs: 88
	Socket messages sent: 0
	Socket messages received: 0
	Signals delivered: 0
	Page size (bytes): 4096
	Exit status: 0
	Command being timed: "timeout 600 java -Xmx64g -jar ./enhsp3.jar -o ./domain_with_failure.pddl -f ./problems/BasePN-1And-del-3-d1/problem94.pddl -h blind -s WAStar -dap"
	User time (seconds): 2.22
	System time (seconds): 0.26
	Percent of CPU this job got: 98%
	Elapsed (wall clock) time (h:mm:ss or m:ss): 0:02.51
	Average shared text size (kbytes): 0
	Average unshared data size (kbytes): 0
	Average stack size (kbytes): 0
	Average total size (kbytes): 0
	Maximum resident set size (kbytes): 501480
	Average resident set size (kbytes): 0
	Major (requiring I/O) page faults: 0
	Minor (reclaiming a frame) page faults: 178985
	Voluntary context switches: 1931
	Involuntary context switches: 1640
	Swaps: 0
	File system inputs: 0
	File system outputs: 64
	Socket messages sent: 0
	Socket messages received: 0
	Signals delivered: 0
	Page size (bytes): 4096
	Exit status: 0
	Command being timed: "timeout 600 java -Xmx64g -jar ./enhsp3.jar -o ./domain_with_failure.pddl -f ./problems/BasePN-1And-del-3-d1/problem95.pddl -h blind -s WAStar -dap"
	User time (seconds): 2.20
	System time (seconds): 0.25
	Percent of CPU this job got: 98%
	Elapsed (wall clock) time (h:mm:ss or m:ss): 0:02.51
	Average shared text size (kbytes): 0
	Average unshared data size (kbytes): 0
	Average stack size (kbytes): 0
	Average total size (kbytes): 0
	Maximum resident set size (kbytes): 498572
	Average resident set size (kbytes): 0
	Major (requiring I/O) page faults: 0
	Minor (reclaiming a frame) page faults: 177250
	Voluntary context switches: 1943
	Involuntary context switches: 1632
	Swaps: 0
	File system inputs: 0
	File system outputs: 96
	Socket messages sent: 0
	Socket messages received: 0
	Signals delivered: 0
	Page size (bytes): 4096
	Exit status: 0
	Command being timed: "timeout 600 java -Xmx64g -jar ./enhsp3.jar -o ./domain_with_failure.pddl -f ./problems/BasePN-1And-del-3-d1/problem96.pddl -h blind -s WAStar -dap"
	User time (seconds): 2.24
	System time (seconds): 0.24
	Percent of CPU this job got: 98%
	Elapsed (wall clock) time (h:mm:ss or m:ss): 0:02.53
	Average shared text size (kbytes): 0
	Average unshared data size (kbytes): 0
	Average stack size (kbytes): 0
	Average total size (kbytes): 0
	Maximum resident set size (kbytes): 498224
	Average resident set size (kbytes): 0
	Major (requiring I/O) page faults: 0
	Minor (reclaiming a frame) page faults: 177387
	Voluntary context switches: 1939
	Involuntary context switches: 1670
	Swaps: 0
	File system inputs: 0
	File system outputs: 64
	Socket messages sent: 0
	Socket messages received: 0
	Signals delivered: 0
	Page size (bytes): 4096
	Exit status: 0
	Command being timed: "timeout 600 java -Xmx64g -jar ./enhsp3.jar -o ./domain_with_failure.pddl -f ./problems/BasePN-1And-del-3-d1/problem97.pddl -h blind -s WAStar -dap"
	User time (seconds): 2.10
	System time (seconds): 0.25
	Percent of CPU this job got: 99%
	Elapsed (wall clock) time (h:mm:ss or m:ss): 0:02.38
	Average shared text size (kbytes): 0
	Average unshared data size (kbytes): 0
	Average stack size (kbytes): 0
	Average total size (kbytes): 0
	Maximum resident set size (kbytes): 499868
	Average resident set size (kbytes): 0
	Major (requiring I/O) page faults: 0
	Minor (reclaiming a frame) page faults: 127288
	Voluntary context switches: 1808
	Involuntary context switches: 1605
	Swaps: 0
	File system inputs: 0
	File system outputs: 96
	Socket messages sent: 0
	Socket messages received: 0
	Signals delivered: 0
	Page size (bytes): 4096
	Exit status: 0
	Command being timed: "timeout 600 java -Xmx64g -jar ./enhsp3.jar -o ./domain_with_failure.pddl -f ./problems/BasePN-1And-del-3-d1/problem98.pddl -h blind -s WAStar -dap"
	User time (seconds): 2.21
	System time (seconds): 0.22
	Percent of CPU this job got: 99%
	Elapsed (wall clock) time (h:mm:ss or m:ss): 0:02.44
	Average shared text size (kbytes): 0
	Average unshared data size (kbytes): 0
	Average stack size (kbytes): 0
	Average total size (kbytes): 0
	Maximum resident set size (kbytes): 504840
	Average resident set size (kbytes): 0
	Major (requiring I/O) page faults: 0
	Minor (reclaiming a frame) page faults: 128681
	Voluntary context switches: 1888
	Involuntary context switches: 1627
	Swaps: 0
	File system inputs: 0
	File system outputs: 64
	Socket messages sent: 0
	Socket messages received: 0
	Signals delivered: 0
	Page size (bytes): 4096
	Exit status: 0
	Command being timed: "timeout 600 java -Xmx64g -jar ./enhsp3.jar -o ./domain_with_failure.pddl -f ./problems/BasePN-1And-del-3-d1/problem99.pddl -h blind -s WAStar -dap"
	User time (seconds): 2.17
	System time (seconds): 0.22
	Percent of CPU this job got: 98%
	Elapsed (wall clock) time (h:mm:ss or m:ss): 0:02.43
	Average shared text size (kbytes): 0
	Average unshared data size (kbytes): 0
	Average stack size (kbytes): 0
	Average total size (kbytes): 0
	Maximum resident set size (kbytes): 501804
	Average resident set size (kbytes): 0
	Major (requiring I/O) page faults: 0
	Minor (reclaiming a frame) page faults: 127315
	Voluntary context switches: 1887
	Involuntary context switches: 1631
	Swaps: 0
	File system inputs: 0
	File system outputs: 88
	Socket messages sent: 0
	Socket messages received: 0
	Signals delivered: 0
	Page size (bytes): 4096
	Exit status: 0
	Command being timed: "timeout 600 java -Xmx64g -jar ./enhsp3.jar -o ./domain_with_failure.pddl -f ./problems/BasePN-1And-del-3-d1/problem100.pddl -h blind -s WAStar -dap"
	User time (seconds): 2.28
	System time (seconds): 0.27
	Percent of CPU this job got: 99%
	Elapsed (wall clock) time (h:mm:ss or m:ss): 0:02.58
	Average shared text size (kbytes): 0
	Average unshared data size (kbytes): 0
	Average stack size (kbytes): 0
	Average total size (kbytes): 0
	Maximum resident set size (kbytes): 504244
	Average resident set size (kbytes): 0
	Major (requiring I/O) page faults: 12
	Minor (reclaiming a frame) page faults: 180990
	Voluntary context switches: 1805
	Involuntary context switches: 1595
	Swaps: 0
	File system inputs: 0
	File system outputs: 64
	Socket messages sent: 0
	Socket messages received: 0
	Signals delivered: 0
	Page size (bytes): 4096
	Exit status: 0
